feature_usage_id,account_id,account_name,user_id,feature_name,usage_count,usage_week
FU-000001,ACC-001,Meridian Media Group,ACC-001-U035,canvas_export,3,2025-12-15
FU-000002,ACC-001,Meridian Media Group,ACC-001-U002,canvas_export,1,2025-12-15
FU-000003,ACC-001,Meridian Media Group,ACC-001-U010,canvas_export,7,2025-12-15
FU-000004,ACC-001,Meridian Media Group,ACC-001-U030,canvas_export,2,2025-12-15
FU-000005,ACC-001,Meridian Media Group,ACC-001-U039,canvas_export,3,2025-12-15
FU-000006,ACC-001,Meridian Media Group,ACC-001-U032,canvas_export,4,2025-12-15
FU-000007,ACC-001,Meridian Media Group,ACC-001-U040,canvas_export,5,2025-12-22
FU-000008,ACC-001,Meridian Media Group,ACC-001-U028,canvas_export,1,2025-12-22
FU-000009,ACC-001,Meridian Media Group,ACC-001-U045,canvas_export,2,2025-12-22
FU-000010,ACC-001,Meridian Media Group,ACC-001-U038,canvas_export,5,2025-12-22
FU-000011,ACC-001,Meridian Media Group,ACC-001-U020,canvas_export,2,2025-12-22
FU-000012,ACC-001,Meridian Media Group,ACC-001-U026,canvas_export,1,2025-12-22
FU-000013,ACC-001,Meridian Media Group,ACC-001-U024,canvas_export,4,2025-12-22
FU-000014,ACC-001,Meridian Media Group,ACC-001-U010,canvas_export,5,2025-12-22
FU-000015,ACC-001,Meridian Media Group,ACC-001-U007,canvas_export,1,2025-12-22
FU-000016,ACC-001,Meridian Media Group,ACC-001-U031,canvas_export,1,2025-12-22
FU-000017,ACC-001,Meridian Media Group,ACC-001-U019,canvas_export,5,2025-12-22
FU-000018,ACC-001,Meridian Media Group,ACC-001-U043,canvas_export,2,2025-12-29
FU-000019,ACC-001,Meridian Media Group,ACC-001-U034,canvas_export,8,2026-01-05
FU-000020,ACC-001,Meridian Media Group,ACC-001-U018,canvas_export,3,2026-01-05
FU-000021,ACC-001,Meridian Media Group,ACC-001-U007,canvas_export,4,2026-01-05
FU-000022,ACC-001,Meridian Media Group,ACC-001-U020,canvas_export,1,2026-01-05
FU-000023,ACC-001,Meridian Media Group,ACC-001-U024,canvas_export,3,2026-01-05
FU-000024,ACC-001,Meridian Media Group,ACC-001-U030,canvas_export,2,2026-01-05
FU-000025,ACC-001,Meridian Media Group,ACC-001-U037,canvas_export,4,2026-01-05
FU-000026,ACC-001,Meridian Media Group,ACC-001-U023,canvas_export,1,2026-01-05
FU-000027,ACC-001,Meridian Media Group,ACC-001-U029,canvas_export,4,2026-01-12
FU-000028,ACC-001,Meridian Media Group,ACC-001-U037,canvas_export,3,2026-01-12
FU-000029,ACC-001,Meridian Media Group,ACC-001-U039,canvas_export,2,2026-01-12
FU-000030,ACC-001,Meridian Media Group,ACC-001-U031,canvas_export,2,2026-01-12
FU-000031,ACC-001,Meridian Media Group,ACC-001-U009,canvas_export,3,2026-01-12
FU-000032,ACC-001,Meridian Media Group,ACC-001-U034,canvas_export,2,2026-01-12
FU-000033,ACC-001,Meridian Media Group,ACC-001-U006,canvas_export,4,2026-01-12
FU-000034,ACC-001,Meridian Media Group,ACC-001-U023,canvas_export,5,2026-01-12
FU-000035,ACC-001,Meridian Media Group,ACC-001-U014,canvas_export,4,2026-01-19
FU-000036,ACC-001,Meridian Media Group,ACC-001-U039,canvas_export,6,2026-01-19
FU-000037,ACC-001,Meridian Media Group,ACC-001-U006,canvas_export,1,2026-01-19
FU-000038,ACC-001,Meridian Media Group,ACC-001-U026,canvas_export,2,2026-01-19
FU-000039,ACC-001,Meridian Media Group,ACC-001-U041,canvas_export,1,2026-01-19
FU-000040,ACC-001,Meridian Media Group,ACC-001-U040,canvas_export,4,2026-01-19
FU-000041,ACC-001,Meridian Media Group,ACC-001-U019,canvas_export,1,2026-01-19
FU-000042,ACC-001,Meridian Media Group,ACC-001-U032,canvas_export,6,2026-01-19
FU-000043,ACC-001,Meridian Media Group,ACC-001-U032,canvas_export,5,2026-01-26
FU-000044,ACC-001,Meridian Media Group,ACC-001-U007,canvas_export,2,2026-01-26
FU-000045,ACC-001,Meridian Media Group,ACC-001-U035,canvas_export,3,2026-01-26
FU-000046,ACC-001,Meridian Media Group,ACC-001-U006,canvas_export,4,2026-01-26
FU-000047,ACC-001,Meridian Media Group,ACC-001-U044,canvas_export,1,2026-01-26
FU-000048,ACC-001,Meridian Media Group,ACC-001-U041,canvas_export,5,2026-02-02
FU-000049,ACC-001,Meridian Media Group,ACC-001-U040,canvas_export,1,2026-02-02
FU-000050,ACC-001,Meridian Media Group,ACC-001-U029,canvas_export,7,2026-02-02
FU-000051,ACC-001,Meridian Media Group,ACC-001-U045,canvas_export,4,2026-02-02
FU-000052,ACC-001,Meridian Media Group,ACC-001-U023,canvas_export,2,2026-02-02
FU-000053,ACC-001,Meridian Media Group,ACC-001-U008,canvas_export,3,2026-02-02
FU-000054,ACC-001,Meridian Media Group,ACC-001-U006,canvas_export,5,2026-02-02
FU-000055,ACC-001,Meridian Media Group,ACC-001-U032,canvas_export,3,2026-02-02
FU-000056,ACC-001,Meridian Media Group,ACC-001-U025,canvas_export,6,2026-02-09
FU-000057,ACC-001,Meridian Media Group,ACC-001-U028,canvas_export,1,2026-02-16
FU-000058,ACC-001,Meridian Media Group,ACC-001-U040,canvas_export,6,2026-02-16
FU-000059,ACC-001,Meridian Media Group,ACC-001-U011,canvas_export,2,2026-02-23
FU-000060,ACC-001,Meridian Media Group,ACC-001-U030,canvas_export,1,2026-02-23
FU-000061,ACC-001,Meridian Media Group,ACC-001-U033,canvas_export,4,2026-02-23
FU-000062,ACC-001,Meridian Media Group,ACC-001-U025,canvas_export,4,2026-03-02
FU-000063,ACC-001,Meridian Media Group,ACC-001-U032,canvas_export,2,2026-03-09
FU-000064,ACC-001,Meridian Media Group,ACC-001-U012,canvas_comments,6,2025-12-15
FU-000065,ACC-001,Meridian Media Group,ACC-001-U020,canvas_comments,3,2025-12-15
FU-000066,ACC-001,Meridian Media Group,ACC-001-U013,canvas_comments,3,2025-12-15
FU-000067,ACC-001,Meridian Media Group,ACC-001-U027,canvas_comments,4,2025-12-15
FU-000068,ACC-001,Meridian Media Group,ACC-001-U038,canvas_comments,4,2025-12-15
FU-000069,ACC-001,Meridian Media Group,ACC-001-U031,canvas_comments,2,2025-12-22
FU-000070,ACC-001,Meridian Media Group,ACC-001-U036,canvas_comments,4,2025-12-22
FU-000071,ACC-001,Meridian Media Group,ACC-001-U045,canvas_comments,5,2025-12-22
FU-000072,ACC-001,Meridian Media Group,ACC-001-U040,canvas_comments,5,2025-12-22
FU-000073,ACC-001,Meridian Media Group,ACC-001-U038,canvas_comments,3,2025-12-29
FU-000074,ACC-001,Meridian Media Group,ACC-001-U006,canvas_comments,1,2025-12-29
FU-000075,ACC-001,Meridian Media Group,ACC-001-U041,canvas_comments,4,2025-12-29
FU-000076,ACC-001,Meridian Media Group,ACC-001-U020,canvas_comments,3,2025-12-29
FU-000077,ACC-001,Meridian Media Group,ACC-001-U035,canvas_comments,6,2026-01-05
FU-000078,ACC-001,Meridian Media Group,ACC-001-U014,canvas_comments,5,2026-01-05
FU-000079,ACC-001,Meridian Media Group,ACC-001-U038,canvas_comments,3,2026-01-05
FU-000080,ACC-001,Meridian Media Group,ACC-001-U017,canvas_comments,4,2026-01-05
FU-000081,ACC-001,Meridian Media Group,ACC-001-U023,canvas_comments,2,2026-01-05
FU-000082,ACC-001,Meridian Media Group,ACC-001-U019,canvas_comments,1,2026-01-05
FU-000083,ACC-001,Meridian Media Group,ACC-001-U028,canvas_comments,1,2026-01-12
FU-000084,ACC-001,Meridian Media Group,ACC-001-U011,canvas_comments,1,2026-01-19
FU-000085,ACC-001,Meridian Media Group,ACC-001-U036,canvas_comments,4,2026-01-19
FU-000086,ACC-001,Meridian Media Group,ACC-001-U022,canvas_comments,3,2026-01-19
FU-000087,ACC-001,Meridian Media Group,ACC-001-U013,canvas_comments,1,2026-01-19
FU-000088,ACC-001,Meridian Media Group,ACC-001-U026,canvas_comments,6,2026-01-26
FU-000089,ACC-001,Meridian Media Group,ACC-001-U035,canvas_comments,4,2026-01-26
FU-000090,ACC-001,Meridian Media Group,ACC-001-U022,canvas_comments,5,2026-01-26
FU-000091,ACC-001,Meridian Media Group,ACC-001-U040,canvas_comments,6,2026-01-26
FU-000092,ACC-001,Meridian Media Group,ACC-001-U002,canvas_comments,5,2026-02-02
FU-000093,ACC-001,Meridian Media Group,ACC-001-U023,canvas_comments,2,2026-02-09
FU-000094,ACC-001,Meridian Media Group,ACC-001-U044,canvas_comments,2,2026-02-09
FU-000095,ACC-001,Meridian Media Group,ACC-001-U020,canvas_comments,5,2026-02-16
FU-000096,ACC-001,Meridian Media Group,ACC-001-U042,canvas_comments,5,2026-02-16
FU-000097,ACC-001,Meridian Media Group,ACC-001-U004,canvas_comments,1,2026-02-23
FU-000098,ACC-001,Meridian Media Group,ACC-001-U006,canvas_comments,4,2026-02-23
FU-000099,ACC-001,Meridian Media Group,ACC-001-U019,canvas_comments,2,2026-03-02
FU-000100,ACC-001,Meridian Media Group,ACC-001-U036,canvas_comments,1,2026-03-09
FU-000101,ACC-001,Meridian Media Group,ACC-001-U012,canvas_brand_kit,4,2025-12-15
FU-000102,ACC-001,Meridian Media Group,ACC-001-U005,canvas_brand_kit,1,2025-12-15
FU-000103,ACC-001,Meridian Media Group,ACC-001-U032,canvas_brand_kit,1,2025-12-15
FU-000104,ACC-001,Meridian Media Group,ACC-001-U002,canvas_brand_kit,3,2025-12-15
FU-000105,ACC-001,Meridian Media Group,ACC-001-U018,canvas_brand_kit,4,2025-12-15
FU-000106,ACC-001,Meridian Media Group,ACC-001-U043,canvas_brand_kit,1,2025-12-22
FU-000107,ACC-001,Meridian Media Group,ACC-001-U036,canvas_brand_kit,7,2025-12-22
FU-000108,ACC-001,Meridian Media Group,ACC-001-U008,canvas_brand_kit,7,2025-12-22
FU-000109,ACC-001,Meridian Media Group,ACC-001-U032,canvas_brand_kit,2,2025-12-22
FU-000110,ACC-001,Meridian Media Group,ACC-001-U040,canvas_brand_kit,3,2025-12-22
FU-000111,ACC-001,Meridian Media Group,ACC-001-U025,canvas_brand_kit,5,2025-12-22
FU-000112,ACC-001,Meridian Media Group,ACC-001-U010,canvas_brand_kit,4,2025-12-22
FU-000113,ACC-001,Meridian Media Group,ACC-001-U033,canvas_brand_kit,5,2025-12-29
FU-000114,ACC-001,Meridian Media Group,ACC-001-U015,canvas_brand_kit,1,2025-12-29
FU-000115,ACC-001,Meridian Media Group,ACC-001-U026,canvas_brand_kit,1,2025-12-29
FU-000116,ACC-001,Meridian Media Group,ACC-001-U041,canvas_brand_kit,2,2026-01-05
FU-000117,ACC-001,Meridian Media Group,ACC-001-U007,canvas_brand_kit,4,2026-01-05
FU-000118,ACC-001,Meridian Media Group,ACC-001-U027,canvas_brand_kit,1,2026-01-05
FU-000119,ACC-001,Meridian Media Group,ACC-001-U043,canvas_brand_kit,2,2026-01-05
FU-000120,ACC-001,Meridian Media Group,ACC-001-U023,canvas_brand_kit,4,2026-01-05
FU-000121,ACC-001,Meridian Media Group,ACC-001-U035,canvas_brand_kit,3,2026-01-05
FU-000122,ACC-001,Meridian Media Group,ACC-001-U044,canvas_brand_kit,2,2026-01-05
FU-000123,ACC-001,Meridian Media Group,ACC-001-U035,canvas_brand_kit,3,2026-01-12
FU-000124,ACC-001,Meridian Media Group,ACC-001-U009,canvas_brand_kit,3,2026-01-19
FU-000125,ACC-001,Meridian Media Group,ACC-001-U016,canvas_brand_kit,6,2026-01-26
FU-000126,ACC-001,Meridian Media Group,ACC-001-U002,canvas_brand_kit,1,2026-02-02
FU-000127,ACC-001,Meridian Media Group,ACC-001-U037,canvas_brand_kit,4,2026-02-02
FU-000128,ACC-001,Meridian Media Group,ACC-001-U025,canvas_brand_kit,1,2026-02-02
FU-000129,ACC-001,Meridian Media Group,ACC-001-U032,canvas_brand_kit,4,2026-02-09
FU-000130,ACC-001,Meridian Media Group,ACC-001-U036,canvas_brand_kit,5,2026-02-09
FU-000131,ACC-001,Meridian Media Group,ACC-001-U005,canvas_brand_kit,1,2026-02-16
FU-000132,ACC-001,Meridian Media Group,ACC-001-U045,canvas_brand_kit,5,2026-02-16
FU-000133,ACC-001,Meridian Media Group,ACC-001-U018,canvas_brand_kit,5,2026-02-16
FU-000134,ACC-001,Meridian Media Group,ACC-001-U045,canvas_brand_kit,3,2026-02-23
FU-000135,ACC-001,Meridian Media Group,ACC-001-U020,canvas_brand_kit,7,2026-03-02
FU-000136,ACC-001,Meridian Media Group,ACC-001-U045,canvas_brand_kit,3,2026-03-09
FU-000137,ACC-001,Meridian Media Group,ACC-001-U014,canvas_collab_edit,4,2025-12-15
FU-000138,ACC-001,Meridian Media Group,ACC-001-U020,canvas_collab_edit,1,2025-12-15
FU-000139,ACC-001,Meridian Media Group,ACC-001-U019,canvas_collab_edit,2,2025-12-15
FU-000140,ACC-001,Meridian Media Group,ACC-001-U025,canvas_collab_edit,4,2025-12-22
FU-000141,ACC-001,Meridian Media Group,ACC-001-U006,canvas_collab_edit,4,2025-12-22
FU-000142,ACC-001,Meridian Media Group,ACC-001-U039,canvas_collab_edit,5,2025-12-22
FU-000143,ACC-001,Meridian Media Group,ACC-001-U026,canvas_collab_edit,5,2025-12-22
FU-000144,ACC-001,Meridian Media Group,ACC-001-U040,canvas_collab_edit,3,2025-12-29
FU-000145,ACC-001,Meridian Media Group,ACC-001-U024,canvas_collab_edit,8,2025-12-29
FU-000146,ACC-001,Meridian Media Group,ACC-001-U031,canvas_collab_edit,3,2026-01-05
FU-000147,ACC-001,Meridian Media Group,ACC-001-U025,canvas_collab_edit,4,2026-01-05
FU-000148,ACC-001,Meridian Media Group,ACC-001-U006,canvas_collab_edit,1,2026-01-05
FU-000149,ACC-001,Meridian Media Group,ACC-001-U003,canvas_collab_edit,4,2026-01-05
FU-000150,ACC-001,Meridian Media Group,ACC-001-U013,canvas_collab_edit,1,2026-01-05
FU-000151,ACC-001,Meridian Media Group,ACC-001-U009,canvas_collab_edit,6,2026-01-05
FU-000152,ACC-001,Meridian Media Group,ACC-001-U025,canvas_collab_edit,3,2026-01-12
FU-000153,ACC-001,Meridian Media Group,ACC-001-U043,canvas_collab_edit,2,2026-01-12
FU-000154,ACC-001,Meridian Media Group,ACC-001-U022,canvas_collab_edit,3,2026-01-19
FU-000155,ACC-001,Meridian Media Group,ACC-001-U043,canvas_collab_edit,1,2026-01-19
FU-000156,ACC-001,Meridian Media Group,ACC-001-U005,canvas_collab_edit,2,2026-01-19
FU-000157,ACC-001,Meridian Media Group,ACC-001-U008,canvas_collab_edit,3,2026-01-19
FU-000158,ACC-001,Meridian Media Group,ACC-001-U040,canvas_collab_edit,3,2026-01-19
FU-000159,ACC-001,Meridian Media Group,ACC-001-U015,canvas_collab_edit,2,2026-01-19
FU-000160,ACC-001,Meridian Media Group,ACC-001-U034,canvas_collab_edit,5,2026-01-19
FU-000161,ACC-001,Meridian Media Group,ACC-001-U043,canvas_collab_edit,3,2026-01-26
FU-000162,ACC-001,Meridian Media Group,ACC-001-U031,canvas_collab_edit,3,2026-01-26
FU-000163,ACC-001,Meridian Media Group,ACC-001-U012,canvas_collab_edit,4,2026-01-26
FU-000164,ACC-001,Meridian Media Group,ACC-001-U003,canvas_collab_edit,4,2026-02-02
FU-000165,ACC-001,Meridian Media Group,ACC-001-U036,canvas_collab_edit,2,2026-02-09
FU-000166,ACC-001,Meridian Media Group,ACC-001-U011,canvas_collab_edit,4,2026-02-16
FU-000167,ACC-001,Meridian Media Group,ACC-001-U031,canvas_collab_edit,3,2026-02-16
FU-000168,ACC-001,Meridian Media Group,ACC-001-U029,canvas_collab_edit,4,2026-02-23
FU-000169,ACC-001,Meridian Media Group,ACC-001-U026,canvas_collab_edit,2,2026-02-23
FU-000170,ACC-001,Meridian Media Group,ACC-001-U012,canvas_collab_edit,3,2026-03-02
FU-000171,ACC-001,Meridian Media Group,ACC-001-U007,canvas_collab_edit,2,2026-03-09
FU-000172,ACC-002,Cascade Financial,ACC-002-U034,flow_audit_trail,5,2025-12-15
FU-000173,ACC-002,Cascade Financial,ACC-002-U004,flow_audit_trail,1,2025-12-15
FU-000174,ACC-002,Cascade Financial,ACC-002-U052,flow_audit_trail,5,2025-12-15
FU-000175,ACC-002,Cascade Financial,ACC-002-U045,flow_audit_trail,3,2025-12-22
FU-000176,ACC-002,Cascade Financial,ACC-002-U018,flow_audit_trail,2,2025-12-29
FU-000177,ACC-002,Cascade Financial,ACC-002-U007,flow_audit_trail,5,2025-12-29
FU-000178,ACC-002,Cascade Financial,ACC-002-U036,flow_audit_trail,2,2026-01-05
FU-000179,ACC-002,Cascade Financial,ACC-002-U070,flow_audit_trail,1,2026-01-05
FU-000180,ACC-002,Cascade Financial,ACC-002-U050,flow_audit_trail,2,2026-01-05
FU-000181,ACC-002,Cascade Financial,ACC-002-U009,flow_audit_trail,2,2026-01-05
FU-000182,ACC-002,Cascade Financial,ACC-002-U076,flow_audit_trail,3,2026-01-12
FU-000183,ACC-002,Cascade Financial,ACC-002-U016,flow_audit_trail,5,2026-01-12
FU-000184,ACC-002,Cascade Financial,ACC-002-U038,flow_audit_trail,7,2026-01-12
FU-000185,ACC-002,Cascade Financial,ACC-002-U062,flow_audit_trail,6,2026-01-19
FU-000186,ACC-002,Cascade Financial,ACC-002-U045,flow_audit_trail,5,2026-01-26
FU-000187,ACC-002,Cascade Financial,ACC-002-U066,flow_audit_trail,6,2026-02-02
FU-000188,ACC-002,Cascade Financial,ACC-002-U071,flow_audit_trail,6,2026-02-09
FU-000189,ACC-002,Cascade Financial,ACC-002-U015,flow_audit_trail,1,2026-02-16
FU-000190,ACC-002,Cascade Financial,ACC-002-U058,flow_audit_trail,3,2026-02-16
FU-000191,ACC-002,Cascade Financial,ACC-002-U066,flow_audit_trail,4,2026-02-16
FU-000192,ACC-002,Cascade Financial,ACC-002-U001,flow_audit_trail,5,2026-02-16
FU-000193,ACC-002,Cascade Financial,ACC-002-U040,flow_audit_trail,4,2026-02-23
FU-000194,ACC-002,Cascade Financial,ACC-002-U057,flow_audit_trail,4,2026-02-23
FU-000195,ACC-002,Cascade Financial,ACC-002-U026,flow_audit_trail,8,2026-02-23
FU-000196,ACC-002,Cascade Financial,ACC-002-U020,flow_audit_trail,1,2026-02-23
FU-000197,ACC-002,Cascade Financial,ACC-002-U034,flow_audit_trail,1,2026-02-23
FU-000198,ACC-002,Cascade Financial,ACC-002-U047,flow_audit_trail,4,2026-03-02
FU-000199,ACC-002,Cascade Financial,ACC-002-U073,flow_audit_trail,4,2026-03-02
FU-000200,ACC-002,Cascade Financial,ACC-002-U048,flow_audit_trail,6,2026-03-02
FU-000201,ACC-002,Cascade Financial,ACC-002-U075,flow_audit_trail,2,2026-03-02
FU-000202,ACC-002,Cascade Financial,ACC-002-U074,flow_audit_trail,3,2026-03-09
FU-000203,ACC-002,Cascade Financial,ACC-002-U021,flow_audit_trail,2,2026-03-09
FU-000204,ACC-002,Cascade Financial,ACC-002-U077,flow_audit_trail,1,2026-03-09
FU-000205,ACC-002,Cascade Financial,ACC-002-U001,flow_audit_trail,6,2026-03-09
FU-000206,ACC-002,Cascade Financial,ACC-002-U034,flow_audit_trail,2,2026-03-09
FU-000207,ACC-002,Cascade Financial,ACC-002-U009,canvas_layers,4,2025-12-15
FU-000208,ACC-002,Cascade Financial,ACC-002-U030,canvas_layers,3,2025-12-22
FU-000209,ACC-002,Cascade Financial,ACC-002-U007,canvas_layers,1,2025-12-29
FU-000210,ACC-002,Cascade Financial,ACC-002-U024,canvas_layers,3,2025-12-29
FU-000211,ACC-002,Cascade Financial,ACC-002-U056,canvas_layers,3,2025-12-29
FU-000212,ACC-002,Cascade Financial,ACC-002-U010,canvas_layers,2,2025-12-29
FU-000213,ACC-002,Cascade Financial,ACC-002-U050,canvas_layers,2,2025-12-29
FU-000214,ACC-002,Cascade Financial,ACC-002-U011,canvas_layers,4,2026-01-05
FU-000215,ACC-002,Cascade Financial,ACC-002-U005,canvas_layers,3,2026-01-05
FU-000216,ACC-002,Cascade Financial,ACC-002-U022,canvas_layers,4,2026-01-05
FU-000217,ACC-002,Cascade Financial,ACC-002-U027,canvas_layers,3,2026-01-12
FU-000218,ACC-002,Cascade Financial,ACC-002-U002,canvas_layers,1,2026-01-12
FU-000219,ACC-002,Cascade Financial,ACC-002-U071,canvas_layers,1,2026-01-12
FU-000220,ACC-002,Cascade Financial,ACC-002-U080,canvas_layers,2,2026-01-12
FU-000221,ACC-002,Cascade Financial,ACC-002-U024,canvas_layers,3,2026-01-12
FU-000222,ACC-002,Cascade Financial,ACC-002-U003,canvas_layers,4,2026-01-12
FU-000223,ACC-002,Cascade Financial,ACC-002-U031,canvas_layers,6,2026-01-19
FU-000224,ACC-002,Cascade Financial,ACC-002-U069,canvas_layers,3,2026-01-19
FU-000225,ACC-002,Cascade Financial,ACC-002-U033,canvas_layers,2,2026-01-19
FU-000226,ACC-002,Cascade Financial,ACC-002-U009,canvas_layers,1,2026-01-19
FU-000227,ACC-002,Cascade Financial,ACC-002-U043,canvas_layers,3,2026-01-19
FU-000228,ACC-002,Cascade Financial,ACC-002-U032,canvas_layers,4,2026-01-19
FU-000229,ACC-002,Cascade Financial,ACC-002-U011,canvas_layers,1,2026-01-26
FU-000230,ACC-002,Cascade Financial,ACC-002-U030,canvas_layers,3,2026-01-26
FU-000231,ACC-002,Cascade Financial,ACC-002-U076,canvas_layers,1,2026-01-26
FU-000232,ACC-002,Cascade Financial,ACC-002-U058,canvas_layers,3,2026-02-02
FU-000233,ACC-002,Cascade Financial,ACC-002-U060,canvas_layers,2,2026-02-02
FU-000234,ACC-002,Cascade Financial,ACC-002-U010,canvas_layers,7,2026-02-02
FU-000235,ACC-002,Cascade Financial,ACC-002-U027,canvas_layers,1,2026-02-02
FU-000236,ACC-002,Cascade Financial,ACC-002-U006,canvas_layers,3,2026-02-02
FU-000237,ACC-002,Cascade Financial,ACC-002-U003,canvas_layers,5,2026-02-09
FU-000238,ACC-002,Cascade Financial,ACC-002-U076,canvas_layers,1,2026-02-09
FU-000239,ACC-002,Cascade Financial,ACC-002-U001,canvas_layers,2,2026-02-09
FU-000240,ACC-002,Cascade Financial,ACC-002-U002,canvas_layers,2,2026-02-09
FU-000241,ACC-002,Cascade Financial,ACC-002-U062,canvas_layers,2,2026-02-09
FU-000242,ACC-002,Cascade Financial,ACC-002-U078,canvas_layers,1,2026-02-16
FU-000243,ACC-002,Cascade Financial,ACC-002-U068,canvas_layers,2,2026-02-23
FU-000244,ACC-002,Cascade Financial,ACC-002-U048,canvas_layers,2,2026-02-23
FU-000245,ACC-002,Cascade Financial,ACC-002-U020,canvas_layers,4,2026-02-23
FU-000246,ACC-002,Cascade Financial,ACC-002-U032,canvas_layers,2,2026-02-23
FU-000247,ACC-002,Cascade Financial,ACC-002-U076,canvas_layers,3,2026-02-23
FU-000248,ACC-002,Cascade Financial,ACC-002-U059,canvas_layers,6,2026-03-02
FU-000249,ACC-002,Cascade Financial,ACC-002-U034,canvas_layers,2,2026-03-09
FU-000250,ACC-002,Cascade Financial,ACC-002-U033,canvas_layers,5,2026-03-09
FU-000251,ACC-002,Cascade Financial,ACC-002-U069,canvas_layers,4,2026-03-09
FU-000252,ACC-002,Cascade Financial,ACC-002-U043,canvas_layers,5,2026-03-09
FU-000253,ACC-002,Cascade Financial,ACC-002-U016,canvas_layers,3,2026-03-09
FU-000254,ACC-002,Cascade Financial,ACC-002-U075,canvas_layers,4,2026-03-09
FU-000255,ACC-003,Beacon Logistics,ACC-003-U004,insight_api,5,2025-12-15
FU-000256,ACC-003,Beacon Logistics,ACC-003-U001,insight_api,4,2025-12-15
FU-000257,ACC-003,Beacon Logistics,ACC-003-U017,insight_api,1,2025-12-15
FU-000258,ACC-003,Beacon Logistics,ACC-003-U022,insight_api,1,2025-12-15
FU-000259,ACC-003,Beacon Logistics,ACC-003-U015,insight_api,3,2025-12-15
FU-000260,ACC-003,Beacon Logistics,ACC-003-U009,insight_api,1,2025-12-15
FU-000261,ACC-003,Beacon Logistics,ACC-003-U018,insight_api,2,2025-12-15
FU-000262,ACC-003,Beacon Logistics,ACC-003-U011,insight_api,1,2025-12-15
FU-000263,ACC-003,Beacon Logistics,ACC-003-U008,insight_api,6,2025-12-15
FU-000264,ACC-003,Beacon Logistics,ACC-003-U005,insight_api,3,2025-12-22
FU-000265,ACC-003,Beacon Logistics,ACC-003-U027,insight_api,5,2025-12-22
FU-000266,ACC-003,Beacon Logistics,ACC-003-U029,insight_api,5,2025-12-22
FU-000267,ACC-003,Beacon Logistics,ACC-003-U011,insight_api,2,2025-12-22
FU-000268,ACC-003,Beacon Logistics,ACC-003-U009,insight_api,4,2025-12-22
FU-000269,ACC-003,Beacon Logistics,ACC-003-U016,insight_api,4,2025-12-22
FU-000270,ACC-003,Beacon Logistics,ACC-003-U025,insight_api,5,2025-12-22
FU-000271,ACC-003,Beacon Logistics,ACC-003-U024,insight_api,1,2025-12-22
FU-000272,ACC-003,Beacon Logistics,ACC-003-U028,insight_api,3,2025-12-22
FU-000273,ACC-003,Beacon Logistics,ACC-003-U008,insight_api,3,2025-12-22
FU-000274,ACC-003,Beacon Logistics,ACC-003-U017,insight_api,3,2025-12-22
FU-000275,ACC-003,Beacon Logistics,ACC-003-U018,insight_api,7,2025-12-22
FU-000276,ACC-003,Beacon Logistics,ACC-003-U005,insight_api,1,2025-12-29
FU-000277,ACC-003,Beacon Logistics,ACC-003-U004,insight_api,1,2025-12-29
FU-000278,ACC-003,Beacon Logistics,ACC-003-U020,insight_api,5,2025-12-29
FU-000279,ACC-003,Beacon Logistics,ACC-003-U017,insight_api,4,2025-12-29
FU-000280,ACC-003,Beacon Logistics,ACC-003-U019,insight_api,5,2025-12-29
FU-000281,ACC-003,Beacon Logistics,ACC-003-U016,insight_api,2,2025-12-29
FU-000282,ACC-003,Beacon Logistics,ACC-003-U009,insight_api,1,2025-12-29
FU-000283,ACC-003,Beacon Logistics,ACC-003-U010,insight_api,6,2025-12-29
FU-000284,ACC-003,Beacon Logistics,ACC-003-U022,insight_api,1,2026-01-05
FU-000285,ACC-003,Beacon Logistics,ACC-003-U030,insight_api,3,2026-01-05
FU-000286,ACC-003,Beacon Logistics,ACC-003-U003,insight_api,3,2026-01-05
FU-000287,ACC-003,Beacon Logistics,ACC-003-U013,insight_api,5,2026-01-05
FU-000288,ACC-003,Beacon Logistics,ACC-003-U010,insight_api,4,2026-01-05
FU-000289,ACC-003,Beacon Logistics,ACC-003-U020,insight_api,3,2026-01-05
FU-000290,ACC-003,Beacon Logistics,ACC-003-U004,insight_api,4,2026-01-05
FU-000291,ACC-003,Beacon Logistics,ACC-003-U013,insight_api,1,2026-01-12
FU-000292,ACC-003,Beacon Logistics,ACC-003-U010,insight_api,3,2026-01-12
FU-000293,ACC-003,Beacon Logistics,ACC-003-U027,insight_api,1,2026-01-12
FU-000294,ACC-003,Beacon Logistics,ACC-003-U019,insight_api,2,2026-01-12
FU-000295,ACC-003,Beacon Logistics,ACC-003-U006,insight_api,4,2026-01-12
FU-000296,ACC-003,Beacon Logistics,ACC-003-U008,insight_api,3,2026-01-12
FU-000297,ACC-003,Beacon Logistics,ACC-003-U024,insight_api,2,2026-01-12
FU-000298,ACC-003,Beacon Logistics,ACC-003-U001,insight_api,4,2026-01-12
FU-000299,ACC-003,Beacon Logistics,ACC-003-U030,insight_api,1,2026-01-12
FU-000300,ACC-003,Beacon Logistics,ACC-003-U014,insight_api,5,2026-01-12
FU-000301,ACC-003,Beacon Logistics,ACC-003-U003,insight_api,1,2026-01-12
FU-000302,ACC-003,Beacon Logistics,ACC-003-U023,insight_api,4,2026-01-12
FU-000303,ACC-003,Beacon Logistics,ACC-003-U004,insight_api,6,2026-01-12
FU-000304,ACC-003,Beacon Logistics,ACC-003-U026,insight_api,4,2026-01-19
FU-000305,ACC-003,Beacon Logistics,ACC-003-U010,insight_api,1,2026-01-19
FU-000306,ACC-003,Beacon Logistics,ACC-003-U027,insight_api,5,2026-01-19
FU-000307,ACC-003,Beacon Logistics,ACC-003-U016,insight_api,2,2026-01-19
FU-000308,ACC-003,Beacon Logistics,ACC-003-U007,insight_api,2,2026-01-19
FU-000309,ACC-003,Beacon Logistics,ACC-003-U023,insight_api,3,2026-01-19
FU-000310,ACC-003,Beacon Logistics,ACC-003-U019,insight_api,4,2026-01-19
FU-000311,ACC-003,Beacon Logistics,ACC-003-U001,insight_api,1,2026-01-19
FU-000312,ACC-003,Beacon Logistics,ACC-003-U017,insight_api,1,2026-01-19
FU-000313,ACC-003,Beacon Logistics,ACC-003-U028,insight_api,2,2026-01-19
FU-000314,ACC-003,Beacon Logistics,ACC-003-U012,insight_api,1,2026-01-19
FU-000315,ACC-003,Beacon Logistics,ACC-003-U030,insight_api,8,2026-01-19
FU-000316,ACC-003,Beacon Logistics,ACC-003-U008,insight_api,1,2026-01-26
FU-000317,ACC-003,Beacon Logistics,ACC-003-U007,insight_api,4,2026-01-26
FU-000318,ACC-003,Beacon Logistics,ACC-003-U024,insight_api,7,2026-02-02
FU-000319,ACC-003,Beacon Logistics,ACC-003-U020,insight_api,3,2026-02-02
FU-000320,ACC-003,Beacon Logistics,ACC-003-U012,insight_api,5,2026-02-02
FU-000321,ACC-003,Beacon Logistics,ACC-003-U009,insight_api,1,2026-02-02
FU-000322,ACC-003,Beacon Logistics,ACC-003-U007,insight_api,2,2026-02-02
FU-000323,ACC-003,Beacon Logistics,ACC-003-U005,insight_api,5,2026-02-02
FU-000324,ACC-003,Beacon Logistics,ACC-003-U017,insight_api,5,2026-02-09
FU-000325,ACC-003,Beacon Logistics,ACC-003-U026,insight_api,2,2026-02-09
FU-000326,ACC-003,Beacon Logistics,ACC-003-U007,insight_api,3,2026-02-09
FU-000327,ACC-003,Beacon Logistics,ACC-003-U022,insight_api,5,2026-02-09
FU-000328,ACC-003,Beacon Logistics,ACC-003-U016,insight_api,4,2026-02-09
FU-000329,ACC-003,Beacon Logistics,ACC-003-U029,insight_api,1,2026-02-09
FU-000330,ACC-003,Beacon Logistics,ACC-003-U017,insight_api,4,2026-02-16
FU-000331,ACC-003,Beacon Logistics,ACC-003-U018,insight_api,6,2026-02-23
FU-000332,ACC-003,Beacon Logistics,ACC-003-U022,insight_api,7,2026-02-23
FU-000333,ACC-003,Beacon Logistics,ACC-003-U009,insight_api,4,2026-02-23
FU-000334,ACC-003,Beacon Logistics,ACC-003-U011,insight_api,1,2026-03-02
FU-000335,ACC-003,Beacon Logistics,ACC-003-U014,insight_api,3,2026-03-02
FU-000336,ACC-003,Beacon Logistics,ACC-003-U026,insight_api,3,2026-03-09
FU-000337,ACC-003,Beacon Logistics,ACC-003-U028,canvas_layers,5,2025-12-15
FU-000338,ACC-003,Beacon Logistics,ACC-003-U006,canvas_layers,2,2025-12-15
FU-000339,ACC-003,Beacon Logistics,ACC-003-U017,canvas_layers,5,2025-12-15
FU-000340,ACC-003,Beacon Logistics,ACC-003-U009,canvas_layers,2,2025-12-15
FU-000341,ACC-003,Beacon Logistics,ACC-003-U001,canvas_layers,3,2025-12-15
FU-000342,ACC-003,Beacon Logistics,ACC-003-U007,canvas_layers,1,2025-12-15
FU-000343,ACC-003,Beacon Logistics,ACC-003-U001,canvas_layers,1,2025-12-22
FU-000344,ACC-003,Beacon Logistics,ACC-003-U014,canvas_layers,3,2025-12-22
FU-000345,ACC-003,Beacon Logistics,ACC-003-U013,canvas_layers,3,2025-12-22
FU-000346,ACC-003,Beacon Logistics,ACC-003-U006,canvas_layers,3,2025-12-29
FU-000347,ACC-003,Beacon Logistics,ACC-003-U017,canvas_layers,5,2025-12-29
FU-000348,ACC-003,Beacon Logistics,ACC-003-U028,canvas_layers,5,2026-01-05
FU-000349,ACC-003,Beacon Logistics,ACC-003-U018,canvas_layers,5,2026-01-12
FU-000350,ACC-003,Beacon Logistics,ACC-003-U001,canvas_layers,1,2026-01-12
FU-000351,ACC-003,Beacon Logistics,ACC-003-U003,canvas_layers,4,2026-01-12
FU-000352,ACC-003,Beacon Logistics,ACC-003-U004,canvas_layers,4,2026-01-12
FU-000353,ACC-003,Beacon Logistics,ACC-003-U021,canvas_layers,2,2026-01-12
FU-000354,ACC-003,Beacon Logistics,ACC-003-U022,canvas_layers,3,2026-01-12
FU-000355,ACC-003,Beacon Logistics,ACC-003-U030,canvas_layers,4,2026-01-19
FU-000356,ACC-003,Beacon Logistics,ACC-003-U014,canvas_layers,6,2026-01-26
FU-000357,ACC-003,Beacon Logistics,ACC-003-U021,canvas_layers,1,2026-01-26
FU-000358,ACC-003,Beacon Logistics,ACC-003-U011,canvas_layers,5,2026-01-26
FU-000359,ACC-003,Beacon Logistics,ACC-003-U007,canvas_layers,3,2026-02-02
FU-000360,ACC-003,Beacon Logistics,ACC-003-U018,canvas_layers,3,2026-02-02
FU-000361,ACC-003,Beacon Logistics,ACC-003-U014,canvas_layers,1,2026-02-02
FU-000362,ACC-003,Beacon Logistics,ACC-003-U022,canvas_layers,3,2026-02-02
FU-000363,ACC-003,Beacon Logistics,ACC-003-U004,canvas_layers,1,2026-02-02
FU-000364,ACC-003,Beacon Logistics,ACC-003-U027,canvas_layers,3,2026-02-09
FU-000365,ACC-003,Beacon Logistics,ACC-003-U022,canvas_layers,7,2026-02-16
FU-000366,ACC-003,Beacon Logistics,ACC-003-U009,canvas_layers,3,2026-02-16
FU-000367,ACC-003,Beacon Logistics,ACC-003-U011,canvas_layers,9,2026-02-23
FU-000368,ACC-003,Beacon Logistics,ACC-003-U018,canvas_layers,5,2026-02-23
FU-000369,ACC-003,Beacon Logistics,ACC-003-U017,canvas_layers,1,2026-03-02
FU-000370,ACC-003,Beacon Logistics,ACC-003-U016,canvas_layers,2,2026-03-09
FU-000371,ACC-003,Beacon Logistics,ACC-003-U008,canvas_version_history,1,2025-12-15
FU-000372,ACC-003,Beacon Logistics,ACC-003-U012,canvas_version_history,3,2025-12-15
FU-000373,ACC-003,Beacon Logistics,ACC-003-U002,canvas_version_history,1,2025-12-15
FU-000374,ACC-003,Beacon Logistics,ACC-003-U026,canvas_version_history,1,2025-12-15
FU-000375,ACC-003,Beacon Logistics,ACC-003-U004,canvas_version_history,4,2025-12-15
FU-000376,ACC-003,Beacon Logistics,ACC-003-U017,canvas_version_history,4,2025-12-22
FU-000377,ACC-003,Beacon Logistics,ACC-003-U011,canvas_version_history,1,2025-12-22
FU-000378,ACC-003,Beacon Logistics,ACC-003-U027,canvas_version_history,6,2025-12-29
FU-000379,ACC-003,Beacon Logistics,ACC-003-U008,canvas_version_history,1,2025-12-29
FU-000380,ACC-003,Beacon Logistics,ACC-003-U014,canvas_version_history,5,2025-12-29
FU-000381,ACC-003,Beacon Logistics,ACC-003-U001,canvas_version_history,3,2026-01-05
FU-000382,ACC-003,Beacon Logistics,ACC-003-U027,canvas_version_history,1,2026-01-05
FU-000383,ACC-003,Beacon Logistics,ACC-003-U006,canvas_version_history,2,2026-01-05
FU-000384,ACC-003,Beacon Logistics,ACC-003-U008,canvas_version_history,2,2026-01-05
FU-000385,ACC-003,Beacon Logistics,ACC-003-U011,canvas_version_history,4,2026-01-05
FU-000386,ACC-003,Beacon Logistics,ACC-003-U005,canvas_version_history,2,2026-01-05
FU-000387,ACC-003,Beacon Logistics,ACC-003-U024,canvas_version_history,1,2026-01-05
FU-000388,ACC-003,Beacon Logistics,ACC-003-U003,canvas_version_history,1,2026-01-12
FU-000389,ACC-003,Beacon Logistics,ACC-003-U008,canvas_version_history,4,2026-01-12
FU-000390,ACC-003,Beacon Logistics,ACC-003-U001,canvas_version_history,4,2026-01-12
FU-000391,ACC-003,Beacon Logistics,ACC-003-U027,canvas_version_history,3,2026-01-12
FU-000392,ACC-003,Beacon Logistics,ACC-003-U023,canvas_version_history,3,2026-01-12
FU-000393,ACC-003,Beacon Logistics,ACC-003-U011,canvas_version_history,5,2026-01-12
FU-000394,ACC-003,Beacon Logistics,ACC-003-U015,canvas_version_history,2,2026-01-19
FU-000395,ACC-003,Beacon Logistics,ACC-003-U028,canvas_version_history,1,2026-01-19
FU-000396,ACC-003,Beacon Logistics,ACC-003-U021,canvas_version_history,2,2026-01-19
FU-000397,ACC-003,Beacon Logistics,ACC-003-U011,canvas_version_history,1,2026-01-26
FU-000398,ACC-003,Beacon Logistics,ACC-003-U013,canvas_version_history,2,2026-01-26
FU-000399,ACC-003,Beacon Logistics,ACC-003-U005,canvas_version_history,3,2026-01-26
FU-000400,ACC-003,Beacon Logistics,ACC-003-U008,canvas_version_history,1,2026-01-26
FU-000401,ACC-003,Beacon Logistics,ACC-003-U007,canvas_version_history,1,2026-01-26
FU-000402,ACC-003,Beacon Logistics,ACC-003-U002,canvas_version_history,5,2026-01-26
FU-000403,ACC-003,Beacon Logistics,ACC-003-U011,canvas_version_history,3,2026-02-02
FU-000404,ACC-003,Beacon Logistics,ACC-003-U024,canvas_version_history,6,2026-02-02
FU-000405,ACC-003,Beacon Logistics,ACC-003-U009,canvas_version_history,4,2026-02-02
FU-000406,ACC-003,Beacon Logistics,ACC-003-U007,canvas_version_history,1,2026-02-02
FU-000407,ACC-003,Beacon Logistics,ACC-003-U017,canvas_version_history,2,2026-02-09
FU-000408,ACC-003,Beacon Logistics,ACC-003-U005,canvas_version_history,3,2026-02-09
FU-000409,ACC-003,Beacon Logistics,ACC-003-U028,canvas_version_history,4,2026-02-16
FU-000410,ACC-003,Beacon Logistics,ACC-003-U030,canvas_version_history,2,2026-02-23
FU-000411,ACC-003,Beacon Logistics,ACC-003-U024,canvas_templates,1,2025-12-15
FU-000412,ACC-003,Beacon Logistics,ACC-003-U001,canvas_templates,3,2025-12-15
FU-000413,ACC-003,Beacon Logistics,ACC-003-U009,canvas_templates,1,2025-12-15
FU-000414,ACC-003,Beacon Logistics,ACC-003-U010,canvas_templates,5,2025-12-22
FU-000415,ACC-003,Beacon Logistics,ACC-003-U021,canvas_templates,1,2025-12-22
FU-000416,ACC-003,Beacon Logistics,ACC-003-U006,canvas_templates,5,2025-12-22
FU-000417,ACC-003,Beacon Logistics,ACC-003-U004,canvas_templates,6,2025-12-29
FU-000418,ACC-003,Beacon Logistics,ACC-003-U026,canvas_templates,2,2026-01-05
FU-000419,ACC-003,Beacon Logistics,ACC-003-U003,canvas_templates,4,2026-01-05
FU-000420,ACC-003,Beacon Logistics,ACC-003-U019,canvas_templates,3,2026-01-05
FU-000421,ACC-003,Beacon Logistics,ACC-003-U010,canvas_templates,2,2026-01-05
FU-000422,ACC-003,Beacon Logistics,ACC-003-U001,canvas_templates,3,2026-01-05
FU-000423,ACC-003,Beacon Logistics,ACC-003-U025,canvas_templates,1,2026-01-05
FU-000424,ACC-003,Beacon Logistics,ACC-003-U018,canvas_templates,6,2026-01-12
FU-000425,ACC-003,Beacon Logistics,ACC-003-U024,canvas_templates,1,2026-01-19
FU-000426,ACC-003,Beacon Logistics,ACC-003-U022,canvas_templates,6,2026-01-19
FU-000427,ACC-003,Beacon Logistics,ACC-003-U010,canvas_templates,2,2026-01-19
FU-000428,ACC-003,Beacon Logistics,ACC-003-U004,canvas_templates,1,2026-01-19
FU-000429,ACC-003,Beacon Logistics,ACC-003-U013,canvas_templates,1,2026-01-19
FU-000430,ACC-003,Beacon Logistics,ACC-003-U008,canvas_templates,3,2026-01-26
FU-000431,ACC-003,Beacon Logistics,ACC-003-U021,canvas_templates,6,2026-01-26
FU-000432,ACC-003,Beacon Logistics,ACC-003-U022,canvas_templates,2,2026-01-26
FU-000433,ACC-003,Beacon Logistics,ACC-003-U016,canvas_templates,4,2026-01-26
FU-000434,ACC-003,Beacon Logistics,ACC-003-U007,canvas_templates,4,2026-01-26
FU-000435,ACC-003,Beacon Logistics,ACC-003-U025,canvas_templates,7,2026-01-26
FU-000436,ACC-003,Beacon Logistics,ACC-003-U024,canvas_templates,2,2026-02-02
FU-000437,ACC-003,Beacon Logistics,ACC-003-U009,canvas_templates,3,2026-02-02
FU-000438,ACC-003,Beacon Logistics,ACC-003-U014,canvas_templates,2,2026-02-02
FU-000439,ACC-003,Beacon Logistics,ACC-003-U018,canvas_templates,1,2026-02-09
FU-000440,ACC-003,Beacon Logistics,ACC-003-U029,canvas_templates,4,2026-02-09
FU-000441,ACC-003,Beacon Logistics,ACC-003-U023,canvas_templates,3,2026-02-09
FU-000442,ACC-003,Beacon Logistics,ACC-003-U010,canvas_templates,4,2026-02-09
FU-000443,ACC-003,Beacon Logistics,ACC-003-U010,canvas_templates,7,2026-02-16
FU-000444,ACC-003,Beacon Logistics,ACC-003-U026,canvas_templates,2,2026-02-16
FU-000445,ACC-003,Beacon Logistics,ACC-003-U019,canvas_templates,5,2026-02-23
FU-000446,ACC-003,Beacon Logistics,ACC-003-U005,canvas_templates,4,2026-03-02
FU-000447,ACC-003,Beacon Logistics,ACC-003-U004,canvas_templates,1,2026-03-09
FU-000448,ACC-003,Beacon Logistics,ACC-003-U012,canvas_collab_edit,4,2025-12-15
FU-000449,ACC-003,Beacon Logistics,ACC-003-U010,canvas_collab_edit,8,2025-12-22
FU-000450,ACC-003,Beacon Logistics,ACC-003-U020,canvas_collab_edit,5,2025-12-29
FU-000451,ACC-003,Beacon Logistics,ACC-003-U027,canvas_collab_edit,5,2025-12-29
FU-000452,ACC-003,Beacon Logistics,ACC-003-U030,canvas_collab_edit,4,2025-12-29
FU-000453,ACC-003,Beacon Logistics,ACC-003-U010,canvas_collab_edit,1,2025-12-29
FU-000454,ACC-003,Beacon Logistics,ACC-003-U011,canvas_collab_edit,3,2026-01-05
FU-000455,ACC-003,Beacon Logistics,ACC-003-U014,canvas_collab_edit,3,2026-01-05
FU-000456,ACC-003,Beacon Logistics,ACC-003-U001,canvas_collab_edit,6,2026-01-05
FU-000457,ACC-003,Beacon Logistics,ACC-003-U018,canvas_collab_edit,3,2026-01-05
FU-000458,ACC-003,Beacon Logistics,ACC-003-U029,canvas_collab_edit,5,2026-01-12
FU-000459,ACC-003,Beacon Logistics,ACC-003-U013,canvas_collab_edit,3,2026-01-12
FU-000460,ACC-003,Beacon Logistics,ACC-003-U024,canvas_collab_edit,1,2026-01-12
FU-000461,ACC-003,Beacon Logistics,ACC-003-U015,canvas_collab_edit,3,2026-01-19
FU-000462,ACC-003,Beacon Logistics,ACC-003-U012,canvas_collab_edit,2,2026-01-19
FU-000463,ACC-003,Beacon Logistics,ACC-003-U014,canvas_collab_edit,3,2026-01-19
FU-000464,ACC-003,Beacon Logistics,ACC-003-U030,canvas_collab_edit,3,2026-01-19
FU-000465,ACC-003,Beacon Logistics,ACC-003-U029,canvas_collab_edit,6,2026-01-19
FU-000466,ACC-003,Beacon Logistics,ACC-003-U006,canvas_collab_edit,7,2026-01-26
FU-000467,ACC-003,Beacon Logistics,ACC-003-U001,canvas_collab_edit,4,2026-02-02
FU-000468,ACC-003,Beacon Logistics,ACC-003-U029,canvas_collab_edit,4,2026-02-02
FU-000469,ACC-003,Beacon Logistics,ACC-003-U010,canvas_collab_edit,1,2026-02-02
FU-000470,ACC-003,Beacon Logistics,ACC-003-U021,canvas_collab_edit,5,2026-02-02
FU-000471,ACC-003,Beacon Logistics,ACC-003-U006,canvas_collab_edit,6,2026-02-09
FU-000472,ACC-003,Beacon Logistics,ACC-003-U001,canvas_collab_edit,5,2026-02-09
FU-000473,ACC-003,Beacon Logistics,ACC-003-U005,canvas_collab_edit,5,2026-02-16
FU-000474,ACC-003,Beacon Logistics,ACC-003-U025,canvas_collab_edit,6,2026-02-16
FU-000475,ACC-003,Beacon Logistics,ACC-003-U009,canvas_collab_edit,4,2026-02-23
FU-000476,ACC-003,Beacon Logistics,ACC-003-U010,canvas_collab_edit,1,2026-03-02
FU-000477,ACC-004,Prism Retail,ACC-004-U011,canvas_templates,4,2025-12-15
FU-000478,ACC-004,Prism Retail,ACC-004-U004,canvas_templates,1,2025-12-22
FU-000479,ACC-004,Prism Retail,ACC-004-U001,canvas_templates,3,2025-12-22
FU-000480,ACC-004,Prism Retail,ACC-004-U008,canvas_templates,2,2025-12-29
FU-000481,ACC-004,Prism Retail,ACC-004-U002,canvas_templates,5,2025-12-29
FU-000482,ACC-004,Prism Retail,ACC-004-U011,canvas_templates,7,2025-12-29
FU-000483,ACC-004,Prism Retail,ACC-004-U008,canvas_templates,1,2026-01-05
FU-000484,ACC-004,Prism Retail,ACC-004-U015,canvas_templates,3,2026-01-05
FU-000485,ACC-004,Prism Retail,ACC-004-U005,canvas_templates,1,2026-01-05
FU-000486,ACC-004,Prism Retail,ACC-004-U010,canvas_templates,6,2026-01-05
FU-000487,ACC-004,Prism Retail,ACC-004-U014,canvas_templates,5,2026-01-05
FU-000488,ACC-004,Prism Retail,ACC-004-U006,canvas_templates,2,2026-01-12
FU-000489,ACC-004,Prism Retail,ACC-004-U009,canvas_templates,3,2026-01-12
FU-000490,ACC-004,Prism Retail,ACC-004-U006,canvas_templates,5,2026-01-19
FU-000491,ACC-004,Prism Retail,ACC-004-U011,canvas_templates,2,2026-01-19
FU-000492,ACC-004,Prism Retail,ACC-004-U012,canvas_templates,3,2026-01-19
FU-000493,ACC-004,Prism Retail,ACC-004-U005,canvas_templates,3,2026-01-26
FU-000494,ACC-004,Prism Retail,ACC-004-U002,canvas_templates,8,2026-01-26
FU-000495,ACC-004,Prism Retail,ACC-004-U015,canvas_templates,3,2026-01-26
FU-000496,ACC-004,Prism Retail,ACC-004-U015,canvas_templates,7,2026-02-02
FU-000497,ACC-004,Prism Retail,ACC-004-U004,canvas_templates,5,2026-02-09
FU-000498,ACC-004,Prism Retail,ACC-004-U001,canvas_templates,3,2026-02-09
FU-000499,ACC-004,Prism Retail,ACC-004-U013,canvas_templates,7,2026-02-16
FU-000500,ACC-004,Prism Retail,ACC-004-U007,canvas_templates,4,2026-02-16
FU-000501,ACC-004,Prism Retail,ACC-004-U012,canvas_templates,1,2026-02-16
FU-000502,ACC-004,Prism Retail,ACC-004-U005,canvas_templates,1,2026-02-23
FU-000503,ACC-004,Prism Retail,ACC-004-U006,canvas_templates,1,2026-03-02
FU-000504,ACC-005,Atlas Digital,ACC-005-U050,canvas_templates,1,2025-12-15
FU-000505,ACC-005,Atlas Digital,ACC-005-U032,canvas_templates,3,2025-12-15
FU-000506,ACC-005,Atlas Digital,ACC-005-U022,canvas_templates,2,2025-12-15
FU-000507,ACC-005,Atlas Digital,ACC-005-U045,canvas_templates,8,2025-12-15
FU-000508,ACC-005,Atlas Digital,ACC-005-U037,canvas_templates,2,2025-12-15
FU-000509,ACC-005,Atlas Digital,ACC-005-U035,canvas_templates,3,2025-12-22
FU-000510,ACC-005,Atlas Digital,ACC-005-U001,canvas_templates,3,2025-12-22
FU-000511,ACC-005,Atlas Digital,ACC-005-U056,canvas_templates,2,2025-12-22
FU-000512,ACC-005,Atlas Digital,ACC-005-U028,canvas_templates,6,2025-12-22
FU-000513,ACC-005,Atlas Digital,ACC-005-U013,canvas_templates,1,2025-12-22
FU-000514,ACC-005,Atlas Digital,ACC-005-U037,canvas_templates,1,2025-12-22
FU-000515,ACC-005,Atlas Digital,ACC-005-U022,canvas_templates,1,2025-12-22
FU-000516,ACC-005,Atlas Digital,ACC-005-U034,canvas_templates,2,2025-12-22
FU-000517,ACC-005,Atlas Digital,ACC-005-U019,canvas_templates,1,2025-12-22
FU-000518,ACC-005,Atlas Digital,ACC-005-U054,canvas_templates,3,2025-12-22
FU-000519,ACC-005,Atlas Digital,ACC-005-U031,canvas_templates,6,2025-12-29
FU-000520,ACC-005,Atlas Digital,ACC-005-U027,canvas_templates,4,2025-12-29
FU-000521,ACC-005,Atlas Digital,ACC-005-U047,canvas_templates,5,2025-12-29
FU-000522,ACC-005,Atlas Digital,ACC-005-U033,canvas_templates,3,2025-12-29
FU-000523,ACC-005,Atlas Digital,ACC-005-U057,canvas_templates,3,2025-12-29
FU-000524,ACC-005,Atlas Digital,ACC-005-U007,canvas_templates,5,2026-01-05
FU-000525,ACC-005,Atlas Digital,ACC-005-U053,canvas_templates,4,2026-01-05
FU-000526,ACC-005,Atlas Digital,ACC-005-U034,canvas_templates,5,2026-01-05
FU-000527,ACC-005,Atlas Digital,ACC-005-U016,canvas_templates,3,2026-01-05
FU-000528,ACC-005,Atlas Digital,ACC-005-U018,canvas_templates,5,2026-01-05
FU-000529,ACC-005,Atlas Digital,ACC-005-U020,canvas_templates,7,2026-01-05
FU-000530,ACC-005,Atlas Digital,ACC-005-U002,canvas_templates,5,2026-01-05
FU-000531,ACC-005,Atlas Digital,ACC-005-U057,canvas_templates,6,2026-01-12
FU-000532,ACC-005,Atlas Digital,ACC-005-U059,canvas_templates,3,2026-01-12
FU-000533,ACC-005,Atlas Digital,ACC-005-U038,canvas_templates,2,2026-01-12
FU-000534,ACC-005,Atlas Digital,ACC-005-U022,canvas_templates,4,2026-01-12
FU-000535,ACC-005,Atlas Digital,ACC-005-U015,canvas_templates,3,2026-01-19
FU-000536,ACC-005,Atlas Digital,ACC-005-U020,canvas_templates,1,2026-01-19
FU-000537,ACC-005,Atlas Digital,ACC-005-U003,canvas_templates,1,2026-01-19
FU-000538,ACC-005,Atlas Digital,ACC-005-U010,canvas_templates,1,2026-01-19
FU-000539,ACC-005,Atlas Digital,ACC-005-U007,canvas_templates,3,2026-01-19
FU-000540,ACC-005,Atlas Digital,ACC-005-U008,canvas_templates,1,2026-01-19
FU-000541,ACC-005,Atlas Digital,ACC-005-U002,canvas_templates,5,2026-01-19
FU-000542,ACC-005,Atlas Digital,ACC-005-U018,canvas_templates,3,2026-01-19
FU-000543,ACC-005,Atlas Digital,ACC-005-U023,canvas_templates,5,2026-01-19
FU-000544,ACC-005,Atlas Digital,ACC-005-U059,canvas_templates,2,2026-01-19
FU-000545,ACC-005,Atlas Digital,ACC-005-U002,canvas_templates,6,2026-01-26
FU-000546,ACC-005,Atlas Digital,ACC-005-U040,canvas_templates,1,2026-01-26
FU-000547,ACC-005,Atlas Digital,ACC-005-U028,canvas_templates,4,2026-01-26
FU-000548,ACC-005,Atlas Digital,ACC-005-U027,canvas_templates,6,2026-01-26
FU-000549,ACC-005,Atlas Digital,ACC-005-U025,canvas_templates,7,2026-02-02
FU-000550,ACC-005,Atlas Digital,ACC-005-U056,canvas_templates,2,2026-02-02
FU-000551,ACC-005,Atlas Digital,ACC-005-U004,canvas_templates,2,2026-02-02
FU-000552,ACC-005,Atlas Digital,ACC-005-U024,canvas_templates,2,2026-02-02
FU-000553,ACC-005,Atlas Digital,ACC-005-U048,canvas_templates,2,2026-02-02
FU-000554,ACC-005,Atlas Digital,ACC-005-U021,canvas_templates,4,2026-02-02
FU-000555,ACC-005,Atlas Digital,ACC-005-U032,canvas_templates,2,2026-02-02
FU-000556,ACC-005,Atlas Digital,ACC-005-U029,canvas_templates,4,2026-02-02
FU-000557,ACC-005,Atlas Digital,ACC-005-U013,canvas_templates,4,2026-02-09
FU-000558,ACC-005,Atlas Digital,ACC-005-U006,canvas_templates,6,2026-02-09
FU-000559,ACC-005,Atlas Digital,ACC-005-U039,canvas_templates,2,2026-02-09
FU-000560,ACC-005,Atlas Digital,ACC-005-U041,canvas_templates,1,2026-02-09
FU-000561,ACC-005,Atlas Digital,ACC-005-U051,canvas_templates,2,2026-02-09
FU-000562,ACC-005,Atlas Digital,ACC-005-U014,canvas_templates,3,2026-02-16
FU-000563,ACC-005,Atlas Digital,ACC-005-U035,canvas_templates,2,2026-02-16
FU-000564,ACC-005,Atlas Digital,ACC-005-U002,canvas_templates,3,2026-02-23
FU-000565,ACC-005,Atlas Digital,ACC-005-U057,canvas_templates,3,2026-02-23
FU-000566,ACC-005,Atlas Digital,ACC-005-U003,canvas_templates,2,2026-02-23
FU-000567,ACC-005,Atlas Digital,ACC-005-U029,canvas_templates,1,2026-02-23
FU-000568,ACC-005,Atlas Digital,ACC-005-U048,canvas_templates,2,2026-02-23
FU-000569,ACC-005,Atlas Digital,ACC-005-U032,canvas_templates,3,2026-02-23
FU-000570,ACC-005,Atlas Digital,ACC-005-U051,canvas_templates,1,2026-02-23
FU-000571,ACC-005,Atlas Digital,ACC-005-U036,canvas_templates,8,2026-02-23
FU-000572,ACC-005,Atlas Digital,ACC-005-U039,canvas_templates,3,2026-02-23
FU-000573,ACC-005,Atlas Digital,ACC-005-U054,canvas_templates,6,2026-02-23
FU-000574,ACC-005,Atlas Digital,ACC-005-U043,canvas_templates,1,2026-03-02
FU-000575,ACC-005,Atlas Digital,ACC-005-U033,canvas_templates,2,2026-03-02
FU-000576,ACC-005,Atlas Digital,ACC-005-U020,canvas_templates,2,2026-03-02
FU-000577,ACC-005,Atlas Digital,ACC-005-U013,canvas_templates,3,2026-03-02
FU-000578,ACC-005,Atlas Digital,ACC-005-U053,canvas_templates,2,2026-03-02
FU-000579,ACC-005,Atlas Digital,ACC-005-U057,canvas_templates,3,2026-03-02
FU-000580,ACC-005,Atlas Digital,ACC-005-U006,canvas_templates,4,2026-03-02
FU-000581,ACC-005,Atlas Digital,ACC-005-U028,canvas_templates,2,2026-03-02
FU-000582,ACC-005,Atlas Digital,ACC-005-U021,canvas_templates,6,2026-03-02
FU-000583,ACC-005,Atlas Digital,ACC-005-U003,canvas_templates,6,2026-03-02
FU-000584,ACC-005,Atlas Digital,ACC-005-U024,canvas_templates,6,2026-03-09
FU-000585,ACC-005,Atlas Digital,ACC-005-U020,canvas_templates,4,2026-03-09
FU-000586,ACC-005,Atlas Digital,ACC-005-U025,canvas_collab_edit,6,2025-12-15
FU-000587,ACC-005,Atlas Digital,ACC-005-U040,canvas_collab_edit,2,2025-12-15
FU-000588,ACC-005,Atlas Digital,ACC-005-U034,canvas_collab_edit,4,2025-12-15
FU-000589,ACC-005,Atlas Digital,ACC-005-U039,canvas_collab_edit,4,2025-12-15
FU-000590,ACC-005,Atlas Digital,ACC-005-U017,canvas_collab_edit,2,2025-12-15
FU-000591,ACC-005,Atlas Digital,ACC-005-U053,canvas_collab_edit,3,2025-12-22
FU-000592,ACC-005,Atlas Digital,ACC-005-U014,canvas_collab_edit,3,2025-12-22
FU-000593,ACC-005,Atlas Digital,ACC-005-U055,canvas_collab_edit,4,2025-12-22
FU-000594,ACC-005,Atlas Digital,ACC-005-U032,canvas_collab_edit,2,2025-12-22
FU-000595,ACC-005,Atlas Digital,ACC-005-U012,canvas_collab_edit,4,2025-12-22
FU-000596,ACC-005,Atlas Digital,ACC-005-U024,canvas_collab_edit,8,2025-12-22
FU-000597,ACC-005,Atlas Digital,ACC-005-U019,canvas_collab_edit,3,2025-12-29
FU-000598,ACC-005,Atlas Digital,ACC-005-U037,canvas_collab_edit,3,2025-12-29
FU-000599,ACC-005,Atlas Digital,ACC-005-U027,canvas_collab_edit,5,2025-12-29
FU-000600,ACC-005,Atlas Digital,ACC-005-U010,canvas_collab_edit,1,2025-12-29
FU-000601,ACC-005,Atlas Digital,ACC-005-U056,canvas_collab_edit,1,2025-12-29
FU-000602,ACC-005,Atlas Digital,ACC-005-U002,canvas_collab_edit,5,2025-12-29
FU-000603,ACC-005,Atlas Digital,ACC-005-U003,canvas_collab_edit,5,2025-12-29
FU-000604,ACC-005,Atlas Digital,ACC-005-U014,canvas_collab_edit,2,2025-12-29
FU-000605,ACC-005,Atlas Digital,ACC-005-U012,canvas_collab_edit,4,2025-12-29
FU-000606,ACC-005,Atlas Digital,ACC-005-U015,canvas_collab_edit,1,2025-12-29
FU-000607,ACC-005,Atlas Digital,ACC-005-U023,canvas_collab_edit,1,2026-01-05
FU-000608,ACC-005,Atlas Digital,ACC-005-U021,canvas_collab_edit,2,2026-01-05
FU-000609,ACC-005,Atlas Digital,ACC-005-U045,canvas_collab_edit,5,2026-01-05
FU-000610,ACC-005,Atlas Digital,ACC-005-U024,canvas_collab_edit,2,2026-01-05
FU-000611,ACC-005,Atlas Digital,ACC-005-U057,canvas_collab_edit,2,2026-01-05
FU-000612,ACC-005,Atlas Digital,ACC-005-U060,canvas_collab_edit,1,2026-01-05
FU-000613,ACC-005,Atlas Digital,ACC-005-U004,canvas_collab_edit,4,2026-01-05
FU-000614,ACC-005,Atlas Digital,ACC-005-U055,canvas_collab_edit,2,2026-01-05
FU-000615,ACC-005,Atlas Digital,ACC-005-U007,canvas_collab_edit,1,2026-01-05
FU-000616,ACC-005,Atlas Digital,ACC-005-U041,canvas_collab_edit,4,2026-01-05
FU-000617,ACC-005,Atlas Digital,ACC-005-U020,canvas_collab_edit,2,2026-01-12
FU-000618,ACC-005,Atlas Digital,ACC-005-U015,canvas_collab_edit,1,2026-01-12
FU-000619,ACC-005,Atlas Digital,ACC-005-U027,canvas_collab_edit,1,2026-01-12
FU-000620,ACC-005,Atlas Digital,ACC-005-U032,canvas_collab_edit,1,2026-01-12
FU-000621,ACC-005,Atlas Digital,ACC-005-U031,canvas_collab_edit,5,2026-01-12
FU-000622,ACC-005,Atlas Digital,ACC-005-U049,canvas_collab_edit,4,2026-01-12
FU-000623,ACC-005,Atlas Digital,ACC-005-U041,canvas_collab_edit,5,2026-01-19
FU-000624,ACC-005,Atlas Digital,ACC-005-U057,canvas_collab_edit,7,2026-01-19
FU-000625,ACC-005,Atlas Digital,ACC-005-U040,canvas_collab_edit,2,2026-01-26
FU-000626,ACC-005,Atlas Digital,ACC-005-U007,canvas_collab_edit,1,2026-01-26
FU-000627,ACC-005,Atlas Digital,ACC-005-U013,canvas_collab_edit,7,2026-01-26
FU-000628,ACC-005,Atlas Digital,ACC-005-U060,canvas_collab_edit,1,2026-01-26
FU-000629,ACC-005,Atlas Digital,ACC-005-U021,canvas_collab_edit,1,2026-01-26
FU-000630,ACC-005,Atlas Digital,ACC-005-U009,canvas_collab_edit,1,2026-02-02
FU-000631,ACC-005,Atlas Digital,ACC-005-U024,canvas_collab_edit,3,2026-02-02
FU-000632,ACC-005,Atlas Digital,ACC-005-U010,canvas_collab_edit,2,2026-02-02
FU-000633,ACC-005,Atlas Digital,ACC-005-U032,canvas_collab_edit,1,2026-02-02
FU-000634,ACC-005,Atlas Digital,ACC-005-U022,canvas_collab_edit,3,2026-02-02
FU-000635,ACC-005,Atlas Digital,ACC-005-U001,canvas_collab_edit,4,2026-02-09
FU-000636,ACC-005,Atlas Digital,ACC-005-U024,canvas_collab_edit,2,2026-02-09
FU-000637,ACC-005,Atlas Digital,ACC-005-U027,canvas_collab_edit,4,2026-02-16
FU-000638,ACC-005,Atlas Digital,ACC-005-U023,canvas_collab_edit,3,2026-02-16
FU-000639,ACC-005,Atlas Digital,ACC-005-U025,canvas_collab_edit,2,2026-02-16
FU-000640,ACC-005,Atlas Digital,ACC-005-U015,canvas_collab_edit,5,2026-02-16
FU-000641,ACC-005,Atlas Digital,ACC-005-U014,canvas_collab_edit,4,2026-02-16
FU-000642,ACC-005,Atlas Digital,ACC-005-U032,canvas_collab_edit,3,2026-02-16
FU-000643,ACC-005,Atlas Digital,ACC-005-U013,canvas_collab_edit,3,2026-02-16
FU-000644,ACC-005,Atlas Digital,ACC-005-U060,canvas_collab_edit,1,2026-02-23
FU-000645,ACC-005,Atlas Digital,ACC-005-U011,canvas_collab_edit,4,2026-03-02
FU-000646,ACC-005,Atlas Digital,ACC-005-U052,canvas_collab_edit,4,2026-03-09
FU-000647,ACC-005,Atlas Digital,ACC-005-U009,canvas_collab_edit,2,2026-03-09
FU-000648,ACC-005,Atlas Digital,ACC-005-U025,canvas_brand_kit,5,2025-12-15
FU-000649,ACC-005,Atlas Digital,ACC-005-U057,canvas_brand_kit,1,2025-12-22
FU-000650,ACC-005,Atlas Digital,ACC-005-U009,canvas_brand_kit,2,2025-12-22
FU-000651,ACC-005,Atlas Digital,ACC-005-U024,canvas_brand_kit,4,2025-12-22
FU-000652,ACC-005,Atlas Digital,ACC-005-U043,canvas_brand_kit,4,2025-12-22
FU-000653,ACC-005,Atlas Digital,ACC-005-U038,canvas_brand_kit,1,2025-12-22
FU-000654,ACC-005,Atlas Digital,ACC-005-U058,canvas_brand_kit,3,2025-12-22
FU-000655,ACC-005,Atlas Digital,ACC-005-U049,canvas_brand_kit,4,2025-12-22
FU-000656,ACC-005,Atlas Digital,ACC-005-U031,canvas_brand_kit,5,2025-12-22
FU-000657,ACC-005,Atlas Digital,ACC-005-U051,canvas_brand_kit,5,2025-12-29
FU-000658,ACC-005,Atlas Digital,ACC-005-U032,canvas_brand_kit,1,2025-12-29
FU-000659,ACC-005,Atlas Digital,ACC-005-U017,canvas_brand_kit,6,2025-12-29
FU-000660,ACC-005,Atlas Digital,ACC-005-U050,canvas_brand_kit,4,2025-12-29
FU-000661,ACC-005,Atlas Digital,ACC-005-U004,canvas_brand_kit,6,2026-01-05
FU-000662,ACC-005,Atlas Digital,ACC-005-U043,canvas_brand_kit,3,2026-01-05
FU-000663,ACC-005,Atlas Digital,ACC-005-U048,canvas_brand_kit,3,2026-01-05
FU-000664,ACC-005,Atlas Digital,ACC-005-U057,canvas_brand_kit,1,2026-01-05
FU-000665,ACC-005,Atlas Digital,ACC-005-U019,canvas_brand_kit,3,2026-01-05
FU-000666,ACC-005,Atlas Digital,ACC-005-U008,canvas_brand_kit,2,2026-01-12
FU-000667,ACC-005,Atlas Digital,ACC-005-U028,canvas_brand_kit,2,2026-01-12
FU-000668,ACC-005,Atlas Digital,ACC-005-U005,canvas_brand_kit,1,2026-01-12
FU-000669,ACC-005,Atlas Digital,ACC-005-U041,canvas_brand_kit,3,2026-01-12
FU-000670,ACC-005,Atlas Digital,ACC-005-U027,canvas_brand_kit,1,2026-01-12
FU-000671,ACC-005,Atlas Digital,ACC-005-U034,canvas_brand_kit,1,2026-01-12
FU-000672,ACC-005,Atlas Digital,ACC-005-U019,canvas_brand_kit,1,2026-01-12
FU-000673,ACC-005,Atlas Digital,ACC-005-U049,canvas_brand_kit,2,2026-01-12
FU-000674,ACC-005,Atlas Digital,ACC-005-U038,canvas_brand_kit,4,2026-01-12
FU-000675,ACC-005,Atlas Digital,ACC-005-U045,canvas_brand_kit,4,2026-01-19
FU-000676,ACC-005,Atlas Digital,ACC-005-U052,canvas_brand_kit,2,2026-01-19
FU-000677,ACC-005,Atlas Digital,ACC-005-U009,canvas_brand_kit,2,2026-01-19
FU-000678,ACC-005,Atlas Digital,ACC-005-U029,canvas_brand_kit,2,2026-01-19
FU-000679,ACC-005,Atlas Digital,ACC-005-U039,canvas_brand_kit,3,2026-01-19
FU-000680,ACC-005,Atlas Digital,ACC-005-U020,canvas_brand_kit,2,2026-01-19
FU-000681,ACC-005,Atlas Digital,ACC-005-U006,canvas_brand_kit,7,2026-01-19
FU-000682,ACC-005,Atlas Digital,ACC-005-U055,canvas_brand_kit,4,2026-01-19
FU-000683,ACC-005,Atlas Digital,ACC-005-U023,canvas_brand_kit,1,2026-01-19
FU-000684,ACC-005,Atlas Digital,ACC-005-U042,canvas_brand_kit,3,2026-01-19
FU-000685,ACC-005,Atlas Digital,ACC-005-U011,canvas_brand_kit,1,2026-01-26
FU-000686,ACC-005,Atlas Digital,ACC-005-U046,canvas_brand_kit,3,2026-01-26
FU-000687,ACC-005,Atlas Digital,ACC-005-U018,canvas_brand_kit,1,2026-01-26
FU-000688,ACC-005,Atlas Digital,ACC-005-U054,canvas_brand_kit,4,2026-01-26
FU-000689,ACC-005,Atlas Digital,ACC-005-U060,canvas_brand_kit,2,2026-01-26
FU-000690,ACC-005,Atlas Digital,ACC-005-U038,canvas_brand_kit,7,2026-01-26
FU-000691,ACC-005,Atlas Digital,ACC-005-U035,canvas_brand_kit,5,2026-01-26
FU-000692,ACC-005,Atlas Digital,ACC-005-U024,canvas_brand_kit,2,2026-01-26
FU-000693,ACC-005,Atlas Digital,ACC-005-U048,canvas_brand_kit,4,2026-01-26
FU-000694,ACC-005,Atlas Digital,ACC-005-U010,canvas_brand_kit,6,2026-01-26
FU-000695,ACC-005,Atlas Digital,ACC-005-U017,canvas_brand_kit,4,2026-02-02
FU-000696,ACC-005,Atlas Digital,ACC-005-U031,canvas_brand_kit,4,2026-02-02
FU-000697,ACC-005,Atlas Digital,ACC-005-U060,canvas_brand_kit,8,2026-02-02
FU-000698,ACC-005,Atlas Digital,ACC-005-U037,canvas_brand_kit,3,2026-02-02
FU-000699,ACC-005,Atlas Digital,ACC-005-U028,canvas_brand_kit,1,2026-02-02
FU-000700,ACC-005,Atlas Digital,ACC-005-U055,canvas_brand_kit,6,2026-02-02
FU-000701,ACC-005,Atlas Digital,ACC-005-U022,canvas_brand_kit,2,2026-02-02
FU-000702,ACC-005,Atlas Digital,ACC-005-U057,canvas_brand_kit,1,2026-02-02
FU-000703,ACC-005,Atlas Digital,ACC-005-U034,canvas_brand_kit,1,2026-02-09
FU-000704,ACC-005,Atlas Digital,ACC-005-U006,canvas_brand_kit,5,2026-02-09
FU-000705,ACC-005,Atlas Digital,ACC-005-U023,canvas_brand_kit,1,2026-02-09
FU-000706,ACC-005,Atlas Digital,ACC-005-U057,canvas_brand_kit,2,2026-02-09
FU-000707,ACC-005,Atlas Digital,ACC-005-U049,canvas_brand_kit,6,2026-02-09
FU-000708,ACC-005,Atlas Digital,ACC-005-U038,canvas_brand_kit,4,2026-02-09
FU-000709,ACC-005,Atlas Digital,ACC-005-U058,canvas_brand_kit,4,2026-02-09
FU-000710,ACC-005,Atlas Digital,ACC-005-U035,canvas_brand_kit,3,2026-02-09
FU-000711,ACC-005,Atlas Digital,ACC-005-U053,canvas_brand_kit,3,2026-02-09
FU-000712,ACC-005,Atlas Digital,ACC-005-U005,canvas_brand_kit,5,2026-02-09
FU-000713,ACC-005,Atlas Digital,ACC-005-U011,canvas_brand_kit,6,2026-02-09
FU-000714,ACC-005,Atlas Digital,ACC-005-U013,canvas_brand_kit,4,2026-02-09
FU-000715,ACC-005,Atlas Digital,ACC-005-U046,canvas_brand_kit,1,2026-02-16
FU-000716,ACC-005,Atlas Digital,ACC-005-U011,canvas_brand_kit,2,2026-02-16
FU-000717,ACC-005,Atlas Digital,ACC-005-U012,canvas_brand_kit,3,2026-02-16
FU-000718,ACC-005,Atlas Digital,ACC-005-U021,canvas_brand_kit,4,2026-02-16
FU-000719,ACC-005,Atlas Digital,ACC-005-U047,canvas_brand_kit,5,2026-02-16
FU-000720,ACC-005,Atlas Digital,ACC-005-U017,canvas_brand_kit,4,2026-02-16
FU-000721,ACC-005,Atlas Digital,ACC-005-U007,canvas_brand_kit,5,2026-02-23
FU-000722,ACC-005,Atlas Digital,ACC-005-U004,canvas_brand_kit,4,2026-02-23
FU-000723,ACC-005,Atlas Digital,ACC-005-U053,canvas_brand_kit,4,2026-02-23
FU-000724,ACC-005,Atlas Digital,ACC-005-U054,canvas_brand_kit,3,2026-02-23
FU-000725,ACC-005,Atlas Digital,ACC-005-U058,canvas_brand_kit,4,2026-02-23
FU-000726,ACC-005,Atlas Digital,ACC-005-U006,canvas_brand_kit,4,2026-02-23
FU-000727,ACC-005,Atlas Digital,ACC-005-U049,canvas_brand_kit,3,2026-02-23
FU-000728,ACC-005,Atlas Digital,ACC-005-U042,canvas_brand_kit,5,2026-02-23
FU-000729,ACC-005,Atlas Digital,ACC-005-U014,canvas_brand_kit,6,2026-02-23
FU-000730,ACC-005,Atlas Digital,ACC-005-U011,canvas_brand_kit,2,2026-02-23
FU-000731,ACC-005,Atlas Digital,ACC-005-U018,canvas_brand_kit,1,2026-02-23
FU-000732,ACC-005,Atlas Digital,ACC-005-U031,canvas_brand_kit,1,2026-02-23
FU-000733,ACC-005,Atlas Digital,ACC-005-U056,canvas_brand_kit,3,2026-03-02
FU-000734,ACC-005,Atlas Digital,ACC-005-U042,canvas_brand_kit,3,2026-03-02
FU-000735,ACC-005,Atlas Digital,ACC-005-U008,canvas_brand_kit,1,2026-03-02
FU-000736,ACC-005,Atlas Digital,ACC-005-U029,canvas_brand_kit,5,2026-03-02
FU-000737,ACC-005,Atlas Digital,ACC-005-U049,canvas_brand_kit,3,2026-03-02
FU-000738,ACC-005,Atlas Digital,ACC-005-U015,canvas_brand_kit,5,2026-03-02
FU-000739,ACC-005,Atlas Digital,ACC-005-U060,canvas_brand_kit,1,2026-03-02
FU-000740,ACC-005,Atlas Digital,ACC-005-U054,canvas_brand_kit,5,2026-03-09
FU-000741,ACC-005,Atlas Digital,ACC-005-U024,canvas_brand_kit,4,2026-03-09
FU-000742,ACC-005,Atlas Digital,ACC-005-U060,canvas_layers,2,2025-12-15
FU-000743,ACC-005,Atlas Digital,ACC-005-U058,canvas_layers,2,2025-12-15
FU-000744,ACC-005,Atlas Digital,ACC-005-U051,canvas_layers,6,2025-12-15
FU-000745,ACC-005,Atlas Digital,ACC-005-U023,canvas_layers,5,2025-12-15
FU-000746,ACC-005,Atlas Digital,ACC-005-U025,canvas_layers,4,2025-12-22
FU-000747,ACC-005,Atlas Digital,ACC-005-U017,canvas_layers,1,2025-12-22
FU-000748,ACC-005,Atlas Digital,ACC-005-U010,canvas_layers,5,2025-12-22
FU-000749,ACC-005,Atlas Digital,ACC-005-U005,canvas_layers,2,2025-12-22
FU-000750,ACC-005,Atlas Digital,ACC-005-U050,canvas_layers,3,2025-12-22
FU-000751,ACC-005,Atlas Digital,ACC-005-U014,canvas_layers,7,2025-12-22
FU-000752,ACC-005,Atlas Digital,ACC-005-U057,canvas_layers,2,2025-12-29
FU-000753,ACC-005,Atlas Digital,ACC-005-U012,canvas_layers,4,2025-12-29
FU-000754,ACC-005,Atlas Digital,ACC-005-U052,canvas_layers,2,2026-01-05
FU-000755,ACC-005,Atlas Digital,ACC-005-U019,canvas_layers,3,2026-01-05
FU-000756,ACC-005,Atlas Digital,ACC-005-U022,canvas_layers,1,2026-01-05
FU-000757,ACC-005,Atlas Digital,ACC-005-U013,canvas_layers,1,2026-01-05
FU-000758,ACC-005,Atlas Digital,ACC-005-U007,canvas_layers,5,2026-01-05
FU-000759,ACC-005,Atlas Digital,ACC-005-U037,canvas_layers,4,2026-01-05
FU-000760,ACC-005,Atlas Digital,ACC-005-U026,canvas_layers,2,2026-01-05
FU-000761,ACC-005,Atlas Digital,ACC-005-U001,canvas_layers,1,2026-01-12
FU-000762,ACC-005,Atlas Digital,ACC-005-U051,canvas_layers,3,2026-01-12
FU-000763,ACC-005,Atlas Digital,ACC-005-U022,canvas_layers,1,2026-01-12
FU-000764,ACC-005,Atlas Digital,ACC-005-U018,canvas_layers,3,2026-01-12
FU-000765,ACC-005,Atlas Digital,ACC-005-U055,canvas_layers,6,2026-01-12
FU-000766,ACC-005,Atlas Digital,ACC-005-U060,canvas_layers,3,2026-01-12
FU-000767,ACC-005,Atlas Digital,ACC-005-U002,canvas_layers,3,2026-01-12
FU-000768,ACC-005,Atlas Digital,ACC-005-U049,canvas_layers,4,2026-01-19
FU-000769,ACC-005,Atlas Digital,ACC-005-U040,canvas_layers,2,2026-01-19
FU-000770,ACC-005,Atlas Digital,ACC-005-U026,canvas_layers,1,2026-01-19
FU-000771,ACC-005,Atlas Digital,ACC-005-U045,canvas_layers,5,2026-01-19
FU-000772,ACC-005,Atlas Digital,ACC-005-U007,canvas_layers,1,2026-01-19
FU-000773,ACC-005,Atlas Digital,ACC-005-U035,canvas_layers,2,2026-01-26
FU-000774,ACC-005,Atlas Digital,ACC-005-U051,canvas_layers,3,2026-01-26
FU-000775,ACC-005,Atlas Digital,ACC-005-U038,canvas_layers,5,2026-01-26
FU-000776,ACC-005,Atlas Digital,ACC-005-U028,canvas_layers,5,2026-01-26
FU-000777,ACC-005,Atlas Digital,ACC-005-U022,canvas_layers,1,2026-01-26
FU-000778,ACC-005,Atlas Digital,ACC-005-U048,canvas_layers,3,2026-01-26
FU-000779,ACC-005,Atlas Digital,ACC-005-U060,canvas_layers,1,2026-02-02
FU-000780,ACC-005,Atlas Digital,ACC-005-U034,canvas_layers,3,2026-02-02
FU-000781,ACC-005,Atlas Digital,ACC-005-U030,canvas_layers,1,2026-02-02
FU-000782,ACC-005,Atlas Digital,ACC-005-U059,canvas_layers,1,2026-02-02
FU-000783,ACC-005,Atlas Digital,ACC-005-U048,canvas_layers,1,2026-02-02
FU-000784,ACC-005,Atlas Digital,ACC-005-U005,canvas_layers,4,2026-02-02
FU-000785,ACC-005,Atlas Digital,ACC-005-U022,canvas_layers,1,2026-02-02
FU-000786,ACC-005,Atlas Digital,ACC-005-U004,canvas_layers,4,2026-02-09
FU-000787,ACC-005,Atlas Digital,ACC-005-U044,canvas_layers,1,2026-02-09
FU-000788,ACC-005,Atlas Digital,ACC-005-U037,canvas_layers,4,2026-02-09
FU-000789,ACC-005,Atlas Digital,ACC-005-U034,canvas_layers,4,2026-02-09
FU-000790,ACC-005,Atlas Digital,ACC-005-U058,canvas_layers,1,2026-02-09
FU-000791,ACC-005,Atlas Digital,ACC-005-U047,canvas_layers,4,2026-02-16
FU-000792,ACC-005,Atlas Digital,ACC-005-U036,canvas_layers,5,2026-02-23
FU-000793,ACC-005,Atlas Digital,ACC-005-U060,canvas_layers,5,2026-02-23
FU-000794,ACC-005,Atlas Digital,ACC-005-U024,canvas_layers,2,2026-03-02
FU-000795,ACC-005,Atlas Digital,ACC-005-U030,canvas_layers,7,2026-03-02
FU-000796,ACC-005,Atlas Digital,ACC-005-U040,canvas_layers,5,2026-03-02
FU-000797,ACC-005,Atlas Digital,ACC-005-U020,canvas_layers,1,2026-03-02
FU-000798,ACC-005,Atlas Digital,ACC-005-U052,canvas_layers,7,2026-03-02
FU-000799,ACC-005,Atlas Digital,ACC-005-U006,canvas_layers,2,2026-03-09
FU-000800,ACC-005,Atlas Digital,ACC-005-U043,canvas_layers,2,2026-03-09
FU-000801,ACC-005,Atlas Digital,ACC-005-U024,canvas_layers,5,2026-03-09
FU-000802,ACC-005,Atlas Digital,ACC-005-U002,canvas_layers,5,2026-03-09
FU-000803,ACC-005,Atlas Digital,ACC-005-U026,canvas_layers,5,2026-03-09
FU-000804,ACC-005,Atlas Digital,ACC-005-U033,canvas_layers,4,2026-03-09
FU-000805,ACC-005,Atlas Digital,ACC-005-U051,canvas_layers,4,2026-03-09
FU-000806,ACC-005,Atlas Digital,ACC-005-U032,canvas_export,1,2025-12-15
FU-000807,ACC-005,Atlas Digital,ACC-005-U013,canvas_export,3,2025-12-15
FU-000808,ACC-005,Atlas Digital,ACC-005-U018,canvas_export,2,2025-12-15
FU-000809,ACC-005,Atlas Digital,ACC-005-U033,canvas_export,3,2025-12-15
FU-000810,ACC-005,Atlas Digital,ACC-005-U004,canvas_export,7,2025-12-15
FU-000811,ACC-005,Atlas Digital,ACC-005-U036,canvas_export,4,2025-12-15
FU-000812,ACC-005,Atlas Digital,ACC-005-U043,canvas_export,1,2025-12-22
FU-000813,ACC-005,Atlas Digital,ACC-005-U007,canvas_export,3,2025-12-22
FU-000814,ACC-005,Atlas Digital,ACC-005-U045,canvas_export,3,2025-12-22
FU-000815,ACC-005,Atlas Digital,ACC-005-U025,canvas_export,5,2025-12-22
FU-000816,ACC-005,Atlas Digital,ACC-005-U037,canvas_export,8,2025-12-22
FU-000817,ACC-005,Atlas Digital,ACC-005-U049,canvas_export,4,2025-12-29
FU-000818,ACC-005,Atlas Digital,ACC-005-U047,canvas_export,5,2025-12-29
FU-000819,ACC-005,Atlas Digital,ACC-005-U036,canvas_export,4,2026-01-05
FU-000820,ACC-005,Atlas Digital,ACC-005-U013,canvas_export,1,2026-01-05
FU-000821,ACC-005,Atlas Digital,ACC-005-U040,canvas_export,2,2026-01-05
FU-000822,ACC-005,Atlas Digital,ACC-005-U042,canvas_export,2,2026-01-05
FU-000823,ACC-005,Atlas Digital,ACC-005-U053,canvas_export,1,2026-01-12
FU-000824,ACC-005,Atlas Digital,ACC-005-U058,canvas_export,1,2026-01-12
FU-000825,ACC-005,Atlas Digital,ACC-005-U041,canvas_export,2,2026-01-12
FU-000826,ACC-005,Atlas Digital,ACC-005-U036,canvas_export,4,2026-01-19
FU-000827,ACC-005,Atlas Digital,ACC-005-U019,canvas_export,3,2026-01-19
FU-000828,ACC-005,Atlas Digital,ACC-005-U023,canvas_export,3,2026-01-19
FU-000829,ACC-005,Atlas Digital,ACC-005-U005,canvas_export,3,2026-01-19
FU-000830,ACC-005,Atlas Digital,ACC-005-U012,canvas_export,6,2026-01-26
FU-000831,ACC-005,Atlas Digital,ACC-005-U034,canvas_export,4,2026-02-02
FU-000832,ACC-005,Atlas Digital,ACC-005-U049,canvas_export,1,2026-02-02
FU-000833,ACC-005,Atlas Digital,ACC-005-U029,canvas_export,2,2026-02-02
FU-000834,ACC-005,Atlas Digital,ACC-005-U035,canvas_export,3,2026-02-09
FU-000835,ACC-005,Atlas Digital,ACC-005-U008,canvas_export,7,2026-02-09
FU-000836,ACC-005,Atlas Digital,ACC-005-U053,canvas_export,1,2026-02-16
FU-000837,ACC-005,Atlas Digital,ACC-005-U004,canvas_export,1,2026-02-16
FU-000838,ACC-005,Atlas Digital,ACC-005-U018,canvas_export,1,2026-02-16
FU-000839,ACC-005,Atlas Digital,ACC-005-U001,canvas_export,6,2026-02-16
FU-000840,ACC-005,Atlas Digital,ACC-005-U010,canvas_export,1,2026-02-23
FU-000841,ACC-005,Atlas Digital,ACC-005-U058,canvas_export,6,2026-02-23
FU-000842,ACC-005,Atlas Digital,ACC-005-U037,canvas_export,6,2026-02-23
FU-000843,ACC-005,Atlas Digital,ACC-005-U011,canvas_export,1,2026-02-23
FU-000844,ACC-005,Atlas Digital,ACC-005-U013,canvas_export,1,2026-03-02
FU-000845,ACC-005,Atlas Digital,ACC-005-U029,canvas_export,3,2026-03-02
FU-000846,ACC-005,Atlas Digital,ACC-005-U028,canvas_export,3,2026-03-02
FU-000847,ACC-005,Atlas Digital,ACC-005-U011,canvas_export,1,2026-03-02
FU-000848,ACC-005,Atlas Digital,ACC-005-U012,canvas_export,2,2026-03-09
FU-000849,ACC-005,Atlas Digital,ACC-005-U046,canvas_export,2,2026-03-09
FU-000850,ACC-005,Atlas Digital,ACC-005-U052,canvas_asset_library,4,2025-12-15
FU-000851,ACC-005,Atlas Digital,ACC-005-U003,canvas_asset_library,1,2025-12-15
FU-000852,ACC-005,Atlas Digital,ACC-005-U057,canvas_asset_library,4,2025-12-22
FU-000853,ACC-005,Atlas Digital,ACC-005-U038,canvas_asset_library,8,2025-12-22
FU-000854,ACC-005,Atlas Digital,ACC-005-U042,canvas_asset_library,4,2025-12-22
FU-000855,ACC-005,Atlas Digital,ACC-005-U014,canvas_asset_library,2,2025-12-29
FU-000856,ACC-005,Atlas Digital,ACC-005-U002,canvas_asset_library,1,2025-12-29
FU-000857,ACC-005,Atlas Digital,ACC-005-U016,canvas_asset_library,3,2025-12-29
FU-000858,ACC-005,Atlas Digital,ACC-005-U030,canvas_asset_library,9,2025-12-29
FU-000859,ACC-005,Atlas Digital,ACC-005-U021,canvas_asset_library,5,2025-12-29
FU-000860,ACC-005,Atlas Digital,ACC-005-U050,canvas_asset_library,1,2026-01-05
FU-000861,ACC-005,Atlas Digital,ACC-005-U046,canvas_asset_library,3,2026-01-05
FU-000862,ACC-005,Atlas Digital,ACC-005-U034,canvas_asset_library,1,2026-01-05
FU-000863,ACC-005,Atlas Digital,ACC-005-U014,canvas_asset_library,4,2026-01-05
FU-000864,ACC-005,Atlas Digital,ACC-005-U001,canvas_asset_library,4,2026-01-05
FU-000865,ACC-005,Atlas Digital,ACC-005-U055,canvas_asset_library,2,2026-01-12
FU-000866,ACC-005,Atlas Digital,ACC-005-U038,canvas_asset_library,5,2026-01-19
FU-000867,ACC-005,Atlas Digital,ACC-005-U045,canvas_asset_library,1,2026-01-19
FU-000868,ACC-005,Atlas Digital,ACC-005-U027,canvas_asset_library,3,2026-01-19
FU-000869,ACC-005,Atlas Digital,ACC-005-U029,canvas_asset_library,2,2026-01-26
FU-000870,ACC-005,Atlas Digital,ACC-005-U047,canvas_asset_library,2,2026-01-26
FU-000871,ACC-005,Atlas Digital,ACC-005-U060,canvas_asset_library,2,2026-02-02
FU-000872,ACC-005,Atlas Digital,ACC-005-U005,canvas_asset_library,1,2026-02-02
FU-000873,ACC-005,Atlas Digital,ACC-005-U028,canvas_asset_library,4,2026-02-02
FU-000874,ACC-005,Atlas Digital,ACC-005-U056,canvas_asset_library,3,2026-02-02
FU-000875,ACC-005,Atlas Digital,ACC-005-U014,canvas_asset_library,3,2026-02-02
FU-000876,ACC-005,Atlas Digital,ACC-005-U029,canvas_asset_library,1,2026-02-02
FU-000877,ACC-005,Atlas Digital,ACC-005-U011,canvas_asset_library,2,2026-02-09
FU-000878,ACC-005,Atlas Digital,ACC-005-U036,canvas_asset_library,1,2026-02-16
FU-000879,ACC-005,Atlas Digital,ACC-005-U046,canvas_asset_library,1,2026-02-16
FU-000880,ACC-005,Atlas Digital,ACC-005-U011,canvas_asset_library,1,2026-02-16
FU-000881,ACC-005,Atlas Digital,ACC-005-U014,canvas_asset_library,1,2026-02-16
FU-000882,ACC-005,Atlas Digital,ACC-005-U038,canvas_asset_library,3,2026-02-16
FU-000883,ACC-005,Atlas Digital,ACC-005-U029,canvas_asset_library,5,2026-02-16
FU-000884,ACC-005,Atlas Digital,ACC-005-U056,canvas_asset_library,3,2026-02-23
FU-000885,ACC-005,Atlas Digital,ACC-005-U021,canvas_asset_library,2,2026-03-02
FU-000886,ACC-005,Atlas Digital,ACC-005-U044,canvas_asset_library,1,2026-03-09
FU-000887,ACC-005,Atlas Digital,ACC-005-U012,canvas_asset_library,3,2026-03-09
FU-000888,ACC-005,Atlas Digital,ACC-005-U018,canvas_asset_library,4,2026-03-09
FU-000889,ACC-006,Summit Healthcare,ACC-006-U003,canvas_templates,4,2025-12-15
FU-000890,ACC-006,Summit Healthcare,ACC-006-U038,canvas_templates,6,2025-12-15
FU-000891,ACC-006,Summit Healthcare,ACC-006-U017,canvas_templates,3,2025-12-22
FU-000892,ACC-006,Summit Healthcare,ACC-006-U010,canvas_templates,5,2025-12-22
FU-000893,ACC-006,Summit Healthcare,ACC-006-U032,canvas_templates,5,2025-12-22
FU-000894,ACC-006,Summit Healthcare,ACC-006-U002,canvas_templates,3,2025-12-22
FU-000895,ACC-006,Summit Healthcare,ACC-006-U033,canvas_templates,2,2025-12-22
FU-000896,ACC-006,Summit Healthcare,ACC-006-U014,canvas_templates,5,2025-12-22
FU-000897,ACC-006,Summit Healthcare,ACC-006-U007,canvas_templates,2,2025-12-22
FU-000898,ACC-006,Summit Healthcare,ACC-006-U036,canvas_templates,3,2025-12-22
FU-000899,ACC-006,Summit Healthcare,ACC-006-U008,canvas_templates,5,2025-12-22
FU-000900,ACC-006,Summit Healthcare,ACC-006-U031,canvas_templates,4,2025-12-22
FU-000901,ACC-006,Summit Healthcare,ACC-006-U018,canvas_templates,5,2025-12-22
FU-000902,ACC-006,Summit Healthcare,ACC-006-U037,canvas_templates,3,2025-12-22
FU-000903,ACC-006,Summit Healthcare,ACC-006-U009,canvas_templates,1,2025-12-29
FU-000904,ACC-006,Summit Healthcare,ACC-006-U032,canvas_templates,3,2025-12-29
FU-000905,ACC-006,Summit Healthcare,ACC-006-U023,canvas_templates,4,2025-12-29
FU-000906,ACC-006,Summit Healthcare,ACC-006-U035,canvas_templates,1,2025-12-29
FU-000907,ACC-006,Summit Healthcare,ACC-006-U026,canvas_templates,1,2025-12-29
FU-000908,ACC-006,Summit Healthcare,ACC-006-U034,canvas_templates,4,2025-12-29
FU-000909,ACC-006,Summit Healthcare,ACC-006-U024,canvas_templates,4,2025-12-29
FU-000910,ACC-006,Summit Healthcare,ACC-006-U007,canvas_templates,4,2025-12-29
FU-000911,ACC-006,Summit Healthcare,ACC-006-U039,canvas_templates,4,2025-12-29
FU-000912,ACC-006,Summit Healthcare,ACC-006-U040,canvas_templates,1,2025-12-29
FU-000913,ACC-006,Summit Healthcare,ACC-006-U011,canvas_templates,3,2026-01-05
FU-000914,ACC-006,Summit Healthcare,ACC-006-U022,canvas_templates,5,2026-01-05
FU-000915,ACC-006,Summit Healthcare,ACC-006-U001,canvas_templates,9,2026-01-05
FU-000916,ACC-006,Summit Healthcare,ACC-006-U020,canvas_templates,1,2026-01-05
FU-000917,ACC-006,Summit Healthcare,ACC-006-U027,canvas_templates,3,2026-01-05
FU-000918,ACC-006,Summit Healthcare,ACC-006-U009,canvas_templates,1,2026-01-12
FU-000919,ACC-006,Summit Healthcare,ACC-006-U025,canvas_templates,8,2026-01-12
FU-000920,ACC-006,Summit Healthcare,ACC-006-U024,canvas_templates,1,2026-01-12
FU-000921,ACC-006,Summit Healthcare,ACC-006-U035,canvas_templates,1,2026-01-12
FU-000922,ACC-006,Summit Healthcare,ACC-006-U037,canvas_templates,5,2026-01-12
FU-000923,ACC-006,Summit Healthcare,ACC-006-U020,canvas_templates,4,2026-01-12
FU-000924,ACC-006,Summit Healthcare,ACC-006-U006,canvas_templates,4,2026-01-19
FU-000925,ACC-006,Summit Healthcare,ACC-006-U028,canvas_templates,4,2026-01-26
FU-000926,ACC-006,Summit Healthcare,ACC-006-U003,canvas_templates,3,2026-01-26
FU-000927,ACC-006,Summit Healthcare,ACC-006-U018,canvas_templates,8,2026-02-02
FU-000928,ACC-006,Summit Healthcare,ACC-006-U008,canvas_templates,4,2026-02-02
FU-000929,ACC-006,Summit Healthcare,ACC-006-U036,canvas_templates,1,2026-02-02
FU-000930,ACC-006,Summit Healthcare,ACC-006-U007,canvas_templates,5,2026-02-02
FU-000931,ACC-006,Summit Healthcare,ACC-006-U037,canvas_templates,3,2026-02-02
FU-000932,ACC-006,Summit Healthcare,ACC-006-U027,canvas_templates,1,2026-02-02
FU-000933,ACC-006,Summit Healthcare,ACC-006-U004,canvas_templates,4,2026-02-02
FU-000934,ACC-006,Summit Healthcare,ACC-006-U030,canvas_templates,5,2026-02-02
FU-000935,ACC-006,Summit Healthcare,ACC-006-U026,canvas_templates,3,2026-02-02
FU-000936,ACC-006,Summit Healthcare,ACC-006-U006,canvas_templates,4,2026-02-02
FU-000937,ACC-006,Summit Healthcare,ACC-006-U024,canvas_templates,4,2026-02-02
FU-000938,ACC-006,Summit Healthcare,ACC-006-U034,canvas_templates,3,2026-02-02
FU-000939,ACC-006,Summit Healthcare,ACC-006-U005,canvas_templates,5,2026-02-09
FU-000940,ACC-006,Summit Healthcare,ACC-006-U020,canvas_templates,5,2026-02-09
FU-000941,ACC-006,Summit Healthcare,ACC-006-U003,canvas_templates,4,2026-02-09
FU-000942,ACC-006,Summit Healthcare,ACC-006-U038,canvas_templates,5,2026-02-09
FU-000943,ACC-006,Summit Healthcare,ACC-006-U001,canvas_templates,5,2026-02-16
FU-000944,ACC-006,Summit Healthcare,ACC-006-U023,canvas_templates,5,2026-02-16
FU-000945,ACC-006,Summit Healthcare,ACC-006-U028,canvas_templates,2,2026-02-16
FU-000946,ACC-006,Summit Healthcare,ACC-006-U034,canvas_templates,4,2026-02-16
FU-000947,ACC-006,Summit Healthcare,ACC-006-U025,canvas_templates,4,2026-02-16
FU-000948,ACC-006,Summit Healthcare,ACC-006-U019,canvas_templates,2,2026-02-16
FU-000949,ACC-006,Summit Healthcare,ACC-006-U030,canvas_templates,1,2026-02-23
FU-000950,ACC-006,Summit Healthcare,ACC-006-U009,canvas_templates,3,2026-02-23
FU-000951,ACC-006,Summit Healthcare,ACC-006-U032,canvas_templates,1,2026-02-23
FU-000952,ACC-006,Summit Healthcare,ACC-006-U014,canvas_templates,3,2026-02-23
FU-000953,ACC-006,Summit Healthcare,ACC-006-U005,canvas_templates,5,2026-02-23
FU-000954,ACC-006,Summit Healthcare,ACC-006-U002,canvas_templates,4,2026-03-02
FU-000955,ACC-006,Summit Healthcare,ACC-006-U014,canvas_templates,3,2026-03-02
FU-000956,ACC-006,Summit Healthcare,ACC-006-U029,canvas_templates,5,2026-03-02
FU-000957,ACC-006,Summit Healthcare,ACC-006-U031,canvas_templates,3,2026-03-09
FU-000958,ACC-006,Summit Healthcare,ACC-006-U005,canvas_templates,4,2026-03-09
FU-000959,ACC-006,Summit Healthcare,ACC-006-U037,canvas_templates,2,2026-03-09
FU-000960,ACC-006,Summit Healthcare,ACC-006-U039,canvas_templates,2,2026-03-09
FU-000961,ACC-006,Summit Healthcare,ACC-006-U028,canvas_templates,4,2026-03-09
FU-000962,ACC-006,Summit Healthcare,ACC-006-U040,canvas_templates,3,2026-03-09
FU-000963,ACC-006,Summit Healthcare,ACC-006-U013,canvas_templates,6,2026-03-09
FU-000964,ACC-006,Summit Healthcare,ACC-006-U015,flow_approvals,4,2025-12-15
FU-000965,ACC-006,Summit Healthcare,ACC-006-U028,flow_approvals,2,2025-12-15
FU-000966,ACC-006,Summit Healthcare,ACC-006-U009,flow_approvals,1,2025-12-22
FU-000967,ACC-006,Summit Healthcare,ACC-006-U038,flow_approvals,6,2025-12-22
FU-000968,ACC-006,Summit Healthcare,ACC-006-U001,flow_approvals,5,2025-12-22
FU-000969,ACC-006,Summit Healthcare,ACC-006-U032,flow_approvals,3,2025-12-22
FU-000970,ACC-006,Summit Healthcare,ACC-006-U004,flow_approvals,2,2025-12-22
FU-000971,ACC-006,Summit Healthcare,ACC-006-U013,flow_approvals,1,2025-12-22
FU-000972,ACC-006,Summit Healthcare,ACC-006-U034,flow_approvals,3,2025-12-22
FU-000973,ACC-006,Summit Healthcare,ACC-006-U015,flow_approvals,5,2025-12-22
FU-000974,ACC-006,Summit Healthcare,ACC-006-U019,flow_approvals,1,2025-12-22
FU-000975,ACC-006,Summit Healthcare,ACC-006-U006,flow_approvals,2,2025-12-22
FU-000976,ACC-006,Summit Healthcare,ACC-006-U033,flow_approvals,3,2025-12-22
FU-000977,ACC-006,Summit Healthcare,ACC-006-U021,flow_approvals,1,2025-12-29
FU-000978,ACC-006,Summit Healthcare,ACC-006-U029,flow_approvals,5,2025-12-29
FU-000979,ACC-006,Summit Healthcare,ACC-006-U007,flow_approvals,4,2025-12-29
FU-000980,ACC-006,Summit Healthcare,ACC-006-U037,flow_approvals,3,2026-01-05
FU-000981,ACC-006,Summit Healthcare,ACC-006-U024,flow_approvals,1,2026-01-05
FU-000982,ACC-006,Summit Healthcare,ACC-006-U011,flow_approvals,7,2026-01-05
FU-000983,ACC-006,Summit Healthcare,ACC-006-U017,flow_approvals,3,2026-01-05
FU-000984,ACC-006,Summit Healthcare,ACC-006-U008,flow_approvals,5,2026-01-05
FU-000985,ACC-006,Summit Healthcare,ACC-006-U018,flow_approvals,3,2026-01-05
FU-000986,ACC-006,Summit Healthcare,ACC-006-U015,flow_approvals,2,2026-01-05
FU-000987,ACC-006,Summit Healthcare,ACC-006-U035,flow_approvals,6,2026-01-05
FU-000988,ACC-006,Summit Healthcare,ACC-006-U039,flow_approvals,5,2026-01-05
FU-000989,ACC-006,Summit Healthcare,ACC-006-U014,flow_approvals,4,2026-01-05
FU-000990,ACC-006,Summit Healthcare,ACC-006-U032,flow_approvals,3,2026-01-12
FU-000991,ACC-006,Summit Healthcare,ACC-006-U023,flow_approvals,5,2026-01-12
FU-000992,ACC-006,Summit Healthcare,ACC-006-U038,flow_approvals,2,2026-01-12
FU-000993,ACC-006,Summit Healthcare,ACC-006-U031,flow_approvals,1,2026-01-12
FU-000994,ACC-006,Summit Healthcare,ACC-006-U018,flow_approvals,4,2026-01-12
FU-000995,ACC-006,Summit Healthcare,ACC-006-U030,flow_approvals,1,2026-01-12
FU-000996,ACC-006,Summit Healthcare,ACC-006-U021,flow_approvals,4,2026-01-12
FU-000997,ACC-006,Summit Healthcare,ACC-006-U017,flow_approvals,4,2026-01-19
FU-000998,ACC-006,Summit Healthcare,ACC-006-U037,flow_approvals,2,2026-01-19
FU-000999,ACC-006,Summit Healthcare,ACC-006-U006,flow_approvals,2,2026-01-19
FU-001000,ACC-006,Summit Healthcare,ACC-006-U015,flow_approvals,4,2026-01-19
FU-001001,ACC-006,Summit Healthcare,ACC-006-U020,flow_approvals,8,2026-01-19
FU-001002,ACC-006,Summit Healthcare,ACC-006-U033,flow_approvals,7,2026-01-19
FU-001003,ACC-006,Summit Healthcare,ACC-006-U007,flow_approvals,3,2026-01-19
FU-001004,ACC-006,Summit Healthcare,ACC-006-U026,flow_approvals,5,2026-01-19
FU-001005,ACC-006,Summit Healthcare,ACC-006-U018,flow_approvals,2,2026-01-19
FU-001006,ACC-006,Summit Healthcare,ACC-006-U019,flow_approvals,1,2026-01-26
FU-001007,ACC-006,Summit Healthcare,ACC-006-U009,flow_approvals,5,2026-01-26
FU-001008,ACC-006,Summit Healthcare,ACC-006-U008,flow_approvals,3,2026-01-26
FU-001009,ACC-006,Summit Healthcare,ACC-006-U020,flow_approvals,1,2026-01-26
FU-001010,ACC-006,Summit Healthcare,ACC-006-U026,flow_approvals,3,2026-01-26
FU-001011,ACC-006,Summit Healthcare,ACC-006-U007,flow_approvals,1,2026-01-26
FU-001012,ACC-006,Summit Healthcare,ACC-006-U033,flow_approvals,1,2026-02-02
FU-001013,ACC-006,Summit Healthcare,ACC-006-U007,flow_approvals,5,2026-02-02
FU-001014,ACC-006,Summit Healthcare,ACC-006-U036,flow_approvals,4,2026-02-02
FU-001015,ACC-006,Summit Healthcare,ACC-006-U013,flow_approvals,2,2026-02-02
FU-001016,ACC-006,Summit Healthcare,ACC-006-U028,flow_approvals,2,2026-02-02
FU-001017,ACC-006,Summit Healthcare,ACC-006-U024,flow_approvals,2,2026-02-02
FU-001018,ACC-006,Summit Healthcare,ACC-006-U031,flow_approvals,1,2026-02-09
FU-001019,ACC-006,Summit Healthcare,ACC-006-U027,flow_approvals,1,2026-02-09
FU-001020,ACC-006,Summit Healthcare,ACC-006-U023,flow_approvals,4,2026-02-09
FU-001021,ACC-006,Summit Healthcare,ACC-006-U014,flow_approvals,5,2026-02-09
FU-001022,ACC-006,Summit Healthcare,ACC-006-U040,flow_approvals,4,2026-02-09
FU-001023,ACC-006,Summit Healthcare,ACC-006-U014,flow_approvals,5,2026-02-16
FU-001024,ACC-006,Summit Healthcare,ACC-006-U017,flow_approvals,2,2026-02-16
FU-001025,ACC-006,Summit Healthcare,ACC-006-U006,flow_approvals,1,2026-02-16
FU-001026,ACC-006,Summit Healthcare,ACC-006-U002,flow_approvals,1,2026-02-16
FU-001027,ACC-006,Summit Healthcare,ACC-006-U035,flow_approvals,5,2026-02-16
FU-001028,ACC-006,Summit Healthcare,ACC-006-U004,flow_approvals,3,2026-02-16
FU-001029,ACC-006,Summit Healthcare,ACC-006-U032,flow_approvals,4,2026-02-16
FU-001030,ACC-006,Summit Healthcare,ACC-006-U023,flow_approvals,3,2026-02-16
FU-001031,ACC-006,Summit Healthcare,ACC-006-U003,flow_approvals,8,2026-02-16
FU-001032,ACC-006,Summit Healthcare,ACC-006-U031,flow_approvals,1,2026-02-16
FU-001033,ACC-006,Summit Healthcare,ACC-006-U009,flow_approvals,4,2026-02-23
FU-001034,ACC-006,Summit Healthcare,ACC-006-U039,flow_approvals,2,2026-02-23
FU-001035,ACC-006,Summit Healthcare,ACC-006-U003,flow_approvals,3,2026-03-02
FU-001036,ACC-006,Summit Healthcare,ACC-006-U036,flow_approvals,3,2026-03-02
FU-001037,ACC-006,Summit Healthcare,ACC-006-U022,flow_approvals,5,2026-03-02
FU-001038,ACC-006,Summit Healthcare,ACC-006-U007,flow_approvals,7,2026-03-09
FU-001039,ACC-006,Summit Healthcare,ACC-006-U024,flow_approvals,5,2026-03-09
FU-001040,ACC-006,Summit Healthcare,ACC-006-U022,flow_approvals,2,2026-03-09
FU-001041,ACC-006,Summit Healthcare,ACC-006-U024,flow_conditional_routing,4,2025-12-15
FU-001042,ACC-006,Summit Healthcare,ACC-006-U037,flow_conditional_routing,2,2025-12-15
FU-001043,ACC-006,Summit Healthcare,ACC-006-U012,flow_conditional_routing,3,2025-12-15
FU-001044,ACC-006,Summit Healthcare,ACC-006-U018,flow_conditional_routing,2,2025-12-15
FU-001045,ACC-006,Summit Healthcare,ACC-006-U005,flow_conditional_routing,6,2025-12-15
FU-001046,ACC-006,Summit Healthcare,ACC-006-U029,flow_conditional_routing,5,2025-12-15
FU-001047,ACC-006,Summit Healthcare,ACC-006-U008,flow_conditional_routing,3,2025-12-15
FU-001048,ACC-006,Summit Healthcare,ACC-006-U028,flow_conditional_routing,2,2025-12-15
FU-001049,ACC-006,Summit Healthcare,ACC-006-U026,flow_conditional_routing,1,2025-12-15
FU-001050,ACC-006,Summit Healthcare,ACC-006-U011,flow_conditional_routing,2,2025-12-15
FU-001051,ACC-006,Summit Healthcare,ACC-006-U031,flow_conditional_routing,4,2025-12-15
FU-001052,ACC-006,Summit Healthcare,ACC-006-U013,flow_conditional_routing,5,2025-12-22
FU-001053,ACC-006,Summit Healthcare,ACC-006-U026,flow_conditional_routing,2,2025-12-22
FU-001054,ACC-006,Summit Healthcare,ACC-006-U005,flow_conditional_routing,3,2025-12-22
FU-001055,ACC-006,Summit Healthcare,ACC-006-U019,flow_conditional_routing,6,2025-12-22
FU-001056,ACC-006,Summit Healthcare,ACC-006-U018,flow_conditional_routing,1,2025-12-22
FU-001057,ACC-006,Summit Healthcare,ACC-006-U008,flow_conditional_routing,4,2025-12-22
FU-001058,ACC-006,Summit Healthcare,ACC-006-U031,flow_conditional_routing,4,2025-12-22
FU-001059,ACC-006,Summit Healthcare,ACC-006-U010,flow_conditional_routing,6,2025-12-22
FU-001060,ACC-006,Summit Healthcare,ACC-006-U038,flow_conditional_routing,1,2025-12-22
FU-001061,ACC-006,Summit Healthcare,ACC-006-U021,flow_conditional_routing,5,2025-12-22
FU-001062,ACC-006,Summit Healthcare,ACC-006-U012,flow_conditional_routing,2,2025-12-29
FU-001063,ACC-006,Summit Healthcare,ACC-006-U025,flow_conditional_routing,4,2025-12-29
FU-001064,ACC-006,Summit Healthcare,ACC-006-U008,flow_conditional_routing,4,2025-12-29
FU-001065,ACC-006,Summit Healthcare,ACC-006-U038,flow_conditional_routing,5,2025-12-29
FU-001066,ACC-006,Summit Healthcare,ACC-006-U032,flow_conditional_routing,1,2025-12-29
FU-001067,ACC-006,Summit Healthcare,ACC-006-U016,flow_conditional_routing,1,2025-12-29
FU-001068,ACC-006,Summit Healthcare,ACC-006-U031,flow_conditional_routing,6,2025-12-29
FU-001069,ACC-006,Summit Healthcare,ACC-006-U001,flow_conditional_routing,1,2025-12-29
FU-001070,ACC-006,Summit Healthcare,ACC-006-U040,flow_conditional_routing,5,2025-12-29
FU-001071,ACC-006,Summit Healthcare,ACC-006-U026,flow_conditional_routing,3,2026-01-05
FU-001072,ACC-006,Summit Healthcare,ACC-006-U030,flow_conditional_routing,2,2026-01-05
FU-001073,ACC-006,Summit Healthcare,ACC-006-U015,flow_conditional_routing,2,2026-01-05
FU-001074,ACC-006,Summit Healthcare,ACC-006-U006,flow_conditional_routing,1,2026-01-05
FU-001075,ACC-006,Summit Healthcare,ACC-006-U013,flow_conditional_routing,2,2026-01-05
FU-001076,ACC-006,Summit Healthcare,ACC-006-U007,flow_conditional_routing,4,2026-01-05
FU-001077,ACC-006,Summit Healthcare,ACC-006-U010,flow_conditional_routing,2,2026-01-05
FU-001078,ACC-006,Summit Healthcare,ACC-006-U008,flow_conditional_routing,1,2026-01-05
FU-001079,ACC-006,Summit Healthcare,ACC-006-U036,flow_conditional_routing,1,2026-01-05
FU-001080,ACC-006,Summit Healthcare,ACC-006-U040,flow_conditional_routing,5,2026-01-05
FU-001081,ACC-006,Summit Healthcare,ACC-006-U028,flow_conditional_routing,4,2026-01-05
FU-001082,ACC-006,Summit Healthcare,ACC-006-U025,flow_conditional_routing,4,2026-01-12
FU-001083,ACC-006,Summit Healthcare,ACC-006-U012,flow_conditional_routing,2,2026-01-12
FU-001084,ACC-006,Summit Healthcare,ACC-006-U006,flow_conditional_routing,3,2026-01-12
FU-001085,ACC-006,Summit Healthcare,ACC-006-U022,flow_conditional_routing,4,2026-01-12
FU-001086,ACC-006,Summit Healthcare,ACC-006-U015,flow_conditional_routing,4,2026-01-12
FU-001087,ACC-006,Summit Healthcare,ACC-006-U018,flow_conditional_routing,5,2026-01-12
FU-001088,ACC-006,Summit Healthcare,ACC-006-U017,flow_conditional_routing,3,2026-01-12
FU-001089,ACC-006,Summit Healthcare,ACC-006-U001,flow_conditional_routing,2,2026-01-12
FU-001090,ACC-006,Summit Healthcare,ACC-006-U040,flow_conditional_routing,2,2026-01-12
FU-001091,ACC-006,Summit Healthcare,ACC-006-U033,flow_conditional_routing,2,2026-01-12
FU-001092,ACC-006,Summit Healthcare,ACC-006-U003,flow_conditional_routing,3,2026-01-12
FU-001093,ACC-006,Summit Healthcare,ACC-006-U027,flow_conditional_routing,4,2026-01-12
FU-001094,ACC-006,Summit Healthcare,ACC-006-U010,flow_conditional_routing,7,2026-01-12
FU-001095,ACC-006,Summit Healthcare,ACC-006-U031,flow_conditional_routing,4,2026-01-19
FU-001096,ACC-006,Summit Healthcare,ACC-006-U013,flow_conditional_routing,4,2026-01-26
FU-001097,ACC-006,Summit Healthcare,ACC-006-U024,flow_conditional_routing,5,2026-01-26
FU-001098,ACC-006,Summit Healthcare,ACC-006-U016,flow_conditional_routing,3,2026-01-26
FU-001099,ACC-006,Summit Healthcare,ACC-006-U014,flow_conditional_routing,1,2026-01-26
FU-001100,ACC-006,Summit Healthcare,ACC-006-U029,flow_conditional_routing,5,2026-02-02
FU-001101,ACC-006,Summit Healthcare,ACC-006-U023,flow_conditional_routing,4,2026-02-02
FU-001102,ACC-006,Summit Healthcare,ACC-006-U029,flow_conditional_routing,5,2026-02-09
FU-001103,ACC-006,Summit Healthcare,ACC-006-U023,flow_conditional_routing,3,2026-02-16
FU-001104,ACC-006,Summit Healthcare,ACC-006-U025,flow_conditional_routing,1,2026-02-16
FU-001105,ACC-006,Summit Healthcare,ACC-006-U024,flow_conditional_routing,4,2026-02-16
FU-001106,ACC-006,Summit Healthcare,ACC-006-U035,flow_conditional_routing,2,2026-02-16
FU-001107,ACC-006,Summit Healthcare,ACC-006-U010,flow_conditional_routing,6,2026-02-16
FU-001108,ACC-006,Summit Healthcare,ACC-006-U022,flow_conditional_routing,6,2026-02-16
FU-001109,ACC-006,Summit Healthcare,ACC-006-U021,flow_conditional_routing,2,2026-02-16
FU-001110,ACC-006,Summit Healthcare,ACC-006-U017,flow_conditional_routing,1,2026-02-16
FU-001111,ACC-006,Summit Healthcare,ACC-006-U016,flow_conditional_routing,3,2026-02-16
FU-001112,ACC-006,Summit Healthcare,ACC-006-U033,flow_conditional_routing,3,2026-02-16
FU-001113,ACC-006,Summit Healthcare,ACC-006-U014,flow_conditional_routing,2,2026-02-16
FU-001114,ACC-006,Summit Healthcare,ACC-006-U018,flow_conditional_routing,5,2026-02-16
FU-001115,ACC-006,Summit Healthcare,ACC-006-U003,flow_conditional_routing,5,2026-02-23
FU-001116,ACC-006,Summit Healthcare,ACC-006-U039,flow_conditional_routing,2,2026-02-23
FU-001117,ACC-006,Summit Healthcare,ACC-006-U004,flow_conditional_routing,6,2026-02-23
FU-001118,ACC-006,Summit Healthcare,ACC-006-U031,flow_conditional_routing,3,2026-02-23
FU-001119,ACC-006,Summit Healthcare,ACC-006-U025,flow_conditional_routing,5,2026-03-02
FU-001120,ACC-006,Summit Healthcare,ACC-006-U016,flow_conditional_routing,7,2026-03-02
FU-001121,ACC-006,Summit Healthcare,ACC-006-U040,flow_conditional_routing,4,2026-03-02
FU-001122,ACC-006,Summit Healthcare,ACC-006-U028,flow_conditional_routing,6,2026-03-02
FU-001123,ACC-006,Summit Healthcare,ACC-006-U026,flow_conditional_routing,2,2026-03-02
FU-001124,ACC-006,Summit Healthcare,ACC-006-U029,flow_conditional_routing,4,2026-03-02
FU-001125,ACC-006,Summit Healthcare,ACC-006-U026,flow_conditional_routing,2,2026-03-09
FU-001126,ACC-006,Summit Healthcare,ACC-006-U016,flow_conditional_routing,2,2026-03-09
FU-001127,ACC-006,Summit Healthcare,ACC-006-U014,flow_conditional_routing,2,2026-03-09
FU-001128,ACC-006,Summit Healthcare,ACC-006-U035,flow_conditional_routing,7,2026-03-09
FU-001129,ACC-006,Summit Healthcare,ACC-006-U030,flow_conditional_routing,1,2026-03-09
FU-001130,ACC-006,Summit Healthcare,ACC-006-U022,flow_conditional_routing,6,2026-03-09
FU-001131,ACC-006,Summit Healthcare,ACC-006-U020,flow_conditional_routing,3,2026-03-09
FU-001132,ACC-006,Summit Healthcare,ACC-006-U032,flow_conditional_routing,1,2026-03-09
FU-001133,ACC-006,Summit Healthcare,ACC-006-U002,flow_conditional_routing,3,2026-03-09
FU-001134,ACC-006,Summit Healthcare,ACC-006-U004,flow_conditional_routing,4,2026-03-09
FU-001135,ACC-006,Summit Healthcare,ACC-006-U011,canvas_comments,3,2025-12-15
FU-001136,ACC-006,Summit Healthcare,ACC-006-U033,canvas_comments,1,2025-12-15
FU-001137,ACC-006,Summit Healthcare,ACC-006-U010,canvas_comments,1,2025-12-15
FU-001138,ACC-006,Summit Healthcare,ACC-006-U035,canvas_comments,5,2025-12-15
FU-001139,ACC-006,Summit Healthcare,ACC-006-U008,canvas_comments,3,2025-12-15
FU-001140,ACC-006,Summit Healthcare,ACC-006-U012,canvas_comments,3,2025-12-22
FU-001141,ACC-006,Summit Healthcare,ACC-006-U030,canvas_comments,1,2025-12-29
FU-001142,ACC-006,Summit Healthcare,ACC-006-U019,canvas_comments,4,2025-12-29
FU-001143,ACC-006,Summit Healthcare,ACC-006-U020,canvas_comments,3,2025-12-29
FU-001144,ACC-006,Summit Healthcare,ACC-006-U040,canvas_comments,5,2025-12-29
FU-001145,ACC-006,Summit Healthcare,ACC-006-U037,canvas_comments,1,2025-12-29
FU-001146,ACC-006,Summit Healthcare,ACC-006-U002,canvas_comments,2,2025-12-29
FU-001147,ACC-006,Summit Healthcare,ACC-006-U038,canvas_comments,6,2026-01-05
FU-001148,ACC-006,Summit Healthcare,ACC-006-U010,canvas_comments,1,2026-01-05
FU-001149,ACC-006,Summit Healthcare,ACC-006-U018,canvas_comments,1,2026-01-05
FU-001150,ACC-006,Summit Healthcare,ACC-006-U019,canvas_comments,5,2026-01-05
FU-001151,ACC-006,Summit Healthcare,ACC-006-U009,canvas_comments,4,2026-01-05
FU-001152,ACC-006,Summit Healthcare,ACC-006-U015,canvas_comments,6,2026-01-05
FU-001153,ACC-006,Summit Healthcare,ACC-006-U015,canvas_comments,4,2026-01-12
FU-001154,ACC-006,Summit Healthcare,ACC-006-U025,canvas_comments,6,2026-01-12
FU-001155,ACC-006,Summit Healthcare,ACC-006-U002,canvas_comments,3,2026-01-12
FU-001156,ACC-006,Summit Healthcare,ACC-006-U026,canvas_comments,4,2026-01-12
FU-001157,ACC-006,Summit Healthcare,ACC-006-U010,canvas_comments,4,2026-01-12
FU-001158,ACC-006,Summit Healthcare,ACC-006-U028,canvas_comments,4,2026-01-12
FU-001159,ACC-006,Summit Healthcare,ACC-006-U033,canvas_comments,2,2026-01-19
FU-001160,ACC-006,Summit Healthcare,ACC-006-U031,canvas_comments,1,2026-01-19
FU-001161,ACC-006,Summit Healthcare,ACC-006-U018,canvas_comments,4,2026-01-19
FU-001162,ACC-006,Summit Healthcare,ACC-006-U023,canvas_comments,3,2026-01-19
FU-001163,ACC-006,Summit Healthcare,ACC-006-U017,canvas_comments,5,2026-01-19
FU-001164,ACC-006,Summit Healthcare,ACC-006-U024,canvas_comments,5,2026-01-19
FU-001165,ACC-006,Summit Healthcare,ACC-006-U027,canvas_comments,5,2026-01-19
FU-001166,ACC-006,Summit Healthcare,ACC-006-U024,canvas_comments,2,2026-01-26
FU-001167,ACC-006,Summit Healthcare,ACC-006-U038,canvas_comments,1,2026-01-26
FU-001168,ACC-006,Summit Healthcare,ACC-006-U012,canvas_comments,2,2026-01-26
FU-001169,ACC-006,Summit Healthcare,ACC-006-U031,canvas_comments,2,2026-01-26
FU-001170,ACC-006,Summit Healthcare,ACC-006-U012,canvas_comments,6,2026-02-02
FU-001171,ACC-006,Summit Healthcare,ACC-006-U039,canvas_comments,1,2026-02-02
FU-001172,ACC-006,Summit Healthcare,ACC-006-U027,canvas_comments,3,2026-02-02
FU-001173,ACC-006,Summit Healthcare,ACC-006-U019,canvas_comments,5,2026-02-02
FU-001174,ACC-006,Summit Healthcare,ACC-006-U021,canvas_comments,5,2026-02-02
FU-001175,ACC-006,Summit Healthcare,ACC-006-U037,canvas_comments,1,2026-02-02
FU-001176,ACC-006,Summit Healthcare,ACC-006-U006,canvas_comments,2,2026-02-09
FU-001177,ACC-006,Summit Healthcare,ACC-006-U008,canvas_comments,2,2026-02-09
FU-001178,ACC-006,Summit Healthcare,ACC-006-U038,canvas_comments,4,2026-02-09
FU-001179,ACC-006,Summit Healthcare,ACC-006-U017,canvas_comments,2,2026-02-09
FU-001180,ACC-006,Summit Healthcare,ACC-006-U039,canvas_comments,4,2026-02-09
FU-001181,ACC-006,Summit Healthcare,ACC-006-U015,canvas_comments,5,2026-02-09
FU-001182,ACC-006,Summit Healthcare,ACC-006-U020,canvas_comments,5,2026-02-16
FU-001183,ACC-006,Summit Healthcare,ACC-006-U003,canvas_comments,4,2026-02-16
FU-001184,ACC-006,Summit Healthcare,ACC-006-U008,canvas_comments,1,2026-02-16
FU-001185,ACC-006,Summit Healthcare,ACC-006-U001,canvas_comments,2,2026-02-23
FU-001186,ACC-006,Summit Healthcare,ACC-006-U036,canvas_comments,3,2026-02-23
FU-001187,ACC-006,Summit Healthcare,ACC-006-U012,canvas_comments,1,2026-02-23
FU-001188,ACC-006,Summit Healthcare,ACC-006-U013,canvas_comments,3,2026-02-23
FU-001189,ACC-006,Summit Healthcare,ACC-006-U006,canvas_comments,2,2026-02-23
FU-001190,ACC-006,Summit Healthcare,ACC-006-U025,canvas_comments,1,2026-02-23
FU-001191,ACC-006,Summit Healthcare,ACC-006-U008,canvas_comments,1,2026-02-23
FU-001192,ACC-006,Summit Healthcare,ACC-006-U029,canvas_comments,1,2026-03-02
FU-001193,ACC-006,Summit Healthcare,ACC-006-U008,canvas_comments,2,2026-03-02
FU-001194,ACC-006,Summit Healthcare,ACC-006-U017,canvas_comments,1,2026-03-09
FU-001195,ACC-006,Summit Healthcare,ACC-006-U021,flow_webhooks,7,2025-12-15
FU-001196,ACC-006,Summit Healthcare,ACC-006-U040,flow_webhooks,1,2025-12-15
FU-001197,ACC-006,Summit Healthcare,ACC-006-U006,flow_webhooks,1,2025-12-15
FU-001198,ACC-006,Summit Healthcare,ACC-006-U012,flow_webhooks,2,2025-12-15
FU-001199,ACC-006,Summit Healthcare,ACC-006-U007,flow_webhooks,6,2025-12-22
FU-001200,ACC-006,Summit Healthcare,ACC-006-U031,flow_webhooks,2,2025-12-22
FU-001201,ACC-006,Summit Healthcare,ACC-006-U020,flow_webhooks,1,2025-12-29
FU-001202,ACC-006,Summit Healthcare,ACC-006-U029,flow_webhooks,7,2025-12-29
FU-001203,ACC-006,Summit Healthcare,ACC-006-U024,flow_webhooks,4,2025-12-29
FU-001204,ACC-006,Summit Healthcare,ACC-006-U028,flow_webhooks,7,2025-12-29
FU-001205,ACC-006,Summit Healthcare,ACC-006-U015,flow_webhooks,6,2025-12-29
FU-001206,ACC-006,Summit Healthcare,ACC-006-U026,flow_webhooks,4,2025-12-29
FU-001207,ACC-006,Summit Healthcare,ACC-006-U011,flow_webhooks,1,2026-01-05
FU-001208,ACC-006,Summit Healthcare,ACC-006-U013,flow_webhooks,5,2026-01-05
FU-001209,ACC-006,Summit Healthcare,ACC-006-U030,flow_webhooks,7,2026-01-05
FU-001210,ACC-006,Summit Healthcare,ACC-006-U008,flow_webhooks,6,2026-01-05
FU-001211,ACC-006,Summit Healthcare,ACC-006-U040,flow_webhooks,8,2026-01-05
FU-001212,ACC-006,Summit Healthcare,ACC-006-U024,flow_webhooks,3,2026-01-05
FU-001213,ACC-006,Summit Healthcare,ACC-006-U002,flow_webhooks,9,2026-01-05
FU-001214,ACC-006,Summit Healthcare,ACC-006-U008,flow_webhooks,3,2026-01-12
FU-001215,ACC-006,Summit Healthcare,ACC-006-U016,flow_webhooks,6,2026-01-12
FU-001216,ACC-006,Summit Healthcare,ACC-006-U040,flow_webhooks,5,2026-01-12
FU-001217,ACC-006,Summit Healthcare,ACC-006-U029,flow_webhooks,6,2026-01-12
FU-001218,ACC-006,Summit Healthcare,ACC-006-U022,flow_webhooks,3,2026-01-12
FU-001219,ACC-006,Summit Healthcare,ACC-006-U012,flow_webhooks,3,2026-01-19
FU-001220,ACC-006,Summit Healthcare,ACC-006-U017,flow_webhooks,5,2026-01-19
FU-001221,ACC-006,Summit Healthcare,ACC-006-U024,flow_webhooks,1,2026-01-19
FU-001222,ACC-006,Summit Healthcare,ACC-006-U010,flow_webhooks,3,2026-01-19
FU-001223,ACC-006,Summit Healthcare,ACC-006-U024,flow_webhooks,3,2026-01-26
FU-001224,ACC-006,Summit Healthcare,ACC-006-U039,flow_webhooks,1,2026-01-26
FU-001225,ACC-006,Summit Healthcare,ACC-006-U005,flow_webhooks,2,2026-01-26
FU-001226,ACC-006,Summit Healthcare,ACC-006-U021,flow_webhooks,1,2026-02-02
FU-001227,ACC-006,Summit Healthcare,ACC-006-U023,flow_webhooks,2,2026-02-02
FU-001228,ACC-006,Summit Healthcare,ACC-006-U011,flow_webhooks,2,2026-02-02
FU-001229,ACC-006,Summit Healthcare,ACC-006-U039,flow_webhooks,5,2026-02-02
FU-001230,ACC-006,Summit Healthcare,ACC-006-U010,flow_webhooks,4,2026-02-02
FU-001231,ACC-006,Summit Healthcare,ACC-006-U036,flow_webhooks,4,2026-02-09
FU-001232,ACC-006,Summit Healthcare,ACC-006-U019,flow_webhooks,2,2026-02-09
FU-001233,ACC-006,Summit Healthcare,ACC-006-U023,flow_webhooks,4,2026-02-09
FU-001234,ACC-006,Summit Healthcare,ACC-006-U040,flow_webhooks,2,2026-02-09
FU-001235,ACC-006,Summit Healthcare,ACC-006-U021,flow_webhooks,3,2026-02-09
FU-001236,ACC-006,Summit Healthcare,ACC-006-U037,flow_webhooks,1,2026-02-09
FU-001237,ACC-006,Summit Healthcare,ACC-006-U012,flow_webhooks,1,2026-02-16
FU-001238,ACC-006,Summit Healthcare,ACC-006-U037,flow_webhooks,1,2026-02-16
FU-001239,ACC-006,Summit Healthcare,ACC-006-U008,flow_webhooks,1,2026-02-16
FU-001240,ACC-006,Summit Healthcare,ACC-006-U039,flow_webhooks,2,2026-02-16
FU-001241,ACC-006,Summit Healthcare,ACC-006-U033,flow_webhooks,3,2026-02-16
FU-001242,ACC-006,Summit Healthcare,ACC-006-U016,flow_webhooks,5,2026-02-23
FU-001243,ACC-006,Summit Healthcare,ACC-006-U030,flow_webhooks,6,2026-02-23
FU-001244,ACC-006,Summit Healthcare,ACC-006-U002,flow_webhooks,4,2026-02-23
FU-001245,ACC-006,Summit Healthcare,ACC-006-U028,flow_webhooks,1,2026-02-23
FU-001246,ACC-006,Summit Healthcare,ACC-006-U014,flow_webhooks,4,2026-02-23
FU-001247,ACC-006,Summit Healthcare,ACC-006-U010,flow_webhooks,4,2026-02-23
FU-001248,ACC-006,Summit Healthcare,ACC-006-U036,flow_webhooks,1,2026-02-23
FU-001249,ACC-006,Summit Healthcare,ACC-006-U031,flow_webhooks,1,2026-03-02
FU-001250,ACC-006,Summit Healthcare,ACC-006-U028,flow_webhooks,2,2026-03-02
FU-001251,ACC-006,Summit Healthcare,ACC-006-U013,flow_webhooks,4,2026-03-02
FU-001252,ACC-006,Summit Healthcare,ACC-006-U009,flow_webhooks,1,2026-03-02
FU-001253,ACC-006,Summit Healthcare,ACC-006-U009,flow_webhooks,1,2026-03-09
FU-001254,ACC-006,Summit Healthcare,ACC-006-U005,flow_webhooks,1,2026-03-09
FU-001255,ACC-006,Summit Healthcare,ACC-006-U023,flow_webhooks,3,2026-03-09
FU-001256,ACC-006,Summit Healthcare,ACC-006-U028,flow_webhooks,6,2026-03-09
FU-001257,ACC-006,Summit Healthcare,ACC-006-U014,canvas_brand_kit,3,2025-12-15
FU-001258,ACC-006,Summit Healthcare,ACC-006-U032,canvas_brand_kit,4,2025-12-15
FU-001259,ACC-006,Summit Healthcare,ACC-006-U019,canvas_brand_kit,2,2025-12-15
FU-001260,ACC-006,Summit Healthcare,ACC-006-U004,canvas_brand_kit,4,2025-12-15
FU-001261,ACC-006,Summit Healthcare,ACC-006-U028,canvas_brand_kit,2,2025-12-22
FU-001262,ACC-006,Summit Healthcare,ACC-006-U004,canvas_brand_kit,4,2025-12-22
FU-001263,ACC-006,Summit Healthcare,ACC-006-U009,canvas_brand_kit,1,2025-12-22
FU-001264,ACC-006,Summit Healthcare,ACC-006-U025,canvas_brand_kit,5,2025-12-22
FU-001265,ACC-006,Summit Healthcare,ACC-006-U033,canvas_brand_kit,3,2025-12-22
FU-001266,ACC-006,Summit Healthcare,ACC-006-U015,canvas_brand_kit,9,2025-12-29
FU-001267,ACC-006,Summit Healthcare,ACC-006-U005,canvas_brand_kit,2,2025-12-29
FU-001268,ACC-006,Summit Healthcare,ACC-006-U035,canvas_brand_kit,2,2025-12-29
FU-001269,ACC-006,Summit Healthcare,ACC-006-U021,canvas_brand_kit,2,2026-01-05
FU-001270,ACC-006,Summit Healthcare,ACC-006-U012,canvas_brand_kit,3,2026-01-05
FU-001271,ACC-006,Summit Healthcare,ACC-006-U039,canvas_brand_kit,4,2026-01-05
FU-001272,ACC-006,Summit Healthcare,ACC-006-U033,canvas_brand_kit,4,2026-01-05
FU-001273,ACC-006,Summit Healthcare,ACC-006-U037,canvas_brand_kit,3,2026-01-05
FU-001274,ACC-006,Summit Healthcare,ACC-006-U031,canvas_brand_kit,3,2026-01-05
FU-001275,ACC-006,Summit Healthcare,ACC-006-U006,canvas_brand_kit,7,2026-01-12
FU-001276,ACC-006,Summit Healthcare,ACC-006-U001,canvas_brand_kit,1,2026-01-12
FU-001277,ACC-006,Summit Healthcare,ACC-006-U024,canvas_brand_kit,1,2026-01-12
FU-001278,ACC-006,Summit Healthcare,ACC-006-U002,canvas_brand_kit,2,2026-01-19
FU-001279,ACC-006,Summit Healthcare,ACC-006-U016,canvas_brand_kit,5,2026-01-19
FU-001280,ACC-006,Summit Healthcare,ACC-006-U024,canvas_brand_kit,4,2026-01-19
FU-001281,ACC-006,Summit Healthcare,ACC-006-U006,canvas_brand_kit,1,2026-01-19
FU-001282,ACC-006,Summit Healthcare,ACC-006-U031,canvas_brand_kit,1,2026-01-19
FU-001283,ACC-006,Summit Healthcare,ACC-006-U017,canvas_brand_kit,1,2026-01-26
FU-001284,ACC-006,Summit Healthcare,ACC-006-U022,canvas_brand_kit,3,2026-01-26
FU-001285,ACC-006,Summit Healthcare,ACC-006-U001,canvas_brand_kit,9,2026-01-26
FU-001286,ACC-006,Summit Healthcare,ACC-006-U002,canvas_brand_kit,1,2026-01-26
FU-001287,ACC-006,Summit Healthcare,ACC-006-U039,canvas_brand_kit,8,2026-01-26
FU-001288,ACC-006,Summit Healthcare,ACC-006-U005,canvas_brand_kit,5,2026-02-02
FU-001289,ACC-006,Summit Healthcare,ACC-006-U012,canvas_brand_kit,4,2026-02-02
FU-001290,ACC-006,Summit Healthcare,ACC-006-U021,canvas_brand_kit,3,2026-02-02
FU-001291,ACC-006,Summit Healthcare,ACC-006-U015,canvas_brand_kit,1,2026-02-02
FU-001292,ACC-006,Summit Healthcare,ACC-006-U019,canvas_brand_kit,7,2026-02-02
FU-001293,ACC-006,Summit Healthcare,ACC-006-U022,canvas_brand_kit,1,2026-02-09
FU-001294,ACC-006,Summit Healthcare,ACC-006-U012,canvas_brand_kit,2,2026-02-09
FU-001295,ACC-006,Summit Healthcare,ACC-006-U017,canvas_brand_kit,4,2026-02-09
FU-001296,ACC-006,Summit Healthcare,ACC-006-U002,canvas_brand_kit,4,2026-02-09
FU-001297,ACC-006,Summit Healthcare,ACC-006-U009,canvas_brand_kit,2,2026-02-09
FU-001298,ACC-006,Summit Healthcare,ACC-006-U029,canvas_brand_kit,3,2026-02-09
FU-001299,ACC-006,Summit Healthcare,ACC-006-U033,canvas_brand_kit,7,2026-02-16
FU-001300,ACC-006,Summit Healthcare,ACC-006-U023,canvas_brand_kit,2,2026-02-23
FU-001301,ACC-006,Summit Healthcare,ACC-006-U013,canvas_brand_kit,1,2026-02-23
FU-001302,ACC-006,Summit Healthcare,ACC-006-U008,canvas_brand_kit,1,2026-02-23
FU-001303,ACC-006,Summit Healthcare,ACC-006-U005,canvas_brand_kit,6,2026-02-23
FU-001304,ACC-006,Summit Healthcare,ACC-006-U028,canvas_brand_kit,6,2026-02-23
FU-001305,ACC-006,Summit Healthcare,ACC-006-U021,canvas_brand_kit,5,2026-02-23
FU-001306,ACC-006,Summit Healthcare,ACC-006-U017,canvas_brand_kit,7,2026-03-02
FU-001307,ACC-006,Summit Healthcare,ACC-006-U021,canvas_brand_kit,4,2026-03-02
FU-001308,ACC-006,Summit Healthcare,ACC-006-U037,canvas_brand_kit,2,2026-03-09
FU-001309,ACC-006,Summit Healthcare,ACC-006-U028,canvas_brand_kit,1,2026-03-09
FU-001310,ACC-006,Summit Healthcare,ACC-006-U002,canvas_brand_kit,3,2026-03-09
FU-001311,ACC-006,Summit Healthcare,ACC-006-U031,canvas_brand_kit,1,2026-03-09
FU-001312,ACC-006,Summit Healthcare,ACC-006-U005,canvas_brand_kit,5,2026-03-09
FU-001313,ACC-006,Summit Healthcare,ACC-006-U014,canvas_brand_kit,7,2026-03-09
FU-001314,ACC-006,Summit Healthcare,ACC-006-U025,flow_scheduled_tasks,4,2025-12-15
FU-001315,ACC-006,Summit Healthcare,ACC-006-U028,flow_scheduled_tasks,4,2025-12-22
FU-001316,ACC-006,Summit Healthcare,ACC-006-U027,flow_scheduled_tasks,4,2025-12-29
FU-001317,ACC-006,Summit Healthcare,ACC-006-U002,flow_scheduled_tasks,5,2026-01-05
FU-001318,ACC-006,Summit Healthcare,ACC-006-U023,flow_scheduled_tasks,4,2026-01-05
FU-001319,ACC-006,Summit Healthcare,ACC-006-U007,flow_scheduled_tasks,2,2026-01-05
FU-001320,ACC-006,Summit Healthcare,ACC-006-U007,flow_scheduled_tasks,3,2026-01-12
FU-001321,ACC-006,Summit Healthcare,ACC-006-U019,flow_scheduled_tasks,4,2026-01-12
FU-001322,ACC-006,Summit Healthcare,ACC-006-U018,flow_scheduled_tasks,5,2026-01-12
FU-001323,ACC-006,Summit Healthcare,ACC-006-U003,flow_scheduled_tasks,1,2026-01-12
FU-001324,ACC-006,Summit Healthcare,ACC-006-U030,flow_scheduled_tasks,2,2026-01-12
FU-001325,ACC-006,Summit Healthcare,ACC-006-U002,flow_scheduled_tasks,4,2026-01-12
FU-001326,ACC-006,Summit Healthcare,ACC-006-U038,flow_scheduled_tasks,4,2026-01-12
FU-001327,ACC-006,Summit Healthcare,ACC-006-U013,flow_scheduled_tasks,1,2026-01-19
FU-001328,ACC-006,Summit Healthcare,ACC-006-U010,flow_scheduled_tasks,5,2026-01-19
FU-001329,ACC-006,Summit Healthcare,ACC-006-U019,flow_scheduled_tasks,4,2026-01-19
FU-001330,ACC-006,Summit Healthcare,ACC-006-U028,flow_scheduled_tasks,4,2026-01-19
FU-001331,ACC-006,Summit Healthcare,ACC-006-U007,flow_scheduled_tasks,3,2026-01-19
FU-001332,ACC-006,Summit Healthcare,ACC-006-U006,flow_scheduled_tasks,2,2026-01-26
FU-001333,ACC-006,Summit Healthcare,ACC-006-U019,flow_scheduled_tasks,4,2026-01-26
FU-001334,ACC-006,Summit Healthcare,ACC-006-U036,flow_scheduled_tasks,2,2026-01-26
FU-001335,ACC-006,Summit Healthcare,ACC-006-U036,flow_scheduled_tasks,1,2026-02-02
FU-001336,ACC-006,Summit Healthcare,ACC-006-U037,flow_scheduled_tasks,6,2026-02-02
FU-001337,ACC-006,Summit Healthcare,ACC-006-U009,flow_scheduled_tasks,2,2026-02-02
FU-001338,ACC-006,Summit Healthcare,ACC-006-U025,flow_scheduled_tasks,6,2026-02-02
FU-001339,ACC-006,Summit Healthcare,ACC-006-U016,flow_scheduled_tasks,4,2026-02-09
FU-001340,ACC-006,Summit Healthcare,ACC-006-U035,flow_scheduled_tasks,1,2026-02-09
FU-001341,ACC-006,Summit Healthcare,ACC-006-U014,flow_scheduled_tasks,1,2026-02-09
FU-001342,ACC-006,Summit Healthcare,ACC-006-U040,flow_scheduled_tasks,5,2026-02-09
FU-001343,ACC-006,Summit Healthcare,ACC-006-U027,flow_scheduled_tasks,1,2026-02-09
FU-001344,ACC-006,Summit Healthcare,ACC-006-U018,flow_scheduled_tasks,6,2026-02-16
FU-001345,ACC-006,Summit Healthcare,ACC-006-U021,flow_scheduled_tasks,6,2026-02-16
FU-001346,ACC-006,Summit Healthcare,ACC-006-U026,flow_scheduled_tasks,4,2026-02-16
FU-001347,ACC-006,Summit Healthcare,ACC-006-U033,flow_scheduled_tasks,3,2026-02-16
FU-001348,ACC-006,Summit Healthcare,ACC-006-U040,flow_scheduled_tasks,4,2026-02-16
FU-001349,ACC-006,Summit Healthcare,ACC-006-U029,flow_scheduled_tasks,1,2026-02-16
FU-001350,ACC-006,Summit Healthcare,ACC-006-U028,flow_scheduled_tasks,5,2026-02-23
FU-001351,ACC-006,Summit Healthcare,ACC-006-U022,flow_scheduled_tasks,2,2026-02-23
FU-001352,ACC-006,Summit Healthcare,ACC-006-U037,flow_scheduled_tasks,2,2026-02-23
FU-001353,ACC-006,Summit Healthcare,ACC-006-U007,flow_scheduled_tasks,3,2026-02-23
FU-001354,ACC-006,Summit Healthcare,ACC-006-U012,flow_scheduled_tasks,7,2026-02-23
FU-001355,ACC-006,Summit Healthcare,ACC-006-U016,flow_scheduled_tasks,1,2026-02-23
FU-001356,ACC-006,Summit Healthcare,ACC-006-U040,flow_scheduled_tasks,1,2026-03-02
FU-001357,ACC-006,Summit Healthcare,ACC-006-U014,flow_scheduled_tasks,1,2026-03-02
FU-001358,ACC-006,Summit Healthcare,ACC-006-U001,flow_scheduled_tasks,4,2026-03-02
FU-001359,ACC-006,Summit Healthcare,ACC-006-U022,flow_scheduled_tasks,3,2026-03-09
FU-001360,ACC-006,Summit Healthcare,ACC-006-U030,flow_scheduled_tasks,6,2026-03-09
FU-001361,ACC-006,Summit Healthcare,ACC-006-U033,flow_scheduled_tasks,3,2026-03-09
FU-001362,ACC-006,Summit Healthcare,ACC-006-U015,canvas_collab_edit,1,2025-12-15
FU-001363,ACC-006,Summit Healthcare,ACC-006-U004,canvas_collab_edit,1,2025-12-15
FU-001364,ACC-006,Summit Healthcare,ACC-006-U020,canvas_collab_edit,6,2025-12-22
FU-001365,ACC-006,Summit Healthcare,ACC-006-U025,canvas_collab_edit,4,2025-12-29
FU-001366,ACC-006,Summit Healthcare,ACC-006-U022,canvas_collab_edit,3,2025-12-29
FU-001367,ACC-006,Summit Healthcare,ACC-006-U003,canvas_collab_edit,5,2025-12-29
FU-001368,ACC-006,Summit Healthcare,ACC-006-U010,canvas_collab_edit,4,2025-12-29
FU-001369,ACC-006,Summit Healthcare,ACC-006-U036,canvas_collab_edit,1,2025-12-29
FU-001370,ACC-006,Summit Healthcare,ACC-006-U028,canvas_collab_edit,5,2025-12-29
FU-001371,ACC-006,Summit Healthcare,ACC-006-U003,canvas_collab_edit,1,2026-01-05
FU-001372,ACC-006,Summit Healthcare,ACC-006-U039,canvas_collab_edit,3,2026-01-12
FU-001373,ACC-006,Summit Healthcare,ACC-006-U035,canvas_collab_edit,4,2026-01-12
FU-001374,ACC-006,Summit Healthcare,ACC-006-U007,canvas_collab_edit,3,2026-01-12
FU-001375,ACC-006,Summit Healthcare,ACC-006-U015,canvas_collab_edit,3,2026-01-12
FU-001376,ACC-006,Summit Healthcare,ACC-006-U031,canvas_collab_edit,3,2026-01-12
FU-001377,ACC-006,Summit Healthcare,ACC-006-U034,canvas_collab_edit,2,2026-01-12
FU-001378,ACC-006,Summit Healthcare,ACC-006-U017,canvas_collab_edit,2,2026-01-19
FU-001379,ACC-006,Summit Healthcare,ACC-006-U040,canvas_collab_edit,2,2026-01-19
FU-001380,ACC-006,Summit Healthcare,ACC-006-U021,canvas_collab_edit,3,2026-01-19
FU-001381,ACC-006,Summit Healthcare,ACC-006-U015,canvas_collab_edit,5,2026-01-19
FU-001382,ACC-006,Summit Healthcare,ACC-006-U009,canvas_collab_edit,1,2026-01-19
FU-001383,ACC-006,Summit Healthcare,ACC-006-U023,canvas_collab_edit,1,2026-01-19
FU-001384,ACC-006,Summit Healthcare,ACC-006-U026,canvas_collab_edit,2,2026-01-19
FU-001385,ACC-006,Summit Healthcare,ACC-006-U006,canvas_collab_edit,6,2026-01-26
FU-001386,ACC-006,Summit Healthcare,ACC-006-U009,canvas_collab_edit,3,2026-02-02
FU-001387,ACC-006,Summit Healthcare,ACC-006-U026,canvas_collab_edit,2,2026-02-02
FU-001388,ACC-006,Summit Healthcare,ACC-006-U023,canvas_collab_edit,4,2026-02-02
FU-001389,ACC-006,Summit Healthcare,ACC-006-U034,canvas_collab_edit,3,2026-02-02
FU-001390,ACC-006,Summit Healthcare,ACC-006-U040,canvas_collab_edit,2,2026-02-02
FU-001391,ACC-006,Summit Healthcare,ACC-006-U005,canvas_collab_edit,3,2026-02-02
FU-001392,ACC-006,Summit Healthcare,ACC-006-U027,canvas_collab_edit,3,2026-02-02
FU-001393,ACC-006,Summit Healthcare,ACC-006-U001,canvas_collab_edit,1,2026-02-09
FU-001394,ACC-006,Summit Healthcare,ACC-006-U031,canvas_collab_edit,3,2026-02-16
FU-001395,ACC-006,Summit Healthcare,ACC-006-U027,canvas_collab_edit,1,2026-02-16
FU-001396,ACC-006,Summit Healthcare,ACC-006-U020,canvas_collab_edit,4,2026-02-16
FU-001397,ACC-006,Summit Healthcare,ACC-006-U007,canvas_collab_edit,5,2026-02-16
FU-001398,ACC-006,Summit Healthcare,ACC-006-U016,canvas_collab_edit,5,2026-02-16
FU-001399,ACC-006,Summit Healthcare,ACC-006-U028,canvas_collab_edit,7,2026-02-23
FU-001400,ACC-006,Summit Healthcare,ACC-006-U038,canvas_collab_edit,5,2026-02-23
FU-001401,ACC-006,Summit Healthcare,ACC-006-U013,canvas_collab_edit,2,2026-02-23
FU-001402,ACC-006,Summit Healthcare,ACC-006-U036,canvas_collab_edit,2,2026-03-02
FU-001403,ACC-006,Summit Healthcare,ACC-006-U005,canvas_collab_edit,1,2026-03-02
FU-001404,ACC-006,Summit Healthcare,ACC-006-U003,canvas_collab_edit,4,2026-03-02
FU-001405,ACC-006,Summit Healthcare,ACC-006-U032,canvas_collab_edit,6,2026-03-02
FU-001406,ACC-006,Summit Healthcare,ACC-006-U013,canvas_collab_edit,1,2026-03-02
FU-001407,ACC-006,Summit Healthcare,ACC-006-U010,canvas_collab_edit,1,2026-03-02
FU-001408,ACC-006,Summit Healthcare,ACC-006-U016,canvas_collab_edit,1,2026-03-09
FU-001409,ACC-006,Summit Healthcare,ACC-006-U031,canvas_version_history,4,2025-12-15
FU-001410,ACC-006,Summit Healthcare,ACC-006-U029,canvas_version_history,3,2025-12-15
FU-001411,ACC-006,Summit Healthcare,ACC-006-U016,canvas_version_history,4,2025-12-15
FU-001412,ACC-006,Summit Healthcare,ACC-006-U006,canvas_version_history,1,2025-12-15
FU-001413,ACC-006,Summit Healthcare,ACC-006-U007,canvas_version_history,4,2025-12-15
FU-001414,ACC-006,Summit Healthcare,ACC-006-U021,canvas_version_history,5,2025-12-22
FU-001415,ACC-006,Summit Healthcare,ACC-006-U038,canvas_version_history,8,2025-12-22
FU-001416,ACC-006,Summit Healthcare,ACC-006-U015,canvas_version_history,7,2025-12-22
FU-001417,ACC-006,Summit Healthcare,ACC-006-U014,canvas_version_history,2,2025-12-22
FU-001418,ACC-006,Summit Healthcare,ACC-006-U022,canvas_version_history,1,2025-12-22
FU-001419,ACC-006,Summit Healthcare,ACC-006-U035,canvas_version_history,2,2025-12-22
FU-001420,ACC-006,Summit Healthcare,ACC-006-U040,canvas_version_history,3,2025-12-22
FU-001421,ACC-006,Summit Healthcare,ACC-006-U032,canvas_version_history,2,2025-12-29
FU-001422,ACC-006,Summit Healthcare,ACC-006-U009,canvas_version_history,7,2026-01-05
FU-001423,ACC-006,Summit Healthcare,ACC-006-U015,canvas_version_history,5,2026-01-05
FU-001424,ACC-006,Summit Healthcare,ACC-006-U038,canvas_version_history,1,2026-01-05
FU-001425,ACC-006,Summit Healthcare,ACC-006-U030,canvas_version_history,1,2026-01-05
FU-001426,ACC-006,Summit Healthcare,ACC-006-U040,canvas_version_history,2,2026-01-05
FU-001427,ACC-006,Summit Healthcare,ACC-006-U034,canvas_version_history,7,2026-01-12
FU-001428,ACC-006,Summit Healthcare,ACC-006-U029,canvas_version_history,3,2026-01-19
FU-001429,ACC-006,Summit Healthcare,ACC-006-U003,canvas_version_history,5,2026-01-26
FU-001430,ACC-006,Summit Healthcare,ACC-006-U021,canvas_version_history,2,2026-01-26
FU-001431,ACC-006,Summit Healthcare,ACC-006-U037,canvas_version_history,1,2026-01-26
FU-001432,ACC-006,Summit Healthcare,ACC-006-U024,canvas_version_history,1,2026-01-26
FU-001433,ACC-006,Summit Healthcare,ACC-006-U017,canvas_version_history,4,2026-02-02
FU-001434,ACC-006,Summit Healthcare,ACC-006-U030,canvas_version_history,4,2026-02-09
FU-001435,ACC-006,Summit Healthcare,ACC-006-U027,canvas_version_history,4,2026-02-09
FU-001436,ACC-006,Summit Healthcare,ACC-006-U038,canvas_version_history,4,2026-02-09
FU-001437,ACC-006,Summit Healthcare,ACC-006-U031,canvas_version_history,3,2026-02-09
FU-001438,ACC-006,Summit Healthcare,ACC-006-U016,canvas_version_history,5,2026-02-09
FU-001439,ACC-006,Summit Healthcare,ACC-006-U032,canvas_version_history,3,2026-02-16
FU-001440,ACC-006,Summit Healthcare,ACC-006-U031,canvas_version_history,2,2026-02-23
FU-001441,ACC-006,Summit Healthcare,ACC-006-U014,canvas_version_history,3,2026-02-23
FU-001442,ACC-006,Summit Healthcare,ACC-006-U032,canvas_version_history,4,2026-02-23
FU-001443,ACC-006,Summit Healthcare,ACC-006-U009,canvas_version_history,4,2026-02-23
FU-001444,ACC-006,Summit Healthcare,ACC-006-U039,canvas_version_history,5,2026-02-23
FU-001445,ACC-006,Summit Healthcare,ACC-006-U002,canvas_version_history,6,2026-02-23
FU-001446,ACC-006,Summit Healthcare,ACC-006-U012,canvas_version_history,1,2026-03-02
FU-001447,ACC-006,Summit Healthcare,ACC-006-U039,canvas_version_history,1,2026-03-02
FU-001448,ACC-006,Summit Healthcare,ACC-006-U025,canvas_version_history,1,2026-03-02
FU-001449,ACC-006,Summit Healthcare,ACC-006-U034,canvas_version_history,2,2026-03-02
FU-001450,ACC-006,Summit Healthcare,ACC-006-U037,canvas_version_history,4,2026-03-09
FU-001451,ACC-006,Summit Healthcare,ACC-006-U004,canvas_version_history,1,2026-03-09
FU-001452,ACC-006,Summit Healthcare,ACC-006-U017,canvas_version_history,2,2026-03-09
FU-001453,ACC-006,Summit Healthcare,ACC-006-U011,canvas_version_history,3,2026-03-09
FU-001454,ACC-006,Summit Healthcare,ACC-006-U026,canvas_version_history,5,2026-03-09
FU-001455,ACC-006,Summit Healthcare,ACC-006-U026,canvas_export,5,2025-12-15
FU-001456,ACC-006,Summit Healthcare,ACC-006-U033,canvas_export,4,2025-12-22
FU-001457,ACC-006,Summit Healthcare,ACC-006-U039,canvas_export,5,2025-12-22
FU-001458,ACC-006,Summit Healthcare,ACC-006-U016,canvas_export,4,2025-12-22
FU-001459,ACC-006,Summit Healthcare,ACC-006-U015,canvas_export,5,2025-12-29
FU-001460,ACC-006,Summit Healthcare,ACC-006-U020,canvas_export,4,2026-01-05
FU-001461,ACC-006,Summit Healthcare,ACC-006-U009,canvas_export,1,2026-01-05
FU-001462,ACC-006,Summit Healthcare,ACC-006-U007,canvas_export,3,2026-01-05
FU-001463,ACC-006,Summit Healthcare,ACC-006-U020,canvas_export,4,2026-01-12
FU-001464,ACC-006,Summit Healthcare,ACC-006-U035,canvas_export,2,2026-01-12
FU-001465,ACC-006,Summit Healthcare,ACC-006-U001,canvas_export,3,2026-01-19
FU-001466,ACC-006,Summit Healthcare,ACC-006-U019,canvas_export,3,2026-01-19
FU-001467,ACC-006,Summit Healthcare,ACC-006-U020,canvas_export,3,2026-01-19
FU-001468,ACC-006,Summit Healthcare,ACC-006-U027,canvas_export,1,2026-01-19
FU-001469,ACC-006,Summit Healthcare,ACC-006-U019,canvas_export,3,2026-01-26
FU-001470,ACC-006,Summit Healthcare,ACC-006-U007,canvas_export,1,2026-01-26
FU-001471,ACC-006,Summit Healthcare,ACC-006-U026,canvas_export,3,2026-01-26
FU-001472,ACC-006,Summit Healthcare,ACC-006-U014,canvas_export,1,2026-01-26
FU-001473,ACC-006,Summit Healthcare,ACC-006-U006,canvas_export,3,2026-01-26
FU-001474,ACC-006,Summit Healthcare,ACC-006-U028,canvas_export,4,2026-01-26
FU-001475,ACC-006,Summit Healthcare,ACC-006-U004,canvas_export,5,2026-02-02
FU-001476,ACC-006,Summit Healthcare,ACC-006-U002,canvas_export,4,2026-02-09
FU-001477,ACC-006,Summit Healthcare,ACC-006-U017,canvas_export,6,2026-02-09
FU-001478,ACC-006,Summit Healthcare,ACC-006-U029,canvas_export,6,2026-02-09
FU-001479,ACC-006,Summit Healthcare,ACC-006-U018,canvas_export,1,2026-02-09
FU-001480,ACC-006,Summit Healthcare,ACC-006-U009,canvas_export,5,2026-02-09
FU-001481,ACC-006,Summit Healthcare,ACC-006-U008,canvas_export,1,2026-02-09
FU-001482,ACC-006,Summit Healthcare,ACC-006-U033,canvas_export,4,2026-02-16
FU-001483,ACC-006,Summit Healthcare,ACC-006-U002,canvas_export,2,2026-02-16
FU-001484,ACC-006,Summit Healthcare,ACC-006-U035,canvas_export,1,2026-02-16
FU-001485,ACC-006,Summit Healthcare,ACC-006-U021,canvas_export,5,2026-02-16
FU-001486,ACC-006,Summit Healthcare,ACC-006-U027,canvas_export,4,2026-02-16
FU-001487,ACC-006,Summit Healthcare,ACC-006-U001,canvas_export,1,2026-02-16
FU-001488,ACC-006,Summit Healthcare,ACC-006-U009,canvas_export,3,2026-02-16
FU-001489,ACC-006,Summit Healthcare,ACC-006-U029,canvas_export,3,2026-02-23
FU-001490,ACC-006,Summit Healthcare,ACC-006-U031,canvas_export,2,2026-03-02
FU-001491,ACC-006,Summit Healthcare,ACC-006-U016,canvas_export,6,2026-03-09
FU-001492,ACC-006,Summit Healthcare,ACC-006-U002,canvas_export,3,2026-03-09
FU-001493,ACC-006,Summit Healthcare,ACC-006-U036,canvas_export,3,2026-03-09
FU-001494,ACC-007,Voyager Entertainment,ACC-007-U092,insight_dashboards,4,2025-12-15
FU-001495,ACC-007,Voyager Entertainment,ACC-007-U005,insight_dashboards,1,2025-12-15
FU-001496,ACC-007,Voyager Entertainment,ACC-007-U006,insight_dashboards,2,2025-12-15
FU-001497,ACC-007,Voyager Entertainment,ACC-007-U068,insight_dashboards,1,2025-12-15
FU-001498,ACC-007,Voyager Entertainment,ACC-007-U048,insight_dashboards,2,2025-12-15
FU-001499,ACC-007,Voyager Entertainment,ACC-007-U101,insight_dashboards,3,2025-12-15
FU-001500,ACC-007,Voyager Entertainment,ACC-007-U115,insight_dashboards,1,2025-12-22
FU-001501,ACC-007,Voyager Entertainment,ACC-007-U064,insight_dashboards,1,2025-12-22
FU-001502,ACC-007,Voyager Entertainment,ACC-007-U101,insight_dashboards,4,2025-12-22
FU-001503,ACC-007,Voyager Entertainment,ACC-007-U109,insight_dashboards,5,2025-12-22
FU-001504,ACC-007,Voyager Entertainment,ACC-007-U075,insight_dashboards,3,2025-12-22
FU-001505,ACC-007,Voyager Entertainment,ACC-007-U022,insight_dashboards,1,2025-12-22
FU-001506,ACC-007,Voyager Entertainment,ACC-007-U015,insight_dashboards,4,2025-12-22
FU-001507,ACC-007,Voyager Entertainment,ACC-007-U019,insight_dashboards,1,2025-12-22
FU-001508,ACC-007,Voyager Entertainment,ACC-007-U075,insight_dashboards,3,2025-12-29
FU-001509,ACC-007,Voyager Entertainment,ACC-007-U056,insight_dashboards,4,2025-12-29
FU-001510,ACC-007,Voyager Entertainment,ACC-007-U065,insight_dashboards,3,2025-12-29
FU-001511,ACC-007,Voyager Entertainment,ACC-007-U031,insight_dashboards,1,2025-12-29
FU-001512,ACC-007,Voyager Entertainment,ACC-007-U110,insight_dashboards,4,2025-12-29
FU-001513,ACC-007,Voyager Entertainment,ACC-007-U090,insight_dashboards,6,2025-12-29
FU-001514,ACC-007,Voyager Entertainment,ACC-007-U092,insight_dashboards,1,2025-12-29
FU-001515,ACC-007,Voyager Entertainment,ACC-007-U096,insight_dashboards,2,2025-12-29
FU-001516,ACC-007,Voyager Entertainment,ACC-007-U103,insight_dashboards,3,2025-12-29
FU-001517,ACC-007,Voyager Entertainment,ACC-007-U061,insight_dashboards,4,2025-12-29
FU-001518,ACC-007,Voyager Entertainment,ACC-007-U018,insight_dashboards,4,2025-12-29
FU-001519,ACC-007,Voyager Entertainment,ACC-007-U113,insight_dashboards,5,2025-12-29
FU-001520,ACC-007,Voyager Entertainment,ACC-007-U027,insight_dashboards,4,2026-01-05
FU-001521,ACC-007,Voyager Entertainment,ACC-007-U033,insight_dashboards,6,2026-01-05
FU-001522,ACC-007,Voyager Entertainment,ACC-007-U071,insight_dashboards,4,2026-01-05
FU-001523,ACC-007,Voyager Entertainment,ACC-007-U113,insight_dashboards,7,2026-01-05
FU-001524,ACC-007,Voyager Entertainment,ACC-007-U012,insight_dashboards,2,2026-01-05
FU-001525,ACC-007,Voyager Entertainment,ACC-007-U030,insight_dashboards,7,2026-01-05
FU-001526,ACC-007,Voyager Entertainment,ACC-007-U003,insight_dashboards,1,2026-01-05
FU-001527,ACC-007,Voyager Entertainment,ACC-007-U108,insight_dashboards,2,2026-01-05
FU-001528,ACC-007,Voyager Entertainment,ACC-007-U086,insight_dashboards,1,2026-01-12
FU-001529,ACC-007,Voyager Entertainment,ACC-007-U043,insight_dashboards,6,2026-01-12
FU-001530,ACC-007,Voyager Entertainment,ACC-007-U032,insight_dashboards,2,2026-01-12
FU-001531,ACC-007,Voyager Entertainment,ACC-007-U111,insight_dashboards,3,2026-01-19
FU-001532,ACC-007,Voyager Entertainment,ACC-007-U087,insight_dashboards,2,2026-01-19
FU-001533,ACC-007,Voyager Entertainment,ACC-007-U031,insight_dashboards,3,2026-01-19
FU-001534,ACC-007,Voyager Entertainment,ACC-007-U001,insight_dashboards,5,2026-01-19
FU-001535,ACC-007,Voyager Entertainment,ACC-007-U044,insight_dashboards,2,2026-01-19
FU-001536,ACC-007,Voyager Entertainment,ACC-007-U072,insight_dashboards,3,2026-01-19
FU-001537,ACC-007,Voyager Entertainment,ACC-007-U101,insight_dashboards,3,2026-01-19
FU-001538,ACC-007,Voyager Entertainment,ACC-007-U011,insight_dashboards,3,2026-01-19
FU-001539,ACC-007,Voyager Entertainment,ACC-007-U120,insight_dashboards,7,2026-01-19
FU-001540,ACC-007,Voyager Entertainment,ACC-007-U069,insight_dashboards,2,2026-01-19
FU-001541,ACC-007,Voyager Entertainment,ACC-007-U064,insight_dashboards,2,2026-01-19
FU-001542,ACC-007,Voyager Entertainment,ACC-007-U110,insight_dashboards,1,2026-01-26
FU-001543,ACC-007,Voyager Entertainment,ACC-007-U009,insight_dashboards,1,2026-01-26
FU-001544,ACC-007,Voyager Entertainment,ACC-007-U102,insight_dashboards,2,2026-01-26
FU-001545,ACC-007,Voyager Entertainment,ACC-007-U049,insight_dashboards,1,2026-01-26
FU-001546,ACC-007,Voyager Entertainment,ACC-007-U012,insight_dashboards,9,2026-01-26
FU-001547,ACC-007,Voyager Entertainment,ACC-007-U068,insight_dashboards,6,2026-01-26
FU-001548,ACC-007,Voyager Entertainment,ACC-007-U079,insight_dashboards,3,2026-01-26
FU-001549,ACC-007,Voyager Entertainment,ACC-007-U026,insight_dashboards,3,2026-01-26
FU-001550,ACC-007,Voyager Entertainment,ACC-007-U092,insight_dashboards,3,2026-01-26
FU-001551,ACC-007,Voyager Entertainment,ACC-007-U020,insight_dashboards,4,2026-01-26
FU-001552,ACC-007,Voyager Entertainment,ACC-007-U072,insight_dashboards,3,2026-02-02
FU-001553,ACC-007,Voyager Entertainment,ACC-007-U047,insight_dashboards,3,2026-02-02
FU-001554,ACC-007,Voyager Entertainment,ACC-007-U112,insight_dashboards,1,2026-02-02
FU-001555,ACC-007,Voyager Entertainment,ACC-007-U008,insight_dashboards,5,2026-02-02
FU-001556,ACC-007,Voyager Entertainment,ACC-007-U030,insight_dashboards,4,2026-02-02
FU-001557,ACC-007,Voyager Entertainment,ACC-007-U105,insight_dashboards,2,2026-02-02
FU-001558,ACC-007,Voyager Entertainment,ACC-007-U060,insight_dashboards,6,2026-02-02
FU-001559,ACC-007,Voyager Entertainment,ACC-007-U039,insight_dashboards,1,2026-02-02
FU-001560,ACC-007,Voyager Entertainment,ACC-007-U097,insight_dashboards,1,2026-02-02
FU-001561,ACC-007,Voyager Entertainment,ACC-007-U118,insight_dashboards,2,2026-02-09
FU-001562,ACC-007,Voyager Entertainment,ACC-007-U068,insight_dashboards,2,2026-02-09
FU-001563,ACC-007,Voyager Entertainment,ACC-007-U078,insight_dashboards,6,2026-02-09
FU-001564,ACC-007,Voyager Entertainment,ACC-007-U009,insight_dashboards,4,2026-02-16
FU-001565,ACC-007,Voyager Entertainment,ACC-007-U020,insight_dashboards,1,2026-02-16
FU-001566,ACC-007,Voyager Entertainment,ACC-007-U011,insight_dashboards,1,2026-02-16
FU-001567,ACC-007,Voyager Entertainment,ACC-007-U102,insight_dashboards,3,2026-02-16
FU-001568,ACC-007,Voyager Entertainment,ACC-007-U059,insight_dashboards,7,2026-02-23
FU-001569,ACC-007,Voyager Entertainment,ACC-007-U027,insight_dashboards,6,2026-02-23
FU-001570,ACC-007,Voyager Entertainment,ACC-007-U003,insight_dashboards,7,2026-02-23
FU-001571,ACC-007,Voyager Entertainment,ACC-007-U006,insight_dashboards,1,2026-02-23
FU-001572,ACC-007,Voyager Entertainment,ACC-007-U088,insight_dashboards,3,2026-02-23
FU-001573,ACC-007,Voyager Entertainment,ACC-007-U050,insight_dashboards,4,2026-02-23
FU-001574,ACC-007,Voyager Entertainment,ACC-007-U005,insight_dashboards,1,2026-02-23
FU-001575,ACC-007,Voyager Entertainment,ACC-007-U102,insight_dashboards,4,2026-02-23
FU-001576,ACC-007,Voyager Entertainment,ACC-007-U031,insight_dashboards,3,2026-02-23
FU-001577,ACC-007,Voyager Entertainment,ACC-007-U084,insight_dashboards,3,2026-02-23
FU-001578,ACC-007,Voyager Entertainment,ACC-007-U095,insight_dashboards,1,2026-03-02
FU-001579,ACC-007,Voyager Entertainment,ACC-007-U096,insight_dashboards,5,2026-03-02
FU-001580,ACC-007,Voyager Entertainment,ACC-007-U089,insight_dashboards,5,2026-03-02
FU-001581,ACC-007,Voyager Entertainment,ACC-007-U120,insight_dashboards,4,2026-03-02
FU-001582,ACC-007,Voyager Entertainment,ACC-007-U081,insight_dashboards,1,2026-03-02
FU-001583,ACC-007,Voyager Entertainment,ACC-007-U118,insight_dashboards,4,2026-03-02
FU-001584,ACC-007,Voyager Entertainment,ACC-007-U038,insight_dashboards,3,2026-03-02
FU-001585,ACC-007,Voyager Entertainment,ACC-007-U083,insight_dashboards,3,2026-03-02
FU-001586,ACC-007,Voyager Entertainment,ACC-007-U096,insight_dashboards,1,2026-03-09
FU-001587,ACC-007,Voyager Entertainment,ACC-007-U001,insight_dashboards,3,2026-03-09
FU-001588,ACC-007,Voyager Entertainment,ACC-007-U025,insight_dashboards,5,2026-03-09
FU-001589,ACC-007,Voyager Entertainment,ACC-007-U064,insight_dashboards,8,2026-03-09
FU-001590,ACC-007,Voyager Entertainment,ACC-007-U050,insight_dashboards,6,2026-03-09
FU-001591,ACC-007,Voyager Entertainment,ACC-007-U120,canvas_templates,1,2025-12-15
FU-001592,ACC-007,Voyager Entertainment,ACC-007-U094,canvas_templates,1,2025-12-22
FU-001593,ACC-007,Voyager Entertainment,ACC-007-U041,canvas_templates,7,2025-12-22
FU-001594,ACC-007,Voyager Entertainment,ACC-007-U047,canvas_templates,1,2025-12-22
FU-001595,ACC-007,Voyager Entertainment,ACC-007-U020,canvas_templates,1,2025-12-22
FU-001596,ACC-007,Voyager Entertainment,ACC-007-U092,canvas_templates,8,2025-12-22
FU-001597,ACC-007,Voyager Entertainment,ACC-007-U091,canvas_templates,4,2025-12-29
FU-001598,ACC-007,Voyager Entertainment,ACC-007-U033,canvas_templates,4,2025-12-29
FU-001599,ACC-007,Voyager Entertainment,ACC-007-U104,canvas_templates,2,2025-12-29
FU-001600,ACC-007,Voyager Entertainment,ACC-007-U017,canvas_templates,4,2025-12-29
FU-001601,ACC-007,Voyager Entertainment,ACC-007-U022,canvas_templates,2,2025-12-29
FU-001602,ACC-007,Voyager Entertainment,ACC-007-U066,canvas_templates,4,2025-12-29
FU-001603,ACC-007,Voyager Entertainment,ACC-007-U044,canvas_templates,4,2025-12-29
FU-001604,ACC-007,Voyager Entertainment,ACC-007-U111,canvas_templates,1,2025-12-29
FU-001605,ACC-007,Voyager Entertainment,ACC-007-U119,canvas_templates,3,2025-12-29
FU-001606,ACC-007,Voyager Entertainment,ACC-007-U010,canvas_templates,6,2025-12-29
FU-001607,ACC-007,Voyager Entertainment,ACC-007-U034,canvas_templates,4,2025-12-29
FU-001608,ACC-007,Voyager Entertainment,ACC-007-U055,canvas_templates,2,2026-01-05
FU-001609,ACC-007,Voyager Entertainment,ACC-007-U013,canvas_templates,4,2026-01-05
FU-001610,ACC-007,Voyager Entertainment,ACC-007-U104,canvas_templates,4,2026-01-05
FU-001611,ACC-007,Voyager Entertainment,ACC-007-U115,canvas_templates,2,2026-01-05
FU-001612,ACC-007,Voyager Entertainment,ACC-007-U081,canvas_templates,2,2026-01-05
FU-001613,ACC-007,Voyager Entertainment,ACC-007-U116,canvas_templates,4,2026-01-05
FU-001614,ACC-007,Voyager Entertainment,ACC-007-U030,canvas_templates,4,2026-01-05
FU-001615,ACC-007,Voyager Entertainment,ACC-007-U061,canvas_templates,8,2026-01-12
FU-001616,ACC-007,Voyager Entertainment,ACC-007-U092,canvas_templates,2,2026-01-12
FU-001617,ACC-007,Voyager Entertainment,ACC-007-U089,canvas_templates,3,2026-01-12
FU-001618,ACC-007,Voyager Entertainment,ACC-007-U080,canvas_templates,1,2026-01-12
FU-001619,ACC-007,Voyager Entertainment,ACC-007-U007,canvas_templates,1,2026-01-12
FU-001620,ACC-007,Voyager Entertainment,ACC-007-U066,canvas_templates,1,2026-01-12
FU-001621,ACC-007,Voyager Entertainment,ACC-007-U024,canvas_templates,5,2026-01-12
FU-001622,ACC-007,Voyager Entertainment,ACC-007-U096,canvas_templates,6,2026-01-12
FU-001623,ACC-007,Voyager Entertainment,ACC-007-U014,canvas_templates,1,2026-01-19
FU-001624,ACC-007,Voyager Entertainment,ACC-007-U067,canvas_templates,2,2026-01-19
FU-001625,ACC-007,Voyager Entertainment,ACC-007-U028,canvas_templates,4,2026-01-26
FU-001626,ACC-007,Voyager Entertainment,ACC-007-U085,canvas_templates,6,2026-01-26
FU-001627,ACC-007,Voyager Entertainment,ACC-007-U094,canvas_templates,4,2026-01-26
FU-001628,ACC-007,Voyager Entertainment,ACC-007-U007,canvas_templates,2,2026-01-26
FU-001629,ACC-007,Voyager Entertainment,ACC-007-U065,canvas_templates,4,2026-01-26
FU-001630,ACC-007,Voyager Entertainment,ACC-007-U062,canvas_templates,1,2026-01-26
FU-001631,ACC-007,Voyager Entertainment,ACC-007-U075,canvas_templates,1,2026-01-26
FU-001632,ACC-007,Voyager Entertainment,ACC-007-U073,canvas_templates,1,2026-01-26
FU-001633,ACC-007,Voyager Entertainment,ACC-007-U114,canvas_templates,7,2026-01-26
FU-001634,ACC-007,Voyager Entertainment,ACC-007-U029,canvas_templates,2,2026-01-26
FU-001635,ACC-007,Voyager Entertainment,ACC-007-U021,canvas_templates,8,2026-02-02
FU-001636,ACC-007,Voyager Entertainment,ACC-007-U020,canvas_templates,3,2026-02-09
FU-001637,ACC-007,Voyager Entertainment,ACC-007-U072,canvas_templates,1,2026-02-09
FU-001638,ACC-007,Voyager Entertainment,ACC-007-U073,canvas_templates,2,2026-02-09
FU-001639,ACC-007,Voyager Entertainment,ACC-007-U053,canvas_templates,3,2026-02-09
FU-001640,ACC-007,Voyager Entertainment,ACC-007-U085,canvas_templates,5,2026-02-09
FU-001641,ACC-007,Voyager Entertainment,ACC-007-U118,canvas_templates,7,2026-02-09
FU-001642,ACC-007,Voyager Entertainment,ACC-007-U094,canvas_templates,3,2026-02-09
FU-001643,ACC-007,Voyager Entertainment,ACC-007-U065,canvas_templates,5,2026-02-09
FU-001644,ACC-007,Voyager Entertainment,ACC-007-U082,canvas_templates,2,2026-02-09
FU-001645,ACC-007,Voyager Entertainment,ACC-007-U016,canvas_templates,4,2026-02-09
FU-001646,ACC-007,Voyager Entertainment,ACC-007-U065,canvas_templates,3,2026-02-16
FU-001647,ACC-007,Voyager Entertainment,ACC-007-U092,canvas_templates,5,2026-02-16
FU-001648,ACC-007,Voyager Entertainment,ACC-007-U072,canvas_templates,3,2026-02-16
FU-001649,ACC-007,Voyager Entertainment,ACC-007-U002,canvas_templates,1,2026-02-16
FU-001650,ACC-007,Voyager Entertainment,ACC-007-U047,canvas_templates,1,2026-02-16
FU-001651,ACC-007,Voyager Entertainment,ACC-007-U070,canvas_templates,3,2026-02-16
FU-001652,ACC-007,Voyager Entertainment,ACC-007-U068,canvas_templates,3,2026-02-16
FU-001653,ACC-007,Voyager Entertainment,ACC-007-U072,canvas_templates,3,2026-02-23
FU-001654,ACC-007,Voyager Entertainment,ACC-007-U064,canvas_templates,4,2026-02-23
FU-001655,ACC-007,Voyager Entertainment,ACC-007-U073,canvas_templates,4,2026-02-23
FU-001656,ACC-007,Voyager Entertainment,ACC-007-U007,canvas_templates,5,2026-02-23
FU-001657,ACC-007,Voyager Entertainment,ACC-007-U023,canvas_templates,1,2026-02-23
FU-001658,ACC-007,Voyager Entertainment,ACC-007-U036,canvas_templates,2,2026-02-23
FU-001659,ACC-007,Voyager Entertainment,ACC-007-U037,canvas_templates,2,2026-02-23
FU-001660,ACC-007,Voyager Entertainment,ACC-007-U054,canvas_templates,2,2026-02-23
FU-001661,ACC-007,Voyager Entertainment,ACC-007-U035,canvas_templates,4,2026-03-02
FU-001662,ACC-007,Voyager Entertainment,ACC-007-U004,canvas_templates,3,2026-03-02
FU-001663,ACC-007,Voyager Entertainment,ACC-007-U089,canvas_templates,5,2026-03-02
FU-001664,ACC-007,Voyager Entertainment,ACC-007-U093,canvas_templates,3,2026-03-02
FU-001665,ACC-007,Voyager Entertainment,ACC-007-U100,canvas_templates,1,2026-03-02
FU-001666,ACC-007,Voyager Entertainment,ACC-007-U075,canvas_templates,7,2026-03-02
FU-001667,ACC-007,Voyager Entertainment,ACC-007-U024,canvas_templates,4,2026-03-02
FU-001668,ACC-007,Voyager Entertainment,ACC-007-U088,canvas_templates,1,2026-03-02
FU-001669,ACC-007,Voyager Entertainment,ACC-007-U099,canvas_templates,5,2026-03-02
FU-001670,ACC-007,Voyager Entertainment,ACC-007-U061,canvas_templates,2,2026-03-02
FU-001671,ACC-007,Voyager Entertainment,ACC-007-U075,canvas_templates,4,2026-03-09
FU-001672,ACC-007,Voyager Entertainment,ACC-007-U071,canvas_templates,2,2026-03-09
FU-001673,ACC-007,Voyager Entertainment,ACC-007-U005,canvas_templates,1,2026-03-09
FU-001674,ACC-007,Voyager Entertainment,ACC-007-U012,canvas_templates,5,2026-03-09
FU-001675,ACC-007,Voyager Entertainment,ACC-007-U039,canvas_templates,2,2026-03-09
FU-001676,ACC-007,Voyager Entertainment,ACC-007-U060,canvas_templates,3,2026-03-09
FU-001677,ACC-007,Voyager Entertainment,ACC-007-U050,canvas_templates,5,2026-03-09
FU-001678,ACC-007,Voyager Entertainment,ACC-007-U070,canvas_templates,2,2026-03-09
FU-001679,ACC-007,Voyager Entertainment,ACC-007-U074,canvas_templates,3,2026-03-09
FU-001680,ACC-007,Voyager Entertainment,ACC-007-U100,canvas_templates,1,2026-03-09
FU-001681,ACC-007,Voyager Entertainment,ACC-007-U068,flow_approvals,2,2025-12-15
FU-001682,ACC-007,Voyager Entertainment,ACC-007-U093,flow_approvals,4,2025-12-15
FU-001683,ACC-007,Voyager Entertainment,ACC-007-U014,flow_approvals,3,2025-12-15
FU-001684,ACC-007,Voyager Entertainment,ACC-007-U035,flow_approvals,5,2025-12-15
FU-001685,ACC-007,Voyager Entertainment,ACC-007-U007,flow_approvals,5,2025-12-15
FU-001686,ACC-007,Voyager Entertainment,ACC-007-U100,flow_approvals,1,2025-12-15
FU-001687,ACC-007,Voyager Entertainment,ACC-007-U032,flow_approvals,2,2025-12-15
FU-001688,ACC-007,Voyager Entertainment,ACC-007-U107,flow_approvals,2,2025-12-15
FU-001689,ACC-007,Voyager Entertainment,ACC-007-U069,flow_approvals,2,2025-12-15
FU-001690,ACC-007,Voyager Entertainment,ACC-007-U109,flow_approvals,4,2025-12-15
FU-001691,ACC-007,Voyager Entertainment,ACC-007-U033,flow_approvals,2,2025-12-15
FU-001692,ACC-007,Voyager Entertainment,ACC-007-U114,flow_approvals,5,2025-12-15
FU-001693,ACC-007,Voyager Entertainment,ACC-007-U086,flow_approvals,5,2025-12-22
FU-001694,ACC-007,Voyager Entertainment,ACC-007-U010,flow_approvals,1,2025-12-22
FU-001695,ACC-007,Voyager Entertainment,ACC-007-U118,flow_approvals,2,2025-12-22
FU-001696,ACC-007,Voyager Entertainment,ACC-007-U061,flow_approvals,6,2025-12-22
FU-001697,ACC-007,Voyager Entertainment,ACC-007-U046,flow_approvals,1,2025-12-22
FU-001698,ACC-007,Voyager Entertainment,ACC-007-U107,flow_approvals,4,2025-12-22
FU-001699,ACC-007,Voyager Entertainment,ACC-007-U114,flow_approvals,3,2025-12-22
FU-001700,ACC-007,Voyager Entertainment,ACC-007-U076,flow_approvals,6,2025-12-22
FU-001701,ACC-007,Voyager Entertainment,ACC-007-U049,flow_approvals,1,2025-12-22
FU-001702,ACC-007,Voyager Entertainment,ACC-007-U053,flow_approvals,2,2025-12-22
FU-001703,ACC-007,Voyager Entertainment,ACC-007-U045,flow_approvals,4,2025-12-29
FU-001704,ACC-007,Voyager Entertainment,ACC-007-U061,flow_approvals,4,2025-12-29
FU-001705,ACC-007,Voyager Entertainment,ACC-007-U016,flow_approvals,1,2025-12-29
FU-001706,ACC-007,Voyager Entertainment,ACC-007-U007,flow_approvals,1,2025-12-29
FU-001707,ACC-007,Voyager Entertainment,ACC-007-U062,flow_approvals,5,2025-12-29
FU-001708,ACC-007,Voyager Entertainment,ACC-007-U006,flow_approvals,2,2025-12-29
FU-001709,ACC-007,Voyager Entertainment,ACC-007-U050,flow_approvals,2,2025-12-29
FU-001710,ACC-007,Voyager Entertainment,ACC-007-U015,flow_approvals,4,2025-12-29
FU-001711,ACC-007,Voyager Entertainment,ACC-007-U013,flow_approvals,2,2025-12-29
FU-001712,ACC-007,Voyager Entertainment,ACC-007-U033,flow_approvals,5,2025-12-29
FU-001713,ACC-007,Voyager Entertainment,ACC-007-U112,flow_approvals,4,2025-12-29
FU-001714,ACC-007,Voyager Entertainment,ACC-007-U002,flow_approvals,6,2025-12-29
FU-001715,ACC-007,Voyager Entertainment,ACC-007-U023,flow_approvals,4,2025-12-29
FU-001716,ACC-007,Voyager Entertainment,ACC-007-U077,flow_approvals,1,2026-01-05
FU-001717,ACC-007,Voyager Entertainment,ACC-007-U039,flow_approvals,2,2026-01-12
FU-001718,ACC-007,Voyager Entertainment,ACC-007-U037,flow_approvals,1,2026-01-12
FU-001719,ACC-007,Voyager Entertainment,ACC-007-U028,flow_approvals,3,2026-01-12
FU-001720,ACC-007,Voyager Entertainment,ACC-007-U056,flow_approvals,2,2026-01-12
FU-001721,ACC-007,Voyager Entertainment,ACC-007-U003,flow_approvals,4,2026-01-12
FU-001722,ACC-007,Voyager Entertainment,ACC-007-U103,flow_approvals,4,2026-01-12
FU-001723,ACC-007,Voyager Entertainment,ACC-007-U095,flow_approvals,1,2026-01-12
FU-001724,ACC-007,Voyager Entertainment,ACC-007-U035,flow_approvals,4,2026-01-12
FU-001725,ACC-007,Voyager Entertainment,ACC-007-U069,flow_approvals,1,2026-01-12
FU-001726,ACC-007,Voyager Entertainment,ACC-007-U066,flow_approvals,6,2026-01-12
FU-001727,ACC-007,Voyager Entertainment,ACC-007-U104,flow_approvals,2,2026-01-12
FU-001728,ACC-007,Voyager Entertainment,ACC-007-U085,flow_approvals,4,2026-01-12
FU-001729,ACC-007,Voyager Entertainment,ACC-007-U077,flow_approvals,1,2026-01-19
FU-001730,ACC-007,Voyager Entertainment,ACC-007-U090,flow_approvals,2,2026-01-19
FU-001731,ACC-007,Voyager Entertainment,ACC-007-U087,flow_approvals,4,2026-01-19
FU-001732,ACC-007,Voyager Entertainment,ACC-007-U002,flow_approvals,2,2026-01-19
FU-001733,ACC-007,Voyager Entertainment,ACC-007-U082,flow_approvals,3,2026-01-19
FU-001734,ACC-007,Voyager Entertainment,ACC-007-U005,flow_approvals,2,2026-01-19
FU-001735,ACC-007,Voyager Entertainment,ACC-007-U117,flow_approvals,1,2026-01-19
FU-001736,ACC-007,Voyager Entertainment,ACC-007-U065,flow_approvals,5,2026-01-19
FU-001737,ACC-007,Voyager Entertainment,ACC-007-U060,flow_approvals,1,2026-01-26
FU-001738,ACC-007,Voyager Entertainment,ACC-007-U036,flow_approvals,5,2026-01-26
FU-001739,ACC-007,Voyager Entertainment,ACC-007-U028,flow_approvals,1,2026-02-02
FU-001740,ACC-007,Voyager Entertainment,ACC-007-U025,flow_approvals,2,2026-02-02
FU-001741,ACC-007,Voyager Entertainment,ACC-007-U039,flow_approvals,5,2026-02-02
FU-001742,ACC-007,Voyager Entertainment,ACC-007-U120,flow_approvals,4,2026-02-02
FU-001743,ACC-007,Voyager Entertainment,ACC-007-U001,flow_approvals,4,2026-02-02
FU-001744,ACC-007,Voyager Entertainment,ACC-007-U106,flow_approvals,2,2026-02-09
FU-001745,ACC-007,Voyager Entertainment,ACC-007-U026,flow_approvals,5,2026-02-09
FU-001746,ACC-007,Voyager Entertainment,ACC-007-U027,flow_approvals,3,2026-02-09
FU-001747,ACC-007,Voyager Entertainment,ACC-007-U025,flow_approvals,5,2026-02-09
FU-001748,ACC-007,Voyager Entertainment,ACC-007-U105,flow_approvals,5,2026-02-09
FU-001749,ACC-007,Voyager Entertainment,ACC-007-U100,flow_approvals,2,2026-02-09
FU-001750,ACC-007,Voyager Entertainment,ACC-007-U038,flow_approvals,1,2026-02-09
FU-001751,ACC-007,Voyager Entertainment,ACC-007-U111,flow_approvals,2,2026-02-09
FU-001752,ACC-007,Voyager Entertainment,ACC-007-U114,flow_approvals,4,2026-02-09
FU-001753,ACC-007,Voyager Entertainment,ACC-007-U030,flow_approvals,1,2026-02-09
FU-001754,ACC-007,Voyager Entertainment,ACC-007-U096,flow_approvals,3,2026-02-09
FU-001755,ACC-007,Voyager Entertainment,ACC-007-U012,flow_approvals,3,2026-02-09
FU-001756,ACC-007,Voyager Entertainment,ACC-007-U051,flow_approvals,5,2026-02-16
FU-001757,ACC-007,Voyager Entertainment,ACC-007-U115,flow_approvals,4,2026-02-16
FU-001758,ACC-007,Voyager Entertainment,ACC-007-U016,flow_approvals,3,2026-02-16
FU-001759,ACC-007,Voyager Entertainment,ACC-007-U096,flow_approvals,1,2026-02-23
FU-001760,ACC-007,Voyager Entertainment,ACC-007-U067,flow_approvals,6,2026-02-23
FU-001761,ACC-007,Voyager Entertainment,ACC-007-U109,flow_approvals,4,2026-02-23
FU-001762,ACC-007,Voyager Entertainment,ACC-007-U041,flow_approvals,4,2026-02-23
FU-001763,ACC-007,Voyager Entertainment,ACC-007-U112,flow_approvals,1,2026-02-23
FU-001764,ACC-007,Voyager Entertainment,ACC-007-U020,flow_approvals,5,2026-02-23
FU-001765,ACC-007,Voyager Entertainment,ACC-007-U109,flow_approvals,1,2026-03-02
FU-001766,ACC-007,Voyager Entertainment,ACC-007-U091,flow_approvals,5,2026-03-02
FU-001767,ACC-007,Voyager Entertainment,ACC-007-U081,flow_approvals,2,2026-03-02
FU-001768,ACC-007,Voyager Entertainment,ACC-007-U118,flow_approvals,4,2026-03-02
FU-001769,ACC-007,Voyager Entertainment,ACC-007-U044,flow_approvals,6,2026-03-02
FU-001770,ACC-007,Voyager Entertainment,ACC-007-U061,flow_approvals,3,2026-03-02
FU-001771,ACC-007,Voyager Entertainment,ACC-007-U066,flow_approvals,5,2026-03-02
FU-001772,ACC-007,Voyager Entertainment,ACC-007-U089,flow_approvals,4,2026-03-02
FU-001773,ACC-007,Voyager Entertainment,ACC-007-U071,flow_approvals,4,2026-03-02
FU-001774,ACC-007,Voyager Entertainment,ACC-007-U037,flow_approvals,2,2026-03-02
FU-001775,ACC-007,Voyager Entertainment,ACC-007-U052,flow_approvals,6,2026-03-09
FU-001776,ACC-007,Voyager Entertainment,ACC-007-U030,flow_approvals,4,2026-03-09
FU-001777,ACC-007,Voyager Entertainment,ACC-007-U096,flow_approvals,1,2026-03-09
FU-001778,ACC-007,Voyager Entertainment,ACC-007-U039,flow_approvals,3,2026-03-09
FU-001779,ACC-007,Voyager Entertainment,ACC-007-U104,canvas_collab_edit,4,2025-12-15
FU-001780,ACC-007,Voyager Entertainment,ACC-007-U092,canvas_collab_edit,1,2025-12-15
FU-001781,ACC-007,Voyager Entertainment,ACC-007-U057,canvas_collab_edit,3,2025-12-15
FU-001782,ACC-007,Voyager Entertainment,ACC-007-U093,canvas_collab_edit,3,2025-12-15
FU-001783,ACC-007,Voyager Entertainment,ACC-007-U033,canvas_collab_edit,1,2025-12-15
FU-001784,ACC-007,Voyager Entertainment,ACC-007-U014,canvas_collab_edit,6,2025-12-15
FU-001785,ACC-007,Voyager Entertainment,ACC-007-U071,canvas_collab_edit,3,2025-12-15
FU-001786,ACC-007,Voyager Entertainment,ACC-007-U117,canvas_collab_edit,2,2025-12-15
FU-001787,ACC-007,Voyager Entertainment,ACC-007-U010,canvas_collab_edit,3,2025-12-15
FU-001788,ACC-007,Voyager Entertainment,ACC-007-U068,canvas_collab_edit,4,2025-12-22
FU-001789,ACC-007,Voyager Entertainment,ACC-007-U022,canvas_collab_edit,3,2025-12-22
FU-001790,ACC-007,Voyager Entertainment,ACC-007-U095,canvas_collab_edit,1,2025-12-22
FU-001791,ACC-007,Voyager Entertainment,ACC-007-U069,canvas_collab_edit,3,2025-12-22
FU-001792,ACC-007,Voyager Entertainment,ACC-007-U072,canvas_collab_edit,2,2025-12-22
FU-001793,ACC-007,Voyager Entertainment,ACC-007-U034,canvas_collab_edit,1,2025-12-29
FU-001794,ACC-007,Voyager Entertainment,ACC-007-U056,canvas_collab_edit,3,2025-12-29
FU-001795,ACC-007,Voyager Entertainment,ACC-007-U030,canvas_collab_edit,3,2025-12-29
FU-001796,ACC-007,Voyager Entertainment,ACC-007-U048,canvas_collab_edit,1,2025-12-29
FU-001797,ACC-007,Voyager Entertainment,ACC-007-U058,canvas_collab_edit,2,2025-12-29
FU-001798,ACC-007,Voyager Entertainment,ACC-007-U094,canvas_collab_edit,8,2025-12-29
FU-001799,ACC-007,Voyager Entertainment,ACC-007-U014,canvas_collab_edit,4,2025-12-29
FU-001800,ACC-007,Voyager Entertainment,ACC-007-U069,canvas_collab_edit,2,2025-12-29
FU-001801,ACC-007,Voyager Entertainment,ACC-007-U103,canvas_collab_edit,1,2025-12-29
FU-001802,ACC-007,Voyager Entertainment,ACC-007-U089,canvas_collab_edit,3,2025-12-29
FU-001803,ACC-007,Voyager Entertainment,ACC-007-U104,canvas_collab_edit,2,2025-12-29
FU-001804,ACC-007,Voyager Entertainment,ACC-007-U058,canvas_collab_edit,1,2026-01-05
FU-001805,ACC-007,Voyager Entertainment,ACC-007-U034,canvas_collab_edit,1,2026-01-05
FU-001806,ACC-007,Voyager Entertainment,ACC-007-U087,canvas_collab_edit,4,2026-01-05
FU-001807,ACC-007,Voyager Entertainment,ACC-007-U096,canvas_collab_edit,5,2026-01-05
FU-001808,ACC-007,Voyager Entertainment,ACC-007-U070,canvas_collab_edit,5,2026-01-12
FU-001809,ACC-007,Voyager Entertainment,ACC-007-U004,canvas_collab_edit,4,2026-01-12
FU-001810,ACC-007,Voyager Entertainment,ACC-007-U057,canvas_collab_edit,4,2026-01-12
FU-001811,ACC-007,Voyager Entertainment,ACC-007-U010,canvas_collab_edit,1,2026-01-12
FU-001812,ACC-007,Voyager Entertainment,ACC-007-U017,canvas_collab_edit,7,2026-01-12
FU-001813,ACC-007,Voyager Entertainment,ACC-007-U032,canvas_collab_edit,3,2026-01-12
FU-001814,ACC-007,Voyager Entertainment,ACC-007-U025,canvas_collab_edit,1,2026-01-12
FU-001815,ACC-007,Voyager Entertainment,ACC-007-U055,canvas_collab_edit,1,2026-01-12
FU-001816,ACC-007,Voyager Entertainment,ACC-007-U066,canvas_collab_edit,4,2026-01-12
FU-001817,ACC-007,Voyager Entertainment,ACC-007-U014,canvas_collab_edit,1,2026-01-12
FU-001818,ACC-007,Voyager Entertainment,ACC-007-U088,canvas_collab_edit,2,2026-01-12
FU-001819,ACC-007,Voyager Entertainment,ACC-007-U003,canvas_collab_edit,5,2026-01-19
FU-001820,ACC-007,Voyager Entertainment,ACC-007-U035,canvas_collab_edit,4,2026-01-19
FU-001821,ACC-007,Voyager Entertainment,ACC-007-U087,canvas_collab_edit,3,2026-01-19
FU-001822,ACC-007,Voyager Entertainment,ACC-007-U014,canvas_collab_edit,4,2026-01-19
FU-001823,ACC-007,Voyager Entertainment,ACC-007-U033,canvas_collab_edit,1,2026-01-19
FU-001824,ACC-007,Voyager Entertainment,ACC-007-U107,canvas_collab_edit,1,2026-01-19
FU-001825,ACC-007,Voyager Entertainment,ACC-007-U090,canvas_collab_edit,5,2026-01-19
FU-001826,ACC-007,Voyager Entertainment,ACC-007-U044,canvas_collab_edit,3,2026-01-19
FU-001827,ACC-007,Voyager Entertainment,ACC-007-U118,canvas_collab_edit,5,2026-01-19
FU-001828,ACC-007,Voyager Entertainment,ACC-007-U070,canvas_collab_edit,5,2026-01-19
FU-001829,ACC-007,Voyager Entertainment,ACC-007-U069,canvas_collab_edit,1,2026-01-19
FU-001830,ACC-007,Voyager Entertainment,ACC-007-U116,canvas_collab_edit,4,2026-01-19
FU-001831,ACC-007,Voyager Entertainment,ACC-007-U053,canvas_collab_edit,6,2026-01-19
FU-001832,ACC-007,Voyager Entertainment,ACC-007-U037,canvas_collab_edit,2,2026-01-26
FU-001833,ACC-007,Voyager Entertainment,ACC-007-U005,canvas_collab_edit,1,2026-01-26
FU-001834,ACC-007,Voyager Entertainment,ACC-007-U108,canvas_collab_edit,2,2026-01-26
FU-001835,ACC-007,Voyager Entertainment,ACC-007-U002,canvas_collab_edit,2,2026-01-26
FU-001836,ACC-007,Voyager Entertainment,ACC-007-U020,canvas_collab_edit,1,2026-01-26
FU-001837,ACC-007,Voyager Entertainment,ACC-007-U009,canvas_collab_edit,1,2026-01-26
FU-001838,ACC-007,Voyager Entertainment,ACC-007-U104,canvas_collab_edit,4,2026-01-26
FU-001839,ACC-007,Voyager Entertainment,ACC-007-U001,canvas_collab_edit,5,2026-01-26
FU-001840,ACC-007,Voyager Entertainment,ACC-007-U101,canvas_collab_edit,4,2026-01-26
FU-001841,ACC-007,Voyager Entertainment,ACC-007-U088,canvas_collab_edit,2,2026-01-26
FU-001842,ACC-007,Voyager Entertainment,ACC-007-U088,canvas_collab_edit,1,2026-02-02
FU-001843,ACC-007,Voyager Entertainment,ACC-007-U057,canvas_collab_edit,5,2026-02-02
FU-001844,ACC-007,Voyager Entertainment,ACC-007-U074,canvas_collab_edit,7,2026-02-02
FU-001845,ACC-007,Voyager Entertainment,ACC-007-U027,canvas_collab_edit,2,2026-02-02
FU-001846,ACC-007,Voyager Entertainment,ACC-007-U106,canvas_collab_edit,2,2026-02-02
FU-001847,ACC-007,Voyager Entertainment,ACC-007-U075,canvas_collab_edit,3,2026-02-02
FU-001848,ACC-007,Voyager Entertainment,ACC-007-U073,canvas_collab_edit,2,2026-02-02
FU-001849,ACC-007,Voyager Entertainment,ACC-007-U095,canvas_collab_edit,4,2026-02-02
FU-001850,ACC-007,Voyager Entertainment,ACC-007-U075,canvas_collab_edit,1,2026-02-09
FU-001851,ACC-007,Voyager Entertainment,ACC-007-U067,canvas_collab_edit,2,2026-02-09
FU-001852,ACC-007,Voyager Entertainment,ACC-007-U077,canvas_collab_edit,1,2026-02-09
FU-001853,ACC-007,Voyager Entertainment,ACC-007-U006,canvas_collab_edit,2,2026-02-09
FU-001854,ACC-007,Voyager Entertainment,ACC-007-U092,canvas_collab_edit,2,2026-02-09
FU-001855,ACC-007,Voyager Entertainment,ACC-007-U109,canvas_collab_edit,6,2026-02-09
FU-001856,ACC-007,Voyager Entertainment,ACC-007-U073,canvas_collab_edit,3,2026-02-09
FU-001857,ACC-007,Voyager Entertainment,ACC-007-U063,canvas_collab_edit,3,2026-02-09
FU-001858,ACC-007,Voyager Entertainment,ACC-007-U095,canvas_collab_edit,1,2026-02-09
FU-001859,ACC-007,Voyager Entertainment,ACC-007-U090,canvas_collab_edit,7,2026-02-16
FU-001860,ACC-007,Voyager Entertainment,ACC-007-U032,canvas_collab_edit,3,2026-02-16
FU-001861,ACC-007,Voyager Entertainment,ACC-007-U067,canvas_collab_edit,5,2026-02-16
FU-001862,ACC-007,Voyager Entertainment,ACC-007-U010,canvas_collab_edit,7,2026-02-16
FU-001863,ACC-007,Voyager Entertainment,ACC-007-U113,canvas_collab_edit,3,2026-02-16
FU-001864,ACC-007,Voyager Entertainment,ACC-007-U011,canvas_collab_edit,6,2026-02-23
FU-001865,ACC-007,Voyager Entertainment,ACC-007-U079,canvas_collab_edit,2,2026-02-23
FU-001866,ACC-007,Voyager Entertainment,ACC-007-U043,canvas_collab_edit,1,2026-02-23
FU-001867,ACC-007,Voyager Entertainment,ACC-007-U102,canvas_collab_edit,3,2026-02-23
FU-001868,ACC-007,Voyager Entertainment,ACC-007-U062,canvas_collab_edit,1,2026-03-02
FU-001869,ACC-007,Voyager Entertainment,ACC-007-U037,canvas_collab_edit,5,2026-03-02
FU-001870,ACC-007,Voyager Entertainment,ACC-007-U112,canvas_collab_edit,1,2026-03-02
FU-001871,ACC-007,Voyager Entertainment,ACC-007-U033,canvas_collab_edit,3,2026-03-02
FU-001872,ACC-007,Voyager Entertainment,ACC-007-U119,canvas_collab_edit,2,2026-03-02
FU-001873,ACC-007,Voyager Entertainment,ACC-007-U042,canvas_collab_edit,1,2026-03-02
FU-001874,ACC-007,Voyager Entertainment,ACC-007-U053,canvas_collab_edit,1,2026-03-02
FU-001875,ACC-007,Voyager Entertainment,ACC-007-U089,canvas_collab_edit,5,2026-03-02
FU-001876,ACC-007,Voyager Entertainment,ACC-007-U060,canvas_collab_edit,3,2026-03-09
FU-001877,ACC-007,Voyager Entertainment,ACC-007-U095,canvas_collab_edit,6,2026-03-09
FU-001878,ACC-007,Voyager Entertainment,ACC-007-U067,canvas_collab_edit,1,2026-03-09
FU-001879,ACC-007,Voyager Entertainment,ACC-007-U111,canvas_collab_edit,4,2026-03-09
FU-001880,ACC-007,Voyager Entertainment,ACC-007-U107,canvas_collab_edit,1,2026-03-09
FU-001881,ACC-007,Voyager Entertainment,ACC-007-U085,canvas_collab_edit,5,2026-03-09
FU-001882,ACC-007,Voyager Entertainment,ACC-007-U037,canvas_collab_edit,1,2026-03-09
FU-001883,ACC-007,Voyager Entertainment,ACC-007-U065,canvas_collab_edit,3,2026-03-09
FU-001884,ACC-007,Voyager Entertainment,ACC-007-U004,insight_api,6,2025-12-15
FU-001885,ACC-007,Voyager Entertainment,ACC-007-U069,insight_api,5,2025-12-22
FU-001886,ACC-007,Voyager Entertainment,ACC-007-U073,insight_api,5,2025-12-22
FU-001887,ACC-007,Voyager Entertainment,ACC-007-U095,insight_api,6,2025-12-22
FU-001888,ACC-007,Voyager Entertainment,ACC-007-U038,insight_api,3,2025-12-29
FU-001889,ACC-007,Voyager Entertainment,ACC-007-U111,insight_api,4,2025-12-29
FU-001890,ACC-007,Voyager Entertainment,ACC-007-U023,insight_api,2,2025-12-29
FU-001891,ACC-007,Voyager Entertainment,ACC-007-U065,insight_api,4,2026-01-05
FU-001892,ACC-007,Voyager Entertainment,ACC-007-U085,insight_api,5,2026-01-05
FU-001893,ACC-007,Voyager Entertainment,ACC-007-U066,insight_api,4,2026-01-05
FU-001894,ACC-007,Voyager Entertainment,ACC-007-U008,insight_api,5,2026-01-05
FU-001895,ACC-007,Voyager Entertainment,ACC-007-U101,insight_api,3,2026-01-05
FU-001896,ACC-007,Voyager Entertainment,ACC-007-U016,insight_api,4,2026-01-05
FU-001897,ACC-007,Voyager Entertainment,ACC-007-U032,insight_api,3,2026-01-05
FU-001898,ACC-007,Voyager Entertainment,ACC-007-U117,insight_api,1,2026-01-05
FU-001899,ACC-007,Voyager Entertainment,ACC-007-U093,insight_api,1,2026-01-05
FU-001900,ACC-007,Voyager Entertainment,ACC-007-U060,insight_api,2,2026-01-05
FU-001901,ACC-007,Voyager Entertainment,ACC-007-U111,insight_api,1,2026-01-05
FU-001902,ACC-007,Voyager Entertainment,ACC-007-U118,insight_api,3,2026-01-05
FU-001903,ACC-007,Voyager Entertainment,ACC-007-U030,insight_api,4,2026-01-12
FU-001904,ACC-007,Voyager Entertainment,ACC-007-U081,insight_api,4,2026-01-12
FU-001905,ACC-007,Voyager Entertainment,ACC-007-U060,insight_api,2,2026-01-12
FU-001906,ACC-007,Voyager Entertainment,ACC-007-U041,insight_api,3,2026-01-12
FU-001907,ACC-007,Voyager Entertainment,ACC-007-U108,insight_api,6,2026-01-12
FU-001908,ACC-007,Voyager Entertainment,ACC-007-U014,insight_api,1,2026-01-12
FU-001909,ACC-007,Voyager Entertainment,ACC-007-U070,insight_api,3,2026-01-19
FU-001910,ACC-007,Voyager Entertainment,ACC-007-U082,insight_api,3,2026-01-19
FU-001911,ACC-007,Voyager Entertainment,ACC-007-U120,insight_api,5,2026-01-19
FU-001912,ACC-007,Voyager Entertainment,ACC-007-U007,insight_api,7,2026-01-19
FU-001913,ACC-007,Voyager Entertainment,ACC-007-U043,insight_api,3,2026-01-19
FU-001914,ACC-007,Voyager Entertainment,ACC-007-U050,insight_api,2,2026-01-19
FU-001915,ACC-007,Voyager Entertainment,ACC-007-U001,insight_api,5,2026-01-19
FU-001916,ACC-007,Voyager Entertainment,ACC-007-U023,insight_api,1,2026-01-19
FU-001917,ACC-007,Voyager Entertainment,ACC-007-U118,insight_api,1,2026-01-19
FU-001918,ACC-007,Voyager Entertainment,ACC-007-U024,insight_api,4,2026-01-19
FU-001919,ACC-007,Voyager Entertainment,ACC-007-U020,insight_api,5,2026-01-19
FU-001920,ACC-007,Voyager Entertainment,ACC-007-U035,insight_api,3,2026-01-19
FU-001921,ACC-007,Voyager Entertainment,ACC-007-U002,insight_api,2,2026-01-26
FU-001922,ACC-007,Voyager Entertainment,ACC-007-U079,insight_api,2,2026-01-26
FU-001923,ACC-007,Voyager Entertainment,ACC-007-U088,insight_api,5,2026-01-26
FU-001924,ACC-007,Voyager Entertainment,ACC-007-U053,insight_api,2,2026-01-26
FU-001925,ACC-007,Voyager Entertainment,ACC-007-U036,insight_api,2,2026-01-26
FU-001926,ACC-007,Voyager Entertainment,ACC-007-U019,insight_api,5,2026-01-26
FU-001927,ACC-007,Voyager Entertainment,ACC-007-U025,insight_api,4,2026-02-02
FU-001928,ACC-007,Voyager Entertainment,ACC-007-U023,insight_api,4,2026-02-02
FU-001929,ACC-007,Voyager Entertainment,ACC-007-U100,insight_api,4,2026-02-02
FU-001930,ACC-007,Voyager Entertainment,ACC-007-U111,insight_api,2,2026-02-02
FU-001931,ACC-007,Voyager Entertainment,ACC-007-U098,insight_api,3,2026-02-02
FU-001932,ACC-007,Voyager Entertainment,ACC-007-U001,insight_api,1,2026-02-02
FU-001933,ACC-007,Voyager Entertainment,ACC-007-U005,insight_api,3,2026-02-02
FU-001934,ACC-007,Voyager Entertainment,ACC-007-U089,insight_api,6,2026-02-02
FU-001935,ACC-007,Voyager Entertainment,ACC-007-U091,insight_api,3,2026-02-02
FU-001936,ACC-007,Voyager Entertainment,ACC-007-U094,insight_api,3,2026-02-02
FU-001937,ACC-007,Voyager Entertainment,ACC-007-U068,insight_api,1,2026-02-02
FU-001938,ACC-007,Voyager Entertainment,ACC-007-U008,insight_api,5,2026-02-09
FU-001939,ACC-007,Voyager Entertainment,ACC-007-U036,insight_api,3,2026-02-09
FU-001940,ACC-007,Voyager Entertainment,ACC-007-U016,insight_api,1,2026-02-09
FU-001941,ACC-007,Voyager Entertainment,ACC-007-U075,insight_api,5,2026-02-09
FU-001942,ACC-007,Voyager Entertainment,ACC-007-U025,insight_api,3,2026-02-09
FU-001943,ACC-007,Voyager Entertainment,ACC-007-U053,insight_api,6,2026-02-09
FU-001944,ACC-007,Voyager Entertainment,ACC-007-U033,insight_api,6,2026-02-09
FU-001945,ACC-007,Voyager Entertainment,ACC-007-U001,insight_api,2,2026-02-09
FU-001946,ACC-007,Voyager Entertainment,ACC-007-U104,insight_api,3,2026-02-09
FU-001947,ACC-007,Voyager Entertainment,ACC-007-U015,insight_api,3,2026-02-16
FU-001948,ACC-007,Voyager Entertainment,ACC-007-U029,insight_api,1,2026-02-16
FU-001949,ACC-007,Voyager Entertainment,ACC-007-U086,insight_api,3,2026-02-16
FU-001950,ACC-007,Voyager Entertainment,ACC-007-U092,insight_api,3,2026-02-16
FU-001951,ACC-007,Voyager Entertainment,ACC-007-U112,insight_api,3,2026-02-16
FU-001952,ACC-007,Voyager Entertainment,ACC-007-U022,insight_api,4,2026-02-16
FU-001953,ACC-007,Voyager Entertainment,ACC-007-U093,insight_api,4,2026-02-23
FU-001954,ACC-007,Voyager Entertainment,ACC-007-U097,insight_api,6,2026-02-23
FU-001955,ACC-007,Voyager Entertainment,ACC-007-U104,insight_api,1,2026-02-23
FU-001956,ACC-007,Voyager Entertainment,ACC-007-U016,insight_api,1,2026-02-23
FU-001957,ACC-007,Voyager Entertainment,ACC-007-U041,insight_api,3,2026-03-02
FU-001958,ACC-007,Voyager Entertainment,ACC-007-U119,insight_api,4,2026-03-02
FU-001959,ACC-007,Voyager Entertainment,ACC-007-U114,insight_api,5,2026-03-02
FU-001960,ACC-007,Voyager Entertainment,ACC-007-U108,insight_api,6,2026-03-02
FU-001961,ACC-007,Voyager Entertainment,ACC-007-U065,insight_api,4,2026-03-02
FU-001962,ACC-007,Voyager Entertainment,ACC-007-U115,insight_api,1,2026-03-02
FU-001963,ACC-007,Voyager Entertainment,ACC-007-U016,insight_api,6,2026-03-02
FU-001964,ACC-007,Voyager Entertainment,ACC-007-U037,insight_api,5,2026-03-02
FU-001965,ACC-007,Voyager Entertainment,ACC-007-U024,insight_api,6,2026-03-02
FU-001966,ACC-007,Voyager Entertainment,ACC-007-U064,insight_api,4,2026-03-02
FU-001967,ACC-007,Voyager Entertainment,ACC-007-U106,insight_api,1,2026-03-09
FU-001968,ACC-007,Voyager Entertainment,ACC-007-U109,insight_api,3,2026-03-09
FU-001969,ACC-007,Voyager Entertainment,ACC-007-U075,insight_api,7,2026-03-09
FU-001970,ACC-007,Voyager Entertainment,ACC-007-U044,insight_api,3,2026-03-09
FU-001971,ACC-007,Voyager Entertainment,ACC-007-U029,insight_api,5,2026-03-09
FU-001972,ACC-007,Voyager Entertainment,ACC-007-U088,insight_api,1,2026-03-09
FU-001973,ACC-007,Voyager Entertainment,ACC-007-U019,insight_api,3,2026-03-09
FU-001974,ACC-007,Voyager Entertainment,ACC-007-U012,insight_api,2,2026-03-09
FU-001975,ACC-007,Voyager Entertainment,ACC-007-U001,insight_api,2,2026-03-09
FU-001976,ACC-007,Voyager Entertainment,ACC-007-U043,insight_api,6,2026-03-09
FU-001977,ACC-007,Voyager Entertainment,ACC-007-U079,insight_api,3,2026-03-09
FU-001978,ACC-007,Voyager Entertainment,ACC-007-U092,canvas_layers,7,2025-12-15
FU-001979,ACC-007,Voyager Entertainment,ACC-007-U080,canvas_layers,1,2025-12-22
FU-001980,ACC-007,Voyager Entertainment,ACC-007-U083,canvas_layers,1,2025-12-22
FU-001981,ACC-007,Voyager Entertainment,ACC-007-U039,canvas_layers,7,2025-12-22
FU-001982,ACC-007,Voyager Entertainment,ACC-007-U089,canvas_layers,2,2025-12-22
FU-001983,ACC-007,Voyager Entertainment,ACC-007-U091,canvas_layers,5,2025-12-22
FU-001984,ACC-007,Voyager Entertainment,ACC-007-U016,canvas_layers,2,2025-12-22
FU-001985,ACC-007,Voyager Entertainment,ACC-007-U003,canvas_layers,1,2025-12-29
FU-001986,ACC-007,Voyager Entertainment,ACC-007-U086,canvas_layers,1,2025-12-29
FU-001987,ACC-007,Voyager Entertainment,ACC-007-U014,canvas_layers,5,2025-12-29
FU-001988,ACC-007,Voyager Entertainment,ACC-007-U045,canvas_layers,3,2026-01-05
FU-001989,ACC-007,Voyager Entertainment,ACC-007-U103,canvas_layers,3,2026-01-12
FU-001990,ACC-007,Voyager Entertainment,ACC-007-U118,canvas_layers,1,2026-01-12
FU-001991,ACC-007,Voyager Entertainment,ACC-007-U027,canvas_layers,1,2026-01-12
FU-001992,ACC-007,Voyager Entertainment,ACC-007-U086,canvas_layers,1,2026-01-19
FU-001993,ACC-007,Voyager Entertainment,ACC-007-U015,canvas_layers,8,2026-01-26
FU-001994,ACC-007,Voyager Entertainment,ACC-007-U119,canvas_layers,2,2026-01-26
FU-001995,ACC-007,Voyager Entertainment,ACC-007-U001,canvas_layers,2,2026-01-26
FU-001996,ACC-007,Voyager Entertainment,ACC-007-U067,canvas_layers,1,2026-02-02
FU-001997,ACC-007,Voyager Entertainment,ACC-007-U018,canvas_layers,2,2026-02-02
FU-001998,ACC-007,Voyager Entertainment,ACC-007-U105,canvas_layers,1,2026-02-02
FU-001999,ACC-007,Voyager Entertainment,ACC-007-U004,canvas_layers,5,2026-02-02
FU-002000,ACC-007,Voyager Entertainment,ACC-007-U053,canvas_layers,5,2026-02-02
FU-002001,ACC-007,Voyager Entertainment,ACC-007-U034,canvas_layers,1,2026-02-02
FU-002002,ACC-007,Voyager Entertainment,ACC-007-U081,canvas_layers,2,2026-02-09
FU-002003,ACC-007,Voyager Entertainment,ACC-007-U023,canvas_layers,4,2026-02-09
FU-002004,ACC-007,Voyager Entertainment,ACC-007-U019,canvas_layers,2,2026-02-16
FU-002005,ACC-007,Voyager Entertainment,ACC-007-U083,canvas_layers,2,2026-02-16
FU-002006,ACC-007,Voyager Entertainment,ACC-007-U089,canvas_layers,2,2026-02-16
FU-002007,ACC-007,Voyager Entertainment,ACC-007-U086,canvas_layers,1,2026-02-16
FU-002008,ACC-007,Voyager Entertainment,ACC-007-U094,canvas_layers,4,2026-02-23
FU-002009,ACC-007,Voyager Entertainment,ACC-007-U090,canvas_layers,3,2026-02-23
FU-002010,ACC-007,Voyager Entertainment,ACC-007-U017,canvas_layers,5,2026-02-23
FU-002011,ACC-007,Voyager Entertainment,ACC-007-U007,canvas_layers,2,2026-02-23
FU-002012,ACC-007,Voyager Entertainment,ACC-007-U096,canvas_layers,1,2026-02-23
FU-002013,ACC-007,Voyager Entertainment,ACC-007-U082,canvas_layers,2,2026-02-23
FU-002014,ACC-007,Voyager Entertainment,ACC-007-U057,canvas_layers,1,2026-03-02
FU-002015,ACC-007,Voyager Entertainment,ACC-007-U108,canvas_layers,6,2026-03-02
FU-002016,ACC-007,Voyager Entertainment,ACC-007-U010,canvas_layers,3,2026-03-02
FU-002017,ACC-007,Voyager Entertainment,ACC-007-U115,canvas_layers,5,2026-03-02
FU-002018,ACC-007,Voyager Entertainment,ACC-007-U103,canvas_layers,1,2026-03-09
FU-002019,ACC-007,Voyager Entertainment,ACC-007-U035,canvas_layers,5,2026-03-09
FU-002020,ACC-007,Voyager Entertainment,ACC-007-U091,canvas_layers,4,2026-03-09
FU-002021,ACC-007,Voyager Entertainment,ACC-007-U074,canvas_version_history,3,2025-12-15
FU-002022,ACC-007,Voyager Entertainment,ACC-007-U058,canvas_version_history,2,2025-12-15
FU-002023,ACC-007,Voyager Entertainment,ACC-007-U017,canvas_version_history,3,2025-12-15
FU-002024,ACC-007,Voyager Entertainment,ACC-007-U042,canvas_version_history,1,2025-12-15
FU-002025,ACC-007,Voyager Entertainment,ACC-007-U075,canvas_version_history,6,2025-12-22
FU-002026,ACC-007,Voyager Entertainment,ACC-007-U059,canvas_version_history,4,2025-12-22
FU-002027,ACC-007,Voyager Entertainment,ACC-007-U104,canvas_version_history,5,2025-12-22
FU-002028,ACC-007,Voyager Entertainment,ACC-007-U006,canvas_version_history,2,2025-12-22
FU-002029,ACC-007,Voyager Entertainment,ACC-007-U086,canvas_version_history,7,2025-12-22
FU-002030,ACC-007,Voyager Entertainment,ACC-007-U026,canvas_version_history,2,2025-12-22
FU-002031,ACC-007,Voyager Entertainment,ACC-007-U074,canvas_version_history,7,2025-12-29
FU-002032,ACC-007,Voyager Entertainment,ACC-007-U092,canvas_version_history,8,2026-01-05
FU-002033,ACC-007,Voyager Entertainment,ACC-007-U114,canvas_version_history,3,2026-01-12
FU-002034,ACC-007,Voyager Entertainment,ACC-007-U018,canvas_version_history,3,2026-01-12
FU-002035,ACC-007,Voyager Entertainment,ACC-007-U105,canvas_version_history,5,2026-01-12
FU-002036,ACC-007,Voyager Entertainment,ACC-007-U089,canvas_version_history,3,2026-01-12
FU-002037,ACC-007,Voyager Entertainment,ACC-007-U019,canvas_version_history,6,2026-01-12
FU-002038,ACC-007,Voyager Entertainment,ACC-007-U070,canvas_version_history,5,2026-01-12
FU-002039,ACC-007,Voyager Entertainment,ACC-007-U090,canvas_version_history,3,2026-01-12
FU-002040,ACC-007,Voyager Entertainment,ACC-007-U041,canvas_version_history,1,2026-01-19
FU-002041,ACC-007,Voyager Entertainment,ACC-007-U088,canvas_version_history,6,2026-01-19
FU-002042,ACC-007,Voyager Entertainment,ACC-007-U008,canvas_version_history,5,2026-01-19
FU-002043,ACC-007,Voyager Entertainment,ACC-007-U017,canvas_version_history,1,2026-01-26
FU-002044,ACC-007,Voyager Entertainment,ACC-007-U022,canvas_version_history,3,2026-01-26
FU-002045,ACC-007,Voyager Entertainment,ACC-007-U044,canvas_version_history,4,2026-01-26
FU-002046,ACC-007,Voyager Entertainment,ACC-007-U103,canvas_version_history,3,2026-01-26
FU-002047,ACC-007,Voyager Entertainment,ACC-007-U070,canvas_version_history,2,2026-01-26
FU-002048,ACC-007,Voyager Entertainment,ACC-007-U034,canvas_version_history,6,2026-01-26
FU-002049,ACC-007,Voyager Entertainment,ACC-007-U070,canvas_version_history,3,2026-02-02
FU-002050,ACC-007,Voyager Entertainment,ACC-007-U024,canvas_version_history,5,2026-02-02
FU-002051,ACC-007,Voyager Entertainment,ACC-007-U091,canvas_version_history,6,2026-02-02
FU-002052,ACC-007,Voyager Entertainment,ACC-007-U057,canvas_version_history,4,2026-02-02
FU-002053,ACC-007,Voyager Entertainment,ACC-007-U071,canvas_version_history,1,2026-02-02
FU-002054,ACC-007,Voyager Entertainment,ACC-007-U009,canvas_version_history,4,2026-02-02
FU-002055,ACC-007,Voyager Entertainment,ACC-007-U087,canvas_version_history,2,2026-02-09
FU-002056,ACC-007,Voyager Entertainment,ACC-007-U013,canvas_version_history,2,2026-02-09
FU-002057,ACC-007,Voyager Entertainment,ACC-007-U108,canvas_version_history,2,2026-02-09
FU-002058,ACC-007,Voyager Entertainment,ACC-007-U062,canvas_version_history,3,2026-02-09
FU-002059,ACC-007,Voyager Entertainment,ACC-007-U019,canvas_version_history,4,2026-02-09
FU-002060,ACC-007,Voyager Entertainment,ACC-007-U029,canvas_version_history,2,2026-02-16
FU-002061,ACC-007,Voyager Entertainment,ACC-007-U025,canvas_version_history,3,2026-02-16
FU-002062,ACC-007,Voyager Entertainment,ACC-007-U070,canvas_version_history,3,2026-02-16
FU-002063,ACC-007,Voyager Entertainment,ACC-007-U039,canvas_version_history,2,2026-02-16
FU-002064,ACC-007,Voyager Entertainment,ACC-007-U065,canvas_version_history,1,2026-02-23
FU-002065,ACC-007,Voyager Entertainment,ACC-007-U066,canvas_version_history,7,2026-02-23
FU-002066,ACC-007,Voyager Entertainment,ACC-007-U084,canvas_version_history,7,2026-02-23
FU-002067,ACC-007,Voyager Entertainment,ACC-007-U026,canvas_version_history,4,2026-02-23
FU-002068,ACC-007,Voyager Entertainment,ACC-007-U027,canvas_version_history,6,2026-02-23
FU-002069,ACC-007,Voyager Entertainment,ACC-007-U065,canvas_version_history,3,2026-03-02
FU-002070,ACC-007,Voyager Entertainment,ACC-007-U047,canvas_version_history,4,2026-03-09
FU-002071,ACC-007,Voyager Entertainment,ACC-007-U052,canvas_version_history,5,2026-03-09
FU-002072,ACC-007,Voyager Entertainment,ACC-007-U034,canvas_version_history,3,2026-03-09
FU-002073,ACC-007,Voyager Entertainment,ACC-007-U044,canvas_version_history,3,2026-03-09
FU-002074,ACC-007,Voyager Entertainment,ACC-007-U079,canvas_version_history,5,2026-03-09
FU-002075,ACC-007,Voyager Entertainment,ACC-007-U068,canvas_version_history,4,2026-03-09
FU-002076,ACC-007,Voyager Entertainment,ACC-007-U105,canvas_export,1,2025-12-15
FU-002077,ACC-007,Voyager Entertainment,ACC-007-U047,canvas_export,3,2025-12-15
FU-002078,ACC-007,Voyager Entertainment,ACC-007-U011,canvas_export,5,2025-12-15
FU-002079,ACC-007,Voyager Entertainment,ACC-007-U075,canvas_export,2,2025-12-15
FU-002080,ACC-007,Voyager Entertainment,ACC-007-U061,canvas_export,2,2025-12-15
FU-002081,ACC-007,Voyager Entertainment,ACC-007-U096,canvas_export,9,2025-12-15
FU-002082,ACC-007,Voyager Entertainment,ACC-007-U097,canvas_export,5,2025-12-22
FU-002083,ACC-007,Voyager Entertainment,ACC-007-U091,canvas_export,2,2025-12-22
FU-002084,ACC-007,Voyager Entertainment,ACC-007-U086,canvas_export,2,2025-12-22
FU-002085,ACC-007,Voyager Entertainment,ACC-007-U090,canvas_export,2,2025-12-29
FU-002086,ACC-007,Voyager Entertainment,ACC-007-U073,canvas_export,1,2025-12-29
FU-002087,ACC-007,Voyager Entertainment,ACC-007-U094,canvas_export,3,2025-12-29
FU-002088,ACC-007,Voyager Entertainment,ACC-007-U114,canvas_export,5,2025-12-29
FU-002089,ACC-007,Voyager Entertainment,ACC-007-U102,canvas_export,4,2025-12-29
FU-002090,ACC-007,Voyager Entertainment,ACC-007-U018,canvas_export,3,2025-12-29
FU-002091,ACC-007,Voyager Entertainment,ACC-007-U097,canvas_export,3,2025-12-29
FU-002092,ACC-007,Voyager Entertainment,ACC-007-U104,canvas_export,4,2026-01-05
FU-002093,ACC-007,Voyager Entertainment,ACC-007-U114,canvas_export,5,2026-01-12
FU-002094,ACC-007,Voyager Entertainment,ACC-007-U090,canvas_export,2,2026-01-12
FU-002095,ACC-007,Voyager Entertainment,ACC-007-U074,canvas_export,7,2026-01-12
FU-002096,ACC-007,Voyager Entertainment,ACC-007-U110,canvas_export,1,2026-01-12
FU-002097,ACC-007,Voyager Entertainment,ACC-007-U037,canvas_export,4,2026-01-12
FU-002098,ACC-007,Voyager Entertainment,ACC-007-U080,canvas_export,5,2026-01-19
FU-002099,ACC-007,Voyager Entertainment,ACC-007-U082,canvas_export,1,2026-01-19
FU-002100,ACC-007,Voyager Entertainment,ACC-007-U112,canvas_export,2,2026-01-26
FU-002101,ACC-007,Voyager Entertainment,ACC-007-U038,canvas_export,5,2026-01-26
FU-002102,ACC-007,Voyager Entertainment,ACC-007-U020,canvas_export,1,2026-01-26
FU-002103,ACC-007,Voyager Entertainment,ACC-007-U057,canvas_export,6,2026-01-26
FU-002104,ACC-007,Voyager Entertainment,ACC-007-U117,canvas_export,1,2026-01-26
FU-002105,ACC-007,Voyager Entertainment,ACC-007-U110,canvas_export,2,2026-02-02
FU-002106,ACC-007,Voyager Entertainment,ACC-007-U044,canvas_export,7,2026-02-09
FU-002107,ACC-007,Voyager Entertainment,ACC-007-U003,canvas_export,6,2026-02-09
FU-002108,ACC-007,Voyager Entertainment,ACC-007-U073,canvas_export,3,2026-02-09
FU-002109,ACC-007,Voyager Entertainment,ACC-007-U102,canvas_export,2,2026-02-09
FU-002110,ACC-007,Voyager Entertainment,ACC-007-U112,canvas_export,1,2026-02-09
FU-002111,ACC-007,Voyager Entertainment,ACC-007-U039,canvas_export,5,2026-02-09
FU-002112,ACC-007,Voyager Entertainment,ACC-007-U071,canvas_export,4,2026-02-16
FU-002113,ACC-007,Voyager Entertainment,ACC-007-U107,canvas_export,9,2026-02-16
FU-002114,ACC-007,Voyager Entertainment,ACC-007-U022,canvas_export,6,2026-02-16
FU-002115,ACC-007,Voyager Entertainment,ACC-007-U065,canvas_export,6,2026-02-16
FU-002116,ACC-007,Voyager Entertainment,ACC-007-U086,canvas_export,3,2026-02-16
FU-002117,ACC-007,Voyager Entertainment,ACC-007-U118,canvas_export,2,2026-02-16
FU-002118,ACC-007,Voyager Entertainment,ACC-007-U022,canvas_export,5,2026-02-23
FU-002119,ACC-007,Voyager Entertainment,ACC-007-U016,canvas_export,7,2026-03-02
FU-002120,ACC-007,Voyager Entertainment,ACC-007-U049,canvas_export,2,2026-03-09
FU-002121,ACC-007,Voyager Entertainment,ACC-007-U021,canvas_export,9,2026-03-09
FU-002122,ACC-007,Voyager Entertainment,ACC-007-U032,canvas_export,3,2026-03-09
FU-002123,ACC-007,Voyager Entertainment,ACC-007-U115,flow_scheduled_tasks,5,2025-12-15
FU-002124,ACC-007,Voyager Entertainment,ACC-007-U049,flow_scheduled_tasks,2,2025-12-15
FU-002125,ACC-007,Voyager Entertainment,ACC-007-U048,flow_scheduled_tasks,4,2025-12-15
FU-002126,ACC-007,Voyager Entertainment,ACC-007-U107,flow_scheduled_tasks,6,2025-12-15
FU-002127,ACC-007,Voyager Entertainment,ACC-007-U001,flow_scheduled_tasks,1,2025-12-22
FU-002128,ACC-007,Voyager Entertainment,ACC-007-U007,flow_scheduled_tasks,1,2025-12-22
FU-002129,ACC-007,Voyager Entertainment,ACC-007-U120,flow_scheduled_tasks,3,2025-12-22
FU-002130,ACC-007,Voyager Entertainment,ACC-007-U110,flow_scheduled_tasks,2,2025-12-29
FU-002131,ACC-007,Voyager Entertainment,ACC-007-U112,flow_scheduled_tasks,3,2025-12-29
FU-002132,ACC-007,Voyager Entertainment,ACC-007-U006,flow_scheduled_tasks,3,2025-12-29
FU-002133,ACC-007,Voyager Entertainment,ACC-007-U011,flow_scheduled_tasks,2,2025-12-29
FU-002134,ACC-007,Voyager Entertainment,ACC-007-U045,flow_scheduled_tasks,1,2025-12-29
FU-002135,ACC-007,Voyager Entertainment,ACC-007-U051,flow_scheduled_tasks,5,2025-12-29
FU-002136,ACC-007,Voyager Entertainment,ACC-007-U052,flow_scheduled_tasks,1,2026-01-05
FU-002137,ACC-007,Voyager Entertainment,ACC-007-U073,flow_scheduled_tasks,1,2026-01-05
FU-002138,ACC-007,Voyager Entertainment,ACC-007-U037,flow_scheduled_tasks,5,2026-01-05
FU-002139,ACC-007,Voyager Entertainment,ACC-007-U109,flow_scheduled_tasks,2,2026-01-05
FU-002140,ACC-007,Voyager Entertainment,ACC-007-U012,flow_scheduled_tasks,4,2026-01-05
FU-002141,ACC-007,Voyager Entertainment,ACC-007-U034,flow_scheduled_tasks,1,2026-01-05
FU-002142,ACC-007,Voyager Entertainment,ACC-007-U120,flow_scheduled_tasks,1,2026-01-05
FU-002143,ACC-007,Voyager Entertainment,ACC-007-U065,flow_scheduled_tasks,4,2026-01-12
FU-002144,ACC-007,Voyager Entertainment,ACC-007-U025,flow_scheduled_tasks,1,2026-01-12
FU-002145,ACC-007,Voyager Entertainment,ACC-007-U093,flow_scheduled_tasks,1,2026-01-12
FU-002146,ACC-007,Voyager Entertainment,ACC-007-U087,flow_scheduled_tasks,3,2026-01-12
FU-002147,ACC-007,Voyager Entertainment,ACC-007-U107,flow_scheduled_tasks,2,2026-01-12
FU-002148,ACC-007,Voyager Entertainment,ACC-007-U079,flow_scheduled_tasks,1,2026-01-12
FU-002149,ACC-007,Voyager Entertainment,ACC-007-U050,flow_scheduled_tasks,6,2026-01-12
FU-002150,ACC-007,Voyager Entertainment,ACC-007-U118,flow_scheduled_tasks,6,2026-01-19
FU-002151,ACC-007,Voyager Entertainment,ACC-007-U105,flow_scheduled_tasks,2,2026-01-19
FU-002152,ACC-007,Voyager Entertainment,ACC-007-U047,flow_scheduled_tasks,1,2026-01-19
FU-002153,ACC-007,Voyager Entertainment,ACC-007-U054,flow_scheduled_tasks,5,2026-01-19
FU-002154,ACC-007,Voyager Entertainment,ACC-007-U051,flow_scheduled_tasks,1,2026-01-26
FU-002155,ACC-007,Voyager Entertainment,ACC-007-U032,flow_scheduled_tasks,3,2026-02-02
FU-002156,ACC-007,Voyager Entertainment,ACC-007-U050,flow_scheduled_tasks,6,2026-02-02
FU-002157,ACC-007,Voyager Entertainment,ACC-007-U058,flow_scheduled_tasks,6,2026-02-09
FU-002158,ACC-007,Voyager Entertainment,ACC-007-U106,flow_scheduled_tasks,3,2026-02-16
FU-002159,ACC-007,Voyager Entertainment,ACC-007-U053,flow_scheduled_tasks,4,2026-02-16
FU-002160,ACC-007,Voyager Entertainment,ACC-007-U059,flow_scheduled_tasks,7,2026-02-16
FU-002161,ACC-007,Voyager Entertainment,ACC-007-U074,flow_scheduled_tasks,5,2026-02-16
FU-002162,ACC-007,Voyager Entertainment,ACC-007-U050,flow_scheduled_tasks,7,2026-02-16
FU-002163,ACC-007,Voyager Entertainment,ACC-007-U077,flow_scheduled_tasks,1,2026-02-16
FU-002164,ACC-007,Voyager Entertainment,ACC-007-U040,flow_scheduled_tasks,1,2026-02-23
FU-002165,ACC-007,Voyager Entertainment,ACC-007-U037,flow_scheduled_tasks,1,2026-02-23
FU-002166,ACC-007,Voyager Entertainment,ACC-007-U026,flow_scheduled_tasks,5,2026-02-23
FU-002167,ACC-007,Voyager Entertainment,ACC-007-U117,flow_scheduled_tasks,4,2026-03-02
FU-002168,ACC-007,Voyager Entertainment,ACC-007-U041,flow_scheduled_tasks,6,2026-03-02
FU-002169,ACC-007,Voyager Entertainment,ACC-007-U011,flow_scheduled_tasks,6,2026-03-02
FU-002170,ACC-007,Voyager Entertainment,ACC-007-U045,flow_scheduled_tasks,3,2026-03-02
FU-002171,ACC-007,Voyager Entertainment,ACC-007-U054,flow_scheduled_tasks,3,2026-03-02
FU-002172,ACC-007,Voyager Entertainment,ACC-007-U009,flow_scheduled_tasks,6,2026-03-09
FU-002173,ACC-007,Voyager Entertainment,ACC-007-U064,flow_scheduled_tasks,4,2026-03-09
FU-002174,ACC-007,Voyager Entertainment,ACC-007-U095,flow_scheduled_tasks,7,2026-03-09
FU-002175,ACC-007,Voyager Entertainment,ACC-007-U095,flow_audit_trail,8,2025-12-15
FU-002176,ACC-007,Voyager Entertainment,ACC-007-U008,flow_audit_trail,2,2025-12-15
FU-002177,ACC-007,Voyager Entertainment,ACC-007-U015,flow_audit_trail,6,2025-12-15
FU-002178,ACC-007,Voyager Entertainment,ACC-007-U007,flow_audit_trail,3,2025-12-15
FU-002179,ACC-007,Voyager Entertainment,ACC-007-U006,flow_audit_trail,4,2025-12-22
FU-002180,ACC-007,Voyager Entertainment,ACC-007-U048,flow_audit_trail,7,2025-12-22
FU-002181,ACC-007,Voyager Entertainment,ACC-007-U028,flow_audit_trail,5,2025-12-22
FU-002182,ACC-007,Voyager Entertainment,ACC-007-U037,flow_audit_trail,1,2025-12-22
FU-002183,ACC-007,Voyager Entertainment,ACC-007-U096,flow_audit_trail,5,2025-12-22
FU-002184,ACC-007,Voyager Entertainment,ACC-007-U043,flow_audit_trail,5,2025-12-22
FU-002185,ACC-007,Voyager Entertainment,ACC-007-U005,flow_audit_trail,4,2025-12-22
FU-002186,ACC-007,Voyager Entertainment,ACC-007-U079,flow_audit_trail,1,2025-12-29
FU-002187,ACC-007,Voyager Entertainment,ACC-007-U093,flow_audit_trail,1,2025-12-29
FU-002188,ACC-007,Voyager Entertainment,ACC-007-U114,flow_audit_trail,2,2025-12-29
FU-002189,ACC-007,Voyager Entertainment,ACC-007-U081,flow_audit_trail,3,2026-01-05
FU-002190,ACC-007,Voyager Entertainment,ACC-007-U049,flow_audit_trail,3,2026-01-12
FU-002191,ACC-007,Voyager Entertainment,ACC-007-U039,flow_audit_trail,4,2026-01-12
FU-002192,ACC-007,Voyager Entertainment,ACC-007-U071,flow_audit_trail,1,2026-01-12
FU-002193,ACC-007,Voyager Entertainment,ACC-007-U067,flow_audit_trail,2,2026-01-19
FU-002194,ACC-007,Voyager Entertainment,ACC-007-U116,flow_audit_trail,1,2026-01-26
FU-002195,ACC-007,Voyager Entertainment,ACC-007-U051,flow_audit_trail,4,2026-01-26
FU-002196,ACC-007,Voyager Entertainment,ACC-007-U040,flow_audit_trail,2,2026-01-26
FU-002197,ACC-007,Voyager Entertainment,ACC-007-U055,flow_audit_trail,1,2026-01-26
FU-002198,ACC-007,Voyager Entertainment,ACC-007-U103,flow_audit_trail,6,2026-01-26
FU-002199,ACC-007,Voyager Entertainment,ACC-007-U022,flow_audit_trail,2,2026-02-02
FU-002200,ACC-007,Voyager Entertainment,ACC-007-U113,flow_audit_trail,4,2026-02-02
FU-002201,ACC-007,Voyager Entertainment,ACC-007-U037,flow_audit_trail,5,2026-02-02
FU-002202,ACC-007,Voyager Entertainment,ACC-007-U017,flow_audit_trail,5,2026-02-02
FU-002203,ACC-007,Voyager Entertainment,ACC-007-U069,flow_audit_trail,2,2026-02-02
FU-002204,ACC-007,Voyager Entertainment,ACC-007-U100,flow_audit_trail,2,2026-02-02
FU-002205,ACC-007,Voyager Entertainment,ACC-007-U056,flow_audit_trail,3,2026-02-02
FU-002206,ACC-007,Voyager Entertainment,ACC-007-U056,flow_audit_trail,6,2026-02-09
FU-002207,ACC-007,Voyager Entertainment,ACC-007-U054,flow_audit_trail,4,2026-02-09
FU-002208,ACC-007,Voyager Entertainment,ACC-007-U059,flow_audit_trail,7,2026-02-09
FU-002209,ACC-007,Voyager Entertainment,ACC-007-U117,flow_audit_trail,5,2026-02-16
FU-002210,ACC-007,Voyager Entertainment,ACC-007-U088,flow_audit_trail,4,2026-02-16
FU-002211,ACC-007,Voyager Entertainment,ACC-007-U100,flow_audit_trail,5,2026-02-16
FU-002212,ACC-007,Voyager Entertainment,ACC-007-U108,flow_audit_trail,6,2026-02-16
FU-002213,ACC-007,Voyager Entertainment,ACC-007-U119,flow_audit_trail,2,2026-02-23
FU-002214,ACC-007,Voyager Entertainment,ACC-007-U101,flow_audit_trail,2,2026-02-23
FU-002215,ACC-007,Voyager Entertainment,ACC-007-U058,flow_audit_trail,1,2026-03-02
FU-002216,ACC-007,Voyager Entertainment,ACC-007-U053,flow_audit_trail,5,2026-03-02
FU-002217,ACC-007,Voyager Entertainment,ACC-007-U010,flow_audit_trail,3,2026-03-02
FU-002218,ACC-007,Voyager Entertainment,ACC-007-U034,flow_audit_trail,1,2026-03-02
FU-002219,ACC-007,Voyager Entertainment,ACC-007-U059,flow_audit_trail,2,2026-03-02
FU-002220,ACC-007,Voyager Entertainment,ACC-007-U090,flow_audit_trail,2,2026-03-02
FU-002221,ACC-007,Voyager Entertainment,ACC-007-U056,flow_audit_trail,4,2026-03-02
FU-002222,ACC-007,Voyager Entertainment,ACC-007-U015,flow_audit_trail,3,2026-03-09
FU-002223,ACC-007,Voyager Entertainment,ACC-007-U092,flow_audit_trail,7,2026-03-09
FU-002224,ACC-007,Voyager Entertainment,ACC-007-U085,flow_audit_trail,2,2026-03-09
FU-002225,ACC-007,Voyager Entertainment,ACC-007-U095,flow_audit_trail,3,2026-03-09
FU-002226,ACC-007,Voyager Entertainment,ACC-007-U033,canvas_asset_library,8,2025-12-15
FU-002227,ACC-007,Voyager Entertainment,ACC-007-U105,canvas_asset_library,3,2025-12-15
FU-002228,ACC-007,Voyager Entertainment,ACC-007-U119,canvas_asset_library,5,2025-12-15
FU-002229,ACC-007,Voyager Entertainment,ACC-007-U044,canvas_asset_library,5,2025-12-15
FU-002230,ACC-007,Voyager Entertainment,ACC-007-U094,canvas_asset_library,3,2025-12-15
FU-002231,ACC-007,Voyager Entertainment,ACC-007-U058,canvas_asset_library,3,2025-12-15
FU-002232,ACC-007,Voyager Entertainment,ACC-007-U023,canvas_asset_library,6,2025-12-15
FU-002233,ACC-007,Voyager Entertainment,ACC-007-U055,canvas_asset_library,3,2025-12-22
FU-002234,ACC-007,Voyager Entertainment,ACC-007-U013,canvas_asset_library,6,2025-12-22
FU-002235,ACC-007,Voyager Entertainment,ACC-007-U004,canvas_asset_library,1,2025-12-29
FU-002236,ACC-007,Voyager Entertainment,ACC-007-U118,canvas_asset_library,2,2026-01-05
FU-002237,ACC-007,Voyager Entertainment,ACC-007-U083,canvas_asset_library,3,2026-01-05
FU-002238,ACC-007,Voyager Entertainment,ACC-007-U062,canvas_asset_library,4,2026-01-05
FU-002239,ACC-007,Voyager Entertainment,ACC-007-U032,canvas_asset_library,3,2026-01-12
FU-002240,ACC-007,Voyager Entertainment,ACC-007-U027,canvas_asset_library,3,2026-01-12
FU-002241,ACC-007,Voyager Entertainment,ACC-007-U067,canvas_asset_library,1,2026-01-12
FU-002242,ACC-007,Voyager Entertainment,ACC-007-U082,canvas_asset_library,1,2026-01-12
FU-002243,ACC-007,Voyager Entertainment,ACC-007-U098,canvas_asset_library,1,2026-01-12
FU-002244,ACC-007,Voyager Entertainment,ACC-007-U003,canvas_asset_library,6,2026-01-12
FU-002245,ACC-007,Voyager Entertainment,ACC-007-U002,canvas_asset_library,1,2026-01-19
FU-002246,ACC-007,Voyager Entertainment,ACC-007-U044,canvas_asset_library,1,2026-01-19
FU-002247,ACC-007,Voyager Entertainment,ACC-007-U025,canvas_asset_library,6,2026-01-19
FU-002248,ACC-007,Voyager Entertainment,ACC-007-U106,canvas_asset_library,4,2026-01-19
FU-002249,ACC-007,Voyager Entertainment,ACC-007-U032,canvas_asset_library,5,2026-01-19
FU-002250,ACC-007,Voyager Entertainment,ACC-007-U087,canvas_asset_library,4,2026-01-26
FU-002251,ACC-007,Voyager Entertainment,ACC-007-U050,canvas_asset_library,2,2026-01-26
FU-002252,ACC-007,Voyager Entertainment,ACC-007-U008,canvas_asset_library,1,2026-01-26
FU-002253,ACC-007,Voyager Entertainment,ACC-007-U051,canvas_asset_library,1,2026-01-26
FU-002254,ACC-007,Voyager Entertainment,ACC-007-U073,canvas_asset_library,1,2026-01-26
FU-002255,ACC-007,Voyager Entertainment,ACC-007-U052,canvas_asset_library,1,2026-01-26
FU-002256,ACC-007,Voyager Entertainment,ACC-007-U009,canvas_asset_library,7,2026-02-02
FU-002257,ACC-007,Voyager Entertainment,ACC-007-U108,canvas_asset_library,5,2026-02-09
FU-002258,ACC-007,Voyager Entertainment,ACC-007-U057,canvas_asset_library,8,2026-02-16
FU-002259,ACC-007,Voyager Entertainment,ACC-007-U112,canvas_asset_library,1,2026-02-16
FU-002260,ACC-007,Voyager Entertainment,ACC-007-U046,canvas_asset_library,2,2026-02-16
FU-002261,ACC-007,Voyager Entertainment,ACC-007-U068,canvas_asset_library,5,2026-02-16
FU-002262,ACC-007,Voyager Entertainment,ACC-007-U050,canvas_asset_library,3,2026-02-16
FU-002263,ACC-007,Voyager Entertainment,ACC-007-U028,canvas_asset_library,4,2026-02-16
FU-002264,ACC-007,Voyager Entertainment,ACC-007-U120,canvas_asset_library,2,2026-02-23
FU-002265,ACC-007,Voyager Entertainment,ACC-007-U010,canvas_asset_library,1,2026-03-02
FU-002266,ACC-007,Voyager Entertainment,ACC-007-U051,canvas_asset_library,1,2026-03-02
FU-002267,ACC-007,Voyager Entertainment,ACC-007-U052,canvas_asset_library,3,2026-03-02
FU-002268,ACC-007,Voyager Entertainment,ACC-007-U082,canvas_asset_library,3,2026-03-02
FU-002269,ACC-007,Voyager Entertainment,ACC-007-U042,canvas_asset_library,3,2026-03-09
FU-002270,ACC-007,Voyager Entertainment,ACC-007-U037,canvas_asset_library,4,2026-03-09
FU-002271,ACC-007,Voyager Entertainment,ACC-007-U012,insight_data_connectors,4,2025-12-15
FU-002272,ACC-007,Voyager Entertainment,ACC-007-U081,insight_data_connectors,1,2025-12-15
FU-002273,ACC-007,Voyager Entertainment,ACC-007-U104,insight_data_connectors,3,2025-12-15
FU-002274,ACC-007,Voyager Entertainment,ACC-007-U097,insight_data_connectors,6,2025-12-15
FU-002275,ACC-007,Voyager Entertainment,ACC-007-U066,insight_data_connectors,2,2025-12-22
FU-002276,ACC-007,Voyager Entertainment,ACC-007-U062,insight_data_connectors,3,2025-12-29
FU-002277,ACC-007,Voyager Entertainment,ACC-007-U115,insight_data_connectors,1,2025-12-29
FU-002278,ACC-007,Voyager Entertainment,ACC-007-U034,insight_data_connectors,3,2025-12-29
FU-002279,ACC-007,Voyager Entertainment,ACC-007-U112,insight_data_connectors,1,2025-12-29
FU-002280,ACC-007,Voyager Entertainment,ACC-007-U088,insight_data_connectors,6,2025-12-29
FU-002281,ACC-007,Voyager Entertainment,ACC-007-U075,insight_data_connectors,3,2025-12-29
FU-002282,ACC-007,Voyager Entertainment,ACC-007-U022,insight_data_connectors,7,2026-01-05
FU-002283,ACC-007,Voyager Entertainment,ACC-007-U098,insight_data_connectors,3,2026-01-12
FU-002284,ACC-007,Voyager Entertainment,ACC-007-U076,insight_data_connectors,3,2026-01-12
FU-002285,ACC-007,Voyager Entertainment,ACC-007-U032,insight_data_connectors,4,2026-01-12
FU-002286,ACC-007,Voyager Entertainment,ACC-007-U059,insight_data_connectors,6,2026-01-19
FU-002287,ACC-007,Voyager Entertainment,ACC-007-U073,insight_data_connectors,2,2026-01-19
FU-002288,ACC-007,Voyager Entertainment,ACC-007-U097,insight_data_connectors,2,2026-01-26
FU-002289,ACC-007,Voyager Entertainment,ACC-007-U111,insight_data_connectors,3,2026-01-26
FU-002290,ACC-007,Voyager Entertainment,ACC-007-U107,insight_data_connectors,5,2026-01-26
FU-002291,ACC-007,Voyager Entertainment,ACC-007-U116,insight_data_connectors,1,2026-02-02
FU-002292,ACC-007,Voyager Entertainment,ACC-007-U096,insight_data_connectors,6,2026-02-02
FU-002293,ACC-007,Voyager Entertainment,ACC-007-U113,insight_data_connectors,4,2026-02-02
FU-002294,ACC-007,Voyager Entertainment,ACC-007-U100,insight_data_connectors,2,2026-02-02
FU-002295,ACC-007,Voyager Entertainment,ACC-007-U080,insight_data_connectors,4,2026-02-02
FU-002296,ACC-007,Voyager Entertainment,ACC-007-U003,insight_data_connectors,3,2026-02-02
FU-002297,ACC-007,Voyager Entertainment,ACC-007-U042,insight_data_connectors,2,2026-02-09
FU-002298,ACC-007,Voyager Entertainment,ACC-007-U017,insight_data_connectors,1,2026-02-09
FU-002299,ACC-007,Voyager Entertainment,ACC-007-U051,insight_data_connectors,1,2026-02-09
FU-002300,ACC-007,Voyager Entertainment,ACC-007-U010,insight_data_connectors,4,2026-02-09
FU-002301,ACC-007,Voyager Entertainment,ACC-007-U099,insight_data_connectors,4,2026-02-09
FU-002302,ACC-007,Voyager Entertainment,ACC-007-U036,insight_data_connectors,1,2026-02-09
FU-002303,ACC-007,Voyager Entertainment,ACC-007-U052,insight_data_connectors,3,2026-02-16
FU-002304,ACC-007,Voyager Entertainment,ACC-007-U055,insight_data_connectors,4,2026-02-16
FU-002305,ACC-007,Voyager Entertainment,ACC-007-U030,insight_data_connectors,5,2026-02-16
FU-002306,ACC-007,Voyager Entertainment,ACC-007-U056,insight_data_connectors,2,2026-02-16
FU-002307,ACC-007,Voyager Entertainment,ACC-007-U028,insight_data_connectors,5,2026-02-16
FU-002308,ACC-007,Voyager Entertainment,ACC-007-U007,insight_data_connectors,1,2026-02-16
FU-002309,ACC-007,Voyager Entertainment,ACC-007-U030,insight_data_connectors,4,2026-02-23
FU-002310,ACC-007,Voyager Entertainment,ACC-007-U113,insight_data_connectors,7,2026-02-23
FU-002311,ACC-007,Voyager Entertainment,ACC-007-U012,insight_data_connectors,5,2026-02-23
FU-002312,ACC-007,Voyager Entertainment,ACC-007-U059,insight_data_connectors,7,2026-02-23
FU-002313,ACC-007,Voyager Entertainment,ACC-007-U051,insight_data_connectors,1,2026-03-02
FU-002314,ACC-007,Voyager Entertainment,ACC-007-U071,insight_data_connectors,5,2026-03-02
FU-002315,ACC-007,Voyager Entertainment,ACC-007-U081,insight_data_connectors,3,2026-03-02
FU-002316,ACC-007,Voyager Entertainment,ACC-007-U032,insight_data_connectors,3,2026-03-02
FU-002317,ACC-007,Voyager Entertainment,ACC-007-U116,insight_data_connectors,6,2026-03-09
FU-002318,ACC-007,Voyager Entertainment,ACC-007-U008,insight_data_connectors,4,2026-03-09
FU-002319,ACC-007,Voyager Entertainment,ACC-007-U102,insight_data_connectors,3,2026-03-09
FU-002320,ACC-007,Voyager Entertainment,ACC-007-U015,insight_data_connectors,4,2026-03-09
FU-002321,ACC-007,Voyager Entertainment,ACC-007-U043,insight_data_connectors,4,2026-03-09
FU-002322,ACC-007,Voyager Entertainment,ACC-007-U087,insight_data_connectors,2,2026-03-09
FU-002323,ACC-007,Voyager Entertainment,ACC-007-U026,canvas_comments,3,2025-12-15
FU-002324,ACC-007,Voyager Entertainment,ACC-007-U094,canvas_comments,5,2025-12-15
FU-002325,ACC-007,Voyager Entertainment,ACC-007-U034,canvas_comments,3,2025-12-22
FU-002326,ACC-007,Voyager Entertainment,ACC-007-U105,canvas_comments,8,2025-12-22
FU-002327,ACC-007,Voyager Entertainment,ACC-007-U025,canvas_comments,6,2025-12-22
FU-002328,ACC-007,Voyager Entertainment,ACC-007-U114,canvas_comments,4,2025-12-29
FU-002329,ACC-007,Voyager Entertainment,ACC-007-U063,canvas_comments,4,2026-01-05
FU-002330,ACC-007,Voyager Entertainment,ACC-007-U040,canvas_comments,4,2026-01-05
FU-002331,ACC-007,Voyager Entertainment,ACC-007-U079,canvas_comments,2,2026-01-05
FU-002332,ACC-007,Voyager Entertainment,ACC-007-U065,canvas_comments,2,2026-01-12
FU-002333,ACC-007,Voyager Entertainment,ACC-007-U024,canvas_comments,2,2026-01-12
FU-002334,ACC-007,Voyager Entertainment,ACC-007-U068,canvas_comments,4,2026-01-12
FU-002335,ACC-007,Voyager Entertainment,ACC-007-U079,canvas_comments,2,2026-01-12
FU-002336,ACC-007,Voyager Entertainment,ACC-007-U019,canvas_comments,1,2026-01-19
FU-002337,ACC-007,Voyager Entertainment,ACC-007-U048,canvas_comments,4,2026-01-26
FU-002338,ACC-007,Voyager Entertainment,ACC-007-U052,canvas_comments,1,2026-01-26
FU-002339,ACC-007,Voyager Entertainment,ACC-007-U040,canvas_comments,4,2026-01-26
FU-002340,ACC-007,Voyager Entertainment,ACC-007-U108,canvas_comments,1,2026-02-02
FU-002341,ACC-007,Voyager Entertainment,ACC-007-U007,canvas_comments,3,2026-02-02
FU-002342,ACC-007,Voyager Entertainment,ACC-007-U061,canvas_comments,3,2026-02-02
FU-002343,ACC-007,Voyager Entertainment,ACC-007-U051,canvas_comments,3,2026-02-02
FU-002344,ACC-007,Voyager Entertainment,ACC-007-U082,canvas_comments,1,2026-02-02
FU-002345,ACC-007,Voyager Entertainment,ACC-007-U075,canvas_comments,1,2026-02-02
FU-002346,ACC-007,Voyager Entertainment,ACC-007-U090,canvas_comments,5,2026-02-02
FU-002347,ACC-007,Voyager Entertainment,ACC-007-U060,canvas_comments,2,2026-02-09
FU-002348,ACC-007,Voyager Entertainment,ACC-007-U040,canvas_comments,2,2026-02-09
FU-002349,ACC-007,Voyager Entertainment,ACC-007-U034,canvas_comments,5,2026-02-09
FU-002350,ACC-007,Voyager Entertainment,ACC-007-U030,canvas_comments,1,2026-02-09
FU-002351,ACC-007,Voyager Entertainment,ACC-007-U047,canvas_comments,2,2026-02-16
FU-002352,ACC-007,Voyager Entertainment,ACC-007-U084,canvas_comments,3,2026-02-16
FU-002353,ACC-007,Voyager Entertainment,ACC-007-U120,canvas_comments,3,2026-02-16
FU-002354,ACC-007,Voyager Entertainment,ACC-007-U113,canvas_comments,2,2026-02-23
FU-002355,ACC-007,Voyager Entertainment,ACC-007-U084,canvas_comments,2,2026-02-23
FU-002356,ACC-007,Voyager Entertainment,ACC-007-U083,canvas_comments,4,2026-02-23
FU-002357,ACC-007,Voyager Entertainment,ACC-007-U108,canvas_comments,6,2026-02-23
FU-002358,ACC-007,Voyager Entertainment,ACC-007-U003,canvas_comments,5,2026-03-02
FU-002359,ACC-007,Voyager Entertainment,ACC-007-U087,canvas_comments,4,2026-03-09
FU-002360,ACC-007,Voyager Entertainment,ACC-007-U011,canvas_comments,4,2026-03-09
FU-002361,ACC-007,Voyager Entertainment,ACC-007-U109,canvas_comments,3,2026-03-09
FU-002362,ACC-007,Voyager Entertainment,ACC-007-U032,canvas_comments,5,2026-03-09
FU-002363,ACC-007,Voyager Entertainment,ACC-007-U088,canvas_comments,4,2026-03-09
FU-002364,ACC-007,Voyager Entertainment,ACC-007-U021,canvas_comments,5,2026-03-09
FU-002365,ACC-007,Voyager Entertainment,ACC-007-U028,canvas_comments,1,2026-03-09
FU-002366,ACC-007,Voyager Entertainment,ACC-007-U070,canvas_brand_kit,6,2025-12-15
FU-002367,ACC-007,Voyager Entertainment,ACC-007-U053,canvas_brand_kit,4,2025-12-22
FU-002368,ACC-007,Voyager Entertainment,ACC-007-U004,canvas_brand_kit,4,2025-12-29
FU-002369,ACC-007,Voyager Entertainment,ACC-007-U027,canvas_brand_kit,4,2025-12-29
FU-002370,ACC-007,Voyager Entertainment,ACC-007-U093,canvas_brand_kit,1,2025-12-29
FU-002371,ACC-007,Voyager Entertainment,ACC-007-U052,canvas_brand_kit,5,2026-01-05
FU-002372,ACC-007,Voyager Entertainment,ACC-007-U094,canvas_brand_kit,6,2026-01-12
FU-002373,ACC-007,Voyager Entertainment,ACC-007-U068,canvas_brand_kit,5,2026-01-12
FU-002374,ACC-007,Voyager Entertainment,ACC-007-U096,canvas_brand_kit,4,2026-01-12
FU-002375,ACC-007,Voyager Entertainment,ACC-007-U043,canvas_brand_kit,2,2026-01-19
FU-002376,ACC-007,Voyager Entertainment,ACC-007-U105,canvas_brand_kit,1,2026-01-19
FU-002377,ACC-007,Voyager Entertainment,ACC-007-U117,canvas_brand_kit,2,2026-01-19
FU-002378,ACC-007,Voyager Entertainment,ACC-007-U013,canvas_brand_kit,2,2026-01-19
FU-002379,ACC-007,Voyager Entertainment,ACC-007-U081,canvas_brand_kit,5,2026-01-19
FU-002380,ACC-007,Voyager Entertainment,ACC-007-U010,canvas_brand_kit,6,2026-01-19
FU-002381,ACC-007,Voyager Entertainment,ACC-007-U102,canvas_brand_kit,2,2026-01-26
FU-002382,ACC-007,Voyager Entertainment,ACC-007-U032,canvas_brand_kit,5,2026-01-26
FU-002383,ACC-007,Voyager Entertainment,ACC-007-U082,canvas_brand_kit,2,2026-01-26
FU-002384,ACC-007,Voyager Entertainment,ACC-007-U034,canvas_brand_kit,3,2026-02-02
FU-002385,ACC-007,Voyager Entertainment,ACC-007-U050,canvas_brand_kit,5,2026-02-02
FU-002386,ACC-007,Voyager Entertainment,ACC-007-U049,canvas_brand_kit,2,2026-02-02
FU-002387,ACC-007,Voyager Entertainment,ACC-007-U120,canvas_brand_kit,4,2026-02-02
FU-002388,ACC-007,Voyager Entertainment,ACC-007-U119,canvas_brand_kit,4,2026-02-02
FU-002389,ACC-007,Voyager Entertainment,ACC-007-U062,canvas_brand_kit,6,2026-02-02
FU-002390,ACC-007,Voyager Entertainment,ACC-007-U055,canvas_brand_kit,3,2026-02-02
FU-002391,ACC-007,Voyager Entertainment,ACC-007-U061,canvas_brand_kit,4,2026-02-09
FU-002392,ACC-007,Voyager Entertainment,ACC-007-U002,canvas_brand_kit,6,2026-02-09
FU-002393,ACC-007,Voyager Entertainment,ACC-007-U102,canvas_brand_kit,4,2026-02-16
FU-002394,ACC-007,Voyager Entertainment,ACC-007-U064,canvas_brand_kit,2,2026-02-16
FU-002395,ACC-007,Voyager Entertainment,ACC-007-U038,canvas_brand_kit,1,2026-02-16
FU-002396,ACC-007,Voyager Entertainment,ACC-007-U109,canvas_brand_kit,3,2026-02-16
FU-002397,ACC-007,Voyager Entertainment,ACC-007-U056,canvas_brand_kit,1,2026-02-16
FU-002398,ACC-007,Voyager Entertainment,ACC-007-U087,canvas_brand_kit,2,2026-02-23
FU-002399,ACC-007,Voyager Entertainment,ACC-007-U058,canvas_brand_kit,3,2026-02-23
FU-002400,ACC-007,Voyager Entertainment,ACC-007-U004,canvas_brand_kit,6,2026-02-23
FU-002401,ACC-007,Voyager Entertainment,ACC-007-U037,canvas_brand_kit,2,2026-02-23
FU-002402,ACC-007,Voyager Entertainment,ACC-007-U072,canvas_brand_kit,5,2026-03-02
FU-002403,ACC-007,Voyager Entertainment,ACC-007-U032,canvas_brand_kit,2,2026-03-02
FU-002404,ACC-007,Voyager Entertainment,ACC-007-U081,canvas_brand_kit,5,2026-03-09
FU-002405,ACC-007,Voyager Entertainment,ACC-007-U033,canvas_brand_kit,2,2026-03-09
FU-002406,ACC-007,Voyager Entertainment,ACC-007-U023,canvas_brand_kit,2,2026-03-09
FU-002407,ACC-007,Voyager Entertainment,ACC-007-U013,canvas_brand_kit,1,2026-03-09
FU-002408,ACC-007,Voyager Entertainment,ACC-007-U007,canvas_brand_kit,3,2026-03-09
FU-002409,ACC-007,Voyager Entertainment,ACC-007-U088,flow_conditional_routing,5,2025-12-15
FU-002410,ACC-007,Voyager Entertainment,ACC-007-U101,flow_conditional_routing,1,2025-12-15
FU-002411,ACC-007,Voyager Entertainment,ACC-007-U059,flow_conditional_routing,3,2025-12-15
FU-002412,ACC-007,Voyager Entertainment,ACC-007-U066,flow_conditional_routing,1,2025-12-22
FU-002413,ACC-007,Voyager Entertainment,ACC-007-U030,flow_conditional_routing,3,2025-12-22
FU-002414,ACC-007,Voyager Entertainment,ACC-007-U001,flow_conditional_routing,1,2025-12-22
FU-002415,ACC-007,Voyager Entertainment,ACC-007-U113,flow_conditional_routing,5,2025-12-22
FU-002416,ACC-007,Voyager Entertainment,ACC-007-U016,flow_conditional_routing,4,2025-12-22
FU-002417,ACC-007,Voyager Entertainment,ACC-007-U067,flow_conditional_routing,3,2025-12-22
FU-002418,ACC-007,Voyager Entertainment,ACC-007-U029,flow_conditional_routing,1,2025-12-29
FU-002419,ACC-007,Voyager Entertainment,ACC-007-U074,flow_conditional_routing,1,2025-12-29
FU-002420,ACC-007,Voyager Entertainment,ACC-007-U030,flow_conditional_routing,2,2025-12-29
FU-002421,ACC-007,Voyager Entertainment,ACC-007-U085,flow_conditional_routing,1,2025-12-29
FU-002422,ACC-007,Voyager Entertainment,ACC-007-U091,flow_conditional_routing,5,2025-12-29
FU-002423,ACC-007,Voyager Entertainment,ACC-007-U094,flow_conditional_routing,6,2025-12-29
FU-002424,ACC-007,Voyager Entertainment,ACC-007-U076,flow_conditional_routing,2,2025-12-29
FU-002425,ACC-007,Voyager Entertainment,ACC-007-U111,flow_conditional_routing,3,2026-01-05
FU-002426,ACC-007,Voyager Entertainment,ACC-007-U006,flow_conditional_routing,2,2026-01-12
FU-002427,ACC-007,Voyager Entertainment,ACC-007-U076,flow_conditional_routing,6,2026-01-12
FU-002428,ACC-007,Voyager Entertainment,ACC-007-U066,flow_conditional_routing,3,2026-01-12
FU-002429,ACC-007,Voyager Entertainment,ACC-007-U031,flow_conditional_routing,1,2026-01-12
FU-002430,ACC-007,Voyager Entertainment,ACC-007-U078,flow_conditional_routing,6,2026-01-12
FU-002431,ACC-007,Voyager Entertainment,ACC-007-U113,flow_conditional_routing,3,2026-01-19
FU-002432,ACC-007,Voyager Entertainment,ACC-007-U081,flow_conditional_routing,5,2026-01-19
FU-002433,ACC-007,Voyager Entertainment,ACC-007-U075,flow_conditional_routing,3,2026-01-19
FU-002434,ACC-007,Voyager Entertainment,ACC-007-U114,flow_conditional_routing,1,2026-01-19
FU-002435,ACC-007,Voyager Entertainment,ACC-007-U119,flow_conditional_routing,1,2026-01-19
FU-002436,ACC-007,Voyager Entertainment,ACC-007-U028,flow_conditional_routing,2,2026-01-26
FU-002437,ACC-007,Voyager Entertainment,ACC-007-U120,flow_conditional_routing,3,2026-01-26
FU-002438,ACC-007,Voyager Entertainment,ACC-007-U115,flow_conditional_routing,5,2026-01-26
FU-002439,ACC-007,Voyager Entertainment,ACC-007-U053,flow_conditional_routing,4,2026-01-26
FU-002440,ACC-007,Voyager Entertainment,ACC-007-U050,flow_conditional_routing,3,2026-02-02
FU-002441,ACC-007,Voyager Entertainment,ACC-007-U064,flow_conditional_routing,4,2026-02-02
FU-002442,ACC-007,Voyager Entertainment,ACC-007-U065,flow_conditional_routing,1,2026-02-02
FU-002443,ACC-007,Voyager Entertainment,ACC-007-U006,flow_conditional_routing,1,2026-02-02
FU-002444,ACC-007,Voyager Entertainment,ACC-007-U033,flow_conditional_routing,1,2026-02-02
FU-002445,ACC-007,Voyager Entertainment,ACC-007-U100,flow_conditional_routing,1,2026-02-02
FU-002446,ACC-007,Voyager Entertainment,ACC-007-U105,flow_conditional_routing,2,2026-02-02
FU-002447,ACC-007,Voyager Entertainment,ACC-007-U103,flow_conditional_routing,1,2026-02-09
FU-002448,ACC-007,Voyager Entertainment,ACC-007-U090,flow_conditional_routing,2,2026-02-09
FU-002449,ACC-007,Voyager Entertainment,ACC-007-U040,flow_conditional_routing,4,2026-02-09
FU-002450,ACC-007,Voyager Entertainment,ACC-007-U033,flow_conditional_routing,4,2026-02-09
FU-002451,ACC-007,Voyager Entertainment,ACC-007-U045,flow_conditional_routing,5,2026-02-09
FU-002452,ACC-007,Voyager Entertainment,ACC-007-U101,flow_conditional_routing,5,2026-02-09
FU-002453,ACC-007,Voyager Entertainment,ACC-007-U017,flow_conditional_routing,1,2026-02-09
FU-002454,ACC-007,Voyager Entertainment,ACC-007-U023,flow_conditional_routing,2,2026-02-16
FU-002455,ACC-007,Voyager Entertainment,ACC-007-U013,flow_conditional_routing,6,2026-02-16
FU-002456,ACC-007,Voyager Entertainment,ACC-007-U084,flow_conditional_routing,5,2026-02-16
FU-002457,ACC-007,Voyager Entertainment,ACC-007-U065,flow_conditional_routing,1,2026-02-16
FU-002458,ACC-007,Voyager Entertainment,ACC-007-U074,flow_conditional_routing,6,2026-02-16
FU-002459,ACC-007,Voyager Entertainment,ACC-007-U026,flow_conditional_routing,1,2026-02-16
FU-002460,ACC-007,Voyager Entertainment,ACC-007-U094,flow_conditional_routing,5,2026-02-23
FU-002461,ACC-007,Voyager Entertainment,ACC-007-U033,flow_conditional_routing,7,2026-02-23
FU-002462,ACC-007,Voyager Entertainment,ACC-007-U103,flow_conditional_routing,2,2026-02-23
FU-002463,ACC-007,Voyager Entertainment,ACC-007-U049,flow_conditional_routing,1,2026-02-23
FU-002464,ACC-007,Voyager Entertainment,ACC-007-U009,flow_conditional_routing,5,2026-02-23
FU-002465,ACC-007,Voyager Entertainment,ACC-007-U071,flow_conditional_routing,4,2026-02-23
FU-002466,ACC-007,Voyager Entertainment,ACC-007-U116,flow_conditional_routing,3,2026-03-02
FU-002467,ACC-007,Voyager Entertainment,ACC-007-U071,flow_conditional_routing,1,2026-03-02
FU-002468,ACC-007,Voyager Entertainment,ACC-007-U087,flow_conditional_routing,7,2026-03-02
FU-002469,ACC-007,Voyager Entertainment,ACC-007-U058,flow_conditional_routing,3,2026-03-02
FU-002470,ACC-007,Voyager Entertainment,ACC-007-U098,flow_conditional_routing,2,2026-03-02
FU-002471,ACC-007,Voyager Entertainment,ACC-007-U052,flow_conditional_routing,5,2026-03-09
FU-002472,ACC-007,Voyager Entertainment,ACC-007-U053,flow_conditional_routing,2,2026-03-09
FU-002473,ACC-007,Voyager Entertainment,ACC-007-U025,flow_conditional_routing,5,2026-03-09
FU-002474,ACC-007,Voyager Entertainment,ACC-007-U120,insight_scheduled_reports,5,2025-12-15
FU-002475,ACC-007,Voyager Entertainment,ACC-007-U119,insight_scheduled_reports,9,2025-12-15
FU-002476,ACC-007,Voyager Entertainment,ACC-007-U117,insight_scheduled_reports,5,2025-12-22
FU-002477,ACC-007,Voyager Entertainment,ACC-007-U097,insight_scheduled_reports,2,2025-12-22
FU-002478,ACC-007,Voyager Entertainment,ACC-007-U095,insight_scheduled_reports,1,2025-12-22
FU-002479,ACC-007,Voyager Entertainment,ACC-007-U095,insight_scheduled_reports,1,2025-12-29
FU-002480,ACC-007,Voyager Entertainment,ACC-007-U054,insight_scheduled_reports,3,2025-12-29
FU-002481,ACC-007,Voyager Entertainment,ACC-007-U044,insight_scheduled_reports,1,2025-12-29
FU-002482,ACC-007,Voyager Entertainment,ACC-007-U109,insight_scheduled_reports,6,2025-12-29
FU-002483,ACC-007,Voyager Entertainment,ACC-007-U030,insight_scheduled_reports,1,2025-12-29
FU-002484,ACC-007,Voyager Entertainment,ACC-007-U043,insight_scheduled_reports,4,2025-12-29
FU-002485,ACC-007,Voyager Entertainment,ACC-007-U118,insight_scheduled_reports,5,2026-01-05
FU-002486,ACC-007,Voyager Entertainment,ACC-007-U019,insight_scheduled_reports,4,2026-01-05
FU-002487,ACC-007,Voyager Entertainment,ACC-007-U111,insight_scheduled_reports,3,2026-01-05
FU-002488,ACC-007,Voyager Entertainment,ACC-007-U055,insight_scheduled_reports,1,2026-01-12
FU-002489,ACC-007,Voyager Entertainment,ACC-007-U011,insight_scheduled_reports,1,2026-01-12
FU-002490,ACC-007,Voyager Entertainment,ACC-007-U046,insight_scheduled_reports,1,2026-01-12
FU-002491,ACC-007,Voyager Entertainment,ACC-007-U113,insight_scheduled_reports,4,2026-01-12
FU-002492,ACC-007,Voyager Entertainment,ACC-007-U036,insight_scheduled_reports,2,2026-01-12
FU-002493,ACC-007,Voyager Entertainment,ACC-007-U062,insight_scheduled_reports,3,2026-01-12
FU-002494,ACC-007,Voyager Entertainment,ACC-007-U087,insight_scheduled_reports,6,2026-01-19
FU-002495,ACC-007,Voyager Entertainment,ACC-007-U045,insight_scheduled_reports,3,2026-01-19
FU-002496,ACC-007,Voyager Entertainment,ACC-007-U009,insight_scheduled_reports,4,2026-01-19
FU-002497,ACC-007,Voyager Entertainment,ACC-007-U077,insight_scheduled_reports,3,2026-01-19
FU-002498,ACC-007,Voyager Entertainment,ACC-007-U053,insight_scheduled_reports,1,2026-01-19
FU-002499,ACC-007,Voyager Entertainment,ACC-007-U066,insight_scheduled_reports,4,2026-01-19
FU-002500,ACC-007,Voyager Entertainment,ACC-007-U076,insight_scheduled_reports,1,2026-01-26
FU-002501,ACC-007,Voyager Entertainment,ACC-007-U081,insight_scheduled_reports,3,2026-01-26
FU-002502,ACC-007,Voyager Entertainment,ACC-007-U008,insight_scheduled_reports,4,2026-01-26
FU-002503,ACC-007,Voyager Entertainment,ACC-007-U066,insight_scheduled_reports,1,2026-01-26
FU-002504,ACC-007,Voyager Entertainment,ACC-007-U019,insight_scheduled_reports,4,2026-01-26
FU-002505,ACC-007,Voyager Entertainment,ACC-007-U118,insight_scheduled_reports,4,2026-01-26
FU-002506,ACC-007,Voyager Entertainment,ACC-007-U078,insight_scheduled_reports,3,2026-02-02
FU-002507,ACC-007,Voyager Entertainment,ACC-007-U066,insight_scheduled_reports,4,2026-02-02
FU-002508,ACC-007,Voyager Entertainment,ACC-007-U003,insight_scheduled_reports,5,2026-02-02
FU-002509,ACC-007,Voyager Entertainment,ACC-007-U036,insight_scheduled_reports,4,2026-02-02
FU-002510,ACC-007,Voyager Entertainment,ACC-007-U058,insight_scheduled_reports,3,2026-02-02
FU-002511,ACC-007,Voyager Entertainment,ACC-007-U091,insight_scheduled_reports,5,2026-02-02
FU-002512,ACC-007,Voyager Entertainment,ACC-007-U032,insight_scheduled_reports,7,2026-02-02
FU-002513,ACC-007,Voyager Entertainment,ACC-007-U119,insight_scheduled_reports,3,2026-02-09
FU-002514,ACC-007,Voyager Entertainment,ACC-007-U041,insight_scheduled_reports,2,2026-02-09
FU-002515,ACC-007,Voyager Entertainment,ACC-007-U070,insight_scheduled_reports,5,2026-02-09
FU-002516,ACC-007,Voyager Entertainment,ACC-007-U096,insight_scheduled_reports,5,2026-02-09
FU-002517,ACC-007,Voyager Entertainment,ACC-007-U092,insight_scheduled_reports,6,2026-02-09
FU-002518,ACC-007,Voyager Entertainment,ACC-007-U009,insight_scheduled_reports,2,2026-02-16
FU-002519,ACC-007,Voyager Entertainment,ACC-007-U065,insight_scheduled_reports,2,2026-02-16
FU-002520,ACC-007,Voyager Entertainment,ACC-007-U048,insight_scheduled_reports,7,2026-02-16
FU-002521,ACC-007,Voyager Entertainment,ACC-007-U010,insight_scheduled_reports,1,2026-02-16
FU-002522,ACC-007,Voyager Entertainment,ACC-007-U016,insight_scheduled_reports,4,2026-02-16
FU-002523,ACC-007,Voyager Entertainment,ACC-007-U050,insight_scheduled_reports,6,2026-02-23
FU-002524,ACC-007,Voyager Entertainment,ACC-007-U026,insight_scheduled_reports,6,2026-03-02
FU-002525,ACC-007,Voyager Entertainment,ACC-007-U068,insight_scheduled_reports,5,2026-03-02
FU-002526,ACC-007,Voyager Entertainment,ACC-007-U007,insight_scheduled_reports,6,2026-03-02
FU-002527,ACC-007,Voyager Entertainment,ACC-007-U077,insight_scheduled_reports,1,2026-03-02
FU-002528,ACC-007,Voyager Entertainment,ACC-007-U102,insight_scheduled_reports,4,2026-03-02
FU-002529,ACC-007,Voyager Entertainment,ACC-007-U052,insight_scheduled_reports,4,2026-03-02
FU-002530,ACC-007,Voyager Entertainment,ACC-007-U096,insight_scheduled_reports,3,2026-03-09
FU-002531,ACC-007,Voyager Entertainment,ACC-007-U074,insight_scheduled_reports,1,2026-03-09
FU-002532,ACC-007,Voyager Entertainment,ACC-007-U009,insight_scheduled_reports,2,2026-03-09
FU-002533,ACC-007,Voyager Entertainment,ACC-007-U073,insight_scheduled_reports,3,2026-03-09
FU-002534,ACC-007,Voyager Entertainment,ACC-007-U022,insight_scheduled_reports,7,2026-03-09
FU-002535,ACC-007,Voyager Entertainment,ACC-007-U088,flow_webhooks,3,2025-12-15
FU-002536,ACC-007,Voyager Entertainment,ACC-007-U035,flow_webhooks,2,2025-12-15
FU-002537,ACC-007,Voyager Entertainment,ACC-007-U005,flow_webhooks,1,2025-12-15
FU-002538,ACC-007,Voyager Entertainment,ACC-007-U108,flow_webhooks,3,2025-12-15
FU-002539,ACC-007,Voyager Entertainment,ACC-007-U017,flow_webhooks,2,2025-12-15
FU-002540,ACC-007,Voyager Entertainment,ACC-007-U056,flow_webhooks,5,2025-12-15
FU-002541,ACC-007,Voyager Entertainment,ACC-007-U083,flow_webhooks,3,2025-12-15
FU-002542,ACC-007,Voyager Entertainment,ACC-007-U037,flow_webhooks,1,2025-12-22
FU-002543,ACC-007,Voyager Entertainment,ACC-007-U082,flow_webhooks,2,2025-12-22
FU-002544,ACC-007,Voyager Entertainment,ACC-007-U028,flow_webhooks,7,2025-12-22
FU-002545,ACC-007,Voyager Entertainment,ACC-007-U048,flow_webhooks,5,2025-12-22
FU-002546,ACC-007,Voyager Entertainment,ACC-007-U083,flow_webhooks,2,2025-12-22
FU-002547,ACC-007,Voyager Entertainment,ACC-007-U100,flow_webhooks,3,2025-12-29
FU-002548,ACC-007,Voyager Entertainment,ACC-007-U120,flow_webhooks,8,2025-12-29
FU-002549,ACC-007,Voyager Entertainment,ACC-007-U071,flow_webhooks,3,2025-12-29
FU-002550,ACC-007,Voyager Entertainment,ACC-007-U033,flow_webhooks,7,2026-01-05
FU-002551,ACC-007,Voyager Entertainment,ACC-007-U119,flow_webhooks,2,2026-01-05
FU-002552,ACC-007,Voyager Entertainment,ACC-007-U079,flow_webhooks,5,2026-01-05
FU-002553,ACC-007,Voyager Entertainment,ACC-007-U023,flow_webhooks,2,2026-01-05
FU-002554,ACC-007,Voyager Entertainment,ACC-007-U065,flow_webhooks,5,2026-01-05
FU-002555,ACC-007,Voyager Entertainment,ACC-007-U064,flow_webhooks,4,2026-01-05
FU-002556,ACC-007,Voyager Entertainment,ACC-007-U072,flow_webhooks,6,2026-01-12
FU-002557,ACC-007,Voyager Entertainment,ACC-007-U067,flow_webhooks,11,2026-01-12
FU-002558,ACC-007,Voyager Entertainment,ACC-007-U010,flow_webhooks,2,2026-01-12
FU-002559,ACC-007,Voyager Entertainment,ACC-007-U040,flow_webhooks,4,2026-01-12
FU-002560,ACC-007,Voyager Entertainment,ACC-007-U087,flow_webhooks,6,2026-01-19
FU-002561,ACC-007,Voyager Entertainment,ACC-007-U040,flow_webhooks,5,2026-01-19
FU-002562,ACC-007,Voyager Entertainment,ACC-007-U096,flow_webhooks,1,2026-01-26
FU-002563,ACC-007,Voyager Entertainment,ACC-007-U114,flow_webhooks,4,2026-01-26
FU-002564,ACC-007,Voyager Entertainment,ACC-007-U051,flow_webhooks,5,2026-02-02
FU-002565,ACC-007,Voyager Entertainment,ACC-007-U085,flow_webhooks,3,2026-02-02
FU-002566,ACC-007,Voyager Entertainment,ACC-007-U077,flow_webhooks,6,2026-02-09
FU-002567,ACC-007,Voyager Entertainment,ACC-007-U039,flow_webhooks,3,2026-02-16
FU-002568,ACC-007,Voyager Entertainment,ACC-007-U040,flow_webhooks,2,2026-02-16
FU-002569,ACC-007,Voyager Entertainment,ACC-007-U037,flow_webhooks,2,2026-02-16
FU-002570,ACC-007,Voyager Entertainment,ACC-007-U072,flow_webhooks,3,2026-02-16
FU-002571,ACC-007,Voyager Entertainment,ACC-007-U074,flow_webhooks,1,2026-02-16
FU-002572,ACC-007,Voyager Entertainment,ACC-007-U008,flow_webhooks,4,2026-02-16
FU-002573,ACC-007,Voyager Entertainment,ACC-007-U014,flow_webhooks,5,2026-02-23
FU-002574,ACC-007,Voyager Entertainment,ACC-007-U074,flow_webhooks,3,2026-02-23
FU-002575,ACC-007,Voyager Entertainment,ACC-007-U017,flow_webhooks,4,2026-02-23
FU-002576,ACC-007,Voyager Entertainment,ACC-007-U012,flow_webhooks,2,2026-02-23
FU-002577,ACC-007,Voyager Entertainment,ACC-007-U041,flow_webhooks,3,2026-02-23
FU-002578,ACC-007,Voyager Entertainment,ACC-007-U061,flow_webhooks,5,2026-02-23
FU-002579,ACC-007,Voyager Entertainment,ACC-007-U073,flow_webhooks,5,2026-03-02
FU-002580,ACC-007,Voyager Entertainment,ACC-007-U056,flow_webhooks,4,2026-03-02
FU-002581,ACC-007,Voyager Entertainment,ACC-007-U019,flow_webhooks,3,2026-03-09
FU-002582,ACC-007,Voyager Entertainment,ACC-007-U087,flow_webhooks,4,2026-03-09
FU-002583,ACC-007,Voyager Entertainment,ACC-007-U114,flow_webhooks,4,2026-03-09
FU-002584,ACC-007,Voyager Entertainment,ACC-007-U037,flow_integrations,4,2025-12-15
FU-002585,ACC-007,Voyager Entertainment,ACC-007-U055,flow_integrations,5,2025-12-15
FU-002586,ACC-007,Voyager Entertainment,ACC-007-U081,flow_integrations,4,2025-12-22
FU-002587,ACC-007,Voyager Entertainment,ACC-007-U101,flow_integrations,2,2025-12-29
FU-002588,ACC-007,Voyager Entertainment,ACC-007-U017,flow_integrations,5,2025-12-29
FU-002589,ACC-007,Voyager Entertainment,ACC-007-U112,flow_integrations,4,2025-12-29
FU-002590,ACC-007,Voyager Entertainment,ACC-007-U020,flow_integrations,1,2025-12-29
FU-002591,ACC-007,Voyager Entertainment,ACC-007-U046,flow_integrations,6,2025-12-29
FU-002592,ACC-007,Voyager Entertainment,ACC-007-U052,flow_integrations,2,2025-12-29
FU-002593,ACC-007,Voyager Entertainment,ACC-007-U033,flow_integrations,5,2025-12-29
FU-002594,ACC-007,Voyager Entertainment,ACC-007-U034,flow_integrations,2,2026-01-05
FU-002595,ACC-007,Voyager Entertainment,ACC-007-U047,flow_integrations,6,2026-01-05
FU-002596,ACC-007,Voyager Entertainment,ACC-007-U118,flow_integrations,1,2026-01-05
FU-002597,ACC-007,Voyager Entertainment,ACC-007-U054,flow_integrations,1,2026-01-05
FU-002598,ACC-007,Voyager Entertainment,ACC-007-U057,flow_integrations,5,2026-01-12
FU-002599,ACC-007,Voyager Entertainment,ACC-007-U007,flow_integrations,3,2026-01-12
FU-002600,ACC-007,Voyager Entertainment,ACC-007-U073,flow_integrations,4,2026-01-19
FU-002601,ACC-007,Voyager Entertainment,ACC-007-U092,flow_integrations,3,2026-01-26
FU-002602,ACC-007,Voyager Entertainment,ACC-007-U113,flow_integrations,1,2026-01-26
FU-002603,ACC-007,Voyager Entertainment,ACC-007-U047,flow_integrations,6,2026-01-26
FU-002604,ACC-007,Voyager Entertainment,ACC-007-U062,flow_integrations,1,2026-01-26
FU-002605,ACC-007,Voyager Entertainment,ACC-007-U044,flow_integrations,2,2026-02-02
FU-002606,ACC-007,Voyager Entertainment,ACC-007-U100,flow_integrations,1,2026-02-02
FU-002607,ACC-007,Voyager Entertainment,ACC-007-U027,flow_integrations,6,2026-02-09
FU-002608,ACC-007,Voyager Entertainment,ACC-007-U059,flow_integrations,4,2026-02-09
FU-002609,ACC-007,Voyager Entertainment,ACC-007-U012,flow_integrations,5,2026-02-09
FU-002610,ACC-007,Voyager Entertainment,ACC-007-U014,flow_integrations,1,2026-02-09
FU-002611,ACC-007,Voyager Entertainment,ACC-007-U061,flow_integrations,5,2026-02-09
FU-002612,ACC-007,Voyager Entertainment,ACC-007-U083,flow_integrations,1,2026-02-09
FU-002613,ACC-007,Voyager Entertainment,ACC-007-U099,flow_integrations,2,2026-02-09
FU-002614,ACC-007,Voyager Entertainment,ACC-007-U092,flow_integrations,5,2026-02-16
FU-002615,ACC-007,Voyager Entertainment,ACC-007-U108,flow_integrations,1,2026-02-23
FU-002616,ACC-007,Voyager Entertainment,ACC-007-U106,flow_integrations,2,2026-02-23
FU-002617,ACC-007,Voyager Entertainment,ACC-007-U070,flow_integrations,5,2026-02-23
FU-002618,ACC-007,Voyager Entertainment,ACC-007-U011,flow_integrations,2,2026-02-23
FU-002619,ACC-007,Voyager Entertainment,ACC-007-U065,flow_integrations,5,2026-02-23
FU-002620,ACC-007,Voyager Entertainment,ACC-007-U068,flow_integrations,7,2026-03-02
FU-002621,ACC-007,Voyager Entertainment,ACC-007-U116,flow_integrations,2,2026-03-09
FU-002622,ACC-007,Voyager Entertainment,ACC-007-U055,flow_integrations,4,2026-03-09
FU-002623,ACC-007,Voyager Entertainment,ACC-007-U018,flow_integrations,1,2026-03-09
FU-002624,ACC-007,Voyager Entertainment,ACC-007-U031,flow_integrations,3,2026-03-09
FU-002625,ACC-007,Voyager Entertainment,ACC-007-U078,flow_integrations,1,2026-03-09
FU-002626,ACC-007,Voyager Entertainment,ACC-007-U027,flow_integrations,2,2026-03-09
FU-002627,ACC-008,Ironclad Manufacturing,ACC-008-U002,canvas_templates,6,2025-12-15
FU-002628,ACC-008,Ironclad Manufacturing,ACC-008-U017,canvas_templates,1,2025-12-15
FU-002629,ACC-008,Ironclad Manufacturing,ACC-008-U019,canvas_templates,2,2025-12-22
FU-002630,ACC-008,Ironclad Manufacturing,ACC-008-U003,canvas_templates,5,2025-12-22
FU-002631,ACC-008,Ironclad Manufacturing,ACC-008-U034,canvas_templates,7,2025-12-29
FU-002632,ACC-008,Ironclad Manufacturing,ACC-008-U022,canvas_templates,1,2025-12-29
FU-002633,ACC-008,Ironclad Manufacturing,ACC-008-U003,canvas_templates,7,2025-12-29
FU-002634,ACC-008,Ironclad Manufacturing,ACC-008-U004,canvas_templates,3,2025-12-29
FU-002635,ACC-008,Ironclad Manufacturing,ACC-008-U007,canvas_templates,5,2025-12-29
FU-002636,ACC-008,Ironclad Manufacturing,ACC-008-U029,canvas_templates,2,2025-12-29
FU-002637,ACC-008,Ironclad Manufacturing,ACC-008-U015,canvas_templates,5,2025-12-29
FU-002638,ACC-008,Ironclad Manufacturing,ACC-008-U001,canvas_templates,1,2025-12-29
FU-002639,ACC-008,Ironclad Manufacturing,ACC-008-U010,canvas_templates,2,2026-01-05
FU-002640,ACC-008,Ironclad Manufacturing,ACC-008-U030,canvas_templates,2,2026-01-05
FU-002641,ACC-008,Ironclad Manufacturing,ACC-008-U033,canvas_templates,4,2026-01-12
FU-002642,ACC-008,Ironclad Manufacturing,ACC-008-U013,canvas_templates,2,2026-01-12
FU-002643,ACC-008,Ironclad Manufacturing,ACC-008-U029,canvas_templates,4,2026-01-12
FU-002644,ACC-008,Ironclad Manufacturing,ACC-008-U028,canvas_templates,3,2026-01-12
FU-002645,ACC-008,Ironclad Manufacturing,ACC-008-U005,canvas_templates,5,2026-01-12
FU-002646,ACC-008,Ironclad Manufacturing,ACC-008-U035,canvas_templates,5,2026-01-12
FU-002647,ACC-008,Ironclad Manufacturing,ACC-008-U008,canvas_templates,3,2026-01-12
FU-002648,ACC-008,Ironclad Manufacturing,ACC-008-U004,canvas_templates,1,2026-01-12
FU-002649,ACC-008,Ironclad Manufacturing,ACC-008-U024,canvas_templates,6,2026-01-12
FU-002650,ACC-008,Ironclad Manufacturing,ACC-008-U009,canvas_templates,1,2026-01-19
FU-002651,ACC-008,Ironclad Manufacturing,ACC-008-U026,canvas_templates,5,2026-01-19
FU-002652,ACC-008,Ironclad Manufacturing,ACC-008-U025,canvas_templates,2,2026-01-19
FU-002653,ACC-008,Ironclad Manufacturing,ACC-008-U011,canvas_templates,4,2026-01-19
FU-002654,ACC-008,Ironclad Manufacturing,ACC-008-U019,canvas_templates,3,2026-01-26
FU-002655,ACC-008,Ironclad Manufacturing,ACC-008-U010,canvas_templates,4,2026-01-26
FU-002656,ACC-008,Ironclad Manufacturing,ACC-008-U007,canvas_templates,1,2026-01-26
FU-002657,ACC-008,Ironclad Manufacturing,ACC-008-U017,canvas_templates,6,2026-01-26
FU-002658,ACC-008,Ironclad Manufacturing,ACC-008-U033,canvas_templates,4,2026-01-26
FU-002659,ACC-008,Ironclad Manufacturing,ACC-008-U026,canvas_templates,1,2026-02-02
FU-002660,ACC-008,Ironclad Manufacturing,ACC-008-U009,canvas_templates,4,2026-02-02
FU-002661,ACC-008,Ironclad Manufacturing,ACC-008-U033,canvas_templates,2,2026-02-02
FU-002662,ACC-008,Ironclad Manufacturing,ACC-008-U008,canvas_templates,5,2026-02-02
FU-002663,ACC-008,Ironclad Manufacturing,ACC-008-U003,canvas_templates,6,2026-02-02
FU-002664,ACC-008,Ironclad Manufacturing,ACC-008-U018,canvas_templates,4,2026-02-02
FU-002665,ACC-008,Ironclad Manufacturing,ACC-008-U001,canvas_templates,4,2026-02-02
FU-002666,ACC-008,Ironclad Manufacturing,ACC-008-U007,canvas_templates,2,2026-02-02
FU-002667,ACC-008,Ironclad Manufacturing,ACC-008-U004,canvas_templates,1,2026-02-02
FU-002668,ACC-008,Ironclad Manufacturing,ACC-008-U019,canvas_templates,4,2026-02-02
FU-002669,ACC-008,Ironclad Manufacturing,ACC-008-U029,canvas_templates,2,2026-02-09
FU-002670,ACC-008,Ironclad Manufacturing,ACC-008-U034,canvas_templates,2,2026-02-09
FU-002671,ACC-008,Ironclad Manufacturing,ACC-008-U010,canvas_templates,1,2026-02-09
FU-002672,ACC-008,Ironclad Manufacturing,ACC-008-U020,canvas_templates,3,2026-02-09
FU-002673,ACC-008,Ironclad Manufacturing,ACC-008-U011,canvas_templates,3,2026-02-09
FU-002674,ACC-008,Ironclad Manufacturing,ACC-008-U022,canvas_templates,2,2026-02-09
FU-002675,ACC-008,Ironclad Manufacturing,ACC-008-U032,canvas_templates,3,2026-02-16
FU-002676,ACC-008,Ironclad Manufacturing,ACC-008-U010,canvas_templates,1,2026-02-16
FU-002677,ACC-008,Ironclad Manufacturing,ACC-008-U013,canvas_templates,5,2026-02-16
FU-002678,ACC-008,Ironclad Manufacturing,ACC-008-U012,canvas_templates,6,2026-02-23
FU-002679,ACC-008,Ironclad Manufacturing,ACC-008-U030,canvas_templates,4,2026-02-23
FU-002680,ACC-008,Ironclad Manufacturing,ACC-008-U021,canvas_templates,2,2026-02-23
FU-002681,ACC-008,Ironclad Manufacturing,ACC-008-U020,canvas_templates,2,2026-02-23
FU-002682,ACC-008,Ironclad Manufacturing,ACC-008-U003,canvas_templates,7,2026-02-23
FU-002683,ACC-008,Ironclad Manufacturing,ACC-008-U025,canvas_templates,2,2026-02-23
FU-002684,ACC-008,Ironclad Manufacturing,ACC-008-U007,canvas_templates,4,2026-02-23
FU-002685,ACC-008,Ironclad Manufacturing,ACC-008-U017,canvas_templates,2,2026-02-23
FU-002686,ACC-008,Ironclad Manufacturing,ACC-008-U016,canvas_templates,4,2026-02-23
FU-002687,ACC-008,Ironclad Manufacturing,ACC-008-U002,canvas_templates,3,2026-02-23
FU-002688,ACC-008,Ironclad Manufacturing,ACC-008-U035,canvas_templates,4,2026-02-23
FU-002689,ACC-008,Ironclad Manufacturing,ACC-008-U027,canvas_templates,3,2026-03-02
FU-002690,ACC-008,Ironclad Manufacturing,ACC-008-U003,canvas_templates,2,2026-03-02
FU-002691,ACC-008,Ironclad Manufacturing,ACC-008-U031,canvas_templates,3,2026-03-02
FU-002692,ACC-008,Ironclad Manufacturing,ACC-008-U011,canvas_templates,3,2026-03-02
FU-002693,ACC-008,Ironclad Manufacturing,ACC-008-U007,canvas_templates,3,2026-03-09
FU-002694,ACC-008,Ironclad Manufacturing,ACC-008-U001,canvas_templates,1,2026-03-09
FU-002695,ACC-008,Ironclad Manufacturing,ACC-008-U031,canvas_templates,1,2026-03-09
FU-002696,ACC-008,Ironclad Manufacturing,ACC-008-U035,canvas_templates,1,2026-03-09
FU-002697,ACC-008,Ironclad Manufacturing,ACC-008-U016,canvas_templates,7,2026-03-09
FU-002698,ACC-008,Ironclad Manufacturing,ACC-008-U027,canvas_templates,3,2026-03-09
FU-002699,ACC-008,Ironclad Manufacturing,ACC-008-U018,canvas_templates,6,2026-03-09
FU-002700,ACC-008,Ironclad Manufacturing,ACC-008-U015,canvas_templates,2,2026-03-09
FU-002701,ACC-008,Ironclad Manufacturing,ACC-008-U017,canvas_templates,2,2026-03-09
FU-002702,ACC-008,Ironclad Manufacturing,ACC-008-U019,canvas_templates,5,2026-03-09
FU-002703,ACC-008,Ironclad Manufacturing,ACC-008-U014,canvas_templates,3,2026-03-09
FU-002704,ACC-008,Ironclad Manufacturing,ACC-008-U033,canvas_templates,5,2026-03-09
FU-002705,ACC-008,Ironclad Manufacturing,ACC-008-U015,canvas_export,1,2025-12-15
FU-002706,ACC-008,Ironclad Manufacturing,ACC-008-U030,canvas_export,6,2025-12-15
FU-002707,ACC-008,Ironclad Manufacturing,ACC-008-U014,canvas_export,1,2025-12-15
FU-002708,ACC-008,Ironclad Manufacturing,ACC-008-U034,canvas_export,2,2025-12-15
FU-002709,ACC-008,Ironclad Manufacturing,ACC-008-U007,canvas_export,2,2025-12-15
FU-002710,ACC-008,Ironclad Manufacturing,ACC-008-U006,canvas_export,4,2025-12-15
FU-002711,ACC-008,Ironclad Manufacturing,ACC-008-U029,canvas_export,2,2025-12-15
FU-002712,ACC-008,Ironclad Manufacturing,ACC-008-U011,canvas_export,8,2025-12-22
FU-002713,ACC-008,Ironclad Manufacturing,ACC-008-U025,canvas_export,4,2025-12-22
FU-002714,ACC-008,Ironclad Manufacturing,ACC-008-U021,canvas_export,2,2025-12-22
FU-002715,ACC-008,Ironclad Manufacturing,ACC-008-U016,canvas_export,1,2025-12-29
FU-002716,ACC-008,Ironclad Manufacturing,ACC-008-U027,canvas_export,6,2025-12-29
FU-002717,ACC-008,Ironclad Manufacturing,ACC-008-U011,canvas_export,3,2025-12-29
FU-002718,ACC-008,Ironclad Manufacturing,ACC-008-U003,canvas_export,2,2025-12-29
FU-002719,ACC-008,Ironclad Manufacturing,ACC-008-U002,canvas_export,1,2025-12-29
FU-002720,ACC-008,Ironclad Manufacturing,ACC-008-U019,canvas_export,1,2025-12-29
FU-002721,ACC-008,Ironclad Manufacturing,ACC-008-U004,canvas_export,1,2025-12-29
FU-002722,ACC-008,Ironclad Manufacturing,ACC-008-U025,canvas_export,3,2025-12-29
FU-002723,ACC-008,Ironclad Manufacturing,ACC-008-U005,canvas_export,3,2025-12-29
FU-002724,ACC-008,Ironclad Manufacturing,ACC-008-U012,canvas_export,9,2025-12-29
FU-002725,ACC-008,Ironclad Manufacturing,ACC-008-U023,canvas_export,2,2025-12-29
FU-002726,ACC-008,Ironclad Manufacturing,ACC-008-U017,canvas_export,1,2025-12-29
FU-002727,ACC-008,Ironclad Manufacturing,ACC-008-U017,canvas_export,1,2026-01-05
FU-002728,ACC-008,Ironclad Manufacturing,ACC-008-U003,canvas_export,1,2026-01-05
FU-002729,ACC-008,Ironclad Manufacturing,ACC-008-U005,canvas_export,2,2026-01-05
FU-002730,ACC-008,Ironclad Manufacturing,ACC-008-U014,canvas_export,3,2026-01-05
FU-002731,ACC-008,Ironclad Manufacturing,ACC-008-U028,canvas_export,5,2026-01-05
FU-002732,ACC-008,Ironclad Manufacturing,ACC-008-U016,canvas_export,1,2026-01-05
FU-002733,ACC-008,Ironclad Manufacturing,ACC-008-U009,canvas_export,2,2026-01-05
FU-002734,ACC-008,Ironclad Manufacturing,ACC-008-U018,canvas_export,4,2026-01-05
FU-002735,ACC-008,Ironclad Manufacturing,ACC-008-U005,canvas_export,1,2026-01-12
FU-002736,ACC-008,Ironclad Manufacturing,ACC-008-U001,canvas_export,1,2026-01-12
FU-002737,ACC-008,Ironclad Manufacturing,ACC-008-U022,canvas_export,1,2026-01-12
FU-002738,ACC-008,Ironclad Manufacturing,ACC-008-U016,canvas_export,1,2026-01-12
FU-002739,ACC-008,Ironclad Manufacturing,ACC-008-U004,canvas_export,1,2026-01-12
FU-002740,ACC-008,Ironclad Manufacturing,ACC-008-U018,canvas_export,6,2026-01-12
FU-002741,ACC-008,Ironclad Manufacturing,ACC-008-U034,canvas_export,5,2026-01-12
FU-002742,ACC-008,Ironclad Manufacturing,ACC-008-U010,canvas_export,3,2026-01-12
FU-002743,ACC-008,Ironclad Manufacturing,ACC-008-U022,canvas_export,2,2026-01-19
FU-002744,ACC-008,Ironclad Manufacturing,ACC-008-U018,canvas_export,3,2026-01-19
FU-002745,ACC-008,Ironclad Manufacturing,ACC-008-U001,canvas_export,5,2026-01-19
FU-002746,ACC-008,Ironclad Manufacturing,ACC-008-U030,canvas_export,2,2026-01-26
FU-002747,ACC-008,Ironclad Manufacturing,ACC-008-U001,canvas_export,5,2026-01-26
FU-002748,ACC-008,Ironclad Manufacturing,ACC-008-U025,canvas_export,3,2026-01-26
FU-002749,ACC-008,Ironclad Manufacturing,ACC-008-U005,canvas_export,6,2026-01-26
FU-002750,ACC-008,Ironclad Manufacturing,ACC-008-U032,canvas_export,4,2026-02-02
FU-002751,ACC-008,Ironclad Manufacturing,ACC-008-U007,canvas_export,3,2026-02-02
FU-002752,ACC-008,Ironclad Manufacturing,ACC-008-U024,canvas_export,4,2026-02-02
FU-002753,ACC-008,Ironclad Manufacturing,ACC-008-U030,canvas_export,6,2026-02-09
FU-002754,ACC-008,Ironclad Manufacturing,ACC-008-U031,canvas_export,3,2026-02-09
FU-002755,ACC-008,Ironclad Manufacturing,ACC-008-U017,canvas_export,1,2026-02-09
FU-002756,ACC-008,Ironclad Manufacturing,ACC-008-U024,canvas_export,2,2026-02-16
FU-002757,ACC-008,Ironclad Manufacturing,ACC-008-U014,canvas_export,6,2026-02-16
FU-002758,ACC-008,Ironclad Manufacturing,ACC-008-U005,canvas_export,2,2026-02-16
FU-002759,ACC-008,Ironclad Manufacturing,ACC-008-U008,canvas_export,2,2026-02-16
FU-002760,ACC-008,Ironclad Manufacturing,ACC-008-U012,canvas_export,3,2026-02-16
FU-002761,ACC-008,Ironclad Manufacturing,ACC-008-U035,canvas_export,3,2026-02-16
FU-002762,ACC-008,Ironclad Manufacturing,ACC-008-U028,canvas_export,6,2026-02-16
FU-002763,ACC-008,Ironclad Manufacturing,ACC-008-U010,canvas_export,1,2026-02-16
FU-002764,ACC-008,Ironclad Manufacturing,ACC-008-U011,canvas_export,2,2026-02-16
FU-002765,ACC-008,Ironclad Manufacturing,ACC-008-U025,canvas_export,5,2026-02-23
FU-002766,ACC-008,Ironclad Manufacturing,ACC-008-U030,canvas_export,1,2026-02-23
FU-002767,ACC-008,Ironclad Manufacturing,ACC-008-U001,canvas_export,1,2026-02-23
FU-002768,ACC-008,Ironclad Manufacturing,ACC-008-U003,canvas_export,2,2026-02-23
FU-002769,ACC-008,Ironclad Manufacturing,ACC-008-U017,canvas_export,4,2026-02-23
FU-002770,ACC-008,Ironclad Manufacturing,ACC-008-U032,canvas_export,1,2026-03-02
FU-002771,ACC-008,Ironclad Manufacturing,ACC-008-U023,canvas_export,4,2026-03-02
FU-002772,ACC-008,Ironclad Manufacturing,ACC-008-U035,canvas_export,6,2026-03-02
FU-002773,ACC-008,Ironclad Manufacturing,ACC-008-U007,canvas_export,1,2026-03-02
FU-002774,ACC-008,Ironclad Manufacturing,ACC-008-U019,canvas_export,7,2026-03-02
FU-002775,ACC-008,Ironclad Manufacturing,ACC-008-U022,canvas_export,5,2026-03-02
FU-002776,ACC-008,Ironclad Manufacturing,ACC-008-U018,canvas_export,1,2026-03-02
FU-002777,ACC-008,Ironclad Manufacturing,ACC-008-U029,canvas_export,1,2026-03-02
FU-002778,ACC-008,Ironclad Manufacturing,ACC-008-U015,canvas_export,5,2026-03-02
FU-002779,ACC-008,Ironclad Manufacturing,ACC-008-U006,canvas_export,1,2026-03-02
FU-002780,ACC-008,Ironclad Manufacturing,ACC-008-U021,canvas_export,6,2026-03-02
FU-002781,ACC-008,Ironclad Manufacturing,ACC-008-U030,canvas_export,3,2026-03-02
FU-002782,ACC-008,Ironclad Manufacturing,ACC-008-U001,canvas_export,7,2026-03-09
FU-002783,ACC-008,Ironclad Manufacturing,ACC-008-U003,canvas_export,5,2026-03-09
FU-002784,ACC-008,Ironclad Manufacturing,ACC-008-U014,canvas_export,5,2026-03-09
FU-002785,ACC-008,Ironclad Manufacturing,ACC-008-U011,canvas_export,3,2026-03-09
FU-002786,ACC-008,Ironclad Manufacturing,ACC-008-U028,canvas_comments,4,2025-12-15
FU-002787,ACC-008,Ironclad Manufacturing,ACC-008-U032,canvas_comments,6,2025-12-15
FU-002788,ACC-008,Ironclad Manufacturing,ACC-008-U012,canvas_comments,5,2025-12-15
FU-002789,ACC-008,Ironclad Manufacturing,ACC-008-U016,canvas_comments,3,2025-12-15
FU-002790,ACC-008,Ironclad Manufacturing,ACC-008-U014,canvas_comments,1,2025-12-15
FU-002791,ACC-008,Ironclad Manufacturing,ACC-008-U025,canvas_comments,7,2025-12-15
FU-002792,ACC-008,Ironclad Manufacturing,ACC-008-U012,canvas_comments,4,2025-12-22
FU-002793,ACC-008,Ironclad Manufacturing,ACC-008-U026,canvas_comments,3,2025-12-22
FU-002794,ACC-008,Ironclad Manufacturing,ACC-008-U013,canvas_comments,1,2025-12-22
FU-002795,ACC-008,Ironclad Manufacturing,ACC-008-U001,canvas_comments,3,2025-12-22
FU-002796,ACC-008,Ironclad Manufacturing,ACC-008-U006,canvas_comments,1,2025-12-22
FU-002797,ACC-008,Ironclad Manufacturing,ACC-008-U014,canvas_comments,3,2025-12-22
FU-002798,ACC-008,Ironclad Manufacturing,ACC-008-U010,canvas_comments,2,2025-12-22
FU-002799,ACC-008,Ironclad Manufacturing,ACC-008-U023,canvas_comments,8,2025-12-29
FU-002800,ACC-008,Ironclad Manufacturing,ACC-008-U028,canvas_comments,6,2026-01-05
FU-002801,ACC-008,Ironclad Manufacturing,ACC-008-U021,canvas_comments,2,2026-01-05
FU-002802,ACC-008,Ironclad Manufacturing,ACC-008-U029,canvas_comments,1,2026-01-12
FU-002803,ACC-008,Ironclad Manufacturing,ACC-008-U030,canvas_comments,4,2026-01-12
FU-002804,ACC-008,Ironclad Manufacturing,ACC-008-U012,canvas_comments,4,2026-01-12
FU-002805,ACC-008,Ironclad Manufacturing,ACC-008-U033,canvas_comments,2,2026-01-12
FU-002806,ACC-008,Ironclad Manufacturing,ACC-008-U032,canvas_comments,4,2026-01-12
FU-002807,ACC-008,Ironclad Manufacturing,ACC-008-U015,canvas_comments,3,2026-01-12
FU-002808,ACC-008,Ironclad Manufacturing,ACC-008-U017,canvas_comments,5,2026-01-12
FU-002809,ACC-008,Ironclad Manufacturing,ACC-008-U010,canvas_comments,2,2026-01-19
FU-002810,ACC-008,Ironclad Manufacturing,ACC-008-U021,canvas_comments,3,2026-01-19
FU-002811,ACC-008,Ironclad Manufacturing,ACC-008-U009,canvas_comments,1,2026-01-19
FU-002812,ACC-008,Ironclad Manufacturing,ACC-008-U012,canvas_comments,4,2026-01-26
FU-002813,ACC-008,Ironclad Manufacturing,ACC-008-U002,canvas_comments,1,2026-02-02
FU-002814,ACC-008,Ironclad Manufacturing,ACC-008-U031,canvas_comments,2,2026-02-02
FU-002815,ACC-008,Ironclad Manufacturing,ACC-008-U014,canvas_comments,6,2026-02-02
FU-002816,ACC-008,Ironclad Manufacturing,ACC-008-U010,canvas_comments,3,2026-02-09
FU-002817,ACC-008,Ironclad Manufacturing,ACC-008-U006,canvas_comments,3,2026-02-16
FU-002818,ACC-008,Ironclad Manufacturing,ACC-008-U009,canvas_comments,5,2026-02-16
FU-002819,ACC-008,Ironclad Manufacturing,ACC-008-U027,canvas_comments,1,2026-02-23
FU-002820,ACC-008,Ironclad Manufacturing,ACC-008-U023,canvas_comments,4,2026-02-23
FU-002821,ACC-008,Ironclad Manufacturing,ACC-008-U009,canvas_comments,1,2026-02-23
FU-002822,ACC-008,Ironclad Manufacturing,ACC-008-U007,canvas_comments,7,2026-02-23
FU-002823,ACC-008,Ironclad Manufacturing,ACC-008-U002,canvas_comments,5,2026-02-23
FU-002824,ACC-008,Ironclad Manufacturing,ACC-008-U003,canvas_comments,3,2026-02-23
FU-002825,ACC-008,Ironclad Manufacturing,ACC-008-U031,canvas_comments,5,2026-02-23
FU-002826,ACC-008,Ironclad Manufacturing,ACC-008-U006,canvas_comments,4,2026-03-02
FU-002827,ACC-008,Ironclad Manufacturing,ACC-008-U005,canvas_comments,7,2026-03-02
FU-002828,ACC-008,Ironclad Manufacturing,ACC-008-U030,canvas_comments,4,2026-03-02
FU-002829,ACC-008,Ironclad Manufacturing,ACC-008-U008,canvas_comments,2,2026-03-02
FU-002830,ACC-008,Ironclad Manufacturing,ACC-008-U011,canvas_comments,2,2026-03-02
FU-002831,ACC-008,Ironclad Manufacturing,ACC-008-U017,canvas_comments,2,2026-03-02
FU-002832,ACC-008,Ironclad Manufacturing,ACC-008-U002,canvas_comments,1,2026-03-09
FU-002833,ACC-008,Ironclad Manufacturing,ACC-008-U020,canvas_comments,4,2026-03-09
FU-002834,ACC-008,Ironclad Manufacturing,ACC-008-U007,canvas_comments,5,2026-03-09
FU-002835,ACC-008,Ironclad Manufacturing,ACC-008-U004,canvas_version_history,8,2025-12-15
FU-002836,ACC-008,Ironclad Manufacturing,ACC-008-U005,canvas_version_history,3,2025-12-15
FU-002837,ACC-008,Ironclad Manufacturing,ACC-008-U008,canvas_version_history,1,2025-12-15
FU-002838,ACC-008,Ironclad Manufacturing,ACC-008-U004,canvas_version_history,5,2025-12-22
FU-002839,ACC-008,Ironclad Manufacturing,ACC-008-U034,canvas_version_history,1,2025-12-22
FU-002840,ACC-008,Ironclad Manufacturing,ACC-008-U012,canvas_version_history,6,2025-12-22
FU-002841,ACC-008,Ironclad Manufacturing,ACC-008-U004,canvas_version_history,4,2025-12-29
FU-002842,ACC-008,Ironclad Manufacturing,ACC-008-U032,canvas_version_history,4,2025-12-29
FU-002843,ACC-008,Ironclad Manufacturing,ACC-008-U007,canvas_version_history,6,2026-01-05
FU-002844,ACC-008,Ironclad Manufacturing,ACC-008-U019,canvas_version_history,3,2026-01-05
FU-002845,ACC-008,Ironclad Manufacturing,ACC-008-U016,canvas_version_history,5,2026-01-05
FU-002846,ACC-008,Ironclad Manufacturing,ACC-008-U032,canvas_version_history,4,2026-01-05
FU-002847,ACC-008,Ironclad Manufacturing,ACC-008-U030,canvas_version_history,3,2026-01-05
FU-002848,ACC-008,Ironclad Manufacturing,ACC-008-U029,canvas_version_history,5,2026-01-05
FU-002849,ACC-008,Ironclad Manufacturing,ACC-008-U035,canvas_version_history,5,2026-01-12
FU-002850,ACC-008,Ironclad Manufacturing,ACC-008-U033,canvas_version_history,4,2026-01-12
FU-002851,ACC-008,Ironclad Manufacturing,ACC-008-U008,canvas_version_history,1,2026-01-12
FU-002852,ACC-008,Ironclad Manufacturing,ACC-008-U032,canvas_version_history,2,2026-01-12
FU-002853,ACC-008,Ironclad Manufacturing,ACC-008-U011,canvas_version_history,2,2026-01-12
FU-002854,ACC-008,Ironclad Manufacturing,ACC-008-U025,canvas_version_history,6,2026-01-12
FU-002855,ACC-008,Ironclad Manufacturing,ACC-008-U014,canvas_version_history,2,2026-01-12
FU-002856,ACC-008,Ironclad Manufacturing,ACC-008-U030,canvas_version_history,6,2026-01-19
FU-002857,ACC-008,Ironclad Manufacturing,ACC-008-U022,canvas_version_history,7,2026-01-19
FU-002858,ACC-008,Ironclad Manufacturing,ACC-008-U020,canvas_version_history,1,2026-01-26
FU-002859,ACC-008,Ironclad Manufacturing,ACC-008-U031,canvas_version_history,1,2026-01-26
FU-002860,ACC-008,Ironclad Manufacturing,ACC-008-U023,canvas_version_history,2,2026-02-02
FU-002861,ACC-008,Ironclad Manufacturing,ACC-008-U015,canvas_version_history,6,2026-02-09
FU-002862,ACC-008,Ironclad Manufacturing,ACC-008-U013,canvas_version_history,2,2026-02-09
FU-002863,ACC-008,Ironclad Manufacturing,ACC-008-U031,canvas_version_history,5,2026-02-16
FU-002864,ACC-008,Ironclad Manufacturing,ACC-008-U022,canvas_version_history,1,2026-02-16
FU-002865,ACC-008,Ironclad Manufacturing,ACC-008-U001,canvas_version_history,3,2026-02-16
FU-002866,ACC-008,Ironclad Manufacturing,ACC-008-U013,canvas_version_history,3,2026-02-23
FU-002867,ACC-008,Ironclad Manufacturing,ACC-008-U023,canvas_version_history,6,2026-02-23
FU-002868,ACC-008,Ironclad Manufacturing,ACC-008-U027,canvas_version_history,1,2026-02-23
FU-002869,ACC-008,Ironclad Manufacturing,ACC-008-U025,canvas_version_history,6,2026-02-23
FU-002870,ACC-008,Ironclad Manufacturing,ACC-008-U018,canvas_version_history,2,2026-02-23
FU-002871,ACC-008,Ironclad Manufacturing,ACC-008-U022,canvas_version_history,2,2026-03-02
FU-002872,ACC-008,Ironclad Manufacturing,ACC-008-U033,canvas_version_history,5,2026-03-02
FU-002873,ACC-008,Ironclad Manufacturing,ACC-008-U005,canvas_version_history,8,2026-03-02
FU-002874,ACC-008,Ironclad Manufacturing,ACC-008-U007,canvas_version_history,6,2026-03-02
FU-002875,ACC-008,Ironclad Manufacturing,ACC-008-U035,canvas_version_history,1,2026-03-02
FU-002876,ACC-008,Ironclad Manufacturing,ACC-008-U028,canvas_version_history,4,2026-03-09
FU-002877,ACC-008,Ironclad Manufacturing,ACC-008-U009,canvas_version_history,5,2026-03-09
FU-002878,ACC-008,Ironclad Manufacturing,ACC-008-U030,canvas_version_history,1,2026-03-09
FU-002879,ACC-008,Ironclad Manufacturing,ACC-008-U005,canvas_version_history,4,2026-03-09
FU-002880,ACC-008,Ironclad Manufacturing,ACC-008-U004,canvas_version_history,3,2026-03-09
FU-002881,ACC-009,Northstar Consulting,ACC-009-U010,canvas_templates,6,2025-12-15
FU-002882,ACC-009,Northstar Consulting,ACC-009-U033,canvas_templates,2,2025-12-15
FU-002883,ACC-009,Northstar Consulting,ACC-009-U005,canvas_templates,1,2025-12-15
FU-002884,ACC-009,Northstar Consulting,ACC-009-U021,canvas_templates,1,2025-12-15
FU-002885,ACC-009,Northstar Consulting,ACC-009-U040,canvas_templates,5,2025-12-15
FU-002886,ACC-009,Northstar Consulting,ACC-009-U030,canvas_templates,2,2025-12-15
FU-002887,ACC-009,Northstar Consulting,ACC-009-U035,canvas_templates,7,2025-12-15
FU-002888,ACC-009,Northstar Consulting,ACC-009-U002,canvas_templates,3,2025-12-15
FU-002889,ACC-009,Northstar Consulting,ACC-009-U001,canvas_templates,2,2025-12-15
FU-002890,ACC-009,Northstar Consulting,ACC-009-U045,canvas_templates,4,2025-12-15
FU-002891,ACC-009,Northstar Consulting,ACC-009-U021,canvas_templates,4,2025-12-22
FU-002892,ACC-009,Northstar Consulting,ACC-009-U050,canvas_templates,2,2025-12-22
FU-002893,ACC-009,Northstar Consulting,ACC-009-U004,canvas_templates,1,2025-12-22
FU-002894,ACC-009,Northstar Consulting,ACC-009-U029,canvas_templates,2,2025-12-22
FU-002895,ACC-009,Northstar Consulting,ACC-009-U020,canvas_templates,3,2025-12-22
FU-002896,ACC-009,Northstar Consulting,ACC-009-U034,canvas_templates,2,2025-12-22
FU-002897,ACC-009,Northstar Consulting,ACC-009-U007,canvas_templates,1,2025-12-22
FU-002898,ACC-009,Northstar Consulting,ACC-009-U017,canvas_templates,4,2025-12-22
FU-002899,ACC-009,Northstar Consulting,ACC-009-U046,canvas_templates,4,2025-12-22
FU-002900,ACC-009,Northstar Consulting,ACC-009-U038,canvas_templates,7,2025-12-29
FU-002901,ACC-009,Northstar Consulting,ACC-009-U045,canvas_templates,6,2025-12-29
FU-002902,ACC-009,Northstar Consulting,ACC-009-U034,canvas_templates,5,2025-12-29
FU-002903,ACC-009,Northstar Consulting,ACC-009-U015,canvas_templates,5,2026-01-05
FU-002904,ACC-009,Northstar Consulting,ACC-009-U013,canvas_templates,2,2026-01-05
FU-002905,ACC-009,Northstar Consulting,ACC-009-U018,canvas_templates,5,2026-01-05
FU-002906,ACC-009,Northstar Consulting,ACC-009-U045,canvas_templates,1,2026-01-05
FU-002907,ACC-009,Northstar Consulting,ACC-009-U040,canvas_templates,1,2026-01-05
FU-002908,ACC-009,Northstar Consulting,ACC-009-U042,canvas_templates,4,2026-01-05
FU-002909,ACC-009,Northstar Consulting,ACC-009-U020,canvas_templates,3,2026-01-05
FU-002910,ACC-009,Northstar Consulting,ACC-009-U006,canvas_templates,2,2026-01-05
FU-002911,ACC-009,Northstar Consulting,ACC-009-U021,canvas_templates,1,2026-01-05
FU-002912,ACC-009,Northstar Consulting,ACC-009-U022,canvas_templates,5,2026-01-05
FU-002913,ACC-009,Northstar Consulting,ACC-009-U027,canvas_templates,1,2026-01-12
FU-002914,ACC-009,Northstar Consulting,ACC-009-U008,canvas_templates,4,2026-01-12
FU-002915,ACC-009,Northstar Consulting,ACC-009-U026,canvas_templates,1,2026-01-12
FU-002916,ACC-009,Northstar Consulting,ACC-009-U002,canvas_templates,2,2026-01-12
FU-002917,ACC-009,Northstar Consulting,ACC-009-U004,canvas_templates,4,2026-01-12
FU-002918,ACC-009,Northstar Consulting,ACC-009-U006,canvas_templates,1,2026-01-12
FU-002919,ACC-009,Northstar Consulting,ACC-009-U014,canvas_templates,1,2026-01-12
FU-002920,ACC-009,Northstar Consulting,ACC-009-U007,canvas_templates,2,2026-01-12
FU-002921,ACC-009,Northstar Consulting,ACC-009-U049,canvas_templates,5,2026-01-12
FU-002922,ACC-009,Northstar Consulting,ACC-009-U016,canvas_templates,6,2026-01-12
FU-002923,ACC-009,Northstar Consulting,ACC-009-U032,canvas_templates,4,2026-01-12
FU-002924,ACC-009,Northstar Consulting,ACC-009-U033,canvas_templates,3,2026-01-12
FU-002925,ACC-009,Northstar Consulting,ACC-009-U031,canvas_templates,5,2026-01-19
FU-002926,ACC-009,Northstar Consulting,ACC-009-U010,canvas_templates,3,2026-01-19
FU-002927,ACC-009,Northstar Consulting,ACC-009-U021,canvas_templates,4,2026-01-19
FU-002928,ACC-009,Northstar Consulting,ACC-009-U036,canvas_templates,4,2026-01-19
FU-002929,ACC-009,Northstar Consulting,ACC-009-U020,canvas_templates,1,2026-01-19
FU-002930,ACC-009,Northstar Consulting,ACC-009-U004,canvas_templates,1,2026-01-19
FU-002931,ACC-009,Northstar Consulting,ACC-009-U045,canvas_templates,1,2026-01-19
FU-002932,ACC-009,Northstar Consulting,ACC-009-U039,canvas_templates,4,2026-01-19
FU-002933,ACC-009,Northstar Consulting,ACC-009-U042,canvas_templates,1,2026-01-19
FU-002934,ACC-009,Northstar Consulting,ACC-009-U027,canvas_templates,6,2026-01-26
FU-002935,ACC-009,Northstar Consulting,ACC-009-U037,canvas_templates,4,2026-02-02
FU-002936,ACC-009,Northstar Consulting,ACC-009-U002,canvas_templates,6,2026-02-02
FU-002937,ACC-009,Northstar Consulting,ACC-009-U012,canvas_templates,3,2026-02-02
FU-002938,ACC-009,Northstar Consulting,ACC-009-U024,canvas_templates,5,2026-02-02
FU-002939,ACC-009,Northstar Consulting,ACC-009-U047,canvas_templates,7,2026-02-02
FU-002940,ACC-009,Northstar Consulting,ACC-009-U011,canvas_templates,3,2026-02-02
FU-002941,ACC-009,Northstar Consulting,ACC-009-U033,canvas_templates,2,2026-02-02
FU-002942,ACC-009,Northstar Consulting,ACC-009-U034,canvas_templates,2,2026-02-02
FU-002943,ACC-009,Northstar Consulting,ACC-009-U039,canvas_templates,3,2026-02-02
FU-002944,ACC-009,Northstar Consulting,ACC-009-U030,canvas_templates,4,2026-02-02
FU-002945,ACC-009,Northstar Consulting,ACC-009-U050,canvas_templates,3,2026-02-09
FU-002946,ACC-009,Northstar Consulting,ACC-009-U007,canvas_templates,3,2026-02-09
FU-002947,ACC-009,Northstar Consulting,ACC-009-U032,canvas_templates,6,2026-02-09
FU-002948,ACC-009,Northstar Consulting,ACC-009-U029,canvas_templates,1,2026-02-09
FU-002949,ACC-009,Northstar Consulting,ACC-009-U009,canvas_templates,3,2026-02-09
FU-002950,ACC-009,Northstar Consulting,ACC-009-U013,canvas_templates,4,2026-02-09
FU-002951,ACC-009,Northstar Consulting,ACC-009-U048,canvas_templates,3,2026-02-09
FU-002952,ACC-009,Northstar Consulting,ACC-009-U037,canvas_templates,2,2026-02-09
FU-002953,ACC-009,Northstar Consulting,ACC-009-U041,canvas_templates,6,2026-02-09
FU-002954,ACC-009,Northstar Consulting,ACC-009-U047,canvas_templates,6,2026-02-09
FU-002955,ACC-009,Northstar Consulting,ACC-009-U015,canvas_templates,5,2026-02-09
FU-002956,ACC-009,Northstar Consulting,ACC-009-U003,canvas_templates,3,2026-02-09
FU-002957,ACC-009,Northstar Consulting,ACC-009-U017,canvas_templates,1,2026-02-16
FU-002958,ACC-009,Northstar Consulting,ACC-009-U003,canvas_templates,3,2026-02-23
FU-002959,ACC-009,Northstar Consulting,ACC-009-U011,canvas_templates,7,2026-02-23
FU-002960,ACC-009,Northstar Consulting,ACC-009-U014,canvas_templates,3,2026-02-23
FU-002961,ACC-009,Northstar Consulting,ACC-009-U006,canvas_templates,3,2026-02-23
FU-002962,ACC-009,Northstar Consulting,ACC-009-U016,canvas_templates,1,2026-02-23
FU-002963,ACC-009,Northstar Consulting,ACC-009-U029,canvas_templates,4,2026-02-23
FU-002964,ACC-009,Northstar Consulting,ACC-009-U025,canvas_templates,2,2026-03-02
FU-002965,ACC-009,Northstar Consulting,ACC-009-U023,canvas_templates,6,2026-03-02
FU-002966,ACC-009,Northstar Consulting,ACC-009-U004,canvas_templates,2,2026-03-02
FU-002967,ACC-009,Northstar Consulting,ACC-009-U014,canvas_templates,5,2026-03-02
FU-002968,ACC-009,Northstar Consulting,ACC-009-U031,canvas_templates,4,2026-03-02
FU-002969,ACC-009,Northstar Consulting,ACC-009-U007,canvas_templates,2,2026-03-02
FU-002970,ACC-009,Northstar Consulting,ACC-009-U021,canvas_templates,3,2026-03-02
FU-002971,ACC-009,Northstar Consulting,ACC-009-U010,canvas_templates,6,2026-03-09
FU-002972,ACC-009,Northstar Consulting,ACC-009-U028,canvas_templates,1,2026-03-09
FU-002973,ACC-009,Northstar Consulting,ACC-009-U035,canvas_templates,1,2026-03-09
FU-002974,ACC-009,Northstar Consulting,ACC-009-U050,canvas_templates,5,2026-03-09
FU-002975,ACC-009,Northstar Consulting,ACC-009-U004,canvas_templates,6,2026-03-09
FU-002976,ACC-009,Northstar Consulting,ACC-009-U006,canvas_templates,4,2026-03-09
FU-002977,ACC-009,Northstar Consulting,ACC-009-U047,canvas_templates,2,2026-03-09
FU-002978,ACC-009,Northstar Consulting,ACC-009-U003,canvas_templates,1,2026-03-09
FU-002979,ACC-009,Northstar Consulting,ACC-009-U044,canvas_templates,1,2026-03-09
FU-002980,ACC-009,Northstar Consulting,ACC-009-U007,canvas_templates,3,2026-03-09
FU-002981,ACC-009,Northstar Consulting,ACC-009-U021,flow_approvals,1,2025-12-15
FU-002982,ACC-009,Northstar Consulting,ACC-009-U044,flow_approvals,6,2025-12-15
FU-002983,ACC-009,Northstar Consulting,ACC-009-U030,flow_approvals,1,2025-12-15
FU-002984,ACC-009,Northstar Consulting,ACC-009-U007,flow_approvals,4,2025-12-15
FU-002985,ACC-009,Northstar Consulting,ACC-009-U033,flow_approvals,3,2025-12-15
FU-002986,ACC-009,Northstar Consulting,ACC-009-U028,flow_approvals,5,2025-12-15
FU-002987,ACC-009,Northstar Consulting,ACC-009-U039,flow_approvals,4,2025-12-15
FU-002988,ACC-009,Northstar Consulting,ACC-009-U029,flow_approvals,1,2025-12-15
FU-002989,ACC-009,Northstar Consulting,ACC-009-U010,flow_approvals,2,2025-12-15
FU-002990,ACC-009,Northstar Consulting,ACC-009-U038,flow_approvals,1,2025-12-22
FU-002991,ACC-009,Northstar Consulting,ACC-009-U045,flow_approvals,5,2025-12-22
FU-002992,ACC-009,Northstar Consulting,ACC-009-U010,flow_approvals,5,2025-12-22
FU-002993,ACC-009,Northstar Consulting,ACC-009-U043,flow_approvals,6,2025-12-22
FU-002994,ACC-009,Northstar Consulting,ACC-009-U014,flow_approvals,6,2025-12-22
FU-002995,ACC-009,Northstar Consulting,ACC-009-U036,flow_approvals,2,2025-12-29
FU-002996,ACC-009,Northstar Consulting,ACC-009-U006,flow_approvals,2,2025-12-29
FU-002997,ACC-009,Northstar Consulting,ACC-009-U032,flow_approvals,3,2025-12-29
FU-002998,ACC-009,Northstar Consulting,ACC-009-U033,flow_approvals,1,2025-12-29
FU-002999,ACC-009,Northstar Consulting,ACC-009-U013,flow_approvals,7,2025-12-29
FU-003000,ACC-009,Northstar Consulting,ACC-009-U049,flow_approvals,7,2025-12-29
FU-003001,ACC-009,Northstar Consulting,ACC-009-U015,flow_approvals,1,2025-12-29
FU-003002,ACC-009,Northstar Consulting,ACC-009-U022,flow_approvals,7,2025-12-29
FU-003003,ACC-009,Northstar Consulting,ACC-009-U030,flow_approvals,6,2025-12-29
FU-003004,ACC-009,Northstar Consulting,ACC-009-U005,flow_approvals,5,2025-12-29
FU-003005,ACC-009,Northstar Consulting,ACC-009-U040,flow_approvals,6,2025-12-29
FU-003006,ACC-009,Northstar Consulting,ACC-009-U004,flow_approvals,1,2025-12-29
FU-003007,ACC-009,Northstar Consulting,ACC-009-U025,flow_approvals,5,2026-01-05
FU-003008,ACC-009,Northstar Consulting,ACC-009-U002,flow_approvals,2,2026-01-05
FU-003009,ACC-009,Northstar Consulting,ACC-009-U027,flow_approvals,5,2026-01-05
FU-003010,ACC-009,Northstar Consulting,ACC-009-U005,flow_approvals,4,2026-01-05
FU-003011,ACC-009,Northstar Consulting,ACC-009-U042,flow_approvals,1,2026-01-05
FU-003012,ACC-009,Northstar Consulting,ACC-009-U045,flow_approvals,2,2026-01-05
FU-003013,ACC-009,Northstar Consulting,ACC-009-U029,flow_approvals,1,2026-01-05
FU-003014,ACC-009,Northstar Consulting,ACC-009-U047,flow_approvals,1,2026-01-05
FU-003015,ACC-009,Northstar Consulting,ACC-009-U009,flow_approvals,1,2026-01-05
FU-003016,ACC-009,Northstar Consulting,ACC-009-U018,flow_approvals,3,2026-01-12
FU-003017,ACC-009,Northstar Consulting,ACC-009-U004,flow_approvals,3,2026-01-12
FU-003018,ACC-009,Northstar Consulting,ACC-009-U036,flow_approvals,4,2026-01-12
FU-003019,ACC-009,Northstar Consulting,ACC-009-U013,flow_approvals,5,2026-01-12
FU-003020,ACC-009,Northstar Consulting,ACC-009-U050,flow_approvals,1,2026-01-12
FU-003021,ACC-009,Northstar Consulting,ACC-009-U043,flow_approvals,2,2026-01-12
FU-003022,ACC-009,Northstar Consulting,ACC-009-U046,flow_approvals,1,2026-01-12
FU-003023,ACC-009,Northstar Consulting,ACC-009-U020,flow_approvals,1,2026-01-12
FU-003024,ACC-009,Northstar Consulting,ACC-009-U033,flow_approvals,1,2026-01-19
FU-003025,ACC-009,Northstar Consulting,ACC-009-U030,flow_approvals,1,2026-01-19
FU-003026,ACC-009,Northstar Consulting,ACC-009-U025,flow_approvals,4,2026-01-26
FU-003027,ACC-009,Northstar Consulting,ACC-009-U047,flow_approvals,5,2026-01-26
FU-003028,ACC-009,Northstar Consulting,ACC-009-U044,flow_approvals,1,2026-01-26
FU-003029,ACC-009,Northstar Consulting,ACC-009-U016,flow_approvals,1,2026-01-26
FU-003030,ACC-009,Northstar Consulting,ACC-009-U021,flow_approvals,3,2026-01-26
FU-003031,ACC-009,Northstar Consulting,ACC-009-U032,flow_approvals,3,2026-01-26
FU-003032,ACC-009,Northstar Consulting,ACC-009-U038,flow_approvals,2,2026-01-26
FU-003033,ACC-009,Northstar Consulting,ACC-009-U001,flow_approvals,5,2026-01-26
FU-003034,ACC-009,Northstar Consulting,ACC-009-U036,flow_approvals,4,2026-02-02
FU-003035,ACC-009,Northstar Consulting,ACC-009-U047,flow_approvals,3,2026-02-02
FU-003036,ACC-009,Northstar Consulting,ACC-009-U044,flow_approvals,5,2026-02-02
FU-003037,ACC-009,Northstar Consulting,ACC-009-U026,flow_approvals,3,2026-02-02
FU-003038,ACC-009,Northstar Consulting,ACC-009-U026,flow_approvals,4,2026-02-09
FU-003039,ACC-009,Northstar Consulting,ACC-009-U039,flow_approvals,5,2026-02-09
FU-003040,ACC-009,Northstar Consulting,ACC-009-U038,flow_approvals,6,2026-02-09
FU-003041,ACC-009,Northstar Consulting,ACC-009-U009,flow_approvals,1,2026-02-16
FU-003042,ACC-009,Northstar Consulting,ACC-009-U050,flow_approvals,3,2026-02-16
FU-003043,ACC-009,Northstar Consulting,ACC-009-U017,flow_approvals,4,2026-02-16
FU-003044,ACC-009,Northstar Consulting,ACC-009-U037,flow_approvals,3,2026-02-16
FU-003045,ACC-009,Northstar Consulting,ACC-009-U029,flow_approvals,6,2026-02-16
FU-003046,ACC-009,Northstar Consulting,ACC-009-U027,flow_approvals,3,2026-02-16
FU-003047,ACC-009,Northstar Consulting,ACC-009-U006,flow_approvals,4,2026-02-16
FU-003048,ACC-009,Northstar Consulting,ACC-009-U040,flow_approvals,2,2026-02-16
FU-003049,ACC-009,Northstar Consulting,ACC-009-U015,flow_approvals,2,2026-02-16
FU-003050,ACC-009,Northstar Consulting,ACC-009-U020,flow_approvals,4,2026-02-16
FU-003051,ACC-009,Northstar Consulting,ACC-009-U035,flow_approvals,4,2026-02-16
FU-003052,ACC-009,Northstar Consulting,ACC-009-U032,flow_approvals,4,2026-02-16
FU-003053,ACC-009,Northstar Consulting,ACC-009-U007,flow_approvals,2,2026-02-23
FU-003054,ACC-009,Northstar Consulting,ACC-009-U035,flow_approvals,1,2026-02-23
FU-003055,ACC-009,Northstar Consulting,ACC-009-U009,flow_approvals,3,2026-02-23
FU-003056,ACC-009,Northstar Consulting,ACC-009-U025,flow_approvals,5,2026-02-23
FU-003057,ACC-009,Northstar Consulting,ACC-009-U022,flow_approvals,4,2026-02-23
FU-003058,ACC-009,Northstar Consulting,ACC-009-U048,flow_approvals,1,2026-02-23
FU-003059,ACC-009,Northstar Consulting,ACC-009-U012,flow_approvals,4,2026-02-23
FU-003060,ACC-009,Northstar Consulting,ACC-009-U030,flow_approvals,2,2026-02-23
FU-003061,ACC-009,Northstar Consulting,ACC-009-U008,flow_approvals,3,2026-02-23
FU-003062,ACC-009,Northstar Consulting,ACC-009-U046,flow_approvals,5,2026-03-02
FU-003063,ACC-009,Northstar Consulting,ACC-009-U038,flow_approvals,2,2026-03-02
FU-003064,ACC-009,Northstar Consulting,ACC-009-U006,flow_approvals,5,2026-03-02
FU-003065,ACC-009,Northstar Consulting,ACC-009-U042,flow_approvals,4,2026-03-02
FU-003066,ACC-009,Northstar Consulting,ACC-009-U004,flow_approvals,3,2026-03-02
FU-003067,ACC-009,Northstar Consulting,ACC-009-U014,flow_approvals,4,2026-03-02
FU-003068,ACC-009,Northstar Consulting,ACC-009-U029,flow_approvals,3,2026-03-02
FU-003069,ACC-009,Northstar Consulting,ACC-009-U018,flow_approvals,1,2026-03-02
FU-003070,ACC-009,Northstar Consulting,ACC-009-U049,flow_approvals,1,2026-03-02
FU-003071,ACC-009,Northstar Consulting,ACC-009-U044,flow_approvals,1,2026-03-02
FU-003072,ACC-009,Northstar Consulting,ACC-009-U013,flow_approvals,4,2026-03-02
FU-003073,ACC-009,Northstar Consulting,ACC-009-U028,flow_approvals,2,2026-03-02
FU-003074,ACC-009,Northstar Consulting,ACC-009-U048,flow_approvals,5,2026-03-09
FU-003075,ACC-009,Northstar Consulting,ACC-009-U043,flow_approvals,3,2026-03-09
FU-003076,ACC-009,Northstar Consulting,ACC-009-U009,flow_approvals,9,2026-03-09
FU-003077,ACC-009,Northstar Consulting,ACC-009-U008,flow_approvals,2,2026-03-09
FU-003078,ACC-009,Northstar Consulting,ACC-009-U044,flow_approvals,3,2026-03-09
FU-003079,ACC-009,Northstar Consulting,ACC-009-U016,flow_approvals,1,2026-03-09
FU-003080,ACC-009,Northstar Consulting,ACC-009-U005,flow_approvals,1,2026-03-09
FU-003081,ACC-009,Northstar Consulting,ACC-009-U040,flow_approvals,6,2026-03-09
FU-003082,ACC-009,Northstar Consulting,ACC-009-U006,flow_approvals,4,2026-03-09
FU-003083,ACC-009,Northstar Consulting,ACC-009-U011,flow_conditional_routing,3,2025-12-15
FU-003084,ACC-009,Northstar Consulting,ACC-009-U037,flow_conditional_routing,2,2025-12-15
FU-003085,ACC-009,Northstar Consulting,ACC-009-U029,flow_conditional_routing,7,2025-12-15
FU-003086,ACC-009,Northstar Consulting,ACC-009-U028,flow_conditional_routing,4,2025-12-15
FU-003087,ACC-009,Northstar Consulting,ACC-009-U032,flow_conditional_routing,7,2025-12-15
FU-003088,ACC-009,Northstar Consulting,ACC-009-U014,flow_conditional_routing,7,2025-12-22
FU-003089,ACC-009,Northstar Consulting,ACC-009-U002,flow_conditional_routing,4,2025-12-29
FU-003090,ACC-009,Northstar Consulting,ACC-009-U042,flow_conditional_routing,5,2025-12-29
FU-003091,ACC-009,Northstar Consulting,ACC-009-U046,flow_conditional_routing,3,2025-12-29
FU-003092,ACC-009,Northstar Consulting,ACC-009-U015,flow_conditional_routing,1,2025-12-29
FU-003093,ACC-009,Northstar Consulting,ACC-009-U019,flow_conditional_routing,1,2026-01-05
FU-003094,ACC-009,Northstar Consulting,ACC-009-U039,flow_conditional_routing,4,2026-01-05
FU-003095,ACC-009,Northstar Consulting,ACC-009-U010,flow_conditional_routing,3,2026-01-05
FU-003096,ACC-009,Northstar Consulting,ACC-009-U032,flow_conditional_routing,4,2026-01-05
FU-003097,ACC-009,Northstar Consulting,ACC-009-U036,flow_conditional_routing,5,2026-01-05
FU-003098,ACC-009,Northstar Consulting,ACC-009-U014,flow_conditional_routing,3,2026-01-05
FU-003099,ACC-009,Northstar Consulting,ACC-009-U037,flow_conditional_routing,10,2026-01-12
FU-003100,ACC-009,Northstar Consulting,ACC-009-U018,flow_conditional_routing,1,2026-01-19
FU-003101,ACC-009,Northstar Consulting,ACC-009-U037,flow_conditional_routing,1,2026-01-19
FU-003102,ACC-009,Northstar Consulting,ACC-009-U049,flow_conditional_routing,2,2026-01-19
FU-003103,ACC-009,Northstar Consulting,ACC-009-U028,flow_conditional_routing,6,2026-01-19
FU-003104,ACC-009,Northstar Consulting,ACC-009-U017,flow_conditional_routing,3,2026-01-26
FU-003105,ACC-009,Northstar Consulting,ACC-009-U047,flow_conditional_routing,6,2026-02-02
FU-003106,ACC-009,Northstar Consulting,ACC-009-U032,flow_conditional_routing,5,2026-02-09
FU-003107,ACC-009,Northstar Consulting,ACC-009-U008,flow_conditional_routing,1,2026-02-09
FU-003108,ACC-009,Northstar Consulting,ACC-009-U006,flow_conditional_routing,1,2026-02-09
FU-003109,ACC-009,Northstar Consulting,ACC-009-U025,flow_conditional_routing,3,2026-02-09
FU-003110,ACC-009,Northstar Consulting,ACC-009-U038,flow_conditional_routing,5,2026-02-09
FU-003111,ACC-009,Northstar Consulting,ACC-009-U036,flow_conditional_routing,3,2026-02-16
FU-003112,ACC-009,Northstar Consulting,ACC-009-U013,flow_conditional_routing,4,2026-02-16
FU-003113,ACC-009,Northstar Consulting,ACC-009-U038,flow_conditional_routing,5,2026-02-16
FU-003114,ACC-009,Northstar Consulting,ACC-009-U025,flow_conditional_routing,3,2026-02-16
FU-003115,ACC-009,Northstar Consulting,ACC-009-U014,flow_conditional_routing,1,2026-02-16
FU-003116,ACC-009,Northstar Consulting,ACC-009-U012,flow_conditional_routing,1,2026-02-16
FU-003117,ACC-009,Northstar Consulting,ACC-009-U047,flow_conditional_routing,6,2026-02-23
FU-003118,ACC-009,Northstar Consulting,ACC-009-U046,flow_conditional_routing,4,2026-02-23
FU-003119,ACC-009,Northstar Consulting,ACC-009-U018,flow_conditional_routing,4,2026-02-23
FU-003120,ACC-009,Northstar Consulting,ACC-009-U015,flow_conditional_routing,3,2026-03-02
FU-003121,ACC-009,Northstar Consulting,ACC-009-U006,flow_conditional_routing,1,2026-03-02
FU-003122,ACC-009,Northstar Consulting,ACC-009-U025,flow_conditional_routing,2,2026-03-02
FU-003123,ACC-009,Northstar Consulting,ACC-009-U036,flow_conditional_routing,1,2026-03-02
FU-003124,ACC-009,Northstar Consulting,ACC-009-U003,flow_conditional_routing,2,2026-03-02
FU-003125,ACC-009,Northstar Consulting,ACC-009-U040,flow_conditional_routing,1,2026-03-09
FU-003126,ACC-009,Northstar Consulting,ACC-009-U041,flow_conditional_routing,3,2026-03-09
FU-003127,ACC-009,Northstar Consulting,ACC-009-U039,flow_conditional_routing,1,2026-03-09
FU-003128,ACC-009,Northstar Consulting,ACC-009-U009,flow_scheduled_tasks,1,2025-12-15
FU-003129,ACC-009,Northstar Consulting,ACC-009-U040,flow_scheduled_tasks,2,2025-12-15
FU-003130,ACC-009,Northstar Consulting,ACC-009-U007,flow_scheduled_tasks,2,2025-12-22
FU-003131,ACC-009,Northstar Consulting,ACC-009-U036,flow_scheduled_tasks,1,2025-12-22
FU-003132,ACC-009,Northstar Consulting,ACC-009-U031,flow_scheduled_tasks,2,2025-12-22
FU-003133,ACC-009,Northstar Consulting,ACC-009-U045,flow_scheduled_tasks,1,2025-12-22
FU-003134,ACC-009,Northstar Consulting,ACC-009-U022,flow_scheduled_tasks,2,2025-12-22
FU-003135,ACC-009,Northstar Consulting,ACC-009-U039,flow_scheduled_tasks,1,2025-12-22
FU-003136,ACC-009,Northstar Consulting,ACC-009-U020,flow_scheduled_tasks,2,2025-12-29
FU-003137,ACC-009,Northstar Consulting,ACC-009-U033,flow_scheduled_tasks,6,2025-12-29
FU-003138,ACC-009,Northstar Consulting,ACC-009-U012,flow_scheduled_tasks,1,2025-12-29
FU-003139,ACC-009,Northstar Consulting,ACC-009-U018,flow_scheduled_tasks,5,2025-12-29
FU-003140,ACC-009,Northstar Consulting,ACC-009-U027,flow_scheduled_tasks,4,2025-12-29
FU-003141,ACC-009,Northstar Consulting,ACC-009-U019,flow_scheduled_tasks,5,2025-12-29
FU-003142,ACC-009,Northstar Consulting,ACC-009-U044,flow_scheduled_tasks,3,2025-12-29
FU-003143,ACC-009,Northstar Consulting,ACC-009-U026,flow_scheduled_tasks,3,2026-01-05
FU-003144,ACC-009,Northstar Consulting,ACC-009-U029,flow_scheduled_tasks,1,2026-01-05
FU-003145,ACC-009,Northstar Consulting,ACC-009-U003,flow_scheduled_tasks,3,2026-01-05
FU-003146,ACC-009,Northstar Consulting,ACC-009-U017,flow_scheduled_tasks,1,2026-01-12
FU-003147,ACC-009,Northstar Consulting,ACC-009-U032,flow_scheduled_tasks,3,2026-01-12
FU-003148,ACC-009,Northstar Consulting,ACC-009-U016,flow_scheduled_tasks,1,2026-01-12
FU-003149,ACC-009,Northstar Consulting,ACC-009-U033,flow_scheduled_tasks,3,2026-01-12
FU-003150,ACC-009,Northstar Consulting,ACC-009-U005,flow_scheduled_tasks,3,2026-01-12
FU-003151,ACC-009,Northstar Consulting,ACC-009-U002,flow_scheduled_tasks,2,2026-01-12
FU-003152,ACC-009,Northstar Consulting,ACC-009-U024,flow_scheduled_tasks,2,2026-01-19
FU-003153,ACC-009,Northstar Consulting,ACC-009-U003,flow_scheduled_tasks,4,2026-01-19
FU-003154,ACC-009,Northstar Consulting,ACC-009-U036,flow_scheduled_tasks,3,2026-01-19
FU-003155,ACC-009,Northstar Consulting,ACC-009-U009,flow_scheduled_tasks,4,2026-01-19
FU-003156,ACC-009,Northstar Consulting,ACC-009-U047,flow_scheduled_tasks,3,2026-01-19
FU-003157,ACC-009,Northstar Consulting,ACC-009-U026,flow_scheduled_tasks,2,2026-01-19
FU-003158,ACC-009,Northstar Consulting,ACC-009-U040,flow_scheduled_tasks,6,2026-01-26
FU-003159,ACC-009,Northstar Consulting,ACC-009-U002,flow_scheduled_tasks,5,2026-01-26
FU-003160,ACC-009,Northstar Consulting,ACC-009-U049,flow_scheduled_tasks,5,2026-01-26
FU-003161,ACC-009,Northstar Consulting,ACC-009-U020,flow_scheduled_tasks,3,2026-02-02
FU-003162,ACC-009,Northstar Consulting,ACC-009-U004,flow_scheduled_tasks,3,2026-02-02
FU-003163,ACC-009,Northstar Consulting,ACC-009-U024,flow_scheduled_tasks,3,2026-02-09
FU-003164,ACC-009,Northstar Consulting,ACC-009-U002,flow_scheduled_tasks,5,2026-02-09
FU-003165,ACC-009,Northstar Consulting,ACC-009-U019,flow_scheduled_tasks,4,2026-02-09
FU-003166,ACC-009,Northstar Consulting,ACC-009-U038,flow_scheduled_tasks,3,2026-02-09
FU-003167,ACC-009,Northstar Consulting,ACC-009-U043,flow_scheduled_tasks,7,2026-02-09
FU-003168,ACC-009,Northstar Consulting,ACC-009-U005,flow_scheduled_tasks,1,2026-02-16
FU-003169,ACC-009,Northstar Consulting,ACC-009-U016,flow_scheduled_tasks,2,2026-02-23
FU-003170,ACC-009,Northstar Consulting,ACC-009-U013,flow_scheduled_tasks,2,2026-02-23
FU-003171,ACC-009,Northstar Consulting,ACC-009-U034,flow_scheduled_tasks,1,2026-02-23
FU-003172,ACC-009,Northstar Consulting,ACC-009-U032,flow_scheduled_tasks,2,2026-02-23
FU-003173,ACC-009,Northstar Consulting,ACC-009-U039,flow_scheduled_tasks,7,2026-03-02
FU-003174,ACC-009,Northstar Consulting,ACC-009-U008,flow_scheduled_tasks,1,2026-03-02
FU-003175,ACC-009,Northstar Consulting,ACC-009-U044,flow_scheduled_tasks,1,2026-03-09
FU-003176,ACC-009,Northstar Consulting,ACC-009-U008,flow_scheduled_tasks,3,2026-03-09
FU-003177,ACC-009,Northstar Consulting,ACC-009-U047,flow_scheduled_tasks,6,2026-03-09
FU-003178,ACC-009,Northstar Consulting,ACC-009-U006,flow_scheduled_tasks,1,2026-03-09
FU-003179,ACC-009,Northstar Consulting,ACC-009-U042,flow_scheduled_tasks,6,2026-03-09
FU-003180,ACC-009,Northstar Consulting,ACC-009-U049,canvas_brand_kit,4,2025-12-15
FU-003181,ACC-009,Northstar Consulting,ACC-009-U010,canvas_brand_kit,5,2025-12-15
FU-003182,ACC-009,Northstar Consulting,ACC-009-U025,canvas_brand_kit,7,2025-12-15
FU-003183,ACC-009,Northstar Consulting,ACC-009-U017,canvas_brand_kit,1,2025-12-22
FU-003184,ACC-009,Northstar Consulting,ACC-009-U014,canvas_brand_kit,7,2025-12-22
FU-003185,ACC-009,Northstar Consulting,ACC-009-U011,canvas_brand_kit,2,2025-12-22
FU-003186,ACC-009,Northstar Consulting,ACC-009-U015,canvas_brand_kit,2,2025-12-22
FU-003187,ACC-009,Northstar Consulting,ACC-009-U043,canvas_brand_kit,1,2025-12-22
FU-003188,ACC-009,Northstar Consulting,ACC-009-U032,canvas_brand_kit,7,2025-12-22
FU-003189,ACC-009,Northstar Consulting,ACC-009-U018,canvas_brand_kit,4,2025-12-29
FU-003190,ACC-009,Northstar Consulting,ACC-009-U050,canvas_brand_kit,2,2025-12-29
FU-003191,ACC-009,Northstar Consulting,ACC-009-U010,canvas_brand_kit,1,2025-12-29
FU-003192,ACC-009,Northstar Consulting,ACC-009-U019,canvas_brand_kit,5,2025-12-29
FU-003193,ACC-009,Northstar Consulting,ACC-009-U031,canvas_brand_kit,5,2025-12-29
FU-003194,ACC-009,Northstar Consulting,ACC-009-U012,canvas_brand_kit,6,2025-12-29
FU-003195,ACC-009,Northstar Consulting,ACC-009-U016,canvas_brand_kit,1,2026-01-05
FU-003196,ACC-009,Northstar Consulting,ACC-009-U015,canvas_brand_kit,6,2026-01-05
FU-003197,ACC-009,Northstar Consulting,ACC-009-U020,canvas_brand_kit,6,2026-01-05
FU-003198,ACC-009,Northstar Consulting,ACC-009-U050,canvas_brand_kit,2,2026-01-05
FU-003199,ACC-009,Northstar Consulting,ACC-009-U011,canvas_brand_kit,4,2026-01-05
FU-003200,ACC-009,Northstar Consulting,ACC-009-U041,canvas_brand_kit,4,2026-01-05
FU-003201,ACC-009,Northstar Consulting,ACC-009-U022,canvas_brand_kit,9,2026-01-12
FU-003202,ACC-009,Northstar Consulting,ACC-009-U025,canvas_brand_kit,1,2026-01-12
FU-003203,ACC-009,Northstar Consulting,ACC-009-U007,canvas_brand_kit,2,2026-01-12
FU-003204,ACC-009,Northstar Consulting,ACC-009-U032,canvas_brand_kit,4,2026-01-12
FU-003205,ACC-009,Northstar Consulting,ACC-009-U042,canvas_brand_kit,2,2026-01-12
FU-003206,ACC-009,Northstar Consulting,ACC-009-U030,canvas_brand_kit,2,2026-01-19
FU-003207,ACC-009,Northstar Consulting,ACC-009-U002,canvas_brand_kit,4,2026-01-26
FU-003208,ACC-009,Northstar Consulting,ACC-009-U040,canvas_brand_kit,1,2026-01-26
FU-003209,ACC-009,Northstar Consulting,ACC-009-U033,canvas_brand_kit,3,2026-01-26
FU-003210,ACC-009,Northstar Consulting,ACC-009-U046,canvas_brand_kit,2,2026-02-02
FU-003211,ACC-009,Northstar Consulting,ACC-009-U046,canvas_brand_kit,2,2026-02-09
FU-003212,ACC-009,Northstar Consulting,ACC-009-U010,canvas_brand_kit,7,2026-02-09
FU-003213,ACC-009,Northstar Consulting,ACC-009-U019,canvas_brand_kit,4,2026-02-09
FU-003214,ACC-009,Northstar Consulting,ACC-009-U047,canvas_brand_kit,5,2026-02-09
FU-003215,ACC-009,Northstar Consulting,ACC-009-U043,canvas_brand_kit,4,2026-02-09
FU-003216,ACC-009,Northstar Consulting,ACC-009-U049,canvas_brand_kit,7,2026-02-09
FU-003217,ACC-009,Northstar Consulting,ACC-009-U024,canvas_brand_kit,2,2026-02-16
FU-003218,ACC-009,Northstar Consulting,ACC-009-U011,canvas_brand_kit,3,2026-02-16
FU-003219,ACC-009,Northstar Consulting,ACC-009-U009,canvas_brand_kit,3,2026-02-16
FU-003220,ACC-009,Northstar Consulting,ACC-009-U033,canvas_brand_kit,2,2026-02-16
FU-003221,ACC-009,Northstar Consulting,ACC-009-U045,canvas_brand_kit,2,2026-02-16
FU-003222,ACC-009,Northstar Consulting,ACC-009-U003,canvas_brand_kit,3,2026-02-23
FU-003223,ACC-009,Northstar Consulting,ACC-009-U002,canvas_brand_kit,1,2026-02-23
FU-003224,ACC-009,Northstar Consulting,ACC-009-U039,canvas_brand_kit,4,2026-02-23
FU-003225,ACC-009,Northstar Consulting,ACC-009-U012,canvas_brand_kit,2,2026-02-23
FU-003226,ACC-009,Northstar Consulting,ACC-009-U040,canvas_brand_kit,3,2026-02-23
FU-003227,ACC-009,Northstar Consulting,ACC-009-U015,canvas_brand_kit,5,2026-02-23
FU-003228,ACC-009,Northstar Consulting,ACC-009-U020,canvas_brand_kit,2,2026-03-02
FU-003229,ACC-009,Northstar Consulting,ACC-009-U019,canvas_brand_kit,4,2026-03-02
FU-003230,ACC-009,Northstar Consulting,ACC-009-U018,canvas_brand_kit,1,2026-03-02
FU-003231,ACC-009,Northstar Consulting,ACC-009-U047,canvas_brand_kit,1,2026-03-02
FU-003232,ACC-009,Northstar Consulting,ACC-009-U050,canvas_brand_kit,1,2026-03-02
FU-003233,ACC-009,Northstar Consulting,ACC-009-U010,canvas_brand_kit,1,2026-03-02
FU-003234,ACC-009,Northstar Consulting,ACC-009-U011,canvas_brand_kit,4,2026-03-09
FU-003235,ACC-009,Northstar Consulting,ACC-009-U015,canvas_brand_kit,5,2026-03-09
FU-003236,ACC-009,Northstar Consulting,ACC-009-U014,canvas_version_history,6,2025-12-15
FU-003237,ACC-009,Northstar Consulting,ACC-009-U013,canvas_version_history,5,2025-12-15
FU-003238,ACC-009,Northstar Consulting,ACC-009-U032,canvas_version_history,3,2025-12-15
FU-003239,ACC-009,Northstar Consulting,ACC-009-U044,canvas_version_history,1,2025-12-15
FU-003240,ACC-009,Northstar Consulting,ACC-009-U023,canvas_version_history,1,2025-12-15
FU-003241,ACC-009,Northstar Consulting,ACC-009-U024,canvas_version_history,3,2025-12-15
FU-003242,ACC-009,Northstar Consulting,ACC-009-U015,canvas_version_history,7,2025-12-22
FU-003243,ACC-009,Northstar Consulting,ACC-009-U013,canvas_version_history,6,2025-12-29
FU-003244,ACC-009,Northstar Consulting,ACC-009-U005,canvas_version_history,6,2025-12-29
FU-003245,ACC-009,Northstar Consulting,ACC-009-U007,canvas_version_history,2,2025-12-29
FU-003246,ACC-009,Northstar Consulting,ACC-009-U025,canvas_version_history,4,2025-12-29
FU-003247,ACC-009,Northstar Consulting,ACC-009-U022,canvas_version_history,1,2025-12-29
FU-003248,ACC-009,Northstar Consulting,ACC-009-U014,canvas_version_history,5,2025-12-29
FU-003249,ACC-009,Northstar Consulting,ACC-009-U029,canvas_version_history,6,2026-01-05
FU-003250,ACC-009,Northstar Consulting,ACC-009-U023,canvas_version_history,6,2026-01-05
FU-003251,ACC-009,Northstar Consulting,ACC-009-U003,canvas_version_history,6,2026-01-05
FU-003252,ACC-009,Northstar Consulting,ACC-009-U031,canvas_version_history,5,2026-01-05
FU-003253,ACC-009,Northstar Consulting,ACC-009-U042,canvas_version_history,1,2026-01-12
FU-003254,ACC-009,Northstar Consulting,ACC-009-U015,canvas_version_history,2,2026-01-19
FU-003255,ACC-009,Northstar Consulting,ACC-009-U024,canvas_version_history,4,2026-01-19
FU-003256,ACC-009,Northstar Consulting,ACC-009-U026,canvas_version_history,5,2026-01-19
FU-003257,ACC-009,Northstar Consulting,ACC-009-U022,canvas_version_history,2,2026-01-26
FU-003258,ACC-009,Northstar Consulting,ACC-009-U002,canvas_version_history,5,2026-01-26
FU-003259,ACC-009,Northstar Consulting,ACC-009-U008,canvas_version_history,6,2026-01-26
FU-003260,ACC-009,Northstar Consulting,ACC-009-U014,canvas_version_history,5,2026-01-26
FU-003261,ACC-009,Northstar Consulting,ACC-009-U047,canvas_version_history,1,2026-02-02
FU-003262,ACC-009,Northstar Consulting,ACC-009-U016,canvas_version_history,4,2026-02-02
FU-003263,ACC-009,Northstar Consulting,ACC-009-U050,canvas_version_history,6,2026-02-02
FU-003264,ACC-009,Northstar Consulting,ACC-009-U017,canvas_version_history,7,2026-02-02
FU-003265,ACC-009,Northstar Consulting,ACC-009-U006,canvas_version_history,2,2026-02-02
FU-003266,ACC-009,Northstar Consulting,ACC-009-U005,canvas_version_history,2,2026-02-02
FU-003267,ACC-009,Northstar Consulting,ACC-009-U015,canvas_version_history,8,2026-02-02
FU-003268,ACC-009,Northstar Consulting,ACC-009-U015,canvas_version_history,4,2026-02-09
FU-003269,ACC-009,Northstar Consulting,ACC-009-U035,canvas_version_history,1,2026-02-09
FU-003270,ACC-009,Northstar Consulting,ACC-009-U012,canvas_version_history,5,2026-02-09
FU-003271,ACC-009,Northstar Consulting,ACC-009-U009,canvas_version_history,5,2026-02-09
FU-003272,ACC-009,Northstar Consulting,ACC-009-U041,canvas_version_history,2,2026-02-09
FU-003273,ACC-009,Northstar Consulting,ACC-009-U041,canvas_version_history,2,2026-02-16
FU-003274,ACC-009,Northstar Consulting,ACC-009-U036,canvas_version_history,2,2026-02-16
FU-003275,ACC-009,Northstar Consulting,ACC-009-U045,canvas_version_history,6,2026-02-16
FU-003276,ACC-009,Northstar Consulting,ACC-009-U048,canvas_version_history,3,2026-02-16
FU-003277,ACC-009,Northstar Consulting,ACC-009-U040,canvas_version_history,5,2026-02-23
FU-003278,ACC-009,Northstar Consulting,ACC-009-U027,canvas_version_history,1,2026-02-23
FU-003279,ACC-009,Northstar Consulting,ACC-009-U019,canvas_version_history,3,2026-02-23
FU-003280,ACC-009,Northstar Consulting,ACC-009-U035,canvas_version_history,1,2026-02-23
FU-003281,ACC-009,Northstar Consulting,ACC-009-U047,canvas_version_history,1,2026-02-23
FU-003282,ACC-009,Northstar Consulting,ACC-009-U049,canvas_version_history,5,2026-02-23
FU-003283,ACC-009,Northstar Consulting,ACC-009-U007,canvas_version_history,1,2026-03-02
FU-003284,ACC-009,Northstar Consulting,ACC-009-U037,canvas_version_history,1,2026-03-02
FU-003285,ACC-009,Northstar Consulting,ACC-009-U011,canvas_version_history,3,2026-03-02
FU-003286,ACC-009,Northstar Consulting,ACC-009-U040,canvas_version_history,3,2026-03-02
FU-003287,ACC-009,Northstar Consulting,ACC-009-U049,canvas_version_history,1,2026-03-02
FU-003288,ACC-009,Northstar Consulting,ACC-009-U022,canvas_version_history,1,2026-03-02
FU-003289,ACC-009,Northstar Consulting,ACC-009-U042,canvas_version_history,4,2026-03-09
FU-003290,ACC-009,Northstar Consulting,ACC-009-U014,canvas_version_history,2,2026-03-09
FU-003291,ACC-009,Northstar Consulting,ACC-009-U034,canvas_version_history,5,2026-03-09
FU-003292,ACC-009,Northstar Consulting,ACC-009-U013,canvas_version_history,2,2026-03-09
FU-003293,ACC-009,Northstar Consulting,ACC-009-U021,canvas_version_history,5,2026-03-09
FU-003294,ACC-009,Northstar Consulting,ACC-009-U001,canvas_version_history,5,2026-03-09
FU-003295,ACC-009,Northstar Consulting,ACC-009-U019,flow_audit_trail,3,2025-12-15
FU-003296,ACC-009,Northstar Consulting,ACC-009-U033,flow_audit_trail,3,2025-12-15
FU-003297,ACC-009,Northstar Consulting,ACC-009-U048,flow_audit_trail,7,2025-12-15
FU-003298,ACC-009,Northstar Consulting,ACC-009-U026,flow_audit_trail,1,2025-12-15
FU-003299,ACC-009,Northstar Consulting,ACC-009-U013,flow_audit_trail,3,2025-12-15
FU-003300,ACC-009,Northstar Consulting,ACC-009-U044,flow_audit_trail,1,2025-12-15
FU-003301,ACC-009,Northstar Consulting,ACC-009-U021,flow_audit_trail,3,2025-12-22
FU-003302,ACC-009,Northstar Consulting,ACC-009-U050,flow_audit_trail,6,2025-12-22
FU-003303,ACC-009,Northstar Consulting,ACC-009-U013,flow_audit_trail,1,2025-12-22
FU-003304,ACC-009,Northstar Consulting,ACC-009-U011,flow_audit_trail,6,2025-12-22
FU-003305,ACC-009,Northstar Consulting,ACC-009-U005,flow_audit_trail,2,2025-12-29
FU-003306,ACC-009,Northstar Consulting,ACC-009-U007,flow_audit_trail,6,2025-12-29
FU-003307,ACC-009,Northstar Consulting,ACC-009-U043,flow_audit_trail,4,2025-12-29
FU-003308,ACC-009,Northstar Consulting,ACC-009-U036,flow_audit_trail,4,2025-12-29
FU-003309,ACC-009,Northstar Consulting,ACC-009-U025,flow_audit_trail,6,2025-12-29
FU-003310,ACC-009,Northstar Consulting,ACC-009-U046,flow_audit_trail,5,2025-12-29
FU-003311,ACC-009,Northstar Consulting,ACC-009-U045,flow_audit_trail,5,2026-01-05
FU-003312,ACC-009,Northstar Consulting,ACC-009-U050,flow_audit_trail,1,2026-01-05
FU-003313,ACC-009,Northstar Consulting,ACC-009-U043,flow_audit_trail,4,2026-01-05
FU-003314,ACC-009,Northstar Consulting,ACC-009-U013,flow_audit_trail,1,2026-01-12
FU-003315,ACC-009,Northstar Consulting,ACC-009-U040,flow_audit_trail,1,2026-01-12
FU-003316,ACC-009,Northstar Consulting,ACC-009-U031,flow_audit_trail,4,2026-01-19
FU-003317,ACC-009,Northstar Consulting,ACC-009-U036,flow_audit_trail,3,2026-01-19
FU-003318,ACC-009,Northstar Consulting,ACC-009-U010,flow_audit_trail,3,2026-01-19
FU-003319,ACC-009,Northstar Consulting,ACC-009-U028,flow_audit_trail,3,2026-01-19
FU-003320,ACC-009,Northstar Consulting,ACC-009-U038,flow_audit_trail,3,2026-01-19
FU-003321,ACC-009,Northstar Consulting,ACC-009-U002,flow_audit_trail,4,2026-01-19
FU-003322,ACC-009,Northstar Consulting,ACC-009-U034,flow_audit_trail,4,2026-01-26
FU-003323,ACC-009,Northstar Consulting,ACC-009-U050,flow_audit_trail,4,2026-02-02
FU-003324,ACC-009,Northstar Consulting,ACC-009-U035,flow_audit_trail,3,2026-02-02
FU-003325,ACC-009,Northstar Consulting,ACC-009-U020,flow_audit_trail,3,2026-02-02
FU-003326,ACC-009,Northstar Consulting,ACC-009-U043,flow_audit_trail,2,2026-02-02
FU-003327,ACC-009,Northstar Consulting,ACC-009-U013,flow_audit_trail,2,2026-02-02
FU-003328,ACC-009,Northstar Consulting,ACC-009-U024,flow_audit_trail,3,2026-02-09
FU-003329,ACC-009,Northstar Consulting,ACC-009-U036,flow_audit_trail,1,2026-02-16
FU-003330,ACC-009,Northstar Consulting,ACC-009-U034,flow_audit_trail,3,2026-02-16
FU-003331,ACC-009,Northstar Consulting,ACC-009-U007,flow_audit_trail,3,2026-02-23
FU-003332,ACC-009,Northstar Consulting,ACC-009-U049,flow_audit_trail,3,2026-02-23
FU-003333,ACC-009,Northstar Consulting,ACC-009-U011,flow_audit_trail,5,2026-02-23
FU-003334,ACC-009,Northstar Consulting,ACC-009-U033,flow_audit_trail,1,2026-03-02
FU-003335,ACC-009,Northstar Consulting,ACC-009-U010,flow_audit_trail,4,2026-03-02
FU-003336,ACC-009,Northstar Consulting,ACC-009-U003,flow_audit_trail,6,2026-03-09
FU-003337,ACC-009,Northstar Consulting,ACC-009-U049,flow_audit_trail,2,2026-03-09
FU-003338,ACC-009,Northstar Consulting,ACC-009-U006,flow_audit_trail,1,2026-03-09
FU-003339,ACC-009,Northstar Consulting,ACC-009-U002,flow_audit_trail,1,2026-03-09
FU-003340,ACC-009,Northstar Consulting,ACC-009-U040,canvas_comments,3,2025-12-15
FU-003341,ACC-009,Northstar Consulting,ACC-009-U041,canvas_comments,6,2025-12-15
FU-003342,ACC-009,Northstar Consulting,ACC-009-U014,canvas_comments,4,2025-12-15
FU-003343,ACC-009,Northstar Consulting,ACC-009-U046,canvas_comments,3,2025-12-15
FU-003344,ACC-009,Northstar Consulting,ACC-009-U035,canvas_comments,2,2025-12-15
FU-003345,ACC-009,Northstar Consulting,ACC-009-U011,canvas_comments,4,2025-12-15
FU-003346,ACC-009,Northstar Consulting,ACC-009-U001,canvas_comments,7,2025-12-22
FU-003347,ACC-009,Northstar Consulting,ACC-009-U004,canvas_comments,4,2025-12-29
FU-003348,ACC-009,Northstar Consulting,ACC-009-U048,canvas_comments,2,2025-12-29
FU-003349,ACC-009,Northstar Consulting,ACC-009-U039,canvas_comments,3,2025-12-29
FU-003350,ACC-009,Northstar Consulting,ACC-009-U032,canvas_comments,4,2025-12-29
FU-003351,ACC-009,Northstar Consulting,ACC-009-U041,canvas_comments,4,2026-01-05
FU-003352,ACC-009,Northstar Consulting,ACC-009-U010,canvas_comments,1,2026-01-05
FU-003353,ACC-009,Northstar Consulting,ACC-009-U045,canvas_comments,1,2026-01-05
FU-003354,ACC-009,Northstar Consulting,ACC-009-U003,canvas_comments,1,2026-01-05
FU-003355,ACC-009,Northstar Consulting,ACC-009-U038,canvas_comments,1,2026-01-05
FU-003356,ACC-009,Northstar Consulting,ACC-009-U029,canvas_comments,5,2026-01-05
FU-003357,ACC-009,Northstar Consulting,ACC-009-U044,canvas_comments,3,2026-01-05
FU-003358,ACC-009,Northstar Consulting,ACC-009-U020,canvas_comments,3,2026-01-12
FU-003359,ACC-009,Northstar Consulting,ACC-009-U022,canvas_comments,3,2026-01-12
FU-003360,ACC-009,Northstar Consulting,ACC-009-U013,canvas_comments,4,2026-01-12
FU-003361,ACC-009,Northstar Consulting,ACC-009-U005,canvas_comments,4,2026-01-12
FU-003362,ACC-009,Northstar Consulting,ACC-009-U039,canvas_comments,5,2026-01-12
FU-003363,ACC-009,Northstar Consulting,ACC-009-U041,canvas_comments,4,2026-01-12
FU-003364,ACC-009,Northstar Consulting,ACC-009-U017,canvas_comments,3,2026-01-19
FU-003365,ACC-009,Northstar Consulting,ACC-009-U050,canvas_comments,2,2026-01-26
FU-003366,ACC-009,Northstar Consulting,ACC-009-U045,canvas_comments,5,2026-01-26
FU-003367,ACC-009,Northstar Consulting,ACC-009-U012,canvas_comments,2,2026-01-26
FU-003368,ACC-009,Northstar Consulting,ACC-009-U042,canvas_comments,4,2026-01-26
FU-003369,ACC-009,Northstar Consulting,ACC-009-U044,canvas_comments,3,2026-01-26
FU-003370,ACC-009,Northstar Consulting,ACC-009-U024,canvas_comments,4,2026-02-02
FU-003371,ACC-009,Northstar Consulting,ACC-009-U003,canvas_comments,6,2026-02-02
FU-003372,ACC-009,Northstar Consulting,ACC-009-U038,canvas_comments,1,2026-02-02
FU-003373,ACC-009,Northstar Consulting,ACC-009-U043,canvas_comments,5,2026-02-02
FU-003374,ACC-009,Northstar Consulting,ACC-009-U018,canvas_comments,2,2026-02-02
FU-003375,ACC-009,Northstar Consulting,ACC-009-U032,canvas_comments,8,2026-02-09
FU-003376,ACC-009,Northstar Consulting,ACC-009-U019,canvas_comments,2,2026-02-16
FU-003377,ACC-009,Northstar Consulting,ACC-009-U048,canvas_comments,1,2026-02-16
FU-003378,ACC-009,Northstar Consulting,ACC-009-U038,canvas_comments,4,2026-02-16
FU-003379,ACC-009,Northstar Consulting,ACC-009-U014,canvas_comments,1,2026-02-16
FU-003380,ACC-009,Northstar Consulting,ACC-009-U027,canvas_comments,3,2026-02-16
FU-003381,ACC-009,Northstar Consulting,ACC-009-U001,canvas_comments,4,2026-02-16
FU-003382,ACC-009,Northstar Consulting,ACC-009-U005,canvas_comments,1,2026-02-16
FU-003383,ACC-009,Northstar Consulting,ACC-009-U048,canvas_comments,3,2026-02-23
FU-003384,ACC-009,Northstar Consulting,ACC-009-U002,canvas_comments,4,2026-02-23
FU-003385,ACC-009,Northstar Consulting,ACC-009-U032,canvas_comments,4,2026-02-23
FU-003386,ACC-009,Northstar Consulting,ACC-009-U024,canvas_comments,1,2026-03-02
FU-003387,ACC-009,Northstar Consulting,ACC-009-U035,canvas_comments,1,2026-03-02
FU-003388,ACC-009,Northstar Consulting,ACC-009-U017,canvas_comments,5,2026-03-02
FU-003389,ACC-009,Northstar Consulting,ACC-009-U034,canvas_comments,3,2026-03-02
FU-003390,ACC-009,Northstar Consulting,ACC-009-U016,canvas_comments,3,2026-03-02
FU-003391,ACC-009,Northstar Consulting,ACC-009-U033,canvas_comments,3,2026-03-09
FU-003392,ACC-009,Northstar Consulting,ACC-009-U040,canvas_comments,4,2026-03-09
FU-003393,ACC-010,Ridgeline Media,ACC-010-U036,flow_approvals,4,2025-12-15
FU-003394,ACC-010,Ridgeline Media,ACC-010-U034,flow_approvals,4,2025-12-15
FU-003395,ACC-010,Ridgeline Media,ACC-010-U009,flow_approvals,5,2025-12-15
FU-003396,ACC-010,Ridgeline Media,ACC-010-U012,flow_approvals,1,2025-12-15
FU-003397,ACC-010,Ridgeline Media,ACC-010-U014,flow_approvals,3,2025-12-15
FU-003398,ACC-010,Ridgeline Media,ACC-010-U015,flow_approvals,4,2025-12-15
FU-003399,ACC-010,Ridgeline Media,ACC-010-U022,flow_approvals,3,2025-12-15
FU-003400,ACC-010,Ridgeline Media,ACC-010-U041,flow_approvals,2,2025-12-15
FU-003401,ACC-010,Ridgeline Media,ACC-010-U028,flow_approvals,3,2025-12-15
FU-003402,ACC-010,Ridgeline Media,ACC-010-U041,flow_approvals,4,2025-12-22
FU-003403,ACC-010,Ridgeline Media,ACC-010-U018,flow_approvals,1,2025-12-22
FU-003404,ACC-010,Ridgeline Media,ACC-010-U010,flow_approvals,6,2025-12-22
FU-003405,ACC-010,Ridgeline Media,ACC-010-U013,flow_approvals,4,2025-12-22
FU-003406,ACC-010,Ridgeline Media,ACC-010-U001,flow_approvals,1,2025-12-22
FU-003407,ACC-010,Ridgeline Media,ACC-010-U027,flow_approvals,3,2025-12-29
FU-003408,ACC-010,Ridgeline Media,ACC-010-U001,flow_approvals,4,2025-12-29
FU-003409,ACC-010,Ridgeline Media,ACC-010-U026,flow_approvals,5,2025-12-29
FU-003410,ACC-010,Ridgeline Media,ACC-010-U007,flow_approvals,3,2025-12-29
FU-003411,ACC-010,Ridgeline Media,ACC-010-U010,flow_approvals,5,2025-12-29
FU-003412,ACC-010,Ridgeline Media,ACC-010-U023,flow_approvals,3,2025-12-29
FU-003413,ACC-010,Ridgeline Media,ACC-010-U008,flow_approvals,1,2025-12-29
FU-003414,ACC-010,Ridgeline Media,ACC-010-U032,flow_approvals,3,2025-12-29
FU-003415,ACC-010,Ridgeline Media,ACC-010-U017,flow_approvals,4,2025-12-29
FU-003416,ACC-010,Ridgeline Media,ACC-010-U016,flow_approvals,9,2026-01-05
FU-003417,ACC-010,Ridgeline Media,ACC-010-U007,flow_approvals,3,2026-01-12
FU-003418,ACC-010,Ridgeline Media,ACC-010-U028,flow_approvals,1,2026-01-12
FU-003419,ACC-010,Ridgeline Media,ACC-010-U039,flow_approvals,3,2026-01-12
FU-003420,ACC-010,Ridgeline Media,ACC-010-U027,flow_approvals,1,2026-01-12
FU-003421,ACC-010,Ridgeline Media,ACC-010-U017,flow_approvals,2,2026-01-12
FU-003422,ACC-010,Ridgeline Media,ACC-010-U025,flow_approvals,2,2026-01-12
FU-003423,ACC-010,Ridgeline Media,ACC-010-U041,flow_approvals,4,2026-01-12
FU-003424,ACC-010,Ridgeline Media,ACC-010-U034,flow_approvals,1,2026-01-12
FU-003425,ACC-010,Ridgeline Media,ACC-010-U001,flow_approvals,6,2026-01-12
FU-003426,ACC-010,Ridgeline Media,ACC-010-U010,flow_approvals,2,2026-01-12
FU-003427,ACC-010,Ridgeline Media,ACC-010-U026,flow_approvals,2,2026-01-12
FU-003428,ACC-010,Ridgeline Media,ACC-010-U022,flow_approvals,3,2026-01-12
FU-003429,ACC-010,Ridgeline Media,ACC-010-U036,flow_approvals,1,2026-01-12
FU-003430,ACC-010,Ridgeline Media,ACC-010-U025,flow_approvals,3,2026-01-19
FU-003431,ACC-010,Ridgeline Media,ACC-010-U036,flow_approvals,1,2026-01-19
FU-003432,ACC-010,Ridgeline Media,ACC-010-U021,flow_approvals,1,2026-01-19
FU-003433,ACC-010,Ridgeline Media,ACC-010-U038,flow_approvals,4,2026-01-19
FU-003434,ACC-010,Ridgeline Media,ACC-010-U030,flow_approvals,3,2026-01-19
FU-003435,ACC-010,Ridgeline Media,ACC-010-U042,flow_approvals,5,2026-01-19
FU-003436,ACC-010,Ridgeline Media,ACC-010-U028,flow_approvals,2,2026-01-19
FU-003437,ACC-010,Ridgeline Media,ACC-010-U020,flow_approvals,6,2026-01-19
FU-003438,ACC-010,Ridgeline Media,ACC-010-U041,flow_approvals,2,2026-01-19
FU-003439,ACC-010,Ridgeline Media,ACC-010-U011,flow_approvals,1,2026-01-19
FU-003440,ACC-010,Ridgeline Media,ACC-010-U034,flow_approvals,6,2026-01-19
FU-003441,ACC-010,Ridgeline Media,ACC-010-U012,flow_approvals,3,2026-01-19
FU-003442,ACC-010,Ridgeline Media,ACC-010-U022,flow_approvals,6,2026-01-26
FU-003443,ACC-010,Ridgeline Media,ACC-010-U019,flow_approvals,2,2026-01-26
FU-003444,ACC-010,Ridgeline Media,ACC-010-U021,flow_approvals,4,2026-01-26
FU-003445,ACC-010,Ridgeline Media,ACC-010-U030,flow_approvals,4,2026-01-26
FU-003446,ACC-010,Ridgeline Media,ACC-010-U003,flow_approvals,1,2026-02-02
FU-003447,ACC-010,Ridgeline Media,ACC-010-U004,flow_approvals,1,2026-02-02
FU-003448,ACC-010,Ridgeline Media,ACC-010-U007,flow_approvals,3,2026-02-02
FU-003449,ACC-010,Ridgeline Media,ACC-010-U013,flow_approvals,3,2026-02-02
FU-003450,ACC-010,Ridgeline Media,ACC-010-U034,flow_approvals,8,2026-02-09
FU-003451,ACC-010,Ridgeline Media,ACC-010-U005,flow_approvals,4,2026-02-09
FU-003452,ACC-010,Ridgeline Media,ACC-010-U016,flow_approvals,4,2026-02-09
FU-003453,ACC-010,Ridgeline Media,ACC-010-U032,flow_approvals,3,2026-02-09
FU-003454,ACC-010,Ridgeline Media,ACC-010-U027,flow_approvals,3,2026-02-16
FU-003455,ACC-010,Ridgeline Media,ACC-010-U024,flow_approvals,1,2026-02-16
FU-003456,ACC-010,Ridgeline Media,ACC-010-U015,flow_approvals,1,2026-02-16
FU-003457,ACC-010,Ridgeline Media,ACC-010-U021,flow_approvals,7,2026-02-16
FU-003458,ACC-010,Ridgeline Media,ACC-010-U011,flow_approvals,3,2026-02-16
FU-003459,ACC-010,Ridgeline Media,ACC-010-U005,flow_approvals,3,2026-02-16
FU-003460,ACC-010,Ridgeline Media,ACC-010-U030,flow_approvals,2,2026-02-23
FU-003461,ACC-010,Ridgeline Media,ACC-010-U037,flow_approvals,4,2026-02-23
FU-003462,ACC-010,Ridgeline Media,ACC-010-U036,flow_approvals,3,2026-02-23
FU-003463,ACC-010,Ridgeline Media,ACC-010-U013,flow_approvals,6,2026-02-23
FU-003464,ACC-010,Ridgeline Media,ACC-010-U003,flow_approvals,4,2026-02-23
FU-003465,ACC-010,Ridgeline Media,ACC-010-U004,flow_approvals,1,2026-02-23
FU-003466,ACC-010,Ridgeline Media,ACC-010-U010,flow_approvals,4,2026-02-23
FU-003467,ACC-010,Ridgeline Media,ACC-010-U041,flow_approvals,3,2026-02-23
FU-003468,ACC-010,Ridgeline Media,ACC-010-U039,flow_approvals,1,2026-02-23
FU-003469,ACC-010,Ridgeline Media,ACC-010-U006,flow_approvals,4,2026-03-02
FU-003470,ACC-010,Ridgeline Media,ACC-010-U024,flow_approvals,6,2026-03-02
FU-003471,ACC-010,Ridgeline Media,ACC-010-U013,flow_approvals,2,2026-03-02
FU-003472,ACC-010,Ridgeline Media,ACC-010-U022,flow_approvals,7,2026-03-09
FU-003473,ACC-010,Ridgeline Media,ACC-010-U024,flow_approvals,4,2026-03-09
FU-003474,ACC-010,Ridgeline Media,ACC-010-U042,flow_approvals,6,2026-03-09
FU-003475,ACC-010,Ridgeline Media,ACC-010-U001,flow_approvals,2,2026-03-09
FU-003476,ACC-010,Ridgeline Media,ACC-010-U028,flow_approvals,4,2026-03-09
FU-003477,ACC-010,Ridgeline Media,ACC-010-U011,flow_approvals,1,2026-03-09
FU-003478,ACC-010,Ridgeline Media,ACC-010-U032,flow_approvals,2,2026-03-09
FU-003479,ACC-010,Ridgeline Media,ACC-010-U008,flow_approvals,1,2026-03-09
FU-003480,ACC-010,Ridgeline Media,ACC-010-U035,flow_approvals,4,2026-03-09
FU-003481,ACC-010,Ridgeline Media,ACC-010-U004,flow_approvals,2,2026-03-09
FU-003482,ACC-010,Ridgeline Media,ACC-010-U025,flow_approvals,8,2026-03-09
FU-003483,ACC-010,Ridgeline Media,ACC-010-U041,flow_webhooks,1,2025-12-15
FU-003484,ACC-010,Ridgeline Media,ACC-010-U040,flow_webhooks,1,2025-12-15
FU-003485,ACC-010,Ridgeline Media,ACC-010-U003,flow_webhooks,3,2025-12-15
FU-003486,ACC-010,Ridgeline Media,ACC-010-U023,flow_webhooks,1,2025-12-22
FU-003487,ACC-010,Ridgeline Media,ACC-010-U006,flow_webhooks,1,2025-12-22
FU-003488,ACC-010,Ridgeline Media,ACC-010-U009,flow_webhooks,3,2025-12-22
FU-003489,ACC-010,Ridgeline Media,ACC-010-U026,flow_webhooks,3,2025-12-22
FU-003490,ACC-010,Ridgeline Media,ACC-010-U021,flow_webhooks,2,2025-12-22
FU-003491,ACC-010,Ridgeline Media,ACC-010-U017,flow_webhooks,2,2025-12-22
FU-003492,ACC-010,Ridgeline Media,ACC-010-U031,flow_webhooks,5,2025-12-22
FU-003493,ACC-010,Ridgeline Media,ACC-010-U013,flow_webhooks,3,2025-12-22
FU-003494,ACC-010,Ridgeline Media,ACC-010-U032,flow_webhooks,5,2025-12-29
FU-003495,ACC-010,Ridgeline Media,ACC-010-U004,flow_webhooks,1,2025-12-29
FU-003496,ACC-010,Ridgeline Media,ACC-010-U002,flow_webhooks,4,2025-12-29
FU-003497,ACC-010,Ridgeline Media,ACC-010-U001,flow_webhooks,4,2025-12-29
FU-003498,ACC-010,Ridgeline Media,ACC-010-U037,flow_webhooks,1,2025-12-29
FU-003499,ACC-010,Ridgeline Media,ACC-010-U034,flow_webhooks,1,2025-12-29
FU-003500,ACC-010,Ridgeline Media,ACC-010-U022,flow_webhooks,5,2025-12-29
FU-003501,ACC-010,Ridgeline Media,ACC-010-U018,flow_webhooks,1,2025-12-29
FU-003502,ACC-010,Ridgeline Media,ACC-010-U023,flow_webhooks,3,2025-12-29
FU-003503,ACC-010,Ridgeline Media,ACC-010-U041,flow_webhooks,5,2025-12-29
FU-003504,ACC-010,Ridgeline Media,ACC-010-U042,flow_webhooks,7,2026-01-05
FU-003505,ACC-010,Ridgeline Media,ACC-010-U013,flow_webhooks,4,2026-01-05
FU-003506,ACC-010,Ridgeline Media,ACC-010-U014,flow_webhooks,4,2026-01-05
FU-003507,ACC-010,Ridgeline Media,ACC-010-U028,flow_webhooks,4,2026-01-05
FU-003508,ACC-010,Ridgeline Media,ACC-010-U003,flow_webhooks,3,2026-01-05
FU-003509,ACC-010,Ridgeline Media,ACC-010-U026,flow_webhooks,3,2026-01-05
FU-003510,ACC-010,Ridgeline Media,ACC-010-U003,flow_webhooks,3,2026-01-12
FU-003511,ACC-010,Ridgeline Media,ACC-010-U029,flow_webhooks,3,2026-01-12
FU-003512,ACC-010,Ridgeline Media,ACC-010-U016,flow_webhooks,5,2026-01-12
FU-003513,ACC-010,Ridgeline Media,ACC-010-U031,flow_webhooks,1,2026-01-12
FU-003514,ACC-010,Ridgeline Media,ACC-010-U040,flow_webhooks,2,2026-01-12
FU-003515,ACC-010,Ridgeline Media,ACC-010-U026,flow_webhooks,6,2026-01-12
FU-003516,ACC-010,Ridgeline Media,ACC-010-U027,flow_webhooks,3,2026-01-12
FU-003517,ACC-010,Ridgeline Media,ACC-010-U035,flow_webhooks,7,2026-01-12
FU-003518,ACC-010,Ridgeline Media,ACC-010-U042,flow_webhooks,3,2026-01-12
FU-003519,ACC-010,Ridgeline Media,ACC-010-U028,flow_webhooks,3,2026-01-19
FU-003520,ACC-010,Ridgeline Media,ACC-010-U002,flow_webhooks,2,2026-01-19
FU-003521,ACC-010,Ridgeline Media,ACC-010-U003,flow_webhooks,2,2026-01-19
FU-003522,ACC-010,Ridgeline Media,ACC-010-U022,flow_webhooks,2,2026-01-19
FU-003523,ACC-010,Ridgeline Media,ACC-010-U039,flow_webhooks,2,2026-01-19
FU-003524,ACC-010,Ridgeline Media,ACC-010-U016,flow_webhooks,2,2026-01-19
FU-003525,ACC-010,Ridgeline Media,ACC-010-U005,flow_webhooks,1,2026-01-19
FU-003526,ACC-010,Ridgeline Media,ACC-010-U018,flow_webhooks,2,2026-01-19
FU-003527,ACC-010,Ridgeline Media,ACC-010-U013,flow_webhooks,2,2026-01-19
FU-003528,ACC-010,Ridgeline Media,ACC-010-U035,flow_webhooks,2,2026-01-19
FU-003529,ACC-010,Ridgeline Media,ACC-010-U033,flow_webhooks,2,2026-01-19
FU-003530,ACC-010,Ridgeline Media,ACC-010-U020,flow_webhooks,2,2026-01-19
FU-003531,ACC-010,Ridgeline Media,ACC-010-U022,flow_webhooks,2,2026-01-26
FU-003532,ACC-010,Ridgeline Media,ACC-010-U042,flow_webhooks,1,2026-01-26
FU-003533,ACC-010,Ridgeline Media,ACC-010-U029,flow_webhooks,4,2026-01-26
FU-003534,ACC-010,Ridgeline Media,ACC-010-U020,flow_webhooks,3,2026-01-26
FU-003535,ACC-010,Ridgeline Media,ACC-010-U007,flow_webhooks,1,2026-01-26
FU-003536,ACC-010,Ridgeline Media,ACC-010-U017,flow_webhooks,1,2026-01-26
FU-003537,ACC-010,Ridgeline Media,ACC-010-U025,flow_webhooks,3,2026-02-02
FU-003538,ACC-010,Ridgeline Media,ACC-010-U002,flow_webhooks,1,2026-02-02
FU-003539,ACC-010,Ridgeline Media,ACC-010-U015,flow_webhooks,7,2026-02-02
FU-003540,ACC-010,Ridgeline Media,ACC-010-U027,flow_webhooks,2,2026-02-02
FU-003541,ACC-010,Ridgeline Media,ACC-010-U040,flow_webhooks,2,2026-02-02
FU-003542,ACC-010,Ridgeline Media,ACC-010-U018,flow_webhooks,3,2026-02-02
FU-003543,ACC-010,Ridgeline Media,ACC-010-U001,flow_webhooks,7,2026-02-02
FU-003544,ACC-010,Ridgeline Media,ACC-010-U006,flow_webhooks,1,2026-02-02
FU-003545,ACC-010,Ridgeline Media,ACC-010-U025,flow_webhooks,2,2026-02-09
FU-003546,ACC-010,Ridgeline Media,ACC-010-U013,flow_webhooks,3,2026-02-09
FU-003547,ACC-010,Ridgeline Media,ACC-010-U019,flow_webhooks,3,2026-02-09
FU-003548,ACC-010,Ridgeline Media,ACC-010-U021,flow_webhooks,4,2026-02-09
FU-003549,ACC-010,Ridgeline Media,ACC-010-U012,flow_webhooks,3,2026-02-09
FU-003550,ACC-010,Ridgeline Media,ACC-010-U024,flow_webhooks,2,2026-02-16
FU-003551,ACC-010,Ridgeline Media,ACC-010-U033,flow_webhooks,2,2026-02-16
FU-003552,ACC-010,Ridgeline Media,ACC-010-U007,flow_webhooks,2,2026-02-16
FU-003553,ACC-010,Ridgeline Media,ACC-010-U026,flow_webhooks,6,2026-02-16
FU-003554,ACC-010,Ridgeline Media,ACC-010-U020,flow_webhooks,1,2026-02-16
FU-003555,ACC-010,Ridgeline Media,ACC-010-U041,flow_webhooks,7,2026-02-23
FU-003556,ACC-010,Ridgeline Media,ACC-010-U033,flow_webhooks,7,2026-02-23
FU-003557,ACC-010,Ridgeline Media,ACC-010-U027,flow_webhooks,2,2026-02-23
FU-003558,ACC-010,Ridgeline Media,ACC-010-U036,flow_webhooks,2,2026-02-23
FU-003559,ACC-010,Ridgeline Media,ACC-010-U020,flow_webhooks,1,2026-03-02
FU-003560,ACC-010,Ridgeline Media,ACC-010-U002,flow_webhooks,4,2026-03-02
FU-003561,ACC-010,Ridgeline Media,ACC-010-U032,flow_webhooks,8,2026-03-02
FU-003562,ACC-010,Ridgeline Media,ACC-010-U038,flow_webhooks,3,2026-03-02
FU-003563,ACC-010,Ridgeline Media,ACC-010-U017,flow_webhooks,4,2026-03-02
FU-003564,ACC-010,Ridgeline Media,ACC-010-U037,flow_webhooks,4,2026-03-02
FU-003565,ACC-010,Ridgeline Media,ACC-010-U007,flow_webhooks,4,2026-03-02
FU-003566,ACC-010,Ridgeline Media,ACC-010-U029,flow_webhooks,1,2026-03-02
FU-003567,ACC-010,Ridgeline Media,ACC-010-U041,flow_webhooks,4,2026-03-02
FU-003568,ACC-010,Ridgeline Media,ACC-010-U010,flow_webhooks,5,2026-03-09
FU-003569,ACC-010,Ridgeline Media,ACC-010-U017,flow_webhooks,5,2026-03-09
FU-003570,ACC-010,Ridgeline Media,ACC-010-U036,flow_webhooks,2,2026-03-09
FU-003571,ACC-010,Ridgeline Media,ACC-010-U038,flow_webhooks,3,2026-03-09
FU-003572,ACC-010,Ridgeline Media,ACC-010-U032,flow_conditional_routing,4,2025-12-15
FU-003573,ACC-010,Ridgeline Media,ACC-010-U023,flow_conditional_routing,4,2025-12-15
FU-003574,ACC-010,Ridgeline Media,ACC-010-U039,flow_conditional_routing,3,2025-12-15
FU-003575,ACC-010,Ridgeline Media,ACC-010-U026,flow_conditional_routing,4,2025-12-15
FU-003576,ACC-010,Ridgeline Media,ACC-010-U002,flow_conditional_routing,3,2025-12-22
FU-003577,ACC-010,Ridgeline Media,ACC-010-U012,flow_conditional_routing,2,2025-12-22
FU-003578,ACC-010,Ridgeline Media,ACC-010-U008,flow_conditional_routing,6,2025-12-22
FU-003579,ACC-010,Ridgeline Media,ACC-010-U037,flow_conditional_routing,5,2025-12-22
FU-003580,ACC-010,Ridgeline Media,ACC-010-U029,flow_conditional_routing,3,2025-12-22
FU-003581,ACC-010,Ridgeline Media,ACC-010-U038,flow_conditional_routing,1,2025-12-22
FU-003582,ACC-010,Ridgeline Media,ACC-010-U027,flow_conditional_routing,2,2025-12-22
FU-003583,ACC-010,Ridgeline Media,ACC-010-U026,flow_conditional_routing,4,2025-12-29
FU-003584,ACC-010,Ridgeline Media,ACC-010-U028,flow_conditional_routing,4,2026-01-05
FU-003585,ACC-010,Ridgeline Media,ACC-010-U027,flow_conditional_routing,1,2026-01-05
FU-003586,ACC-010,Ridgeline Media,ACC-010-U009,flow_conditional_routing,10,2026-01-05
FU-003587,ACC-010,Ridgeline Media,ACC-010-U005,flow_conditional_routing,4,2026-01-12
FU-003588,ACC-010,Ridgeline Media,ACC-010-U010,flow_conditional_routing,1,2026-01-12
FU-003589,ACC-010,Ridgeline Media,ACC-010-U024,flow_conditional_routing,1,2026-01-12
FU-003590,ACC-010,Ridgeline Media,ACC-010-U028,flow_conditional_routing,3,2026-01-12
FU-003591,ACC-010,Ridgeline Media,ACC-010-U025,flow_conditional_routing,4,2026-01-19
FU-003592,ACC-010,Ridgeline Media,ACC-010-U007,flow_conditional_routing,1,2026-01-19
FU-003593,ACC-010,Ridgeline Media,ACC-010-U012,flow_conditional_routing,6,2026-01-26
FU-003594,ACC-010,Ridgeline Media,ACC-010-U010,flow_conditional_routing,2,2026-01-26
FU-003595,ACC-010,Ridgeline Media,ACC-010-U034,flow_conditional_routing,1,2026-01-26
FU-003596,ACC-010,Ridgeline Media,ACC-010-U034,flow_conditional_routing,3,2026-02-02
FU-003597,ACC-010,Ridgeline Media,ACC-010-U023,flow_conditional_routing,4,2026-02-02
FU-003598,ACC-010,Ridgeline Media,ACC-010-U008,flow_conditional_routing,3,2026-02-02
FU-003599,ACC-010,Ridgeline Media,ACC-010-U014,flow_conditional_routing,3,2026-02-02
FU-003600,ACC-010,Ridgeline Media,ACC-010-U028,flow_conditional_routing,7,2026-02-02
FU-003601,ACC-010,Ridgeline Media,ACC-010-U042,flow_conditional_routing,2,2026-02-09
FU-003602,ACC-010,Ridgeline Media,ACC-010-U022,flow_conditional_routing,6,2026-02-16
FU-003603,ACC-010,Ridgeline Media,ACC-010-U036,flow_conditional_routing,4,2026-02-16
FU-003604,ACC-010,Ridgeline Media,ACC-010-U003,flow_conditional_routing,1,2026-02-16
FU-003605,ACC-010,Ridgeline Media,ACC-010-U009,flow_conditional_routing,3,2026-02-23
FU-003606,ACC-010,Ridgeline Media,ACC-010-U029,flow_conditional_routing,4,2026-02-23
FU-003607,ACC-010,Ridgeline Media,ACC-010-U042,flow_conditional_routing,4,2026-02-23
FU-003608,ACC-010,Ridgeline Media,ACC-010-U006,flow_conditional_routing,4,2026-02-23
FU-003609,ACC-010,Ridgeline Media,ACC-010-U041,flow_conditional_routing,9,2026-02-23
FU-003610,ACC-010,Ridgeline Media,ACC-010-U007,flow_conditional_routing,5,2026-02-23
FU-003611,ACC-010,Ridgeline Media,ACC-010-U033,flow_conditional_routing,6,2026-03-02
FU-003612,ACC-010,Ridgeline Media,ACC-010-U019,flow_conditional_routing,3,2026-03-02
FU-003613,ACC-010,Ridgeline Media,ACC-010-U005,flow_conditional_routing,3,2026-03-02
FU-003614,ACC-010,Ridgeline Media,ACC-010-U038,flow_conditional_routing,2,2026-03-02
FU-003615,ACC-010,Ridgeline Media,ACC-010-U013,flow_conditional_routing,1,2026-03-02
FU-003616,ACC-010,Ridgeline Media,ACC-010-U006,flow_conditional_routing,2,2026-03-09
FU-003617,ACC-010,Ridgeline Media,ACC-010-U015,flow_conditional_routing,6,2026-03-09
FU-003618,ACC-011,Clearwater Tech,ACC-011-U018,insight_dashboards,3,2025-12-15
FU-003619,ACC-011,Clearwater Tech,ACC-011-U022,insight_dashboards,5,2025-12-15
FU-003620,ACC-011,Clearwater Tech,ACC-011-U028,insight_dashboards,2,2025-12-15
FU-003621,ACC-011,Clearwater Tech,ACC-011-U016,insight_dashboards,4,2025-12-15
FU-003622,ACC-011,Clearwater Tech,ACC-011-U047,insight_dashboards,5,2025-12-22
FU-003623,ACC-011,Clearwater Tech,ACC-011-U040,insight_dashboards,1,2025-12-22
FU-003624,ACC-011,Clearwater Tech,ACC-011-U058,insight_dashboards,3,2025-12-29
FU-003625,ACC-011,Clearwater Tech,ACC-011-U002,insight_dashboards,3,2025-12-29
FU-003626,ACC-011,Clearwater Tech,ACC-011-U033,insight_dashboards,5,2025-12-29
FU-003627,ACC-011,Clearwater Tech,ACC-011-U066,insight_dashboards,3,2025-12-29
FU-003628,ACC-011,Clearwater Tech,ACC-011-U030,insight_dashboards,2,2025-12-29
FU-003629,ACC-011,Clearwater Tech,ACC-011-U011,insight_dashboards,2,2025-12-29
FU-003630,ACC-011,Clearwater Tech,ACC-011-U023,insight_dashboards,1,2025-12-29
FU-003631,ACC-011,Clearwater Tech,ACC-011-U069,insight_dashboards,2,2025-12-29
FU-003632,ACC-011,Clearwater Tech,ACC-011-U025,insight_dashboards,7,2025-12-29
FU-003633,ACC-011,Clearwater Tech,ACC-011-U043,insight_dashboards,4,2025-12-29
FU-003634,ACC-011,Clearwater Tech,ACC-011-U003,insight_dashboards,3,2025-12-29
FU-003635,ACC-011,Clearwater Tech,ACC-011-U021,insight_dashboards,1,2025-12-29
FU-003636,ACC-011,Clearwater Tech,ACC-011-U053,insight_dashboards,1,2025-12-29
FU-003637,ACC-011,Clearwater Tech,ACC-011-U069,insight_dashboards,3,2026-01-05
FU-003638,ACC-011,Clearwater Tech,ACC-011-U059,insight_dashboards,4,2026-01-05
FU-003639,ACC-011,Clearwater Tech,ACC-011-U067,insight_dashboards,1,2026-01-05
FU-003640,ACC-011,Clearwater Tech,ACC-011-U066,insight_dashboards,4,2026-01-05
FU-003641,ACC-011,Clearwater Tech,ACC-011-U034,insight_dashboards,1,2026-01-12
FU-003642,ACC-011,Clearwater Tech,ACC-011-U068,insight_dashboards,5,2026-01-12
FU-003643,ACC-011,Clearwater Tech,ACC-011-U057,insight_dashboards,6,2026-01-19
FU-003644,ACC-011,Clearwater Tech,ACC-011-U028,insight_dashboards,4,2026-01-19
FU-003645,ACC-011,Clearwater Tech,ACC-011-U001,insight_dashboards,1,2026-01-19
FU-003646,ACC-011,Clearwater Tech,ACC-011-U022,insight_dashboards,2,2026-01-19
FU-003647,ACC-011,Clearwater Tech,ACC-011-U054,insight_dashboards,4,2026-01-26
FU-003648,ACC-011,Clearwater Tech,ACC-011-U070,insight_dashboards,6,2026-01-26
FU-003649,ACC-011,Clearwater Tech,ACC-011-U035,insight_dashboards,4,2026-02-02
FU-003650,ACC-011,Clearwater Tech,ACC-011-U008,insight_dashboards,4,2026-02-02
FU-003651,ACC-011,Clearwater Tech,ACC-011-U011,insight_dashboards,3,2026-02-02
FU-003652,ACC-011,Clearwater Tech,ACC-011-U070,insight_dashboards,3,2026-02-09
FU-003653,ACC-011,Clearwater Tech,ACC-011-U005,insight_dashboards,1,2026-02-09
FU-003654,ACC-011,Clearwater Tech,ACC-011-U060,insight_dashboards,5,2026-02-09
FU-003655,ACC-011,Clearwater Tech,ACC-011-U031,insight_dashboards,3,2026-02-09
FU-003656,ACC-011,Clearwater Tech,ACC-011-U022,insight_dashboards,1,2026-02-09
FU-003657,ACC-011,Clearwater Tech,ACC-011-U014,insight_dashboards,4,2026-02-09
FU-003658,ACC-011,Clearwater Tech,ACC-011-U068,insight_dashboards,5,2026-02-09
FU-003659,ACC-011,Clearwater Tech,ACC-011-U057,insight_dashboards,4,2026-02-09
FU-003660,ACC-011,Clearwater Tech,ACC-011-U056,insight_dashboards,2,2026-02-16
FU-003661,ACC-011,Clearwater Tech,ACC-011-U045,insight_dashboards,8,2026-02-23
FU-003662,ACC-011,Clearwater Tech,ACC-011-U008,insight_dashboards,2,2026-02-23
FU-003663,ACC-011,Clearwater Tech,ACC-011-U043,insight_dashboards,4,2026-02-23
FU-003664,ACC-011,Clearwater Tech,ACC-011-U055,insight_dashboards,3,2026-02-23
FU-003665,ACC-011,Clearwater Tech,ACC-011-U047,insight_dashboards,2,2026-02-23
FU-003666,ACC-011,Clearwater Tech,ACC-011-U048,insight_dashboards,1,2026-02-23
FU-003667,ACC-011,Clearwater Tech,ACC-011-U030,insight_dashboards,1,2026-02-23
FU-003668,ACC-011,Clearwater Tech,ACC-011-U018,insight_dashboards,4,2026-02-23
FU-003669,ACC-011,Clearwater Tech,ACC-011-U057,insight_dashboards,1,2026-03-02
FU-003670,ACC-011,Clearwater Tech,ACC-011-U041,insight_dashboards,1,2026-03-02
FU-003671,ACC-011,Clearwater Tech,ACC-011-U030,insight_dashboards,4,2026-03-02
FU-003672,ACC-011,Clearwater Tech,ACC-011-U043,insight_dashboards,1,2026-03-02
FU-003673,ACC-011,Clearwater Tech,ACC-011-U034,insight_dashboards,2,2026-03-02
FU-003674,ACC-011,Clearwater Tech,ACC-011-U027,insight_dashboards,2,2026-03-02
FU-003675,ACC-011,Clearwater Tech,ACC-011-U012,insight_dashboards,2,2026-03-02
FU-003676,ACC-011,Clearwater Tech,ACC-011-U045,insight_dashboards,6,2026-03-02
FU-003677,ACC-011,Clearwater Tech,ACC-011-U069,insight_dashboards,5,2026-03-02
FU-003678,ACC-011,Clearwater Tech,ACC-011-U048,insight_dashboards,6,2026-03-09
FU-003679,ACC-011,Clearwater Tech,ACC-011-U024,insight_dashboards,4,2026-03-09
FU-003680,ACC-011,Clearwater Tech,ACC-011-U031,insight_dashboards,2,2026-03-09
FU-003681,ACC-011,Clearwater Tech,ACC-011-U007,insight_dashboards,4,2026-03-09
FU-003682,ACC-011,Clearwater Tech,ACC-011-U004,insight_dashboards,1,2026-03-09
FU-003683,ACC-011,Clearwater Tech,ACC-011-U038,insight_dashboards,1,2026-03-09
FU-003684,ACC-011,Clearwater Tech,ACC-011-U036,insight_dashboards,3,2026-03-09
FU-003685,ACC-011,Clearwater Tech,ACC-011-U039,insight_dashboards,1,2026-03-09
FU-003686,ACC-011,Clearwater Tech,ACC-011-U010,insight_dashboards,4,2026-03-09
FU-003687,ACC-011,Clearwater Tech,ACC-011-U011,insight_dashboards,5,2026-03-09
FU-003688,ACC-011,Clearwater Tech,ACC-011-U005,flow_approvals,5,2025-12-15
FU-003689,ACC-011,Clearwater Tech,ACC-011-U007,flow_approvals,1,2025-12-15
FU-003690,ACC-011,Clearwater Tech,ACC-011-U012,flow_approvals,2,2025-12-15
FU-003691,ACC-011,Clearwater Tech,ACC-011-U003,flow_approvals,1,2025-12-15
FU-003692,ACC-011,Clearwater Tech,ACC-011-U021,flow_approvals,4,2025-12-15
FU-003693,ACC-011,Clearwater Tech,ACC-011-U008,flow_approvals,5,2025-12-15
FU-003694,ACC-011,Clearwater Tech,ACC-011-U061,flow_approvals,1,2025-12-15
FU-003695,ACC-011,Clearwater Tech,ACC-011-U015,flow_approvals,4,2025-12-15
FU-003696,ACC-011,Clearwater Tech,ACC-011-U029,flow_approvals,4,2025-12-15
FU-003697,ACC-011,Clearwater Tech,ACC-011-U062,flow_approvals,2,2025-12-22
FU-003698,ACC-011,Clearwater Tech,ACC-011-U022,flow_approvals,1,2025-12-22
FU-003699,ACC-011,Clearwater Tech,ACC-011-U006,flow_approvals,4,2025-12-22
FU-003700,ACC-011,Clearwater Tech,ACC-011-U025,flow_approvals,3,2025-12-22
FU-003701,ACC-011,Clearwater Tech,ACC-011-U034,flow_approvals,2,2025-12-22
FU-003702,ACC-011,Clearwater Tech,ACC-011-U009,flow_approvals,5,2025-12-22
FU-003703,ACC-011,Clearwater Tech,ACC-011-U030,flow_approvals,3,2025-12-29
FU-003704,ACC-011,Clearwater Tech,ACC-011-U062,flow_approvals,2,2025-12-29
FU-003705,ACC-011,Clearwater Tech,ACC-011-U020,flow_approvals,4,2025-12-29
FU-003706,ACC-011,Clearwater Tech,ACC-011-U063,flow_approvals,1,2025-12-29
FU-003707,ACC-011,Clearwater Tech,ACC-011-U022,flow_approvals,7,2025-12-29
FU-003708,ACC-011,Clearwater Tech,ACC-011-U045,flow_approvals,5,2025-12-29
FU-003709,ACC-011,Clearwater Tech,ACC-011-U004,flow_approvals,6,2025-12-29
FU-003710,ACC-011,Clearwater Tech,ACC-011-U026,flow_approvals,4,2025-12-29
FU-003711,ACC-011,Clearwater Tech,ACC-011-U061,flow_approvals,2,2025-12-29
FU-003712,ACC-011,Clearwater Tech,ACC-011-U013,flow_approvals,2,2025-12-29
FU-003713,ACC-011,Clearwater Tech,ACC-011-U023,flow_approvals,5,2025-12-29
FU-003714,ACC-011,Clearwater Tech,ACC-011-U040,flow_approvals,1,2025-12-29
FU-003715,ACC-011,Clearwater Tech,ACC-011-U067,flow_approvals,4,2026-01-05
FU-003716,ACC-011,Clearwater Tech,ACC-011-U056,flow_approvals,4,2026-01-05
FU-003717,ACC-011,Clearwater Tech,ACC-011-U013,flow_approvals,2,2026-01-05
FU-003718,ACC-011,Clearwater Tech,ACC-011-U028,flow_approvals,5,2026-01-05
FU-003719,ACC-011,Clearwater Tech,ACC-011-U011,flow_approvals,1,2026-01-05
FU-003720,ACC-011,Clearwater Tech,ACC-011-U008,flow_approvals,5,2026-01-12
FU-003721,ACC-011,Clearwater Tech,ACC-011-U012,flow_approvals,6,2026-01-12
FU-003722,ACC-011,Clearwater Tech,ACC-011-U044,flow_approvals,7,2026-01-19
FU-003723,ACC-011,Clearwater Tech,ACC-011-U030,flow_approvals,1,2026-01-19
FU-003724,ACC-011,Clearwater Tech,ACC-011-U066,flow_approvals,1,2026-01-19
FU-003725,ACC-011,Clearwater Tech,ACC-011-U061,flow_approvals,4,2026-01-19
FU-003726,ACC-011,Clearwater Tech,ACC-011-U047,flow_approvals,6,2026-01-19
FU-003727,ACC-011,Clearwater Tech,ACC-011-U032,flow_approvals,1,2026-01-26
FU-003728,ACC-011,Clearwater Tech,ACC-011-U042,flow_approvals,6,2026-01-26
FU-003729,ACC-011,Clearwater Tech,ACC-011-U036,flow_approvals,6,2026-01-26
FU-003730,ACC-011,Clearwater Tech,ACC-011-U051,flow_approvals,1,2026-01-26
FU-003731,ACC-011,Clearwater Tech,ACC-011-U015,flow_approvals,5,2026-01-26
FU-003732,ACC-011,Clearwater Tech,ACC-011-U054,flow_approvals,4,2026-01-26
FU-003733,ACC-011,Clearwater Tech,ACC-011-U030,flow_approvals,1,2026-02-02
FU-003734,ACC-011,Clearwater Tech,ACC-011-U051,flow_approvals,6,2026-02-02
FU-003735,ACC-011,Clearwater Tech,ACC-011-U026,flow_approvals,4,2026-02-02
FU-003736,ACC-011,Clearwater Tech,ACC-011-U060,flow_approvals,1,2026-02-02
FU-003737,ACC-011,Clearwater Tech,ACC-011-U045,flow_approvals,6,2026-02-02
FU-003738,ACC-011,Clearwater Tech,ACC-011-U062,flow_approvals,2,2026-02-02
FU-003739,ACC-011,Clearwater Tech,ACC-011-U005,flow_approvals,1,2026-02-02
FU-003740,ACC-011,Clearwater Tech,ACC-011-U034,flow_approvals,3,2026-02-02
FU-003741,ACC-011,Clearwater Tech,ACC-011-U064,flow_approvals,3,2026-02-02
FU-003742,ACC-011,Clearwater Tech,ACC-011-U024,flow_approvals,6,2026-02-09
FU-003743,ACC-011,Clearwater Tech,ACC-011-U053,flow_approvals,2,2026-02-09
FU-003744,ACC-011,Clearwater Tech,ACC-011-U009,flow_approvals,4,2026-02-09
FU-003745,ACC-011,Clearwater Tech,ACC-011-U038,flow_approvals,2,2026-02-09
FU-003746,ACC-011,Clearwater Tech,ACC-011-U039,flow_approvals,4,2026-02-09
FU-003747,ACC-011,Clearwater Tech,ACC-011-U051,flow_approvals,3,2026-02-09
FU-003748,ACC-011,Clearwater Tech,ACC-011-U034,flow_approvals,3,2026-02-09
FU-003749,ACC-011,Clearwater Tech,ACC-011-U058,flow_approvals,4,2026-02-09
FU-003750,ACC-011,Clearwater Tech,ACC-011-U050,flow_approvals,4,2026-02-09
FU-003751,ACC-011,Clearwater Tech,ACC-011-U054,flow_approvals,1,2026-02-09
FU-003752,ACC-011,Clearwater Tech,ACC-011-U057,flow_approvals,4,2026-02-16
FU-003753,ACC-011,Clearwater Tech,ACC-011-U040,flow_approvals,1,2026-02-16
FU-003754,ACC-011,Clearwater Tech,ACC-011-U024,flow_approvals,5,2026-02-16
FU-003755,ACC-011,Clearwater Tech,ACC-011-U061,flow_approvals,2,2026-02-16
FU-003756,ACC-011,Clearwater Tech,ACC-011-U041,flow_approvals,1,2026-02-16
FU-003757,ACC-011,Clearwater Tech,ACC-011-U070,flow_approvals,4,2026-02-16
FU-003758,ACC-011,Clearwater Tech,ACC-011-U010,flow_approvals,1,2026-02-16
FU-003759,ACC-011,Clearwater Tech,ACC-011-U018,flow_approvals,1,2026-02-16
FU-003760,ACC-011,Clearwater Tech,ACC-011-U034,flow_approvals,2,2026-02-16
FU-003761,ACC-011,Clearwater Tech,ACC-011-U039,flow_approvals,3,2026-02-16
FU-003762,ACC-011,Clearwater Tech,ACC-011-U005,flow_approvals,4,2026-02-16
FU-003763,ACC-011,Clearwater Tech,ACC-011-U012,flow_approvals,7,2026-02-16
FU-003764,ACC-011,Clearwater Tech,ACC-011-U068,flow_approvals,1,2026-02-16
FU-003765,ACC-011,Clearwater Tech,ACC-011-U053,flow_approvals,4,2026-02-23
FU-003766,ACC-011,Clearwater Tech,ACC-011-U054,flow_approvals,2,2026-02-23
FU-003767,ACC-011,Clearwater Tech,ACC-011-U068,flow_approvals,1,2026-02-23
FU-003768,ACC-011,Clearwater Tech,ACC-011-U037,flow_approvals,2,2026-02-23
FU-003769,ACC-011,Clearwater Tech,ACC-011-U022,flow_approvals,2,2026-02-23
FU-003770,ACC-011,Clearwater Tech,ACC-011-U057,flow_approvals,1,2026-02-23
FU-003771,ACC-011,Clearwater Tech,ACC-011-U021,flow_approvals,3,2026-02-23
FU-003772,ACC-011,Clearwater Tech,ACC-011-U024,flow_approvals,7,2026-02-23
FU-003773,ACC-011,Clearwater Tech,ACC-011-U017,flow_approvals,3,2026-02-23
FU-003774,ACC-011,Clearwater Tech,ACC-011-U066,flow_approvals,3,2026-02-23
FU-003775,ACC-011,Clearwater Tech,ACC-011-U010,flow_approvals,4,2026-03-02
FU-003776,ACC-011,Clearwater Tech,ACC-011-U018,flow_approvals,3,2026-03-02
FU-003777,ACC-011,Clearwater Tech,ACC-011-U021,flow_approvals,5,2026-03-02
FU-003778,ACC-011,Clearwater Tech,ACC-011-U037,flow_approvals,6,2026-03-02
FU-003779,ACC-011,Clearwater Tech,ACC-011-U025,flow_approvals,3,2026-03-02
FU-003780,ACC-011,Clearwater Tech,ACC-011-U057,flow_approvals,5,2026-03-02
FU-003781,ACC-011,Clearwater Tech,ACC-011-U014,flow_approvals,3,2026-03-02
FU-003782,ACC-011,Clearwater Tech,ACC-011-U063,flow_approvals,4,2026-03-02
FU-003783,ACC-011,Clearwater Tech,ACC-011-U048,flow_approvals,3,2026-03-02
FU-003784,ACC-011,Clearwater Tech,ACC-011-U068,flow_approvals,2,2026-03-02
FU-003785,ACC-011,Clearwater Tech,ACC-011-U039,flow_approvals,3,2026-03-09
FU-003786,ACC-011,Clearwater Tech,ACC-011-U006,flow_approvals,4,2026-03-09
FU-003787,ACC-011,Clearwater Tech,ACC-011-U016,flow_approvals,2,2026-03-09
FU-003788,ACC-011,Clearwater Tech,ACC-011-U057,flow_approvals,4,2026-03-09
FU-003789,ACC-011,Clearwater Tech,ACC-011-U062,flow_approvals,6,2026-03-09
FU-003790,ACC-011,Clearwater Tech,ACC-011-U034,flow_approvals,3,2026-03-09
FU-003791,ACC-011,Clearwater Tech,ACC-011-U013,flow_approvals,6,2026-03-09
FU-003792,ACC-011,Clearwater Tech,ACC-011-U037,flow_approvals,1,2026-03-09
FU-003793,ACC-011,Clearwater Tech,ACC-011-U012,flow_approvals,1,2026-03-09
FU-003794,ACC-011,Clearwater Tech,ACC-011-U060,flow_approvals,4,2026-03-09
FU-003795,ACC-011,Clearwater Tech,ACC-011-U033,flow_approvals,4,2026-03-09
FU-003796,ACC-011,Clearwater Tech,ACC-011-U010,canvas_collab_edit,6,2025-12-15
FU-003797,ACC-011,Clearwater Tech,ACC-011-U054,canvas_collab_edit,2,2025-12-15
FU-003798,ACC-011,Clearwater Tech,ACC-011-U059,canvas_collab_edit,2,2025-12-22
FU-003799,ACC-011,Clearwater Tech,ACC-011-U058,canvas_collab_edit,2,2025-12-22
FU-003800,ACC-011,Clearwater Tech,ACC-011-U060,canvas_collab_edit,7,2025-12-22
FU-003801,ACC-011,Clearwater Tech,ACC-011-U054,canvas_collab_edit,2,2025-12-22
FU-003802,ACC-011,Clearwater Tech,ACC-011-U019,canvas_collab_edit,3,2025-12-22
FU-003803,ACC-011,Clearwater Tech,ACC-011-U061,canvas_collab_edit,7,2025-12-22
FU-003804,ACC-011,Clearwater Tech,ACC-011-U016,canvas_collab_edit,4,2025-12-29
FU-003805,ACC-011,Clearwater Tech,ACC-011-U063,canvas_collab_edit,6,2025-12-29
FU-003806,ACC-011,Clearwater Tech,ACC-011-U023,canvas_collab_edit,5,2025-12-29
FU-003807,ACC-011,Clearwater Tech,ACC-011-U018,canvas_collab_edit,2,2026-01-05
FU-003808,ACC-011,Clearwater Tech,ACC-011-U062,canvas_collab_edit,6,2026-01-05
FU-003809,ACC-011,Clearwater Tech,ACC-011-U004,canvas_collab_edit,4,2026-01-05
FU-003810,ACC-011,Clearwater Tech,ACC-011-U008,canvas_collab_edit,3,2026-01-05
FU-003811,ACC-011,Clearwater Tech,ACC-011-U052,canvas_collab_edit,5,2026-01-05
FU-003812,ACC-011,Clearwater Tech,ACC-011-U033,canvas_collab_edit,3,2026-01-05
FU-003813,ACC-011,Clearwater Tech,ACC-011-U051,canvas_collab_edit,3,2026-01-05
FU-003814,ACC-011,Clearwater Tech,ACC-011-U019,canvas_collab_edit,2,2026-01-05
FU-003815,ACC-011,Clearwater Tech,ACC-011-U012,canvas_collab_edit,7,2026-01-05
FU-003816,ACC-011,Clearwater Tech,ACC-011-U035,canvas_collab_edit,5,2026-01-05
FU-003817,ACC-011,Clearwater Tech,ACC-011-U032,canvas_collab_edit,1,2026-01-05
FU-003818,ACC-011,Clearwater Tech,ACC-011-U016,canvas_collab_edit,5,2026-01-05
FU-003819,ACC-011,Clearwater Tech,ACC-011-U041,canvas_collab_edit,1,2026-01-12
FU-003820,ACC-011,Clearwater Tech,ACC-011-U049,canvas_collab_edit,6,2026-01-12
FU-003821,ACC-011,Clearwater Tech,ACC-011-U061,canvas_collab_edit,4,2026-01-12
FU-003822,ACC-011,Clearwater Tech,ACC-011-U036,canvas_collab_edit,2,2026-01-12
FU-003823,ACC-011,Clearwater Tech,ACC-011-U016,canvas_collab_edit,4,2026-01-19
FU-003824,ACC-011,Clearwater Tech,ACC-011-U027,canvas_collab_edit,2,2026-01-19
FU-003825,ACC-011,Clearwater Tech,ACC-011-U021,canvas_collab_edit,2,2026-01-19
FU-003826,ACC-011,Clearwater Tech,ACC-011-U069,canvas_collab_edit,4,2026-01-19
FU-003827,ACC-011,Clearwater Tech,ACC-011-U015,canvas_collab_edit,2,2026-01-19
FU-003828,ACC-011,Clearwater Tech,ACC-011-U019,canvas_collab_edit,3,2026-01-26
FU-003829,ACC-011,Clearwater Tech,ACC-011-U005,canvas_collab_edit,6,2026-01-26
FU-003830,ACC-011,Clearwater Tech,ACC-011-U038,canvas_collab_edit,1,2026-01-26
FU-003831,ACC-011,Clearwater Tech,ACC-011-U056,canvas_collab_edit,1,2026-01-26
FU-003832,ACC-011,Clearwater Tech,ACC-011-U001,canvas_collab_edit,6,2026-01-26
FU-003833,ACC-011,Clearwater Tech,ACC-011-U039,canvas_collab_edit,1,2026-02-02
FU-003834,ACC-011,Clearwater Tech,ACC-011-U005,canvas_collab_edit,1,2026-02-02
FU-003835,ACC-011,Clearwater Tech,ACC-011-U061,canvas_collab_edit,7,2026-02-02
FU-003836,ACC-011,Clearwater Tech,ACC-011-U018,canvas_collab_edit,6,2026-02-02
FU-003837,ACC-011,Clearwater Tech,ACC-011-U037,canvas_collab_edit,7,2026-02-02
FU-003838,ACC-011,Clearwater Tech,ACC-011-U006,canvas_collab_edit,1,2026-02-02
FU-003839,ACC-011,Clearwater Tech,ACC-011-U014,canvas_collab_edit,1,2026-02-02
FU-003840,ACC-011,Clearwater Tech,ACC-011-U033,canvas_collab_edit,2,2026-02-02
FU-003841,ACC-011,Clearwater Tech,ACC-011-U031,canvas_collab_edit,7,2026-02-02
FU-003842,ACC-011,Clearwater Tech,ACC-011-U063,canvas_collab_edit,5,2026-02-09
FU-003843,ACC-011,Clearwater Tech,ACC-011-U058,canvas_collab_edit,1,2026-02-09
FU-003844,ACC-011,Clearwater Tech,ACC-011-U014,canvas_collab_edit,6,2026-02-09
FU-003845,ACC-011,Clearwater Tech,ACC-011-U010,canvas_collab_edit,1,2026-02-09
FU-003846,ACC-011,Clearwater Tech,ACC-011-U027,canvas_collab_edit,3,2026-02-16
FU-003847,ACC-011,Clearwater Tech,ACC-011-U055,canvas_collab_edit,4,2026-02-16
FU-003848,ACC-011,Clearwater Tech,ACC-011-U011,canvas_collab_edit,1,2026-02-16
FU-003849,ACC-011,Clearwater Tech,ACC-011-U031,canvas_collab_edit,3,2026-02-16
FU-003850,ACC-011,Clearwater Tech,ACC-011-U024,canvas_collab_edit,4,2026-02-16
FU-003851,ACC-011,Clearwater Tech,ACC-011-U005,canvas_collab_edit,4,2026-02-16
FU-003852,ACC-011,Clearwater Tech,ACC-011-U039,canvas_collab_edit,5,2026-02-16
FU-003853,ACC-011,Clearwater Tech,ACC-011-U004,canvas_collab_edit,1,2026-02-16
FU-003854,ACC-011,Clearwater Tech,ACC-011-U052,canvas_collab_edit,1,2026-02-16
FU-003855,ACC-011,Clearwater Tech,ACC-011-U059,canvas_collab_edit,3,2026-02-23
FU-003856,ACC-011,Clearwater Tech,ACC-011-U011,canvas_collab_edit,1,2026-02-23
FU-003857,ACC-011,Clearwater Tech,ACC-011-U014,canvas_collab_edit,1,2026-02-23
FU-003858,ACC-011,Clearwater Tech,ACC-011-U069,canvas_collab_edit,5,2026-02-23
FU-003859,ACC-011,Clearwater Tech,ACC-011-U028,canvas_collab_edit,1,2026-02-23
FU-003860,ACC-011,Clearwater Tech,ACC-011-U004,canvas_collab_edit,2,2026-02-23
FU-003861,ACC-011,Clearwater Tech,ACC-011-U061,canvas_collab_edit,6,2026-02-23
FU-003862,ACC-011,Clearwater Tech,ACC-011-U015,canvas_collab_edit,2,2026-02-23
FU-003863,ACC-011,Clearwater Tech,ACC-011-U027,canvas_collab_edit,1,2026-02-23
FU-003864,ACC-011,Clearwater Tech,ACC-011-U025,canvas_collab_edit,2,2026-02-23
FU-003865,ACC-011,Clearwater Tech,ACC-011-U006,canvas_collab_edit,1,2026-02-23
FU-003866,ACC-011,Clearwater Tech,ACC-011-U052,canvas_collab_edit,4,2026-02-23
FU-003867,ACC-011,Clearwater Tech,ACC-011-U013,canvas_collab_edit,5,2026-03-02
FU-003868,ACC-011,Clearwater Tech,ACC-011-U035,canvas_collab_edit,4,2026-03-02
FU-003869,ACC-011,Clearwater Tech,ACC-011-U009,canvas_collab_edit,9,2026-03-02
FU-003870,ACC-011,Clearwater Tech,ACC-011-U056,canvas_collab_edit,1,2026-03-02
FU-003871,ACC-011,Clearwater Tech,ACC-011-U023,canvas_collab_edit,9,2026-03-02
FU-003872,ACC-011,Clearwater Tech,ACC-011-U053,canvas_collab_edit,1,2026-03-02
FU-003873,ACC-011,Clearwater Tech,ACC-011-U047,canvas_collab_edit,4,2026-03-02
FU-003874,ACC-011,Clearwater Tech,ACC-011-U038,canvas_collab_edit,4,2026-03-02
FU-003875,ACC-011,Clearwater Tech,ACC-011-U032,canvas_collab_edit,3,2026-03-02
FU-003876,ACC-011,Clearwater Tech,ACC-011-U016,canvas_collab_edit,2,2026-03-09
FU-003877,ACC-011,Clearwater Tech,ACC-011-U057,canvas_collab_edit,5,2026-03-09
FU-003878,ACC-011,Clearwater Tech,ACC-011-U003,canvas_collab_edit,4,2026-03-09
FU-003879,ACC-011,Clearwater Tech,ACC-011-U052,canvas_collab_edit,4,2026-03-09
FU-003880,ACC-011,Clearwater Tech,ACC-011-U020,canvas_collab_edit,5,2026-03-09
FU-003881,ACC-011,Clearwater Tech,ACC-011-U059,canvas_collab_edit,2,2026-03-09
FU-003882,ACC-011,Clearwater Tech,ACC-011-U029,canvas_collab_edit,3,2026-03-09
FU-003883,ACC-011,Clearwater Tech,ACC-011-U019,insight_api,1,2025-12-15
FU-003884,ACC-011,Clearwater Tech,ACC-011-U056,insight_api,3,2025-12-15
FU-003885,ACC-011,Clearwater Tech,ACC-011-U063,insight_api,4,2025-12-15
FU-003886,ACC-011,Clearwater Tech,ACC-011-U002,insight_api,1,2025-12-22
FU-003887,ACC-011,Clearwater Tech,ACC-011-U042,insight_api,1,2025-12-22
FU-003888,ACC-011,Clearwater Tech,ACC-011-U039,insight_api,2,2025-12-22
FU-003889,ACC-011,Clearwater Tech,ACC-011-U015,insight_api,3,2025-12-29
FU-003890,ACC-011,Clearwater Tech,ACC-011-U017,insight_api,1,2025-12-29
FU-003891,ACC-011,Clearwater Tech,ACC-011-U003,insight_api,2,2025-12-29
FU-003892,ACC-011,Clearwater Tech,ACC-011-U053,insight_api,4,2025-12-29
FU-003893,ACC-011,Clearwater Tech,ACC-011-U014,insight_api,5,2025-12-29
FU-003894,ACC-011,Clearwater Tech,ACC-011-U069,insight_api,3,2025-12-29
FU-003895,ACC-011,Clearwater Tech,ACC-011-U065,insight_api,3,2026-01-05
FU-003896,ACC-011,Clearwater Tech,ACC-011-U059,insight_api,1,2026-01-05
FU-003897,ACC-011,Clearwater Tech,ACC-011-U062,insight_api,6,2026-01-05
FU-003898,ACC-011,Clearwater Tech,ACC-011-U013,insight_api,2,2026-01-05
FU-003899,ACC-011,Clearwater Tech,ACC-011-U047,insight_api,6,2026-01-05
FU-003900,ACC-011,Clearwater Tech,ACC-011-U017,insight_api,5,2026-01-05
FU-003901,ACC-011,Clearwater Tech,ACC-011-U046,insight_api,1,2026-01-12
FU-003902,ACC-011,Clearwater Tech,ACC-011-U065,insight_api,4,2026-01-12
FU-003903,ACC-011,Clearwater Tech,ACC-011-U030,insight_api,3,2026-01-12
FU-003904,ACC-011,Clearwater Tech,ACC-011-U028,insight_api,2,2026-01-12
FU-003905,ACC-011,Clearwater Tech,ACC-011-U010,insight_api,3,2026-01-12
FU-003906,ACC-011,Clearwater Tech,ACC-011-U063,insight_api,4,2026-01-12
FU-003907,ACC-011,Clearwater Tech,ACC-011-U067,insight_api,3,2026-01-12
FU-003908,ACC-011,Clearwater Tech,ACC-011-U009,insight_api,1,2026-01-19
FU-003909,ACC-011,Clearwater Tech,ACC-011-U001,insight_api,3,2026-01-19
FU-003910,ACC-011,Clearwater Tech,ACC-011-U018,insight_api,1,2026-01-19
FU-003911,ACC-011,Clearwater Tech,ACC-011-U068,insight_api,2,2026-01-19
FU-003912,ACC-011,Clearwater Tech,ACC-011-U025,insight_api,6,2026-01-26
FU-003913,ACC-011,Clearwater Tech,ACC-011-U028,insight_api,2,2026-01-26
FU-003914,ACC-011,Clearwater Tech,ACC-011-U063,insight_api,1,2026-01-26
FU-003915,ACC-011,Clearwater Tech,ACC-011-U055,insight_api,3,2026-01-26
FU-003916,ACC-011,Clearwater Tech,ACC-011-U040,insight_api,7,2026-02-02
FU-003917,ACC-011,Clearwater Tech,ACC-011-U021,insight_api,4,2026-02-02
FU-003918,ACC-011,Clearwater Tech,ACC-011-U056,insight_api,1,2026-02-02
FU-003919,ACC-011,Clearwater Tech,ACC-011-U054,insight_api,5,2026-02-02
FU-003920,ACC-011,Clearwater Tech,ACC-011-U026,insight_api,3,2026-02-09
FU-003921,ACC-011,Clearwater Tech,ACC-011-U044,insight_api,2,2026-02-09
FU-003922,ACC-011,Clearwater Tech,ACC-011-U035,insight_api,1,2026-02-16
FU-003923,ACC-011,Clearwater Tech,ACC-011-U031,insight_api,2,2026-02-16
FU-003924,ACC-011,Clearwater Tech,ACC-011-U037,insight_api,1,2026-02-16
FU-003925,ACC-011,Clearwater Tech,ACC-011-U005,insight_api,1,2026-02-16
FU-003926,ACC-011,Clearwater Tech,ACC-011-U059,insight_api,5,2026-02-16
FU-003927,ACC-011,Clearwater Tech,ACC-011-U010,insight_api,1,2026-02-16
FU-003928,ACC-011,Clearwater Tech,ACC-011-U068,insight_api,3,2026-02-23
FU-003929,ACC-011,Clearwater Tech,ACC-011-U040,insight_api,2,2026-02-23
FU-003930,ACC-011,Clearwater Tech,ACC-011-U067,insight_api,2,2026-02-23
FU-003931,ACC-011,Clearwater Tech,ACC-011-U056,insight_api,4,2026-02-23
FU-003932,ACC-011,Clearwater Tech,ACC-011-U004,insight_api,3,2026-02-23
FU-003933,ACC-011,Clearwater Tech,ACC-011-U003,insight_api,3,2026-03-02
FU-003934,ACC-011,Clearwater Tech,ACC-011-U020,insight_api,5,2026-03-09
FU-003935,ACC-011,Clearwater Tech,ACC-011-U064,canvas_asset_library,5,2025-12-15
FU-003936,ACC-011,Clearwater Tech,ACC-011-U019,canvas_asset_library,3,2025-12-15
FU-003937,ACC-011,Clearwater Tech,ACC-011-U039,canvas_asset_library,1,2025-12-15
FU-003938,ACC-011,Clearwater Tech,ACC-011-U043,canvas_asset_library,5,2025-12-15
FU-003939,ACC-011,Clearwater Tech,ACC-011-U016,canvas_asset_library,6,2025-12-15
FU-003940,ACC-011,Clearwater Tech,ACC-011-U026,canvas_asset_library,4,2025-12-15
FU-003941,ACC-011,Clearwater Tech,ACC-011-U002,canvas_asset_library,1,2025-12-22
FU-003942,ACC-011,Clearwater Tech,ACC-011-U052,canvas_asset_library,1,2025-12-22
FU-003943,ACC-011,Clearwater Tech,ACC-011-U010,canvas_asset_library,4,2025-12-22
FU-003944,ACC-011,Clearwater Tech,ACC-011-U008,canvas_asset_library,2,2025-12-22
FU-003945,ACC-011,Clearwater Tech,ACC-011-U055,canvas_asset_library,5,2025-12-22
FU-003946,ACC-011,Clearwater Tech,ACC-011-U028,canvas_asset_library,3,2025-12-29
FU-003947,ACC-011,Clearwater Tech,ACC-011-U019,canvas_asset_library,6,2025-12-29
FU-003948,ACC-011,Clearwater Tech,ACC-011-U056,canvas_asset_library,3,2025-12-29
FU-003949,ACC-011,Clearwater Tech,ACC-011-U022,canvas_asset_library,10,2025-12-29
FU-003950,ACC-011,Clearwater Tech,ACC-011-U038,canvas_asset_library,4,2026-01-05
FU-003951,ACC-011,Clearwater Tech,ACC-011-U027,canvas_asset_library,6,2026-01-05
FU-003952,ACC-011,Clearwater Tech,ACC-011-U020,canvas_asset_library,3,2026-01-05
FU-003953,ACC-011,Clearwater Tech,ACC-011-U024,canvas_asset_library,3,2026-01-05
FU-003954,ACC-011,Clearwater Tech,ACC-011-U054,canvas_asset_library,5,2026-01-05
FU-003955,ACC-011,Clearwater Tech,ACC-011-U002,canvas_asset_library,3,2026-01-05
FU-003956,ACC-011,Clearwater Tech,ACC-011-U049,canvas_asset_library,2,2026-01-12
FU-003957,ACC-011,Clearwater Tech,ACC-011-U067,canvas_asset_library,3,2026-01-19
FU-003958,ACC-011,Clearwater Tech,ACC-011-U027,canvas_asset_library,3,2026-01-19
FU-003959,ACC-011,Clearwater Tech,ACC-011-U058,canvas_asset_library,5,2026-01-19
FU-003960,ACC-011,Clearwater Tech,ACC-011-U043,canvas_asset_library,6,2026-01-19
FU-003961,ACC-011,Clearwater Tech,ACC-011-U034,canvas_asset_library,1,2026-01-19
FU-003962,ACC-011,Clearwater Tech,ACC-011-U046,canvas_asset_library,4,2026-01-19
FU-003963,ACC-011,Clearwater Tech,ACC-011-U062,canvas_asset_library,5,2026-01-19
FU-003964,ACC-011,Clearwater Tech,ACC-011-U006,canvas_asset_library,4,2026-01-26
FU-003965,ACC-011,Clearwater Tech,ACC-011-U003,canvas_asset_library,2,2026-01-26
FU-003966,ACC-011,Clearwater Tech,ACC-011-U053,canvas_asset_library,4,2026-01-26
FU-003967,ACC-011,Clearwater Tech,ACC-011-U068,canvas_asset_library,2,2026-02-02
FU-003968,ACC-011,Clearwater Tech,ACC-011-U050,canvas_asset_library,2,2026-02-02
FU-003969,ACC-011,Clearwater Tech,ACC-011-U064,canvas_asset_library,5,2026-02-02
FU-003970,ACC-011,Clearwater Tech,ACC-011-U041,canvas_asset_library,3,2026-02-02
FU-003971,ACC-011,Clearwater Tech,ACC-011-U035,canvas_asset_library,1,2026-02-09
FU-003972,ACC-011,Clearwater Tech,ACC-011-U013,canvas_asset_library,3,2026-02-09
FU-003973,ACC-011,Clearwater Tech,ACC-011-U041,canvas_asset_library,2,2026-02-09
FU-003974,ACC-011,Clearwater Tech,ACC-011-U048,canvas_asset_library,5,2026-02-09
FU-003975,ACC-011,Clearwater Tech,ACC-011-U003,canvas_asset_library,3,2026-02-09
FU-003976,ACC-011,Clearwater Tech,ACC-011-U059,canvas_asset_library,7,2026-02-09
FU-003977,ACC-011,Clearwater Tech,ACC-011-U043,canvas_asset_library,4,2026-02-09
FU-003978,ACC-011,Clearwater Tech,ACC-011-U051,canvas_asset_library,7,2026-02-16
FU-003979,ACC-011,Clearwater Tech,ACC-011-U022,canvas_asset_library,6,2026-02-23
FU-003980,ACC-011,Clearwater Tech,ACC-011-U036,canvas_asset_library,1,2026-02-23
FU-003981,ACC-011,Clearwater Tech,ACC-011-U008,canvas_asset_library,2,2026-02-23
FU-003982,ACC-011,Clearwater Tech,ACC-011-U011,canvas_asset_library,5,2026-03-02
FU-003983,ACC-011,Clearwater Tech,ACC-011-U010,canvas_asset_library,7,2026-03-02
FU-003984,ACC-011,Clearwater Tech,ACC-011-U055,canvas_asset_library,5,2026-03-02
FU-003985,ACC-011,Clearwater Tech,ACC-011-U018,canvas_asset_library,2,2026-03-09
FU-003986,ACC-011,Clearwater Tech,ACC-011-U020,canvas_asset_library,4,2026-03-09
FU-003987,ACC-011,Clearwater Tech,ACC-011-U055,canvas_asset_library,3,2026-03-09
FU-003988,ACC-011,Clearwater Tech,ACC-011-U043,canvas_asset_library,5,2026-03-09
FU-003989,ACC-011,Clearwater Tech,ACC-011-U068,canvas_asset_library,2,2026-03-09
FU-003990,ACC-011,Clearwater Tech,ACC-011-U064,canvas_asset_library,1,2026-03-09
FU-003991,ACC-011,Clearwater Tech,ACC-011-U021,canvas_asset_library,6,2026-03-09
FU-003992,ACC-011,Clearwater Tech,ACC-011-U009,flow_scheduled_tasks,1,2025-12-15
FU-003993,ACC-011,Clearwater Tech,ACC-011-U039,flow_scheduled_tasks,5,2025-12-15
FU-003994,ACC-011,Clearwater Tech,ACC-011-U067,flow_scheduled_tasks,4,2025-12-15
FU-003995,ACC-011,Clearwater Tech,ACC-011-U006,flow_scheduled_tasks,6,2025-12-15
FU-003996,ACC-011,Clearwater Tech,ACC-011-U050,flow_scheduled_tasks,7,2025-12-15
FU-003997,ACC-011,Clearwater Tech,ACC-011-U047,flow_scheduled_tasks,3,2025-12-15
FU-003998,ACC-011,Clearwater Tech,ACC-011-U049,flow_scheduled_tasks,2,2025-12-15
FU-003999,ACC-011,Clearwater Tech,ACC-011-U029,flow_scheduled_tasks,5,2025-12-22
FU-004000,ACC-011,Clearwater Tech,ACC-011-U047,flow_scheduled_tasks,1,2025-12-29
FU-004001,ACC-011,Clearwater Tech,ACC-011-U062,flow_scheduled_tasks,6,2025-12-29
FU-004002,ACC-011,Clearwater Tech,ACC-011-U036,flow_scheduled_tasks,1,2025-12-29
FU-004003,ACC-011,Clearwater Tech,ACC-011-U012,flow_scheduled_tasks,1,2025-12-29
FU-004004,ACC-011,Clearwater Tech,ACC-011-U022,flow_scheduled_tasks,3,2025-12-29
FU-004005,ACC-011,Clearwater Tech,ACC-011-U033,flow_scheduled_tasks,2,2026-01-05
FU-004006,ACC-011,Clearwater Tech,ACC-011-U035,flow_scheduled_tasks,2,2026-01-05
FU-004007,ACC-011,Clearwater Tech,ACC-011-U040,flow_scheduled_tasks,2,2026-01-05
FU-004008,ACC-011,Clearwater Tech,ACC-011-U061,flow_scheduled_tasks,2,2026-01-05
FU-004009,ACC-011,Clearwater Tech,ACC-011-U010,flow_scheduled_tasks,1,2026-01-05
FU-004010,ACC-011,Clearwater Tech,ACC-011-U050,flow_scheduled_tasks,2,2026-01-05
FU-004011,ACC-011,Clearwater Tech,ACC-011-U038,flow_scheduled_tasks,1,2026-01-05
FU-004012,ACC-011,Clearwater Tech,ACC-011-U030,flow_scheduled_tasks,5,2026-01-12
FU-004013,ACC-011,Clearwater Tech,ACC-011-U041,flow_scheduled_tasks,3,2026-01-12
FU-004014,ACC-011,Clearwater Tech,ACC-011-U042,flow_scheduled_tasks,5,2026-01-12
FU-004015,ACC-011,Clearwater Tech,ACC-011-U062,flow_scheduled_tasks,1,2026-01-12
FU-004016,ACC-011,Clearwater Tech,ACC-011-U013,flow_scheduled_tasks,1,2026-01-12
FU-004017,ACC-011,Clearwater Tech,ACC-011-U011,flow_scheduled_tasks,3,2026-01-19
FU-004018,ACC-011,Clearwater Tech,ACC-011-U024,flow_scheduled_tasks,5,2026-01-19
FU-004019,ACC-011,Clearwater Tech,ACC-011-U009,flow_scheduled_tasks,1,2026-01-19
FU-004020,ACC-011,Clearwater Tech,ACC-011-U020,flow_scheduled_tasks,1,2026-01-19
FU-004021,ACC-011,Clearwater Tech,ACC-011-U043,flow_scheduled_tasks,3,2026-01-19
FU-004022,ACC-011,Clearwater Tech,ACC-011-U066,flow_scheduled_tasks,4,2026-01-19
FU-004023,ACC-011,Clearwater Tech,ACC-011-U054,flow_scheduled_tasks,1,2026-01-26
FU-004024,ACC-011,Clearwater Tech,ACC-011-U052,flow_scheduled_tasks,5,2026-01-26
FU-004025,ACC-011,Clearwater Tech,ACC-011-U023,flow_scheduled_tasks,1,2026-01-26
FU-004026,ACC-011,Clearwater Tech,ACC-011-U006,flow_scheduled_tasks,6,2026-01-26
FU-004027,ACC-011,Clearwater Tech,ACC-011-U001,flow_scheduled_tasks,3,2026-02-02
FU-004028,ACC-011,Clearwater Tech,ACC-011-U039,flow_scheduled_tasks,2,2026-02-09
FU-004029,ACC-011,Clearwater Tech,ACC-011-U009,flow_scheduled_tasks,3,2026-02-09
FU-004030,ACC-011,Clearwater Tech,ACC-011-U010,flow_scheduled_tasks,1,2026-02-09
FU-004031,ACC-011,Clearwater Tech,ACC-011-U012,flow_scheduled_tasks,2,2026-02-16
FU-004032,ACC-011,Clearwater Tech,ACC-011-U012,flow_scheduled_tasks,4,2026-02-23
FU-004033,ACC-011,Clearwater Tech,ACC-011-U043,flow_scheduled_tasks,3,2026-02-23
FU-004034,ACC-011,Clearwater Tech,ACC-011-U048,flow_scheduled_tasks,1,2026-02-23
FU-004035,ACC-011,Clearwater Tech,ACC-011-U033,flow_scheduled_tasks,5,2026-02-23
FU-004036,ACC-011,Clearwater Tech,ACC-011-U035,flow_scheduled_tasks,4,2026-03-02
FU-004037,ACC-011,Clearwater Tech,ACC-011-U007,flow_scheduled_tasks,4,2026-03-09
FU-004038,ACC-011,Clearwater Tech,ACC-011-U069,insight_data_connectors,5,2025-12-15
FU-004039,ACC-011,Clearwater Tech,ACC-011-U061,insight_data_connectors,1,2025-12-15
FU-004040,ACC-011,Clearwater Tech,ACC-011-U053,insight_data_connectors,3,2025-12-15
FU-004041,ACC-011,Clearwater Tech,ACC-011-U038,insight_data_connectors,5,2025-12-15
FU-004042,ACC-011,Clearwater Tech,ACC-011-U056,insight_data_connectors,1,2025-12-15
FU-004043,ACC-011,Clearwater Tech,ACC-011-U033,insight_data_connectors,5,2025-12-22
FU-004044,ACC-011,Clearwater Tech,ACC-011-U049,insight_data_connectors,2,2025-12-29
FU-004045,ACC-011,Clearwater Tech,ACC-011-U004,insight_data_connectors,1,2025-12-29
FU-004046,ACC-011,Clearwater Tech,ACC-011-U048,insight_data_connectors,7,2026-01-05
FU-004047,ACC-011,Clearwater Tech,ACC-011-U038,insight_data_connectors,5,2026-01-05
FU-004048,ACC-011,Clearwater Tech,ACC-011-U050,insight_data_connectors,2,2026-01-05
FU-004049,ACC-011,Clearwater Tech,ACC-011-U036,insight_data_connectors,4,2026-01-05
FU-004050,ACC-011,Clearwater Tech,ACC-011-U013,insight_data_connectors,1,2026-01-05
FU-004051,ACC-011,Clearwater Tech,ACC-011-U017,insight_data_connectors,6,2026-01-12
FU-004052,ACC-011,Clearwater Tech,ACC-011-U069,insight_data_connectors,4,2026-01-19
FU-004053,ACC-011,Clearwater Tech,ACC-011-U052,insight_data_connectors,1,2026-01-19
FU-004054,ACC-011,Clearwater Tech,ACC-011-U030,insight_data_connectors,4,2026-01-19
FU-004055,ACC-011,Clearwater Tech,ACC-011-U041,insight_data_connectors,3,2026-01-26
FU-004056,ACC-011,Clearwater Tech,ACC-011-U048,insight_data_connectors,6,2026-01-26
FU-004057,ACC-011,Clearwater Tech,ACC-011-U058,insight_data_connectors,4,2026-02-02
FU-004058,ACC-011,Clearwater Tech,ACC-011-U043,insight_data_connectors,3,2026-02-02
FU-004059,ACC-011,Clearwater Tech,ACC-011-U024,insight_data_connectors,1,2026-02-02
FU-004060,ACC-011,Clearwater Tech,ACC-011-U053,insight_data_connectors,4,2026-02-02
FU-004061,ACC-011,Clearwater Tech,ACC-011-U045,insight_data_connectors,2,2026-02-02
FU-004062,ACC-011,Clearwater Tech,ACC-011-U063,insight_data_connectors,7,2026-02-02
FU-004063,ACC-011,Clearwater Tech,ACC-011-U019,insight_data_connectors,3,2026-02-09
FU-004064,ACC-011,Clearwater Tech,ACC-011-U005,insight_data_connectors,1,2026-02-09
FU-004065,ACC-011,Clearwater Tech,ACC-011-U012,insight_data_connectors,2,2026-02-16
FU-004066,ACC-011,Clearwater Tech,ACC-011-U053,insight_data_connectors,5,2026-02-23
FU-004067,ACC-011,Clearwater Tech,ACC-011-U023,insight_data_connectors,3,2026-02-23
FU-004068,ACC-011,Clearwater Tech,ACC-011-U032,insight_data_connectors,4,2026-02-23
FU-004069,ACC-011,Clearwater Tech,ACC-011-U042,insight_data_connectors,3,2026-02-23
FU-004070,ACC-011,Clearwater Tech,ACC-011-U056,insight_data_connectors,3,2026-02-23
FU-004071,ACC-011,Clearwater Tech,ACC-011-U012,insight_data_connectors,3,2026-02-23
FU-004072,ACC-011,Clearwater Tech,ACC-011-U019,insight_data_connectors,2,2026-03-02
FU-004073,ACC-011,Clearwater Tech,ACC-011-U016,insight_data_connectors,6,2026-03-02
FU-004074,ACC-011,Clearwater Tech,ACC-011-U020,insight_data_connectors,3,2026-03-02
FU-004075,ACC-011,Clearwater Tech,ACC-011-U066,insight_data_connectors,4,2026-03-09
FU-004076,ACC-011,Clearwater Tech,ACC-011-U050,insight_data_connectors,2,2026-03-09
FU-004077,ACC-011,Clearwater Tech,ACC-011-U005,insight_data_connectors,5,2026-03-09
FU-004078,ACC-011,Clearwater Tech,ACC-011-U007,insight_data_connectors,2,2026-03-09
FU-004079,ACC-011,Clearwater Tech,ACC-011-U064,insight_data_connectors,4,2026-03-09
FU-004080,ACC-011,Clearwater Tech,ACC-011-U060,insight_data_connectors,1,2026-03-09
FU-004081,ACC-011,Clearwater Tech,ACC-011-U025,canvas_brand_kit,1,2025-12-15
FU-004082,ACC-011,Clearwater Tech,ACC-011-U037,canvas_brand_kit,3,2025-12-15
FU-004083,ACC-011,Clearwater Tech,ACC-011-U009,canvas_brand_kit,2,2025-12-22
FU-004084,ACC-011,Clearwater Tech,ACC-011-U037,canvas_brand_kit,3,2025-12-22
FU-004085,ACC-011,Clearwater Tech,ACC-011-U044,canvas_brand_kit,5,2025-12-22
FU-004086,ACC-011,Clearwater Tech,ACC-011-U059,canvas_brand_kit,1,2025-12-22
FU-004087,ACC-011,Clearwater Tech,ACC-011-U001,canvas_brand_kit,1,2025-12-29
FU-004088,ACC-011,Clearwater Tech,ACC-011-U044,canvas_brand_kit,6,2025-12-29
FU-004089,ACC-011,Clearwater Tech,ACC-011-U016,canvas_brand_kit,4,2025-12-29
FU-004090,ACC-011,Clearwater Tech,ACC-011-U004,canvas_brand_kit,1,2025-12-29
FU-004091,ACC-011,Clearwater Tech,ACC-011-U041,canvas_brand_kit,4,2025-12-29
FU-004092,ACC-011,Clearwater Tech,ACC-011-U008,canvas_brand_kit,1,2025-12-29
FU-004093,ACC-011,Clearwater Tech,ACC-011-U046,canvas_brand_kit,4,2025-12-29
FU-004094,ACC-011,Clearwater Tech,ACC-011-U013,canvas_brand_kit,1,2026-01-05
FU-004095,ACC-011,Clearwater Tech,ACC-011-U008,canvas_brand_kit,7,2026-01-05
FU-004096,ACC-011,Clearwater Tech,ACC-011-U030,canvas_brand_kit,6,2026-01-05
FU-004097,ACC-011,Clearwater Tech,ACC-011-U066,canvas_brand_kit,2,2026-01-12
FU-004098,ACC-011,Clearwater Tech,ACC-011-U001,canvas_brand_kit,3,2026-01-19
FU-004099,ACC-011,Clearwater Tech,ACC-011-U021,canvas_brand_kit,1,2026-01-19
FU-004100,ACC-011,Clearwater Tech,ACC-011-U036,canvas_brand_kit,5,2026-01-19
FU-004101,ACC-011,Clearwater Tech,ACC-011-U054,canvas_brand_kit,4,2026-01-26
FU-004102,ACC-011,Clearwater Tech,ACC-011-U058,canvas_brand_kit,3,2026-01-26
FU-004103,ACC-011,Clearwater Tech,ACC-011-U001,canvas_brand_kit,1,2026-01-26
FU-004104,ACC-011,Clearwater Tech,ACC-011-U055,canvas_brand_kit,3,2026-01-26
FU-004105,ACC-011,Clearwater Tech,ACC-011-U009,canvas_brand_kit,4,2026-02-02
FU-004106,ACC-011,Clearwater Tech,ACC-011-U001,canvas_brand_kit,5,2026-02-02
FU-004107,ACC-011,Clearwater Tech,ACC-011-U061,canvas_brand_kit,5,2026-02-02
FU-004108,ACC-011,Clearwater Tech,ACC-011-U020,canvas_brand_kit,3,2026-02-02
FU-004109,ACC-011,Clearwater Tech,ACC-011-U056,canvas_brand_kit,6,2026-02-02
FU-004110,ACC-011,Clearwater Tech,ACC-011-U064,canvas_brand_kit,6,2026-02-02
FU-004111,ACC-011,Clearwater Tech,ACC-011-U005,canvas_brand_kit,1,2026-02-09
FU-004112,ACC-011,Clearwater Tech,ACC-011-U026,canvas_brand_kit,4,2026-02-09
FU-004113,ACC-011,Clearwater Tech,ACC-011-U034,canvas_brand_kit,3,2026-02-09
FU-004114,ACC-011,Clearwater Tech,ACC-011-U037,canvas_brand_kit,2,2026-02-09
FU-004115,ACC-011,Clearwater Tech,ACC-011-U012,canvas_brand_kit,1,2026-02-09
FU-004116,ACC-011,Clearwater Tech,ACC-011-U006,canvas_brand_kit,1,2026-02-16
FU-004117,ACC-011,Clearwater Tech,ACC-011-U043,canvas_brand_kit,6,2026-02-16
FU-004118,ACC-011,Clearwater Tech,ACC-011-U069,canvas_brand_kit,2,2026-02-16
FU-004119,ACC-011,Clearwater Tech,ACC-011-U030,canvas_brand_kit,2,2026-02-16
FU-004120,ACC-011,Clearwater Tech,ACC-011-U029,canvas_brand_kit,6,2026-02-16
FU-004121,ACC-011,Clearwater Tech,ACC-011-U032,canvas_brand_kit,2,2026-02-23
FU-004122,ACC-011,Clearwater Tech,ACC-011-U063,canvas_brand_kit,3,2026-02-23
FU-004123,ACC-011,Clearwater Tech,ACC-011-U037,canvas_brand_kit,4,2026-02-23
FU-004124,ACC-011,Clearwater Tech,ACC-011-U027,canvas_brand_kit,8,2026-03-02
FU-004125,ACC-011,Clearwater Tech,ACC-011-U024,canvas_brand_kit,3,2026-03-02
FU-004126,ACC-011,Clearwater Tech,ACC-011-U065,canvas_brand_kit,5,2026-03-02
FU-004127,ACC-011,Clearwater Tech,ACC-011-U030,canvas_brand_kit,2,2026-03-09
FU-004128,ACC-011,Clearwater Tech,ACC-011-U033,canvas_brand_kit,4,2026-03-09
FU-004129,ACC-011,Clearwater Tech,ACC-011-U011,canvas_brand_kit,5,2026-03-09
FU-004130,ACC-011,Clearwater Tech,ACC-011-U009,canvas_brand_kit,4,2026-03-09
FU-004131,ACC-011,Clearwater Tech,ACC-011-U047,canvas_brand_kit,5,2026-03-09
FU-004132,ACC-011,Clearwater Tech,ACC-011-U018,canvas_brand_kit,2,2026-03-09
FU-004133,ACC-011,Clearwater Tech,ACC-011-U028,insight_scheduled_reports,3,2025-12-15
FU-004134,ACC-011,Clearwater Tech,ACC-011-U030,insight_scheduled_reports,4,2025-12-15
FU-004135,ACC-011,Clearwater Tech,ACC-011-U004,insight_scheduled_reports,3,2025-12-15
FU-004136,ACC-011,Clearwater Tech,ACC-011-U013,insight_scheduled_reports,1,2025-12-22
FU-004137,ACC-011,Clearwater Tech,ACC-011-U036,insight_scheduled_reports,1,2025-12-22
FU-004138,ACC-011,Clearwater Tech,ACC-011-U066,insight_scheduled_reports,6,2025-12-22
FU-004139,ACC-011,Clearwater Tech,ACC-011-U019,insight_scheduled_reports,3,2025-12-22
FU-004140,ACC-011,Clearwater Tech,ACC-011-U032,insight_scheduled_reports,4,2025-12-29
FU-004141,ACC-011,Clearwater Tech,ACC-011-U005,insight_scheduled_reports,4,2025-12-29
FU-004142,ACC-011,Clearwater Tech,ACC-011-U008,insight_scheduled_reports,3,2025-12-29
FU-004143,ACC-011,Clearwater Tech,ACC-011-U019,insight_scheduled_reports,4,2025-12-29
FU-004144,ACC-011,Clearwater Tech,ACC-011-U061,insight_scheduled_reports,3,2026-01-05
FU-004145,ACC-011,Clearwater Tech,ACC-011-U016,insight_scheduled_reports,1,2026-01-05
FU-004146,ACC-011,Clearwater Tech,ACC-011-U048,insight_scheduled_reports,4,2026-01-05
FU-004147,ACC-011,Clearwater Tech,ACC-011-U046,insight_scheduled_reports,5,2026-01-05
FU-004148,ACC-011,Clearwater Tech,ACC-011-U025,insight_scheduled_reports,5,2026-01-05
FU-004149,ACC-011,Clearwater Tech,ACC-011-U021,insight_scheduled_reports,3,2026-01-12
FU-004150,ACC-011,Clearwater Tech,ACC-011-U009,insight_scheduled_reports,4,2026-01-12
FU-004151,ACC-011,Clearwater Tech,ACC-011-U014,insight_scheduled_reports,2,2026-01-12
FU-004152,ACC-011,Clearwater Tech,ACC-011-U021,insight_scheduled_reports,1,2026-01-19
FU-004153,ACC-011,Clearwater Tech,ACC-011-U056,insight_scheduled_reports,5,2026-01-19
FU-004154,ACC-011,Clearwater Tech,ACC-011-U031,insight_scheduled_reports,4,2026-01-19
FU-004155,ACC-011,Clearwater Tech,ACC-011-U054,insight_scheduled_reports,2,2026-01-19
FU-004156,ACC-011,Clearwater Tech,ACC-011-U001,insight_scheduled_reports,2,2026-01-19
FU-004157,ACC-011,Clearwater Tech,ACC-011-U064,insight_scheduled_reports,4,2026-01-19
FU-004158,ACC-011,Clearwater Tech,ACC-011-U069,insight_scheduled_reports,3,2026-01-26
FU-004159,ACC-011,Clearwater Tech,ACC-011-U055,insight_scheduled_reports,1,2026-01-26
FU-004160,ACC-011,Clearwater Tech,ACC-011-U070,insight_scheduled_reports,2,2026-01-26
FU-004161,ACC-011,Clearwater Tech,ACC-011-U043,insight_scheduled_reports,5,2026-02-02
FU-004162,ACC-011,Clearwater Tech,ACC-011-U038,insight_scheduled_reports,5,2026-02-02
FU-004163,ACC-011,Clearwater Tech,ACC-011-U061,insight_scheduled_reports,1,2026-02-09
FU-004164,ACC-011,Clearwater Tech,ACC-011-U046,insight_scheduled_reports,4,2026-02-09
FU-004165,ACC-011,Clearwater Tech,ACC-011-U049,insight_scheduled_reports,5,2026-02-09
FU-004166,ACC-011,Clearwater Tech,ACC-011-U058,insight_scheduled_reports,3,2026-02-09
FU-004167,ACC-011,Clearwater Tech,ACC-011-U039,insight_scheduled_reports,4,2026-02-09
FU-004168,ACC-011,Clearwater Tech,ACC-011-U041,insight_scheduled_reports,3,2026-02-09
FU-004169,ACC-011,Clearwater Tech,ACC-011-U032,insight_scheduled_reports,1,2026-02-09
FU-004170,ACC-011,Clearwater Tech,ACC-011-U009,insight_scheduled_reports,4,2026-02-16
FU-004171,ACC-011,Clearwater Tech,ACC-011-U056,insight_scheduled_reports,4,2026-02-16
FU-004172,ACC-011,Clearwater Tech,ACC-011-U004,insight_scheduled_reports,3,2026-02-16
FU-004173,ACC-011,Clearwater Tech,ACC-011-U026,insight_scheduled_reports,2,2026-02-16
FU-004174,ACC-011,Clearwater Tech,ACC-011-U017,insight_scheduled_reports,3,2026-02-23
FU-004175,ACC-011,Clearwater Tech,ACC-011-U025,insight_scheduled_reports,5,2026-02-23
FU-004176,ACC-011,Clearwater Tech,ACC-011-U070,insight_scheduled_reports,2,2026-02-23
FU-004177,ACC-011,Clearwater Tech,ACC-011-U008,insight_scheduled_reports,2,2026-03-02
FU-004178,ACC-011,Clearwater Tech,ACC-011-U032,insight_scheduled_reports,3,2026-03-02
FU-004179,ACC-011,Clearwater Tech,ACC-011-U018,insight_scheduled_reports,2,2026-03-02
FU-004180,ACC-011,Clearwater Tech,ACC-011-U020,insight_scheduled_reports,5,2026-03-09
FU-004181,ACC-011,Clearwater Tech,ACC-011-U047,insight_scheduled_reports,3,2026-03-09
FU-004182,ACC-011,Clearwater Tech,ACC-011-U064,flow_integrations,4,2025-12-15
FU-004183,ACC-011,Clearwater Tech,ACC-011-U010,flow_integrations,4,2025-12-15
FU-004184,ACC-011,Clearwater Tech,ACC-011-U002,flow_integrations,3,2025-12-22
FU-004185,ACC-011,Clearwater Tech,ACC-011-U061,flow_integrations,3,2025-12-22
FU-004186,ACC-011,Clearwater Tech,ACC-011-U039,flow_integrations,6,2025-12-22
FU-004187,ACC-011,Clearwater Tech,ACC-011-U036,flow_integrations,5,2025-12-22
FU-004188,ACC-011,Clearwater Tech,ACC-011-U011,flow_integrations,7,2025-12-22
FU-004189,ACC-011,Clearwater Tech,ACC-011-U014,flow_integrations,3,2025-12-22
FU-004190,ACC-011,Clearwater Tech,ACC-011-U017,flow_integrations,2,2025-12-29
FU-004191,ACC-011,Clearwater Tech,ACC-011-U065,flow_integrations,5,2025-12-29
FU-004192,ACC-011,Clearwater Tech,ACC-011-U015,flow_integrations,2,2026-01-05
FU-004193,ACC-011,Clearwater Tech,ACC-011-U022,flow_integrations,5,2026-01-05
FU-004194,ACC-011,Clearwater Tech,ACC-011-U016,flow_integrations,1,2026-01-05
FU-004195,ACC-011,Clearwater Tech,ACC-011-U056,flow_integrations,7,2026-01-05
FU-004196,ACC-011,Clearwater Tech,ACC-011-U008,flow_integrations,1,2026-01-05
FU-004197,ACC-011,Clearwater Tech,ACC-011-U029,flow_integrations,2,2026-01-12
FU-004198,ACC-011,Clearwater Tech,ACC-011-U006,flow_integrations,1,2026-01-19
FU-004199,ACC-011,Clearwater Tech,ACC-011-U009,flow_integrations,6,2026-01-19
FU-004200,ACC-011,Clearwater Tech,ACC-011-U061,flow_integrations,2,2026-01-19
FU-004201,ACC-011,Clearwater Tech,ACC-011-U019,flow_integrations,1,2026-01-19
FU-004202,ACC-011,Clearwater Tech,ACC-011-U010,flow_integrations,3,2026-01-19
FU-004203,ACC-011,Clearwater Tech,ACC-011-U037,flow_integrations,3,2026-01-26
FU-004204,ACC-011,Clearwater Tech,ACC-011-U034,flow_integrations,8,2026-01-26
FU-004205,ACC-011,Clearwater Tech,ACC-011-U006,flow_integrations,1,2026-01-26
FU-004206,ACC-011,Clearwater Tech,ACC-011-U008,flow_integrations,1,2026-01-26
FU-004207,ACC-011,Clearwater Tech,ACC-011-U041,flow_integrations,2,2026-01-26
FU-004208,ACC-011,Clearwater Tech,ACC-011-U054,flow_integrations,2,2026-02-02
FU-004209,ACC-011,Clearwater Tech,ACC-011-U039,flow_integrations,3,2026-02-02
FU-004210,ACC-011,Clearwater Tech,ACC-011-U024,flow_integrations,5,2026-02-02
FU-004211,ACC-011,Clearwater Tech,ACC-011-U029,flow_integrations,2,2026-02-02
FU-004212,ACC-011,Clearwater Tech,ACC-011-U020,flow_integrations,1,2026-02-02
FU-004213,ACC-011,Clearwater Tech,ACC-011-U057,flow_integrations,6,2026-02-02
FU-004214,ACC-011,Clearwater Tech,ACC-011-U022,flow_integrations,1,2026-02-02
FU-004215,ACC-011,Clearwater Tech,ACC-011-U065,flow_integrations,1,2026-02-09
FU-004216,ACC-011,Clearwater Tech,ACC-011-U027,flow_integrations,3,2026-02-09
FU-004217,ACC-011,Clearwater Tech,ACC-011-U039,flow_integrations,5,2026-02-09
FU-004218,ACC-011,Clearwater Tech,ACC-011-U025,flow_integrations,3,2026-02-16
FU-004219,ACC-011,Clearwater Tech,ACC-011-U020,flow_integrations,4,2026-02-16
FU-004220,ACC-011,Clearwater Tech,ACC-011-U061,flow_integrations,2,2026-02-23
FU-004221,ACC-011,Clearwater Tech,ACC-011-U038,flow_integrations,3,2026-02-23
FU-004222,ACC-011,Clearwater Tech,ACC-011-U024,flow_integrations,2,2026-02-23
FU-004223,ACC-011,Clearwater Tech,ACC-011-U021,flow_integrations,3,2026-02-23
FU-004224,ACC-011,Clearwater Tech,ACC-011-U053,flow_integrations,5,2026-02-23
FU-004225,ACC-011,Clearwater Tech,ACC-011-U016,flow_integrations,3,2026-03-02
FU-004226,ACC-011,Clearwater Tech,ACC-011-U037,flow_integrations,3,2026-03-02
FU-004227,ACC-011,Clearwater Tech,ACC-011-U046,flow_integrations,2,2026-03-02
FU-004228,ACC-011,Clearwater Tech,ACC-011-U052,flow_integrations,5,2026-03-02
FU-004229,ACC-011,Clearwater Tech,ACC-011-U046,flow_integrations,2,2026-03-09
FU-004230,ACC-011,Clearwater Tech,ACC-011-U045,flow_integrations,5,2026-03-09
FU-004231,ACC-011,Clearwater Tech,ACC-011-U070,flow_integrations,7,2026-03-09
FU-004232,ACC-011,Clearwater Tech,ACC-011-U065,flow_integrations,5,2026-03-09
FU-004233,ACC-011,Clearwater Tech,ACC-011-U068,canvas_comments,3,2025-12-15
FU-004234,ACC-011,Clearwater Tech,ACC-011-U008,canvas_comments,2,2025-12-15
FU-004235,ACC-011,Clearwater Tech,ACC-011-U029,canvas_comments,3,2025-12-15
FU-004236,ACC-011,Clearwater Tech,ACC-011-U035,canvas_comments,1,2025-12-15
FU-004237,ACC-011,Clearwater Tech,ACC-011-U061,canvas_comments,5,2025-12-15
FU-004238,ACC-011,Clearwater Tech,ACC-011-U059,canvas_comments,1,2025-12-15
FU-004239,ACC-011,Clearwater Tech,ACC-011-U028,canvas_comments,4,2025-12-22
FU-004240,ACC-011,Clearwater Tech,ACC-011-U014,canvas_comments,1,2025-12-22
FU-004241,ACC-011,Clearwater Tech,ACC-011-U016,canvas_comments,8,2025-12-22
FU-004242,ACC-011,Clearwater Tech,ACC-011-U027,canvas_comments,5,2025-12-29
FU-004243,ACC-011,Clearwater Tech,ACC-011-U019,canvas_comments,6,2025-12-29
FU-004244,ACC-011,Clearwater Tech,ACC-011-U011,canvas_comments,5,2025-12-29
FU-004245,ACC-011,Clearwater Tech,ACC-011-U024,canvas_comments,3,2025-12-29
FU-004246,ACC-011,Clearwater Tech,ACC-011-U014,canvas_comments,1,2025-12-29
FU-004247,ACC-011,Clearwater Tech,ACC-011-U055,canvas_comments,4,2025-12-29
FU-004248,ACC-011,Clearwater Tech,ACC-011-U012,canvas_comments,2,2026-01-05
FU-004249,ACC-011,Clearwater Tech,ACC-011-U059,canvas_comments,2,2026-01-05
FU-004250,ACC-011,Clearwater Tech,ACC-011-U027,canvas_comments,2,2026-01-05
FU-004251,ACC-011,Clearwater Tech,ACC-011-U013,canvas_comments,1,2026-01-05
FU-004252,ACC-011,Clearwater Tech,ACC-011-U032,canvas_comments,1,2026-01-12
FU-004253,ACC-011,Clearwater Tech,ACC-011-U028,canvas_comments,4,2026-01-12
FU-004254,ACC-011,Clearwater Tech,ACC-011-U013,canvas_comments,3,2026-01-12
FU-004255,ACC-011,Clearwater Tech,ACC-011-U019,canvas_comments,3,2026-01-12
FU-004256,ACC-011,Clearwater Tech,ACC-011-U056,canvas_comments,3,2026-01-12
FU-004257,ACC-011,Clearwater Tech,ACC-011-U042,canvas_comments,5,2026-01-12
FU-004258,ACC-011,Clearwater Tech,ACC-011-U070,canvas_comments,4,2026-01-19
FU-004259,ACC-011,Clearwater Tech,ACC-011-U069,canvas_comments,3,2026-01-19
FU-004260,ACC-011,Clearwater Tech,ACC-011-U062,canvas_comments,5,2026-01-19
FU-004261,ACC-011,Clearwater Tech,ACC-011-U010,canvas_comments,3,2026-01-19
FU-004262,ACC-011,Clearwater Tech,ACC-011-U002,canvas_comments,5,2026-01-19
FU-004263,ACC-011,Clearwater Tech,ACC-011-U046,canvas_comments,5,2026-01-19
FU-004264,ACC-011,Clearwater Tech,ACC-011-U008,canvas_comments,2,2026-01-26
FU-004265,ACC-011,Clearwater Tech,ACC-011-U049,canvas_comments,4,2026-02-02
FU-004266,ACC-011,Clearwater Tech,ACC-011-U053,canvas_comments,1,2026-02-02
FU-004267,ACC-011,Clearwater Tech,ACC-011-U069,canvas_comments,5,2026-02-02
FU-004268,ACC-011,Clearwater Tech,ACC-011-U043,canvas_comments,2,2026-02-02
FU-004269,ACC-011,Clearwater Tech,ACC-011-U010,canvas_comments,5,2026-02-02
FU-004270,ACC-011,Clearwater Tech,ACC-011-U041,canvas_comments,6,2026-02-02
FU-004271,ACC-011,Clearwater Tech,ACC-011-U027,canvas_comments,3,2026-02-09
FU-004272,ACC-011,Clearwater Tech,ACC-011-U050,canvas_comments,1,2026-02-09
FU-004273,ACC-011,Clearwater Tech,ACC-011-U036,canvas_comments,3,2026-02-09
FU-004274,ACC-011,Clearwater Tech,ACC-011-U047,canvas_comments,7,2026-02-16
FU-004275,ACC-011,Clearwater Tech,ACC-011-U019,canvas_comments,1,2026-02-16
FU-004276,ACC-011,Clearwater Tech,ACC-011-U002,canvas_comments,3,2026-02-16
FU-004277,ACC-011,Clearwater Tech,ACC-011-U039,canvas_comments,8,2026-02-16
FU-004278,ACC-011,Clearwater Tech,ACC-011-U048,canvas_comments,4,2026-02-23
FU-004279,ACC-011,Clearwater Tech,ACC-011-U060,canvas_comments,1,2026-02-23
FU-004280,ACC-011,Clearwater Tech,ACC-011-U008,canvas_comments,2,2026-03-02
FU-004281,ACC-011,Clearwater Tech,ACC-011-U062,canvas_comments,5,2026-03-02
FU-004282,ACC-011,Clearwater Tech,ACC-011-U069,canvas_comments,7,2026-03-02
FU-004283,ACC-011,Clearwater Tech,ACC-011-U022,canvas_comments,6,2026-03-02
FU-004284,ACC-011,Clearwater Tech,ACC-011-U054,canvas_comments,4,2026-03-02
FU-004285,ACC-011,Clearwater Tech,ACC-011-U017,canvas_comments,2,2026-03-02
FU-004286,ACC-011,Clearwater Tech,ACC-011-U047,canvas_comments,4,2026-03-02
FU-004287,ACC-011,Clearwater Tech,ACC-011-U044,canvas_comments,2,2026-03-09
FU-004288,ACC-011,Clearwater Tech,ACC-011-U005,canvas_comments,3,2026-03-09
FU-004289,ACC-011,Clearwater Tech,ACC-011-U002,canvas_layers,4,2025-12-15
FU-004290,ACC-011,Clearwater Tech,ACC-011-U047,canvas_layers,2,2025-12-22
FU-004291,ACC-011,Clearwater Tech,ACC-011-U067,canvas_layers,4,2025-12-22
FU-004292,ACC-011,Clearwater Tech,ACC-011-U066,canvas_layers,4,2025-12-22
FU-004293,ACC-011,Clearwater Tech,ACC-011-U021,canvas_layers,2,2025-12-22
FU-004294,ACC-011,Clearwater Tech,ACC-011-U017,canvas_layers,5,2025-12-22
FU-004295,ACC-011,Clearwater Tech,ACC-011-U029,canvas_layers,1,2025-12-29
FU-004296,ACC-011,Clearwater Tech,ACC-011-U009,canvas_layers,4,2025-12-29
FU-004297,ACC-011,Clearwater Tech,ACC-011-U064,canvas_layers,4,2025-12-29
FU-004298,ACC-011,Clearwater Tech,ACC-011-U066,canvas_layers,3,2025-12-29
FU-004299,ACC-011,Clearwater Tech,ACC-011-U043,canvas_layers,5,2025-12-29
FU-004300,ACC-011,Clearwater Tech,ACC-011-U065,canvas_layers,4,2025-12-29
FU-004301,ACC-011,Clearwater Tech,ACC-011-U051,canvas_layers,1,2026-01-05
FU-004302,ACC-011,Clearwater Tech,ACC-011-U062,canvas_layers,1,2026-01-05
FU-004303,ACC-011,Clearwater Tech,ACC-011-U052,canvas_layers,6,2026-01-05
FU-004304,ACC-011,Clearwater Tech,ACC-011-U057,canvas_layers,1,2026-01-05
FU-004305,ACC-011,Clearwater Tech,ACC-011-U059,canvas_layers,1,2026-01-05
FU-004306,ACC-011,Clearwater Tech,ACC-011-U002,canvas_layers,4,2026-01-05
FU-004307,ACC-011,Clearwater Tech,ACC-011-U019,canvas_layers,5,2026-01-12
FU-004308,ACC-011,Clearwater Tech,ACC-011-U006,canvas_layers,1,2026-01-12
FU-004309,ACC-011,Clearwater Tech,ACC-011-U026,canvas_layers,1,2026-01-12
FU-004310,ACC-011,Clearwater Tech,ACC-011-U053,canvas_layers,2,2026-01-12
FU-004311,ACC-011,Clearwater Tech,ACC-011-U057,canvas_layers,3,2026-01-12
FU-004312,ACC-011,Clearwater Tech,ACC-011-U005,canvas_layers,5,2026-01-19
FU-004313,ACC-011,Clearwater Tech,ACC-011-U012,canvas_layers,5,2026-01-19
FU-004314,ACC-011,Clearwater Tech,ACC-011-U024,canvas_layers,3,2026-01-19
FU-004315,ACC-011,Clearwater Tech,ACC-011-U025,canvas_layers,4,2026-01-19
FU-004316,ACC-011,Clearwater Tech,ACC-011-U035,canvas_layers,4,2026-01-26
FU-004317,ACC-011,Clearwater Tech,ACC-011-U060,canvas_layers,2,2026-01-26
FU-004318,ACC-011,Clearwater Tech,ACC-011-U005,canvas_layers,4,2026-01-26
FU-004319,ACC-011,Clearwater Tech,ACC-011-U029,canvas_layers,1,2026-01-26
FU-004320,ACC-011,Clearwater Tech,ACC-011-U040,canvas_layers,1,2026-01-26
FU-004321,ACC-011,Clearwater Tech,ACC-011-U007,canvas_layers,2,2026-01-26
FU-004322,ACC-011,Clearwater Tech,ACC-011-U069,canvas_layers,4,2026-02-02
FU-004323,ACC-011,Clearwater Tech,ACC-011-U061,canvas_layers,1,2026-02-02
FU-004324,ACC-011,Clearwater Tech,ACC-011-U063,canvas_layers,4,2026-02-02
FU-004325,ACC-011,Clearwater Tech,ACC-011-U036,canvas_layers,2,2026-02-09
FU-004326,ACC-011,Clearwater Tech,ACC-011-U016,canvas_layers,3,2026-02-09
FU-004327,ACC-011,Clearwater Tech,ACC-011-U065,canvas_layers,4,2026-02-09
FU-004328,ACC-011,Clearwater Tech,ACC-011-U068,canvas_layers,3,2026-02-16
FU-004329,ACC-011,Clearwater Tech,ACC-011-U070,canvas_layers,1,2026-02-16
FU-004330,ACC-011,Clearwater Tech,ACC-011-U008,canvas_layers,4,2026-02-16
FU-004331,ACC-011,Clearwater Tech,ACC-011-U025,canvas_layers,2,2026-02-16
FU-004332,ACC-011,Clearwater Tech,ACC-011-U022,canvas_layers,5,2026-02-16
FU-004333,ACC-011,Clearwater Tech,ACC-011-U003,canvas_layers,5,2026-02-16
FU-004334,ACC-011,Clearwater Tech,ACC-011-U046,canvas_layers,1,2026-02-23
FU-004335,ACC-011,Clearwater Tech,ACC-011-U017,canvas_layers,2,2026-02-23
FU-004336,ACC-011,Clearwater Tech,ACC-011-U043,canvas_layers,3,2026-02-23
FU-004337,ACC-011,Clearwater Tech,ACC-011-U030,canvas_layers,5,2026-02-23
FU-004338,ACC-011,Clearwater Tech,ACC-011-U042,canvas_layers,8,2026-03-02
FU-004339,ACC-011,Clearwater Tech,ACC-011-U018,canvas_layers,5,2026-03-02
FU-004340,ACC-011,Clearwater Tech,ACC-011-U004,canvas_layers,4,2026-03-02
FU-004341,ACC-011,Clearwater Tech,ACC-011-U025,canvas_layers,4,2026-03-02
FU-004342,ACC-011,Clearwater Tech,ACC-011-U053,canvas_layers,1,2026-03-09
FU-004343,ACC-011,Clearwater Tech,ACC-011-U007,canvas_layers,1,2026-03-09
FU-004344,ACC-011,Clearwater Tech,ACC-011-U023,canvas_layers,4,2026-03-09
FU-004345,ACC-011,Clearwater Tech,ACC-011-U061,canvas_layers,5,2026-03-09
FU-004346,ACC-011,Clearwater Tech,ACC-011-U067,canvas_layers,3,2026-03-09
FU-004347,ACC-011,Clearwater Tech,ACC-011-U044,flow_audit_trail,7,2025-12-15
FU-004348,ACC-011,Clearwater Tech,ACC-011-U052,flow_audit_trail,2,2025-12-22
FU-004349,ACC-011,Clearwater Tech,ACC-011-U027,flow_audit_trail,7,2025-12-22
FU-004350,ACC-011,Clearwater Tech,ACC-011-U017,flow_audit_trail,4,2025-12-29
FU-004351,ACC-011,Clearwater Tech,ACC-011-U066,flow_audit_trail,4,2025-12-29
FU-004352,ACC-011,Clearwater Tech,ACC-011-U045,flow_audit_trail,6,2025-12-29
FU-004353,ACC-011,Clearwater Tech,ACC-011-U055,flow_audit_trail,6,2025-12-29
FU-004354,ACC-011,Clearwater Tech,ACC-011-U060,flow_audit_trail,4,2025-12-29
FU-004355,ACC-011,Clearwater Tech,ACC-011-U035,flow_audit_trail,1,2025-12-29
FU-004356,ACC-011,Clearwater Tech,ACC-011-U051,flow_audit_trail,1,2026-01-05
FU-004357,ACC-011,Clearwater Tech,ACC-011-U018,flow_audit_trail,5,2026-01-05
FU-004358,ACC-011,Clearwater Tech,ACC-011-U015,flow_audit_trail,2,2026-01-05
FU-004359,ACC-011,Clearwater Tech,ACC-011-U001,flow_audit_trail,3,2026-01-12
FU-004360,ACC-011,Clearwater Tech,ACC-011-U056,flow_audit_trail,2,2026-01-12
FU-004361,ACC-011,Clearwater Tech,ACC-011-U006,flow_audit_trail,9,2026-01-12
FU-004362,ACC-011,Clearwater Tech,ACC-011-U069,flow_audit_trail,3,2026-01-19
FU-004363,ACC-011,Clearwater Tech,ACC-011-U067,flow_audit_trail,4,2026-01-26
FU-004364,ACC-011,Clearwater Tech,ACC-011-U002,flow_audit_trail,2,2026-01-26
FU-004365,ACC-011,Clearwater Tech,ACC-011-U050,flow_audit_trail,1,2026-01-26
FU-004366,ACC-011,Clearwater Tech,ACC-011-U045,flow_audit_trail,1,2026-01-26
FU-004367,ACC-011,Clearwater Tech,ACC-011-U010,flow_audit_trail,3,2026-01-26
FU-004368,ACC-011,Clearwater Tech,ACC-011-U026,flow_audit_trail,5,2026-02-02
FU-004369,ACC-011,Clearwater Tech,ACC-011-U002,flow_audit_trail,4,2026-02-02
FU-004370,ACC-011,Clearwater Tech,ACC-011-U058,flow_audit_trail,1,2026-02-02
FU-004371,ACC-011,Clearwater Tech,ACC-011-U033,flow_audit_trail,2,2026-02-02
FU-004372,ACC-011,Clearwater Tech,ACC-011-U051,flow_audit_trail,4,2026-02-02
FU-004373,ACC-011,Clearwater Tech,ACC-011-U038,flow_audit_trail,6,2026-02-09
FU-004374,ACC-011,Clearwater Tech,ACC-011-U050,flow_audit_trail,1,2026-02-09
FU-004375,ACC-011,Clearwater Tech,ACC-011-U010,flow_audit_trail,1,2026-02-09
FU-004376,ACC-011,Clearwater Tech,ACC-011-U008,flow_audit_trail,2,2026-02-09
FU-004377,ACC-011,Clearwater Tech,ACC-011-U058,flow_audit_trail,4,2026-02-16
FU-004378,ACC-011,Clearwater Tech,ACC-011-U059,flow_audit_trail,2,2026-02-16
FU-004379,ACC-011,Clearwater Tech,ACC-011-U061,flow_audit_trail,2,2026-02-23
FU-004380,ACC-011,Clearwater Tech,ACC-011-U066,flow_audit_trail,6,2026-03-02
FU-004381,ACC-011,Clearwater Tech,ACC-011-U017,flow_audit_trail,4,2026-03-02
FU-004382,ACC-011,Clearwater Tech,ACC-011-U029,flow_audit_trail,3,2026-03-02
FU-004383,ACC-011,Clearwater Tech,ACC-011-U019,flow_audit_trail,1,2026-03-09
FU-004384,ACC-011,Clearwater Tech,ACC-011-U062,flow_audit_trail,3,2026-03-09
FU-004385,ACC-011,Clearwater Tech,ACC-011-U005,flow_audit_trail,1,2026-03-09
FU-004386,ACC-011,Clearwater Tech,ACC-011-U038,flow_audit_trail,6,2026-03-09
FU-004387,ACC-011,Clearwater Tech,ACC-011-U013,flow_audit_trail,3,2026-03-09
FU-004388,ACC-011,Clearwater Tech,ACC-011-U037,flow_audit_trail,7,2026-03-09
FU-004389,ACC-011,Clearwater Tech,ACC-011-U016,flow_audit_trail,1,2026-03-09
FU-004390,ACC-012,Horizon Pharma,ACC-012-U016,canvas_templates,2,2025-12-15
FU-004391,ACC-012,Horizon Pharma,ACC-012-U029,canvas_templates,5,2025-12-15
FU-004392,ACC-012,Horizon Pharma,ACC-012-U042,canvas_templates,6,2025-12-22
FU-004393,ACC-012,Horizon Pharma,ACC-012-U032,canvas_templates,2,2025-12-22
FU-004394,ACC-012,Horizon Pharma,ACC-012-U004,canvas_templates,2,2025-12-22
FU-004395,ACC-012,Horizon Pharma,ACC-012-U048,canvas_templates,2,2025-12-22
FU-004396,ACC-012,Horizon Pharma,ACC-012-U043,canvas_templates,2,2025-12-22
FU-004397,ACC-012,Horizon Pharma,ACC-012-U038,canvas_templates,4,2025-12-22
FU-004398,ACC-012,Horizon Pharma,ACC-012-U021,canvas_templates,3,2025-12-29
FU-004399,ACC-012,Horizon Pharma,ACC-012-U024,canvas_templates,5,2025-12-29
FU-004400,ACC-012,Horizon Pharma,ACC-012-U010,canvas_templates,3,2025-12-29
FU-004401,ACC-012,Horizon Pharma,ACC-012-U039,canvas_templates,5,2025-12-29
FU-004402,ACC-012,Horizon Pharma,ACC-012-U003,canvas_templates,1,2025-12-29
FU-004403,ACC-012,Horizon Pharma,ACC-012-U041,canvas_templates,7,2025-12-29
FU-004404,ACC-012,Horizon Pharma,ACC-012-U003,canvas_templates,2,2026-01-05
FU-004405,ACC-012,Horizon Pharma,ACC-012-U036,canvas_templates,5,2026-01-05
FU-004406,ACC-012,Horizon Pharma,ACC-012-U013,canvas_templates,4,2026-01-05
FU-004407,ACC-012,Horizon Pharma,ACC-012-U038,canvas_templates,3,2026-01-05
FU-004408,ACC-012,Horizon Pharma,ACC-012-U044,canvas_templates,1,2026-01-05
FU-004409,ACC-012,Horizon Pharma,ACC-012-U009,canvas_templates,6,2026-01-05
FU-004410,ACC-012,Horizon Pharma,ACC-012-U043,canvas_templates,4,2026-01-05
FU-004411,ACC-012,Horizon Pharma,ACC-012-U010,canvas_templates,3,2026-01-05
FU-004412,ACC-012,Horizon Pharma,ACC-012-U027,canvas_templates,2,2026-01-05
FU-004413,ACC-012,Horizon Pharma,ACC-012-U016,canvas_templates,1,2026-01-05
FU-004414,ACC-012,Horizon Pharma,ACC-012-U001,canvas_templates,1,2026-01-05
FU-004415,ACC-012,Horizon Pharma,ACC-012-U014,canvas_templates,2,2026-01-05
FU-004416,ACC-012,Horizon Pharma,ACC-012-U042,canvas_templates,4,2026-01-12
FU-004417,ACC-012,Horizon Pharma,ACC-012-U052,canvas_templates,5,2026-01-12
FU-004418,ACC-012,Horizon Pharma,ACC-012-U032,canvas_templates,5,2026-01-12
FU-004419,ACC-012,Horizon Pharma,ACC-012-U040,canvas_templates,4,2026-01-12
FU-004420,ACC-012,Horizon Pharma,ACC-012-U035,canvas_templates,6,2026-01-12
FU-004421,ACC-012,Horizon Pharma,ACC-012-U043,canvas_templates,5,2026-01-12
FU-004422,ACC-012,Horizon Pharma,ACC-012-U050,canvas_templates,4,2026-01-12
FU-004423,ACC-012,Horizon Pharma,ACC-012-U053,canvas_templates,5,2026-01-19
FU-004424,ACC-012,Horizon Pharma,ACC-012-U039,canvas_templates,5,2026-01-26
FU-004425,ACC-012,Horizon Pharma,ACC-012-U012,canvas_templates,3,2026-01-26
FU-004426,ACC-012,Horizon Pharma,ACC-012-U044,canvas_templates,3,2026-01-26
FU-004427,ACC-012,Horizon Pharma,ACC-012-U049,canvas_templates,3,2026-01-26
FU-004428,ACC-012,Horizon Pharma,ACC-012-U053,canvas_templates,4,2026-01-26
FU-004429,ACC-012,Horizon Pharma,ACC-012-U024,canvas_templates,3,2026-01-26
FU-004430,ACC-012,Horizon Pharma,ACC-012-U026,canvas_templates,4,2026-01-26
FU-004431,ACC-012,Horizon Pharma,ACC-012-U016,canvas_templates,3,2026-01-26
FU-004432,ACC-012,Horizon Pharma,ACC-012-U051,canvas_templates,3,2026-01-26
FU-004433,ACC-012,Horizon Pharma,ACC-012-U006,canvas_templates,3,2026-01-26
FU-004434,ACC-012,Horizon Pharma,ACC-012-U046,canvas_templates,4,2026-01-26
FU-004435,ACC-012,Horizon Pharma,ACC-012-U005,canvas_templates,2,2026-02-02
FU-004436,ACC-012,Horizon Pharma,ACC-012-U030,canvas_templates,2,2026-02-02
FU-004437,ACC-012,Horizon Pharma,ACC-012-U032,canvas_templates,4,2026-02-02
FU-004438,ACC-012,Horizon Pharma,ACC-012-U035,canvas_templates,8,2026-02-02
FU-004439,ACC-012,Horizon Pharma,ACC-012-U007,canvas_templates,3,2026-02-02
FU-004440,ACC-012,Horizon Pharma,ACC-012-U011,canvas_templates,6,2026-02-02
FU-004441,ACC-012,Horizon Pharma,ACC-012-U045,canvas_templates,3,2026-02-02
FU-004442,ACC-012,Horizon Pharma,ACC-012-U033,canvas_templates,2,2026-02-02
FU-004443,ACC-012,Horizon Pharma,ACC-012-U006,canvas_templates,1,2026-02-09
FU-004444,ACC-012,Horizon Pharma,ACC-012-U048,canvas_templates,3,2026-02-09
FU-004445,ACC-012,Horizon Pharma,ACC-012-U031,canvas_templates,1,2026-02-09
FU-004446,ACC-012,Horizon Pharma,ACC-012-U044,canvas_templates,4,2026-02-09
FU-004447,ACC-012,Horizon Pharma,ACC-012-U032,canvas_templates,5,2026-02-09
FU-004448,ACC-012,Horizon Pharma,ACC-012-U034,canvas_templates,3,2026-02-09
FU-004449,ACC-012,Horizon Pharma,ACC-012-U008,canvas_templates,4,2026-02-09
FU-004450,ACC-012,Horizon Pharma,ACC-012-U025,canvas_templates,4,2026-02-09
FU-004451,ACC-012,Horizon Pharma,ACC-012-U012,canvas_templates,4,2026-02-09
FU-004452,ACC-012,Horizon Pharma,ACC-012-U049,canvas_templates,4,2026-02-09
FU-004453,ACC-012,Horizon Pharma,ACC-012-U018,canvas_templates,2,2026-02-09
FU-004454,ACC-012,Horizon Pharma,ACC-012-U011,canvas_templates,6,2026-02-09
FU-004455,ACC-012,Horizon Pharma,ACC-012-U019,canvas_templates,4,2026-02-16
FU-004456,ACC-012,Horizon Pharma,ACC-012-U012,canvas_templates,4,2026-02-16
FU-004457,ACC-012,Horizon Pharma,ACC-012-U008,canvas_templates,6,2026-02-23
FU-004458,ACC-012,Horizon Pharma,ACC-012-U055,canvas_templates,3,2026-02-23
FU-004459,ACC-012,Horizon Pharma,ACC-012-U017,canvas_templates,3,2026-02-23
FU-004460,ACC-012,Horizon Pharma,ACC-012-U005,canvas_templates,4,2026-02-23
FU-004461,ACC-012,Horizon Pharma,ACC-012-U003,canvas_templates,4,2026-02-23
FU-004462,ACC-012,Horizon Pharma,ACC-012-U048,canvas_templates,4,2026-02-23
FU-004463,ACC-012,Horizon Pharma,ACC-012-U025,canvas_templates,2,2026-02-23
FU-004464,ACC-012,Horizon Pharma,ACC-012-U019,canvas_templates,4,2026-02-23
FU-004465,ACC-012,Horizon Pharma,ACC-012-U021,canvas_templates,5,2026-02-23
FU-004466,ACC-012,Horizon Pharma,ACC-012-U022,canvas_templates,3,2026-02-23
FU-004467,ACC-012,Horizon Pharma,ACC-012-U033,canvas_templates,2,2026-02-23
FU-004468,ACC-012,Horizon Pharma,ACC-012-U012,canvas_templates,4,2026-02-23
FU-004469,ACC-012,Horizon Pharma,ACC-012-U001,canvas_templates,4,2026-03-02
FU-004470,ACC-012,Horizon Pharma,ACC-012-U040,canvas_templates,1,2026-03-02
FU-004471,ACC-012,Horizon Pharma,ACC-012-U010,canvas_templates,3,2026-03-02
FU-004472,ACC-012,Horizon Pharma,ACC-012-U014,canvas_templates,2,2026-03-02
FU-004473,ACC-012,Horizon Pharma,ACC-012-U048,canvas_templates,3,2026-03-02
FU-004474,ACC-012,Horizon Pharma,ACC-012-U033,canvas_templates,6,2026-03-02
FU-004475,ACC-012,Horizon Pharma,ACC-012-U043,canvas_templates,5,2026-03-02
FU-004476,ACC-012,Horizon Pharma,ACC-012-U031,canvas_templates,1,2026-03-02
FU-004477,ACC-012,Horizon Pharma,ACC-012-U039,canvas_templates,5,2026-03-02
FU-004478,ACC-012,Horizon Pharma,ACC-012-U039,canvas_templates,4,2026-03-09
FU-004479,ACC-012,Horizon Pharma,ACC-012-U037,canvas_version_history,1,2025-12-15
FU-004480,ACC-012,Horizon Pharma,ACC-012-U053,canvas_version_history,6,2025-12-15
FU-004481,ACC-012,Horizon Pharma,ACC-012-U024,canvas_version_history,2,2025-12-15
FU-004482,ACC-012,Horizon Pharma,ACC-012-U014,canvas_version_history,3,2025-12-15
FU-004483,ACC-012,Horizon Pharma,ACC-012-U020,canvas_version_history,3,2025-12-15
FU-004484,ACC-012,Horizon Pharma,ACC-012-U010,canvas_version_history,1,2025-12-15
FU-004485,ACC-012,Horizon Pharma,ACC-012-U055,canvas_version_history,1,2025-12-22
FU-004486,ACC-012,Horizon Pharma,ACC-012-U006,canvas_version_history,5,2025-12-22
FU-004487,ACC-012,Horizon Pharma,ACC-012-U044,canvas_version_history,2,2025-12-22
FU-004488,ACC-012,Horizon Pharma,ACC-012-U011,canvas_version_history,4,2025-12-22
FU-004489,ACC-012,Horizon Pharma,ACC-012-U008,canvas_version_history,1,2025-12-22
FU-004490,ACC-012,Horizon Pharma,ACC-012-U024,canvas_version_history,2,2025-12-22
FU-004491,ACC-012,Horizon Pharma,ACC-012-U049,canvas_version_history,1,2025-12-29
FU-004492,ACC-012,Horizon Pharma,ACC-012-U049,canvas_version_history,2,2026-01-05
FU-004493,ACC-012,Horizon Pharma,ACC-012-U026,canvas_version_history,8,2026-01-12
FU-004494,ACC-012,Horizon Pharma,ACC-012-U020,canvas_version_history,4,2026-01-19
FU-004495,ACC-012,Horizon Pharma,ACC-012-U007,canvas_version_history,4,2026-01-26
FU-004496,ACC-012,Horizon Pharma,ACC-012-U043,canvas_version_history,3,2026-02-02
FU-004497,ACC-012,Horizon Pharma,ACC-012-U025,canvas_version_history,6,2026-02-09
FU-004498,ACC-012,Horizon Pharma,ACC-012-U008,canvas_version_history,4,2026-02-09
FU-004499,ACC-012,Horizon Pharma,ACC-012-U001,canvas_version_history,4,2026-02-16
FU-004500,ACC-012,Horizon Pharma,ACC-012-U028,canvas_version_history,1,2026-02-16
FU-004501,ACC-012,Horizon Pharma,ACC-012-U045,canvas_version_history,4,2026-02-16
FU-004502,ACC-012,Horizon Pharma,ACC-012-U008,canvas_version_history,1,2026-02-16
FU-004503,ACC-012,Horizon Pharma,ACC-012-U004,canvas_version_history,3,2026-02-16
FU-004504,ACC-012,Horizon Pharma,ACC-012-U046,canvas_version_history,5,2026-02-16
FU-004505,ACC-012,Horizon Pharma,ACC-012-U039,canvas_version_history,2,2026-02-23
FU-004506,ACC-012,Horizon Pharma,ACC-012-U031,canvas_version_history,3,2026-02-23
FU-004507,ACC-012,Horizon Pharma,ACC-012-U029,canvas_version_history,2,2026-02-23
FU-004508,ACC-012,Horizon Pharma,ACC-012-U033,canvas_version_history,4,2026-02-23
FU-004509,ACC-012,Horizon Pharma,ACC-012-U002,canvas_version_history,2,2026-02-23
FU-004510,ACC-012,Horizon Pharma,ACC-012-U013,canvas_version_history,2,2026-02-23
FU-004511,ACC-012,Horizon Pharma,ACC-012-U019,canvas_version_history,4,2026-02-23
FU-004512,ACC-012,Horizon Pharma,ACC-012-U024,canvas_version_history,1,2026-03-02
FU-004513,ACC-012,Horizon Pharma,ACC-012-U029,canvas_version_history,5,2026-03-02
FU-004514,ACC-012,Horizon Pharma,ACC-012-U020,canvas_version_history,3,2026-03-02
FU-004515,ACC-012,Horizon Pharma,ACC-012-U037,canvas_version_history,2,2026-03-02
FU-004516,ACC-012,Horizon Pharma,ACC-012-U032,canvas_version_history,8,2026-03-09
FU-004517,ACC-012,Horizon Pharma,ACC-012-U007,canvas_layers,1,2025-12-15
FU-004518,ACC-012,Horizon Pharma,ACC-012-U021,canvas_layers,2,2025-12-15
FU-004519,ACC-012,Horizon Pharma,ACC-012-U022,canvas_layers,3,2025-12-15
FU-004520,ACC-012,Horizon Pharma,ACC-012-U027,canvas_layers,4,2025-12-15
FU-004521,ACC-012,Horizon Pharma,ACC-012-U019,canvas_layers,2,2025-12-15
FU-004522,ACC-012,Horizon Pharma,ACC-012-U025,canvas_layers,1,2025-12-22
FU-004523,ACC-012,Horizon Pharma,ACC-012-U015,canvas_layers,7,2025-12-22
FU-004524,ACC-012,Horizon Pharma,ACC-012-U007,canvas_layers,6,2025-12-22
FU-004525,ACC-012,Horizon Pharma,ACC-012-U052,canvas_layers,1,2025-12-22
FU-004526,ACC-012,Horizon Pharma,ACC-012-U035,canvas_layers,2,2025-12-22
FU-004527,ACC-012,Horizon Pharma,ACC-012-U041,canvas_layers,2,2025-12-22
FU-004528,ACC-012,Horizon Pharma,ACC-012-U041,canvas_layers,3,2025-12-29
FU-004529,ACC-012,Horizon Pharma,ACC-012-U011,canvas_layers,4,2025-12-29
FU-004530,ACC-012,Horizon Pharma,ACC-012-U025,canvas_layers,4,2025-12-29
FU-004531,ACC-012,Horizon Pharma,ACC-012-U013,canvas_layers,5,2025-12-29
FU-004532,ACC-012,Horizon Pharma,ACC-012-U017,canvas_layers,6,2025-12-29
FU-004533,ACC-012,Horizon Pharma,ACC-012-U052,canvas_layers,2,2025-12-29
FU-004534,ACC-012,Horizon Pharma,ACC-012-U052,canvas_layers,5,2026-01-05
FU-004535,ACC-012,Horizon Pharma,ACC-012-U010,canvas_layers,3,2026-01-12
FU-004536,ACC-012,Horizon Pharma,ACC-012-U005,canvas_layers,4,2026-01-12
FU-004537,ACC-012,Horizon Pharma,ACC-012-U029,canvas_layers,5,2026-01-12
FU-004538,ACC-012,Horizon Pharma,ACC-012-U050,canvas_layers,4,2026-01-12
FU-004539,ACC-012,Horizon Pharma,ACC-012-U029,canvas_layers,5,2026-01-19
FU-004540,ACC-012,Horizon Pharma,ACC-012-U016,canvas_layers,6,2026-01-19
FU-004541,ACC-012,Horizon Pharma,ACC-012-U048,canvas_layers,6,2026-01-19
FU-004542,ACC-012,Horizon Pharma,ACC-012-U014,canvas_layers,5,2026-01-19
FU-004543,ACC-012,Horizon Pharma,ACC-012-U045,canvas_layers,1,2026-01-19
FU-004544,ACC-012,Horizon Pharma,ACC-012-U041,canvas_layers,7,2026-01-19
FU-004545,ACC-012,Horizon Pharma,ACC-012-U040,canvas_layers,1,2026-01-26
FU-004546,ACC-012,Horizon Pharma,ACC-012-U039,canvas_layers,4,2026-01-26
FU-004547,ACC-012,Horizon Pharma,ACC-012-U045,canvas_layers,2,2026-01-26
FU-004548,ACC-012,Horizon Pharma,ACC-012-U046,canvas_layers,2,2026-01-26
FU-004549,ACC-012,Horizon Pharma,ACC-012-U026,canvas_layers,3,2026-01-26
FU-004550,ACC-012,Horizon Pharma,ACC-012-U050,canvas_layers,1,2026-01-26
FU-004551,ACC-012,Horizon Pharma,ACC-012-U054,canvas_layers,5,2026-02-02
FU-004552,ACC-012,Horizon Pharma,ACC-012-U034,canvas_layers,5,2026-02-02
FU-004553,ACC-012,Horizon Pharma,ACC-012-U024,canvas_layers,1,2026-02-09
FU-004554,ACC-012,Horizon Pharma,ACC-012-U042,canvas_layers,4,2026-02-09
FU-004555,ACC-012,Horizon Pharma,ACC-012-U035,canvas_layers,3,2026-02-09
FU-004556,ACC-012,Horizon Pharma,ACC-012-U017,canvas_layers,4,2026-02-09
FU-004557,ACC-012,Horizon Pharma,ACC-012-U003,canvas_layers,8,2026-02-09
FU-004558,ACC-012,Horizon Pharma,ACC-012-U036,canvas_layers,4,2026-02-16
FU-004559,ACC-012,Horizon Pharma,ACC-012-U023,canvas_layers,1,2026-02-16
FU-004560,ACC-012,Horizon Pharma,ACC-012-U041,canvas_layers,6,2026-02-16
FU-004561,ACC-012,Horizon Pharma,ACC-012-U029,canvas_layers,3,2026-02-16
FU-004562,ACC-012,Horizon Pharma,ACC-012-U045,canvas_layers,1,2026-02-16
FU-004563,ACC-012,Horizon Pharma,ACC-012-U014,canvas_layers,4,2026-02-16
FU-004564,ACC-012,Horizon Pharma,ACC-012-U018,canvas_layers,1,2026-02-16
FU-004565,ACC-012,Horizon Pharma,ACC-012-U022,canvas_layers,2,2026-02-23
FU-004566,ACC-012,Horizon Pharma,ACC-012-U044,canvas_layers,3,2026-02-23
FU-004567,ACC-012,Horizon Pharma,ACC-012-U036,canvas_layers,1,2026-02-23
FU-004568,ACC-012,Horizon Pharma,ACC-012-U053,canvas_layers,6,2026-02-23
FU-004569,ACC-012,Horizon Pharma,ACC-012-U039,canvas_layers,3,2026-02-23
FU-004570,ACC-012,Horizon Pharma,ACC-012-U009,canvas_layers,4,2026-03-02
FU-004571,ACC-012,Horizon Pharma,ACC-012-U043,canvas_layers,4,2026-03-02
FU-004572,ACC-012,Horizon Pharma,ACC-012-U041,canvas_layers,1,2026-03-02
FU-004573,ACC-012,Horizon Pharma,ACC-012-U032,canvas_layers,1,2026-03-02
FU-004574,ACC-012,Horizon Pharma,ACC-012-U003,canvas_layers,4,2026-03-02
FU-004575,ACC-012,Horizon Pharma,ACC-012-U040,canvas_layers,3,2026-03-02
FU-004576,ACC-012,Horizon Pharma,ACC-012-U047,canvas_layers,2,2026-03-02
FU-004577,ACC-012,Horizon Pharma,ACC-012-U047,canvas_layers,3,2026-03-09
FU-004578,ACC-012,Horizon Pharma,ACC-012-U052,canvas_comments,4,2025-12-15
FU-004579,ACC-012,Horizon Pharma,ACC-012-U034,canvas_comments,1,2025-12-15
FU-004580,ACC-012,Horizon Pharma,ACC-012-U047,canvas_comments,2,2025-12-15
FU-004581,ACC-012,Horizon Pharma,ACC-012-U050,canvas_comments,4,2025-12-15
FU-004582,ACC-012,Horizon Pharma,ACC-012-U039,canvas_comments,7,2025-12-15
FU-004583,ACC-012,Horizon Pharma,ACC-012-U004,canvas_comments,3,2025-12-15
FU-004584,ACC-012,Horizon Pharma,ACC-012-U012,canvas_comments,1,2025-12-22
FU-004585,ACC-012,Horizon Pharma,ACC-012-U003,canvas_comments,1,2025-12-22
FU-004586,ACC-012,Horizon Pharma,ACC-012-U007,canvas_comments,4,2025-12-22
FU-004587,ACC-012,Horizon Pharma,ACC-012-U035,canvas_comments,5,2025-12-22
FU-004588,ACC-012,Horizon Pharma,ACC-012-U031,canvas_comments,6,2025-12-22
FU-004589,ACC-012,Horizon Pharma,ACC-012-U032,canvas_comments,2,2025-12-22
FU-004590,ACC-012,Horizon Pharma,ACC-012-U047,canvas_comments,6,2025-12-29
FU-004591,ACC-012,Horizon Pharma,ACC-012-U005,canvas_comments,3,2025-12-29
FU-004592,ACC-012,Horizon Pharma,ACC-012-U024,canvas_comments,3,2025-12-29
FU-004593,ACC-012,Horizon Pharma,ACC-012-U007,canvas_comments,4,2026-01-05
FU-004594,ACC-012,Horizon Pharma,ACC-012-U010,canvas_comments,2,2026-01-05
FU-004595,ACC-012,Horizon Pharma,ACC-012-U045,canvas_comments,2,2026-01-05
FU-004596,ACC-012,Horizon Pharma,ACC-012-U032,canvas_comments,4,2026-01-05
FU-004597,ACC-012,Horizon Pharma,ACC-012-U047,canvas_comments,5,2026-01-05
FU-004598,ACC-012,Horizon Pharma,ACC-012-U004,canvas_comments,3,2026-01-05
FU-004599,ACC-012,Horizon Pharma,ACC-012-U032,canvas_comments,3,2026-01-12
FU-004600,ACC-012,Horizon Pharma,ACC-012-U009,canvas_comments,7,2026-01-12
FU-004601,ACC-012,Horizon Pharma,ACC-012-U001,canvas_comments,5,2026-01-19
FU-004602,ACC-012,Horizon Pharma,ACC-012-U053,canvas_comments,2,2026-01-19
FU-004603,ACC-012,Horizon Pharma,ACC-012-U037,canvas_comments,1,2026-01-19
FU-004604,ACC-012,Horizon Pharma,ACC-012-U038,canvas_comments,5,2026-01-19
FU-004605,ACC-012,Horizon Pharma,ACC-012-U049,canvas_comments,2,2026-01-19
FU-004606,ACC-012,Horizon Pharma,ACC-012-U023,canvas_comments,4,2026-01-26
FU-004607,ACC-012,Horizon Pharma,ACC-012-U009,canvas_comments,1,2026-01-26
FU-004608,ACC-012,Horizon Pharma,ACC-012-U022,canvas_comments,4,2026-02-02
FU-004609,ACC-012,Horizon Pharma,ACC-012-U045,canvas_comments,7,2026-02-02
FU-004610,ACC-012,Horizon Pharma,ACC-012-U041,canvas_comments,1,2026-02-02
FU-004611,ACC-012,Horizon Pharma,ACC-012-U029,canvas_comments,1,2026-02-02
FU-004612,ACC-012,Horizon Pharma,ACC-012-U008,canvas_comments,7,2026-02-09
FU-004613,ACC-012,Horizon Pharma,ACC-012-U054,canvas_comments,4,2026-02-16
FU-004614,ACC-012,Horizon Pharma,ACC-012-U055,canvas_comments,3,2026-02-16
FU-004615,ACC-012,Horizon Pharma,ACC-012-U027,canvas_comments,1,2026-02-23
FU-004616,ACC-012,Horizon Pharma,ACC-012-U054,canvas_comments,7,2026-02-23
FU-004617,ACC-012,Horizon Pharma,ACC-012-U021,canvas_comments,6,2026-02-23
FU-004618,ACC-012,Horizon Pharma,ACC-012-U044,canvas_comments,4,2026-02-23
FU-004619,ACC-012,Horizon Pharma,ACC-012-U031,canvas_comments,3,2026-03-02
FU-004620,ACC-012,Horizon Pharma,ACC-012-U039,canvas_comments,2,2026-03-09
FU-004621,ACC-012,Horizon Pharma,ACC-012-U014,canvas_comments,3,2026-03-09
FU-004622,ACC-012,Horizon Pharma,ACC-012-U034,canvas_comments,3,2026-03-09
FU-004623,ACC-012,Horizon Pharma,ACC-012-U030,canvas_comments,2,2026-03-09
FU-004624,ACC-012,Horizon Pharma,ACC-012-U011,canvas_comments,2,2026-03-09
FU-004625,ACC-012,Horizon Pharma,ACC-012-U043,canvas_comments,3,2026-03-09
FU-004626,ACC-013,Sterling Partners,ACC-013-U005,insight_dashboards,2,2025-12-15
FU-004627,ACC-013,Sterling Partners,ACC-013-U001,insight_dashboards,5,2025-12-15
FU-004628,ACC-013,Sterling Partners,ACC-013-U004,insight_dashboards,4,2025-12-15
FU-004629,ACC-013,Sterling Partners,ACC-013-U012,insight_dashboards,1,2025-12-15
FU-004630,ACC-013,Sterling Partners,ACC-013-U008,insight_dashboards,3,2025-12-15
FU-004631,ACC-013,Sterling Partners,ACC-013-U004,insight_dashboards,5,2025-12-22
FU-004632,ACC-013,Sterling Partners,ACC-013-U014,insight_dashboards,2,2025-12-22
FU-004633,ACC-013,Sterling Partners,ACC-013-U008,insight_dashboards,3,2025-12-22
FU-004634,ACC-013,Sterling Partners,ACC-013-U009,insight_dashboards,2,2025-12-22
FU-004635,ACC-013,Sterling Partners,ACC-013-U018,insight_dashboards,2,2025-12-22
FU-004636,ACC-013,Sterling Partners,ACC-013-U010,insight_dashboards,3,2025-12-22
FU-004637,ACC-013,Sterling Partners,ACC-013-U011,insight_dashboards,3,2025-12-22
FU-004638,ACC-013,Sterling Partners,ACC-013-U006,insight_dashboards,5,2025-12-22
FU-004639,ACC-013,Sterling Partners,ACC-013-U005,insight_dashboards,3,2025-12-22
FU-004640,ACC-013,Sterling Partners,ACC-013-U017,insight_dashboards,1,2025-12-22
FU-004641,ACC-013,Sterling Partners,ACC-013-U013,insight_dashboards,1,2025-12-22
FU-004642,ACC-013,Sterling Partners,ACC-013-U012,insight_dashboards,2,2025-12-22
FU-004643,ACC-013,Sterling Partners,ACC-013-U003,insight_dashboards,3,2025-12-22
FU-004644,ACC-013,Sterling Partners,ACC-013-U003,insight_dashboards,2,2025-12-29
FU-004645,ACC-013,Sterling Partners,ACC-013-U007,insight_dashboards,7,2025-12-29
FU-004646,ACC-013,Sterling Partners,ACC-013-U004,insight_dashboards,6,2025-12-29
FU-004647,ACC-013,Sterling Partners,ACC-013-U009,insight_dashboards,5,2025-12-29
FU-004648,ACC-013,Sterling Partners,ACC-013-U011,insight_dashboards,4,2025-12-29
FU-004649,ACC-013,Sterling Partners,ACC-013-U008,insight_dashboards,5,2025-12-29
FU-004650,ACC-013,Sterling Partners,ACC-013-U016,insight_dashboards,6,2025-12-29
FU-004651,ACC-013,Sterling Partners,ACC-013-U018,insight_dashboards,3,2025-12-29
FU-004652,ACC-013,Sterling Partners,ACC-013-U012,insight_dashboards,3,2025-12-29
FU-004653,ACC-013,Sterling Partners,ACC-013-U010,insight_dashboards,1,2025-12-29
FU-004654,ACC-013,Sterling Partners,ACC-013-U006,insight_dashboards,6,2025-12-29
FU-004655,ACC-013,Sterling Partners,ACC-013-U008,insight_dashboards,2,2026-01-05
FU-004656,ACC-013,Sterling Partners,ACC-013-U018,insight_dashboards,5,2026-01-05
FU-004657,ACC-013,Sterling Partners,ACC-013-U017,insight_dashboards,1,2026-01-05
FU-004658,ACC-013,Sterling Partners,ACC-013-U004,insight_dashboards,7,2026-01-05
FU-004659,ACC-013,Sterling Partners,ACC-013-U015,insight_dashboards,4,2026-01-05
FU-004660,ACC-013,Sterling Partners,ACC-013-U016,insight_dashboards,5,2026-01-05
FU-004661,ACC-013,Sterling Partners,ACC-013-U011,insight_dashboards,5,2026-01-05
FU-004662,ACC-013,Sterling Partners,ACC-013-U009,insight_dashboards,1,2026-01-05
FU-004663,ACC-013,Sterling Partners,ACC-013-U013,insight_dashboards,1,2026-01-05
FU-004664,ACC-013,Sterling Partners,ACC-013-U014,insight_dashboards,2,2026-01-05
FU-004665,ACC-013,Sterling Partners,ACC-013-U012,insight_dashboards,3,2026-01-05
FU-004666,ACC-013,Sterling Partners,ACC-013-U018,insight_dashboards,2,2026-01-12
FU-004667,ACC-013,Sterling Partners,ACC-013-U001,insight_dashboards,3,2026-01-12
FU-004668,ACC-013,Sterling Partners,ACC-013-U011,insight_dashboards,5,2026-01-12
FU-004669,ACC-013,Sterling Partners,ACC-013-U010,insight_dashboards,5,2026-01-12
FU-004670,ACC-013,Sterling Partners,ACC-013-U006,insight_dashboards,1,2026-01-12
FU-004671,ACC-013,Sterling Partners,ACC-013-U002,insight_dashboards,2,2026-01-12
FU-004672,ACC-013,Sterling Partners,ACC-013-U014,insight_dashboards,3,2026-01-12
FU-004673,ACC-013,Sterling Partners,ACC-013-U012,insight_dashboards,1,2026-01-12
FU-004674,ACC-013,Sterling Partners,ACC-013-U007,insight_dashboards,4,2026-01-12
FU-004675,ACC-013,Sterling Partners,ACC-013-U008,insight_dashboards,1,2026-01-12
FU-004676,ACC-013,Sterling Partners,ACC-013-U016,insight_dashboards,3,2026-01-19
FU-004677,ACC-013,Sterling Partners,ACC-013-U002,insight_dashboards,5,2026-01-19
FU-004678,ACC-013,Sterling Partners,ACC-013-U010,insight_dashboards,1,2026-01-19
FU-004679,ACC-013,Sterling Partners,ACC-013-U014,insight_dashboards,1,2026-01-19
FU-004680,ACC-013,Sterling Partners,ACC-013-U003,insight_dashboards,1,2026-01-19
FU-004681,ACC-013,Sterling Partners,ACC-013-U009,insight_dashboards,4,2026-01-19
FU-004682,ACC-013,Sterling Partners,ACC-013-U011,insight_dashboards,2,2026-01-19
FU-004683,ACC-013,Sterling Partners,ACC-013-U001,insight_dashboards,2,2026-01-19
FU-004684,ACC-013,Sterling Partners,ACC-013-U005,insight_dashboards,4,2026-01-19
FU-004685,ACC-013,Sterling Partners,ACC-013-U013,insight_dashboards,2,2026-01-19
FU-004686,ACC-013,Sterling Partners,ACC-013-U008,insight_dashboards,1,2026-01-26
FU-004687,ACC-013,Sterling Partners,ACC-013-U017,insight_dashboards,4,2026-01-26
FU-004688,ACC-013,Sterling Partners,ACC-013-U001,insight_dashboards,5,2026-01-26
FU-004689,ACC-013,Sterling Partners,ACC-013-U015,insight_dashboards,6,2026-01-26
FU-004690,ACC-013,Sterling Partners,ACC-013-U005,insight_dashboards,1,2026-01-26
FU-004691,ACC-013,Sterling Partners,ACC-013-U013,insight_dashboards,1,2026-01-26
FU-004692,ACC-013,Sterling Partners,ACC-013-U018,insight_dashboards,2,2026-01-26
FU-004693,ACC-013,Sterling Partners,ACC-013-U016,insight_dashboards,5,2026-01-26
FU-004694,ACC-013,Sterling Partners,ACC-013-U002,insight_dashboards,4,2026-01-26
FU-004695,ACC-013,Sterling Partners,ACC-013-U004,insight_dashboards,3,2026-01-26
FU-004696,ACC-013,Sterling Partners,ACC-013-U011,insight_dashboards,3,2026-01-26
FU-004697,ACC-013,Sterling Partners,ACC-013-U015,insight_dashboards,5,2026-02-02
FU-004698,ACC-013,Sterling Partners,ACC-013-U018,insight_dashboards,4,2026-02-02
FU-004699,ACC-013,Sterling Partners,ACC-013-U007,insight_dashboards,3,2026-02-02
FU-004700,ACC-013,Sterling Partners,ACC-013-U002,insight_dashboards,1,2026-02-02
FU-004701,ACC-013,Sterling Partners,ACC-013-U001,insight_dashboards,4,2026-02-02
FU-004702,ACC-013,Sterling Partners,ACC-013-U009,insight_dashboards,3,2026-02-02
FU-004703,ACC-013,Sterling Partners,ACC-013-U011,insight_dashboards,1,2026-02-09
FU-004704,ACC-013,Sterling Partners,ACC-013-U012,insight_dashboards,11,2026-02-09
FU-004705,ACC-013,Sterling Partners,ACC-013-U016,insight_dashboards,4,2026-02-09
FU-004706,ACC-013,Sterling Partners,ACC-013-U009,insight_dashboards,3,2026-02-09
FU-004707,ACC-013,Sterling Partners,ACC-013-U003,insight_dashboards,5,2026-02-16
FU-004708,ACC-013,Sterling Partners,ACC-013-U004,insight_dashboards,1,2026-02-16
FU-004709,ACC-013,Sterling Partners,ACC-013-U008,insight_dashboards,1,2026-02-16
FU-004710,ACC-013,Sterling Partners,ACC-013-U018,insight_dashboards,5,2026-02-23
FU-004711,ACC-013,Sterling Partners,ACC-013-U013,insight_dashboards,4,2026-02-23
FU-004712,ACC-013,Sterling Partners,ACC-013-U001,insight_dashboards,3,2026-03-02
FU-004713,ACC-013,Sterling Partners,ACC-013-U010,insight_dashboards,3,2026-03-02
FU-004714,ACC-013,Sterling Partners,ACC-013-U003,insight_dashboards,2,2026-03-02
FU-004715,ACC-013,Sterling Partners,ACC-013-U012,insight_dashboards,2,2026-03-02
FU-004716,ACC-013,Sterling Partners,ACC-013-U013,insight_dashboards,4,2026-03-02
FU-004717,ACC-013,Sterling Partners,ACC-013-U017,insight_dashboards,1,2026-03-02
FU-004718,ACC-013,Sterling Partners,ACC-013-U006,insight_dashboards,3,2026-03-02
FU-004719,ACC-013,Sterling Partners,ACC-013-U008,insight_dashboards,3,2026-03-02
FU-004720,ACC-013,Sterling Partners,ACC-013-U016,insight_dashboards,6,2026-03-02
FU-004721,ACC-013,Sterling Partners,ACC-013-U013,insight_dashboards,8,2026-03-09
FU-004722,ACC-013,Sterling Partners,ACC-013-U017,insight_dashboards,5,2026-03-09
FU-004723,ACC-013,Sterling Partners,ACC-013-U003,insight_dashboards,5,2026-03-09
FU-004724,ACC-013,Sterling Partners,ACC-013-U011,insight_dashboards,7,2026-03-09
FU-004725,ACC-013,Sterling Partners,ACC-013-U012,canvas_export,5,2025-12-15
FU-004726,ACC-013,Sterling Partners,ACC-013-U006,canvas_export,5,2025-12-22
FU-004727,ACC-013,Sterling Partners,ACC-013-U007,canvas_export,3,2025-12-22
FU-004728,ACC-013,Sterling Partners,ACC-013-U002,canvas_export,1,2025-12-22
FU-004729,ACC-013,Sterling Partners,ACC-013-U011,canvas_export,1,2025-12-22
FU-004730,ACC-013,Sterling Partners,ACC-013-U009,canvas_export,1,2025-12-22
FU-004731,ACC-013,Sterling Partners,ACC-013-U016,canvas_export,4,2025-12-22
FU-004732,ACC-013,Sterling Partners,ACC-013-U012,canvas_export,2,2025-12-29
FU-004733,ACC-013,Sterling Partners,ACC-013-U003,canvas_export,4,2025-12-29
FU-004734,ACC-013,Sterling Partners,ACC-013-U008,canvas_export,5,2025-12-29
FU-004735,ACC-013,Sterling Partners,ACC-013-U010,canvas_export,2,2025-12-29
FU-004736,ACC-013,Sterling Partners,ACC-013-U011,canvas_export,6,2025-12-29
FU-004737,ACC-013,Sterling Partners,ACC-013-U001,canvas_export,2,2025-12-29
FU-004738,ACC-013,Sterling Partners,ACC-013-U016,canvas_export,4,2025-12-29
FU-004739,ACC-013,Sterling Partners,ACC-013-U014,canvas_export,3,2025-12-29
FU-004740,ACC-013,Sterling Partners,ACC-013-U003,canvas_export,5,2026-01-05
FU-004741,ACC-013,Sterling Partners,ACC-013-U015,canvas_export,2,2026-01-05
FU-004742,ACC-013,Sterling Partners,ACC-013-U001,canvas_export,4,2026-01-05
FU-004743,ACC-013,Sterling Partners,ACC-013-U011,canvas_export,5,2026-01-05
FU-004744,ACC-013,Sterling Partners,ACC-013-U012,canvas_export,2,2026-01-05
FU-004745,ACC-013,Sterling Partners,ACC-013-U018,canvas_export,1,2026-01-05
FU-004746,ACC-013,Sterling Partners,ACC-013-U005,canvas_export,3,2026-01-12
FU-004747,ACC-013,Sterling Partners,ACC-013-U014,canvas_export,3,2026-01-12
FU-004748,ACC-013,Sterling Partners,ACC-013-U007,canvas_export,1,2026-01-12
FU-004749,ACC-013,Sterling Partners,ACC-013-U015,canvas_export,1,2026-01-12
FU-004750,ACC-013,Sterling Partners,ACC-013-U004,canvas_export,5,2026-01-19
FU-004751,ACC-013,Sterling Partners,ACC-013-U013,canvas_export,5,2026-01-19
FU-004752,ACC-013,Sterling Partners,ACC-013-U003,canvas_export,4,2026-01-19
FU-004753,ACC-013,Sterling Partners,ACC-013-U018,canvas_export,6,2026-01-19
FU-004754,ACC-013,Sterling Partners,ACC-013-U017,canvas_export,5,2026-01-19
FU-004755,ACC-013,Sterling Partners,ACC-013-U009,canvas_export,4,2026-01-19
FU-004756,ACC-013,Sterling Partners,ACC-013-U015,canvas_export,5,2026-01-19
FU-004757,ACC-013,Sterling Partners,ACC-013-U006,canvas_export,2,2026-01-19
FU-004758,ACC-013,Sterling Partners,ACC-013-U014,canvas_export,4,2026-01-19
FU-004759,ACC-013,Sterling Partners,ACC-013-U018,canvas_export,1,2026-01-26
FU-004760,ACC-013,Sterling Partners,ACC-013-U007,canvas_export,3,2026-01-26
FU-004761,ACC-013,Sterling Partners,ACC-013-U012,canvas_export,7,2026-01-26
FU-004762,ACC-013,Sterling Partners,ACC-013-U005,canvas_export,6,2026-01-26
FU-004763,ACC-013,Sterling Partners,ACC-013-U003,canvas_export,3,2026-01-26
FU-004764,ACC-013,Sterling Partners,ACC-013-U002,canvas_export,4,2026-01-26
FU-004765,ACC-013,Sterling Partners,ACC-013-U013,canvas_export,1,2026-01-26
FU-004766,ACC-013,Sterling Partners,ACC-013-U004,canvas_export,4,2026-01-26
FU-004767,ACC-013,Sterling Partners,ACC-013-U006,canvas_export,1,2026-01-26
FU-004768,ACC-013,Sterling Partners,ACC-013-U011,canvas_export,3,2026-02-02
FU-004769,ACC-013,Sterling Partners,ACC-013-U006,canvas_export,6,2026-02-02
FU-004770,ACC-013,Sterling Partners,ACC-013-U003,canvas_export,6,2026-02-09
FU-004771,ACC-013,Sterling Partners,ACC-013-U004,canvas_export,1,2026-02-09
FU-004772,ACC-013,Sterling Partners,ACC-013-U001,canvas_export,6,2026-02-09
FU-004773,ACC-013,Sterling Partners,ACC-013-U011,canvas_export,6,2026-02-09
FU-004774,ACC-013,Sterling Partners,ACC-013-U008,canvas_export,3,2026-02-09
FU-004775,ACC-013,Sterling Partners,ACC-013-U005,canvas_export,3,2026-02-09
FU-004776,ACC-013,Sterling Partners,ACC-013-U007,canvas_export,3,2026-02-09
FU-004777,ACC-013,Sterling Partners,ACC-013-U006,canvas_export,1,2026-02-09
FU-004778,ACC-013,Sterling Partners,ACC-013-U015,canvas_export,3,2026-02-09
FU-004779,ACC-013,Sterling Partners,ACC-013-U016,canvas_export,2,2026-02-09
FU-004780,ACC-013,Sterling Partners,ACC-013-U012,canvas_export,4,2026-02-09
FU-004781,ACC-013,Sterling Partners,ACC-013-U002,canvas_export,5,2026-02-16
FU-004782,ACC-013,Sterling Partners,ACC-013-U010,canvas_export,3,2026-02-16
FU-004783,ACC-013,Sterling Partners,ACC-013-U005,canvas_export,4,2026-02-16
FU-004784,ACC-013,Sterling Partners,ACC-013-U014,canvas_export,4,2026-02-16
FU-004785,ACC-013,Sterling Partners,ACC-013-U009,canvas_export,7,2026-02-23
FU-004786,ACC-013,Sterling Partners,ACC-013-U017,canvas_export,7,2026-03-02
FU-004787,ACC-013,Sterling Partners,ACC-013-U011,canvas_export,1,2026-03-02
FU-004788,ACC-013,Sterling Partners,ACC-013-U002,canvas_export,3,2026-03-02
FU-004789,ACC-013,Sterling Partners,ACC-013-U016,canvas_export,6,2026-03-02
FU-004790,ACC-013,Sterling Partners,ACC-013-U004,canvas_export,3,2026-03-02
FU-004791,ACC-013,Sterling Partners,ACC-013-U007,canvas_export,3,2026-03-02
FU-004792,ACC-013,Sterling Partners,ACC-013-U017,canvas_export,5,2026-03-09
FU-004793,ACC-013,Sterling Partners,ACC-013-U018,canvas_version_history,6,2025-12-15
FU-004794,ACC-013,Sterling Partners,ACC-013-U015,canvas_version_history,7,2025-12-15
FU-004795,ACC-013,Sterling Partners,ACC-013-U011,canvas_version_history,4,2025-12-15
FU-004796,ACC-013,Sterling Partners,ACC-013-U009,canvas_version_history,5,2025-12-22
FU-004797,ACC-013,Sterling Partners,ACC-013-U013,canvas_version_history,4,2025-12-22
FU-004798,ACC-013,Sterling Partners,ACC-013-U010,canvas_version_history,4,2025-12-22
FU-004799,ACC-013,Sterling Partners,ACC-013-U004,canvas_version_history,1,2025-12-29
FU-004800,ACC-013,Sterling Partners,ACC-013-U005,canvas_version_history,1,2025-12-29
FU-004801,ACC-013,Sterling Partners,ACC-013-U001,canvas_version_history,3,2025-12-29
FU-004802,ACC-013,Sterling Partners,ACC-013-U010,canvas_version_history,5,2025-12-29
FU-004803,ACC-013,Sterling Partners,ACC-013-U008,canvas_version_history,5,2025-12-29
FU-004804,ACC-013,Sterling Partners,ACC-013-U007,canvas_version_history,5,2025-12-29
FU-004805,ACC-013,Sterling Partners,ACC-013-U017,canvas_version_history,3,2026-01-05
FU-004806,ACC-013,Sterling Partners,ACC-013-U014,canvas_version_history,2,2026-01-05
FU-004807,ACC-013,Sterling Partners,ACC-013-U005,canvas_version_history,1,2026-01-05
FU-004808,ACC-013,Sterling Partners,ACC-013-U001,canvas_version_history,2,2026-01-05
FU-004809,ACC-013,Sterling Partners,ACC-013-U009,canvas_version_history,4,2026-01-05
FU-004810,ACC-013,Sterling Partners,ACC-013-U009,canvas_version_history,6,2026-01-12
FU-004811,ACC-013,Sterling Partners,ACC-013-U017,canvas_version_history,5,2026-01-12
FU-004812,ACC-013,Sterling Partners,ACC-013-U017,canvas_version_history,3,2026-01-19
FU-004813,ACC-013,Sterling Partners,ACC-013-U001,canvas_version_history,3,2026-01-19
FU-004814,ACC-013,Sterling Partners,ACC-013-U004,canvas_version_history,4,2026-01-19
FU-004815,ACC-013,Sterling Partners,ACC-013-U008,canvas_version_history,2,2026-01-19
FU-004816,ACC-013,Sterling Partners,ACC-013-U002,canvas_version_history,3,2026-01-26
FU-004817,ACC-013,Sterling Partners,ACC-013-U008,canvas_version_history,6,2026-01-26
FU-004818,ACC-013,Sterling Partners,ACC-013-U003,canvas_version_history,1,2026-01-26
FU-004819,ACC-013,Sterling Partners,ACC-013-U007,canvas_version_history,4,2026-01-26
FU-004820,ACC-013,Sterling Partners,ACC-013-U015,canvas_version_history,1,2026-02-02
FU-004821,ACC-013,Sterling Partners,ACC-013-U007,canvas_version_history,3,2026-02-02
FU-004822,ACC-013,Sterling Partners,ACC-013-U014,canvas_version_history,3,2026-02-02
FU-004823,ACC-013,Sterling Partners,ACC-013-U017,canvas_version_history,6,2026-02-02
FU-004824,ACC-013,Sterling Partners,ACC-013-U001,canvas_version_history,3,2026-02-09
FU-004825,ACC-013,Sterling Partners,ACC-013-U004,canvas_version_history,1,2026-02-09
FU-004826,ACC-013,Sterling Partners,ACC-013-U006,canvas_version_history,1,2026-02-09
FU-004827,ACC-013,Sterling Partners,ACC-013-U018,canvas_version_history,1,2026-02-09
FU-004828,ACC-013,Sterling Partners,ACC-013-U015,canvas_version_history,2,2026-02-09
FU-004829,ACC-013,Sterling Partners,ACC-013-U017,canvas_version_history,2,2026-02-09
FU-004830,ACC-013,Sterling Partners,ACC-013-U010,canvas_version_history,1,2026-02-16
FU-004831,ACC-013,Sterling Partners,ACC-013-U013,canvas_version_history,7,2026-02-23
FU-004832,ACC-013,Sterling Partners,ACC-013-U011,canvas_version_history,2,2026-02-23
FU-004833,ACC-013,Sterling Partners,ACC-013-U017,canvas_version_history,1,2026-02-23
FU-004834,ACC-013,Sterling Partners,ACC-013-U005,canvas_version_history,2,2026-02-23
FU-004835,ACC-013,Sterling Partners,ACC-013-U014,canvas_version_history,3,2026-02-23
FU-004836,ACC-013,Sterling Partners,ACC-013-U006,canvas_version_history,3,2026-03-02
FU-004837,ACC-013,Sterling Partners,ACC-013-U003,canvas_version_history,5,2026-03-02
FU-004838,ACC-013,Sterling Partners,ACC-013-U007,canvas_version_history,1,2026-03-02
FU-004839,ACC-013,Sterling Partners,ACC-013-U001,canvas_version_history,6,2026-03-02
FU-004840,ACC-013,Sterling Partners,ACC-013-U005,canvas_version_history,3,2026-03-02
FU-004841,ACC-013,Sterling Partners,ACC-013-U005,canvas_version_history,2,2026-03-09
FU-004842,ACC-013,Sterling Partners,ACC-013-U014,canvas_version_history,3,2026-03-09
FU-004843,ACC-013,Sterling Partners,ACC-013-U001,canvas_version_history,3,2026-03-09
FU-004844,ACC-013,Sterling Partners,ACC-013-U012,canvas_version_history,1,2026-03-09
FU-004845,ACC-013,Sterling Partners,ACC-013-U015,canvas_version_history,4,2026-03-09
FU-004846,ACC-013,Sterling Partners,ACC-013-U018,canvas_version_history,1,2026-03-09
FU-004847,ACC-013,Sterling Partners,ACC-013-U006,canvas_collab_edit,2,2025-12-15
FU-004848,ACC-013,Sterling Partners,ACC-013-U004,canvas_collab_edit,4,2025-12-15
FU-004849,ACC-013,Sterling Partners,ACC-013-U007,canvas_collab_edit,4,2025-12-22
FU-004850,ACC-013,Sterling Partners,ACC-013-U016,canvas_collab_edit,3,2025-12-22
FU-004851,ACC-013,Sterling Partners,ACC-013-U014,canvas_collab_edit,1,2025-12-22
FU-004852,ACC-013,Sterling Partners,ACC-013-U004,canvas_collab_edit,6,2025-12-29
FU-004853,ACC-013,Sterling Partners,ACC-013-U011,canvas_collab_edit,6,2025-12-29
FU-004854,ACC-013,Sterling Partners,ACC-013-U010,canvas_collab_edit,2,2025-12-29
FU-004855,ACC-013,Sterling Partners,ACC-013-U008,canvas_collab_edit,4,2025-12-29
FU-004856,ACC-013,Sterling Partners,ACC-013-U005,canvas_collab_edit,1,2025-12-29
FU-004857,ACC-013,Sterling Partners,ACC-013-U011,canvas_collab_edit,3,2026-01-05
FU-004858,ACC-013,Sterling Partners,ACC-013-U015,canvas_collab_edit,7,2026-01-05
FU-004859,ACC-013,Sterling Partners,ACC-013-U012,canvas_collab_edit,3,2026-01-05
FU-004860,ACC-013,Sterling Partners,ACC-013-U006,canvas_collab_edit,3,2026-01-05
FU-004861,ACC-013,Sterling Partners,ACC-013-U009,canvas_collab_edit,3,2026-01-12
FU-004862,ACC-013,Sterling Partners,ACC-013-U003,canvas_collab_edit,3,2026-01-12
FU-004863,ACC-013,Sterling Partners,ACC-013-U007,canvas_collab_edit,5,2026-01-12
FU-004864,ACC-013,Sterling Partners,ACC-013-U013,canvas_collab_edit,1,2026-01-12
FU-004865,ACC-013,Sterling Partners,ACC-013-U009,canvas_collab_edit,1,2026-01-19
FU-004866,ACC-013,Sterling Partners,ACC-013-U008,canvas_collab_edit,2,2026-01-19
FU-004867,ACC-013,Sterling Partners,ACC-013-U005,canvas_collab_edit,3,2026-01-19
FU-004868,ACC-013,Sterling Partners,ACC-013-U006,canvas_collab_edit,3,2026-01-26
FU-004869,ACC-013,Sterling Partners,ACC-013-U004,canvas_collab_edit,3,2026-01-26
FU-004870,ACC-013,Sterling Partners,ACC-013-U001,canvas_collab_edit,1,2026-02-02
FU-004871,ACC-013,Sterling Partners,ACC-013-U008,canvas_collab_edit,2,2026-02-02
FU-004872,ACC-013,Sterling Partners,ACC-013-U005,canvas_collab_edit,2,2026-02-02
FU-004873,ACC-013,Sterling Partners,ACC-013-U011,canvas_collab_edit,1,2026-02-02
FU-004874,ACC-013,Sterling Partners,ACC-013-U014,canvas_collab_edit,3,2026-02-02
FU-004875,ACC-013,Sterling Partners,ACC-013-U002,canvas_collab_edit,2,2026-02-09
FU-004876,ACC-013,Sterling Partners,ACC-013-U006,canvas_collab_edit,2,2026-02-09
FU-004877,ACC-013,Sterling Partners,ACC-013-U014,canvas_collab_edit,1,2026-02-09
FU-004878,ACC-013,Sterling Partners,ACC-013-U001,canvas_collab_edit,5,2026-02-09
FU-004879,ACC-013,Sterling Partners,ACC-013-U015,canvas_collab_edit,7,2026-02-09
FU-004880,ACC-013,Sterling Partners,ACC-013-U004,canvas_collab_edit,4,2026-02-16
FU-004881,ACC-013,Sterling Partners,ACC-013-U001,canvas_collab_edit,4,2026-02-16
FU-004882,ACC-013,Sterling Partners,ACC-013-U013,canvas_collab_edit,1,2026-02-16
FU-004883,ACC-013,Sterling Partners,ACC-013-U016,canvas_collab_edit,2,2026-02-23
FU-004884,ACC-013,Sterling Partners,ACC-013-U018,canvas_collab_edit,3,2026-02-23
FU-004885,ACC-013,Sterling Partners,ACC-013-U015,canvas_collab_edit,2,2026-02-23
FU-004886,ACC-013,Sterling Partners,ACC-013-U006,canvas_collab_edit,1,2026-02-23
FU-004887,ACC-013,Sterling Partners,ACC-013-U004,canvas_collab_edit,6,2026-02-23
FU-004888,ACC-013,Sterling Partners,ACC-013-U003,canvas_collab_edit,2,2026-02-23
FU-004889,ACC-013,Sterling Partners,ACC-013-U014,canvas_collab_edit,4,2026-02-23
FU-004890,ACC-013,Sterling Partners,ACC-013-U016,canvas_collab_edit,6,2026-03-02
FU-004891,ACC-013,Sterling Partners,ACC-013-U006,canvas_collab_edit,1,2026-03-02
FU-004892,ACC-013,Sterling Partners,ACC-013-U017,canvas_collab_edit,4,2026-03-02
FU-004893,ACC-013,Sterling Partners,ACC-013-U009,canvas_collab_edit,2,2026-03-09
FU-004894,ACC-013,Sterling Partners,ACC-013-U003,canvas_asset_library,2,2025-12-15
FU-004895,ACC-013,Sterling Partners,ACC-013-U015,canvas_asset_library,4,2025-12-15
FU-004896,ACC-013,Sterling Partners,ACC-013-U010,canvas_asset_library,7,2025-12-15
FU-004897,ACC-013,Sterling Partners,ACC-013-U014,canvas_asset_library,3,2025-12-15
FU-004898,ACC-013,Sterling Partners,ACC-013-U018,canvas_asset_library,1,2025-12-15
FU-004899,ACC-013,Sterling Partners,ACC-013-U012,canvas_asset_library,1,2025-12-15
FU-004900,ACC-013,Sterling Partners,ACC-013-U003,canvas_asset_library,5,2025-12-22
FU-004901,ACC-013,Sterling Partners,ACC-013-U017,canvas_asset_library,4,2025-12-22
FU-004902,ACC-013,Sterling Partners,ACC-013-U002,canvas_asset_library,2,2025-12-22
FU-004903,ACC-013,Sterling Partners,ACC-013-U010,canvas_asset_library,2,2025-12-22
FU-004904,ACC-013,Sterling Partners,ACC-013-U009,canvas_asset_library,4,2025-12-22
FU-004905,ACC-013,Sterling Partners,ACC-013-U016,canvas_asset_library,1,2025-12-22
FU-004906,ACC-013,Sterling Partners,ACC-013-U016,canvas_asset_library,5,2025-12-29
FU-004907,ACC-013,Sterling Partners,ACC-013-U001,canvas_asset_library,5,2025-12-29
FU-004908,ACC-013,Sterling Partners,ACC-013-U002,canvas_asset_library,5,2026-01-05
FU-004909,ACC-013,Sterling Partners,ACC-013-U007,canvas_asset_library,5,2026-01-12
FU-004910,ACC-013,Sterling Partners,ACC-013-U008,canvas_asset_library,1,2026-01-12
FU-004911,ACC-013,Sterling Partners,ACC-013-U013,canvas_asset_library,4,2026-01-19
FU-004912,ACC-013,Sterling Partners,ACC-013-U010,canvas_asset_library,4,2026-01-19
FU-004913,ACC-013,Sterling Partners,ACC-013-U003,canvas_asset_library,7,2026-01-19
FU-004914,ACC-013,Sterling Partners,ACC-013-U002,canvas_asset_library,4,2026-01-19
FU-004915,ACC-013,Sterling Partners,ACC-013-U007,canvas_asset_library,1,2026-01-19
FU-004916,ACC-013,Sterling Partners,ACC-013-U017,canvas_asset_library,1,2026-01-19
FU-004917,ACC-013,Sterling Partners,ACC-013-U008,canvas_asset_library,7,2026-01-26
FU-004918,ACC-013,Sterling Partners,ACC-013-U009,canvas_asset_library,3,2026-02-02
FU-004919,ACC-013,Sterling Partners,ACC-013-U001,canvas_asset_library,3,2026-02-02
FU-004920,ACC-013,Sterling Partners,ACC-013-U008,canvas_asset_library,1,2026-02-02
FU-004921,ACC-013,Sterling Partners,ACC-013-U007,canvas_asset_library,1,2026-02-02
FU-004922,ACC-013,Sterling Partners,ACC-013-U005,canvas_asset_library,4,2026-02-09
FU-004923,ACC-013,Sterling Partners,ACC-013-U008,canvas_asset_library,7,2026-02-09
FU-004924,ACC-013,Sterling Partners,ACC-013-U003,canvas_asset_library,5,2026-02-09
FU-004925,ACC-013,Sterling Partners,ACC-013-U010,canvas_asset_library,1,2026-02-09
FU-004926,ACC-013,Sterling Partners,ACC-013-U001,canvas_asset_library,2,2026-02-09
FU-004927,ACC-013,Sterling Partners,ACC-013-U001,canvas_asset_library,3,2026-02-16
FU-004928,ACC-013,Sterling Partners,ACC-013-U012,canvas_asset_library,2,2026-02-16
FU-004929,ACC-013,Sterling Partners,ACC-013-U016,canvas_asset_library,3,2026-02-16
FU-004930,ACC-013,Sterling Partners,ACC-013-U018,canvas_asset_library,3,2026-02-23
FU-004931,ACC-013,Sterling Partners,ACC-013-U003,canvas_asset_library,6,2026-02-23
FU-004932,ACC-013,Sterling Partners,ACC-013-U016,canvas_asset_library,5,2026-02-23
FU-004933,ACC-013,Sterling Partners,ACC-013-U010,canvas_asset_library,3,2026-03-02
FU-004934,ACC-013,Sterling Partners,ACC-013-U001,canvas_asset_library,6,2026-03-02
FU-004935,ACC-013,Sterling Partners,ACC-013-U016,canvas_asset_library,4,2026-03-02
FU-004936,ACC-013,Sterling Partners,ACC-013-U018,canvas_asset_library,7,2026-03-02
FU-004937,ACC-013,Sterling Partners,ACC-013-U003,canvas_asset_library,3,2026-03-02
FU-004938,ACC-013,Sterling Partners,ACC-013-U011,canvas_asset_library,4,2026-03-09
FU-004939,ACC-014,Apex Marketing,ACC-014-U022,canvas_templates,4,2025-12-15
FU-004940,ACC-014,Apex Marketing,ACC-014-U012,canvas_templates,2,2025-12-15
FU-004941,ACC-014,Apex Marketing,ACC-014-U007,canvas_templates,3,2025-12-15
FU-004942,ACC-014,Apex Marketing,ACC-014-U034,canvas_templates,6,2025-12-15
FU-004943,ACC-014,Apex Marketing,ACC-014-U028,canvas_templates,2,2025-12-15
FU-004944,ACC-014,Apex Marketing,ACC-014-U010,canvas_templates,3,2025-12-15
FU-004945,ACC-014,Apex Marketing,ACC-014-U024,canvas_templates,3,2025-12-15
FU-004946,ACC-014,Apex Marketing,ACC-014-U008,canvas_templates,6,2025-12-15
FU-004947,ACC-014,Apex Marketing,ACC-014-U020,canvas_templates,1,2025-12-15
FU-004948,ACC-014,Apex Marketing,ACC-014-U037,canvas_templates,2,2025-12-15
FU-004949,ACC-014,Apex Marketing,ACC-014-U017,canvas_templates,4,2025-12-22
FU-004950,ACC-014,Apex Marketing,ACC-014-U010,canvas_templates,1,2025-12-22
FU-004951,ACC-014,Apex Marketing,ACC-014-U025,canvas_templates,5,2025-12-22
FU-004952,ACC-014,Apex Marketing,ACC-014-U038,canvas_templates,2,2025-12-22
FU-004953,ACC-014,Apex Marketing,ACC-014-U036,canvas_templates,7,2025-12-29
FU-004954,ACC-014,Apex Marketing,ACC-014-U014,canvas_templates,1,2025-12-29
FU-004955,ACC-014,Apex Marketing,ACC-014-U001,canvas_templates,1,2025-12-29
FU-004956,ACC-014,Apex Marketing,ACC-014-U017,canvas_templates,6,2025-12-29
FU-004957,ACC-014,Apex Marketing,ACC-014-U008,canvas_templates,5,2025-12-29
FU-004958,ACC-014,Apex Marketing,ACC-014-U002,canvas_templates,2,2025-12-29
FU-004959,ACC-014,Apex Marketing,ACC-014-U005,canvas_templates,2,2026-01-05
FU-004960,ACC-014,Apex Marketing,ACC-014-U011,canvas_templates,1,2026-01-12
FU-004961,ACC-014,Apex Marketing,ACC-014-U036,canvas_templates,7,2026-01-12
FU-004962,ACC-014,Apex Marketing,ACC-014-U025,canvas_templates,3,2026-01-12
FU-004963,ACC-014,Apex Marketing,ACC-014-U032,canvas_templates,4,2026-01-12
FU-004964,ACC-014,Apex Marketing,ACC-014-U021,canvas_templates,5,2026-01-12
FU-004965,ACC-014,Apex Marketing,ACC-014-U028,canvas_templates,1,2026-01-12
FU-004966,ACC-014,Apex Marketing,ACC-014-U026,canvas_templates,1,2026-01-12
FU-004967,ACC-014,Apex Marketing,ACC-014-U024,canvas_templates,3,2026-01-12
FU-004968,ACC-014,Apex Marketing,ACC-014-U018,canvas_templates,3,2026-01-12
FU-004969,ACC-014,Apex Marketing,ACC-014-U030,canvas_templates,1,2026-01-19
FU-004970,ACC-014,Apex Marketing,ACC-014-U033,canvas_templates,4,2026-01-19
FU-004971,ACC-014,Apex Marketing,ACC-014-U002,canvas_templates,4,2026-01-19
FU-004972,ACC-014,Apex Marketing,ACC-014-U031,canvas_templates,2,2026-01-26
FU-004973,ACC-014,Apex Marketing,ACC-014-U009,canvas_templates,5,2026-01-26
FU-004974,ACC-014,Apex Marketing,ACC-014-U037,canvas_templates,1,2026-01-26
FU-004975,ACC-014,Apex Marketing,ACC-014-U013,canvas_templates,3,2026-01-26
FU-004976,ACC-014,Apex Marketing,ACC-014-U005,canvas_templates,2,2026-01-26
FU-004977,ACC-014,Apex Marketing,ACC-014-U017,canvas_templates,5,2026-01-26
FU-004978,ACC-014,Apex Marketing,ACC-014-U032,canvas_templates,3,2026-02-02
FU-004979,ACC-014,Apex Marketing,ACC-014-U037,canvas_templates,2,2026-02-02
FU-004980,ACC-014,Apex Marketing,ACC-014-U028,canvas_templates,1,2026-02-02
FU-004981,ACC-014,Apex Marketing,ACC-014-U026,canvas_templates,3,2026-02-02
FU-004982,ACC-014,Apex Marketing,ACC-014-U030,canvas_templates,1,2026-02-02
FU-004983,ACC-014,Apex Marketing,ACC-014-U023,canvas_templates,1,2026-02-02
FU-004984,ACC-014,Apex Marketing,ACC-014-U006,canvas_templates,4,2026-02-02
FU-004985,ACC-014,Apex Marketing,ACC-014-U011,canvas_templates,5,2026-02-09
FU-004986,ACC-014,Apex Marketing,ACC-014-U015,canvas_templates,2,2026-02-09
FU-004987,ACC-014,Apex Marketing,ACC-014-U026,canvas_templates,5,2026-02-09
FU-004988,ACC-014,Apex Marketing,ACC-014-U025,canvas_templates,7,2026-02-09
FU-004989,ACC-014,Apex Marketing,ACC-014-U027,canvas_templates,6,2026-02-09
FU-004990,ACC-014,Apex Marketing,ACC-014-U016,canvas_templates,1,2026-02-09
FU-004991,ACC-014,Apex Marketing,ACC-014-U029,canvas_templates,5,2026-02-09
FU-004992,ACC-014,Apex Marketing,ACC-014-U018,canvas_templates,3,2026-02-09
FU-004993,ACC-014,Apex Marketing,ACC-014-U031,canvas_templates,6,2026-02-16
FU-004994,ACC-014,Apex Marketing,ACC-014-U017,canvas_templates,2,2026-02-16
FU-004995,ACC-014,Apex Marketing,ACC-014-U004,canvas_templates,5,2026-02-16
FU-004996,ACC-014,Apex Marketing,ACC-014-U037,canvas_templates,6,2026-02-16
FU-004997,ACC-014,Apex Marketing,ACC-014-U023,canvas_templates,3,2026-02-16
FU-004998,ACC-014,Apex Marketing,ACC-014-U002,canvas_templates,1,2026-02-16
FU-004999,ACC-014,Apex Marketing,ACC-014-U026,canvas_templates,2,2026-02-16
FU-005000,ACC-014,Apex Marketing,ACC-014-U032,canvas_templates,2,2026-02-16
FU-005001,ACC-014,Apex Marketing,ACC-014-U024,canvas_templates,2,2026-02-23
FU-005002,ACC-014,Apex Marketing,ACC-014-U028,canvas_templates,2,2026-02-23
FU-005003,ACC-014,Apex Marketing,ACC-014-U022,canvas_templates,3,2026-02-23
FU-005004,ACC-014,Apex Marketing,ACC-014-U012,canvas_templates,6,2026-02-23
FU-005005,ACC-014,Apex Marketing,ACC-014-U010,canvas_templates,3,2026-02-23
FU-005006,ACC-014,Apex Marketing,ACC-014-U030,canvas_templates,2,2026-02-23
FU-005007,ACC-014,Apex Marketing,ACC-014-U008,canvas_templates,1,2026-02-23
FU-005008,ACC-014,Apex Marketing,ACC-014-U013,canvas_templates,4,2026-03-02
FU-005009,ACC-014,Apex Marketing,ACC-014-U036,canvas_templates,3,2026-03-02
FU-005010,ACC-014,Apex Marketing,ACC-014-U016,canvas_templates,2,2026-03-02
FU-005011,ACC-014,Apex Marketing,ACC-014-U038,canvas_templates,2,2026-03-02
FU-005012,ACC-014,Apex Marketing,ACC-014-U022,canvas_templates,2,2026-03-02
FU-005013,ACC-014,Apex Marketing,ACC-014-U011,canvas_templates,3,2026-03-09
FU-005014,ACC-014,Apex Marketing,ACC-014-U025,canvas_templates,2,2026-03-09
FU-005015,ACC-014,Apex Marketing,ACC-014-U013,canvas_templates,2,2026-03-09
FU-005016,ACC-014,Apex Marketing,ACC-014-U007,canvas_templates,1,2026-03-09
FU-005017,ACC-014,Apex Marketing,ACC-014-U017,canvas_templates,1,2026-03-09
FU-005018,ACC-014,Apex Marketing,ACC-014-U006,canvas_templates,2,2026-03-09
FU-005019,ACC-014,Apex Marketing,ACC-014-U015,canvas_templates,6,2026-03-09
FU-005020,ACC-014,Apex Marketing,ACC-014-U038,canvas_templates,5,2026-03-09
FU-005021,ACC-014,Apex Marketing,ACC-014-U002,flow_approvals,1,2025-12-15
FU-005022,ACC-014,Apex Marketing,ACC-014-U005,flow_approvals,3,2025-12-15
FU-005023,ACC-014,Apex Marketing,ACC-014-U038,flow_approvals,5,2025-12-15
FU-005024,ACC-014,Apex Marketing,ACC-014-U025,flow_approvals,1,2025-12-15
FU-005025,ACC-014,Apex Marketing,ACC-014-U016,flow_approvals,4,2025-12-22
FU-005026,ACC-014,Apex Marketing,ACC-014-U030,flow_approvals,4,2025-12-22
FU-005027,ACC-014,Apex Marketing,ACC-014-U020,flow_approvals,1,2025-12-22
FU-005028,ACC-014,Apex Marketing,ACC-014-U027,flow_approvals,3,2025-12-22
FU-005029,ACC-014,Apex Marketing,ACC-014-U031,flow_approvals,4,2025-12-29
FU-005030,ACC-014,Apex Marketing,ACC-014-U013,flow_approvals,4,2025-12-29
FU-005031,ACC-014,Apex Marketing,ACC-014-U033,flow_approvals,2,2025-12-29
FU-005032,ACC-014,Apex Marketing,ACC-014-U020,flow_approvals,1,2025-12-29
FU-005033,ACC-014,Apex Marketing,ACC-014-U001,flow_approvals,3,2025-12-29
FU-005034,ACC-014,Apex Marketing,ACC-014-U034,flow_approvals,1,2025-12-29
FU-005035,ACC-014,Apex Marketing,ACC-014-U008,flow_approvals,1,2025-12-29
FU-005036,ACC-014,Apex Marketing,ACC-014-U003,flow_approvals,6,2025-12-29
FU-005037,ACC-014,Apex Marketing,ACC-014-U027,flow_approvals,2,2025-12-29
FU-005038,ACC-014,Apex Marketing,ACC-014-U002,flow_approvals,2,2025-12-29
FU-005039,ACC-014,Apex Marketing,ACC-014-U012,flow_approvals,5,2025-12-29
FU-005040,ACC-014,Apex Marketing,ACC-014-U005,flow_approvals,3,2025-12-29
FU-005041,ACC-014,Apex Marketing,ACC-014-U016,flow_approvals,4,2026-01-05
FU-005042,ACC-014,Apex Marketing,ACC-014-U034,flow_approvals,5,2026-01-05
FU-005043,ACC-014,Apex Marketing,ACC-014-U013,flow_approvals,5,2026-01-05
FU-005044,ACC-014,Apex Marketing,ACC-014-U030,flow_approvals,1,2026-01-05
FU-005045,ACC-014,Apex Marketing,ACC-014-U029,flow_approvals,1,2026-01-12
FU-005046,ACC-014,Apex Marketing,ACC-014-U026,flow_approvals,3,2026-01-12
FU-005047,ACC-014,Apex Marketing,ACC-014-U002,flow_approvals,2,2026-01-12
FU-005048,ACC-014,Apex Marketing,ACC-014-U013,flow_approvals,2,2026-01-12
FU-005049,ACC-014,Apex Marketing,ACC-014-U006,flow_approvals,2,2026-01-12
FU-005050,ACC-014,Apex Marketing,ACC-014-U003,flow_approvals,2,2026-01-12
FU-005051,ACC-014,Apex Marketing,ACC-014-U020,flow_approvals,1,2026-01-19
FU-005052,ACC-014,Apex Marketing,ACC-014-U006,flow_approvals,4,2026-01-19
FU-005053,ACC-014,Apex Marketing,ACC-014-U011,flow_approvals,3,2026-01-19
FU-005054,ACC-014,Apex Marketing,ACC-014-U031,flow_approvals,3,2026-01-19
FU-005055,ACC-014,Apex Marketing,ACC-014-U024,flow_approvals,2,2026-01-19
FU-005056,ACC-014,Apex Marketing,ACC-014-U013,flow_approvals,3,2026-01-26
FU-005057,ACC-014,Apex Marketing,ACC-014-U022,flow_approvals,5,2026-01-26
FU-005058,ACC-014,Apex Marketing,ACC-014-U011,flow_approvals,3,2026-01-26
FU-005059,ACC-014,Apex Marketing,ACC-014-U024,flow_approvals,2,2026-01-26
FU-005060,ACC-014,Apex Marketing,ACC-014-U005,flow_approvals,6,2026-01-26
FU-005061,ACC-014,Apex Marketing,ACC-014-U010,flow_approvals,1,2026-01-26
FU-005062,ACC-014,Apex Marketing,ACC-014-U001,flow_approvals,3,2026-01-26
FU-005063,ACC-014,Apex Marketing,ACC-014-U031,flow_approvals,5,2026-01-26
FU-005064,ACC-014,Apex Marketing,ACC-014-U020,flow_approvals,3,2026-01-26
FU-005065,ACC-014,Apex Marketing,ACC-014-U017,flow_approvals,2,2026-01-26
FU-005066,ACC-014,Apex Marketing,ACC-014-U015,flow_approvals,1,2026-01-26
FU-005067,ACC-014,Apex Marketing,ACC-014-U009,flow_approvals,5,2026-02-02
FU-005068,ACC-014,Apex Marketing,ACC-014-U034,flow_approvals,3,2026-02-02
FU-005069,ACC-014,Apex Marketing,ACC-014-U002,flow_approvals,3,2026-02-02
FU-005070,ACC-014,Apex Marketing,ACC-014-U026,flow_approvals,4,2026-02-09
FU-005071,ACC-014,Apex Marketing,ACC-014-U013,flow_approvals,2,2026-02-09
FU-005072,ACC-014,Apex Marketing,ACC-014-U035,flow_approvals,3,2026-02-09
FU-005073,ACC-014,Apex Marketing,ACC-014-U034,flow_approvals,5,2026-02-16
FU-005074,ACC-014,Apex Marketing,ACC-014-U022,flow_approvals,4,2026-02-23
FU-005075,ACC-014,Apex Marketing,ACC-014-U009,flow_approvals,7,2026-02-23
FU-005076,ACC-014,Apex Marketing,ACC-014-U029,flow_approvals,4,2026-02-23
FU-005077,ACC-014,Apex Marketing,ACC-014-U036,flow_approvals,2,2026-02-23
FU-005078,ACC-014,Apex Marketing,ACC-014-U035,flow_approvals,7,2026-03-02
FU-005079,ACC-014,Apex Marketing,ACC-014-U027,flow_approvals,4,2026-03-02
FU-005080,ACC-014,Apex Marketing,ACC-014-U013,flow_approvals,1,2026-03-02
FU-005081,ACC-014,Apex Marketing,ACC-014-U019,flow_approvals,3,2026-03-02
FU-005082,ACC-014,Apex Marketing,ACC-014-U006,flow_approvals,5,2026-03-02
FU-005083,ACC-014,Apex Marketing,ACC-014-U025,flow_approvals,3,2026-03-02
FU-005084,ACC-014,Apex Marketing,ACC-014-U009,flow_approvals,3,2026-03-02
FU-005085,ACC-014,Apex Marketing,ACC-014-U028,flow_approvals,1,2026-03-02
FU-005086,ACC-014,Apex Marketing,ACC-014-U018,flow_approvals,5,2026-03-02
FU-005087,ACC-014,Apex Marketing,ACC-014-U010,flow_approvals,3,2026-03-02
FU-005088,ACC-014,Apex Marketing,ACC-014-U035,flow_approvals,7,2026-03-09
FU-005089,ACC-014,Apex Marketing,ACC-014-U013,flow_approvals,2,2026-03-09
FU-005090,ACC-014,Apex Marketing,ACC-014-U035,flow_scheduled_tasks,2,2025-12-15
FU-005091,ACC-014,Apex Marketing,ACC-014-U023,flow_scheduled_tasks,1,2025-12-15
FU-005092,ACC-014,Apex Marketing,ACC-014-U013,flow_scheduled_tasks,5,2025-12-15
FU-005093,ACC-014,Apex Marketing,ACC-014-U034,flow_scheduled_tasks,4,2025-12-15
FU-005094,ACC-014,Apex Marketing,ACC-014-U015,flow_scheduled_tasks,4,2025-12-15
FU-005095,ACC-014,Apex Marketing,ACC-014-U036,flow_scheduled_tasks,1,2025-12-15
FU-005096,ACC-014,Apex Marketing,ACC-014-U021,flow_scheduled_tasks,4,2025-12-15
FU-005097,ACC-014,Apex Marketing,ACC-014-U016,flow_scheduled_tasks,5,2025-12-22
FU-005098,ACC-014,Apex Marketing,ACC-014-U007,flow_scheduled_tasks,2,2025-12-22
FU-005099,ACC-014,Apex Marketing,ACC-014-U035,flow_scheduled_tasks,1,2025-12-22
FU-005100,ACC-014,Apex Marketing,ACC-014-U038,flow_scheduled_tasks,6,2025-12-22
FU-005101,ACC-014,Apex Marketing,ACC-014-U024,flow_scheduled_tasks,3,2025-12-29
FU-005102,ACC-014,Apex Marketing,ACC-014-U027,flow_scheduled_tasks,1,2025-12-29
FU-005103,ACC-014,Apex Marketing,ACC-014-U033,flow_scheduled_tasks,1,2025-12-29
FU-005104,ACC-014,Apex Marketing,ACC-014-U031,flow_scheduled_tasks,1,2025-12-29
FU-005105,ACC-014,Apex Marketing,ACC-014-U025,flow_scheduled_tasks,2,2025-12-29
FU-005106,ACC-014,Apex Marketing,ACC-014-U030,flow_scheduled_tasks,5,2025-12-29
FU-005107,ACC-014,Apex Marketing,ACC-014-U034,flow_scheduled_tasks,2,2026-01-05
FU-005108,ACC-014,Apex Marketing,ACC-014-U027,flow_scheduled_tasks,6,2026-01-12
FU-005109,ACC-014,Apex Marketing,ACC-014-U028,flow_scheduled_tasks,6,2026-01-12
FU-005110,ACC-014,Apex Marketing,ACC-014-U023,flow_scheduled_tasks,3,2026-01-12
FU-005111,ACC-014,Apex Marketing,ACC-014-U010,flow_scheduled_tasks,2,2026-01-12
FU-005112,ACC-014,Apex Marketing,ACC-014-U008,flow_scheduled_tasks,5,2026-01-12
FU-005113,ACC-014,Apex Marketing,ACC-014-U025,flow_scheduled_tasks,5,2026-01-12
FU-005114,ACC-014,Apex Marketing,ACC-014-U014,flow_scheduled_tasks,3,2026-01-12
FU-005115,ACC-014,Apex Marketing,ACC-014-U034,flow_scheduled_tasks,8,2026-01-19
FU-005116,ACC-014,Apex Marketing,ACC-014-U002,flow_scheduled_tasks,5,2026-01-19
FU-005117,ACC-014,Apex Marketing,ACC-014-U008,flow_scheduled_tasks,2,2026-01-19
FU-005118,ACC-014,Apex Marketing,ACC-014-U025,flow_scheduled_tasks,1,2026-01-26
FU-005119,ACC-014,Apex Marketing,ACC-014-U020,flow_scheduled_tasks,3,2026-01-26
FU-005120,ACC-014,Apex Marketing,ACC-014-U004,flow_scheduled_tasks,3,2026-02-02
FU-005121,ACC-014,Apex Marketing,ACC-014-U024,flow_scheduled_tasks,1,2026-02-02
FU-005122,ACC-014,Apex Marketing,ACC-014-U031,flow_scheduled_tasks,3,2026-02-09
FU-005123,ACC-014,Apex Marketing,ACC-014-U036,flow_scheduled_tasks,6,2026-02-09
FU-005124,ACC-014,Apex Marketing,ACC-014-U034,flow_scheduled_tasks,4,2026-02-09
FU-005125,ACC-014,Apex Marketing,ACC-014-U009,flow_scheduled_tasks,3,2026-02-16
FU-005126,ACC-014,Apex Marketing,ACC-014-U025,flow_scheduled_tasks,7,2026-02-16
FU-005127,ACC-014,Apex Marketing,ACC-014-U012,flow_scheduled_tasks,4,2026-02-16
FU-005128,ACC-014,Apex Marketing,ACC-014-U029,flow_scheduled_tasks,2,2026-02-16
FU-005129,ACC-014,Apex Marketing,ACC-014-U002,flow_scheduled_tasks,2,2026-02-23
FU-005130,ACC-014,Apex Marketing,ACC-014-U028,flow_scheduled_tasks,4,2026-02-23
FU-005131,ACC-014,Apex Marketing,ACC-014-U030,flow_scheduled_tasks,6,2026-02-23
FU-005132,ACC-014,Apex Marketing,ACC-014-U003,flow_scheduled_tasks,3,2026-02-23
FU-005133,ACC-014,Apex Marketing,ACC-014-U031,flow_scheduled_tasks,6,2026-03-02
FU-005134,ACC-014,Apex Marketing,ACC-014-U011,flow_scheduled_tasks,1,2026-03-02
FU-005135,ACC-014,Apex Marketing,ACC-014-U026,flow_scheduled_tasks,4,2026-03-02
FU-005136,ACC-014,Apex Marketing,ACC-014-U007,flow_scheduled_tasks,1,2026-03-02
FU-005137,ACC-014,Apex Marketing,ACC-014-U035,flow_scheduled_tasks,1,2026-03-02
FU-005138,ACC-014,Apex Marketing,ACC-014-U004,flow_scheduled_tasks,1,2026-03-02
FU-005139,ACC-014,Apex Marketing,ACC-014-U021,flow_scheduled_tasks,3,2026-03-02
FU-005140,ACC-014,Apex Marketing,ACC-014-U032,flow_scheduled_tasks,7,2026-03-09
FU-005141,ACC-014,Apex Marketing,ACC-014-U016,flow_scheduled_tasks,2,2026-03-09
FU-005142,ACC-014,Apex Marketing,ACC-014-U026,flow_scheduled_tasks,1,2026-03-09
FU-005143,ACC-014,Apex Marketing,ACC-014-U022,flow_scheduled_tasks,4,2026-03-09
FU-005144,ACC-014,Apex Marketing,ACC-014-U031,canvas_brand_kit,3,2025-12-15
FU-005145,ACC-014,Apex Marketing,ACC-014-U014,canvas_brand_kit,6,2025-12-15
FU-005146,ACC-014,Apex Marketing,ACC-014-U008,canvas_brand_kit,3,2025-12-15
FU-005147,ACC-014,Apex Marketing,ACC-014-U005,canvas_brand_kit,4,2025-12-15
FU-005148,ACC-014,Apex Marketing,ACC-014-U006,canvas_brand_kit,2,2025-12-15
FU-005149,ACC-014,Apex Marketing,ACC-014-U011,canvas_brand_kit,4,2025-12-15
FU-005150,ACC-014,Apex Marketing,ACC-014-U032,canvas_brand_kit,5,2025-12-22
FU-005151,ACC-014,Apex Marketing,ACC-014-U007,canvas_brand_kit,1,2025-12-29
FU-005152,ACC-014,Apex Marketing,ACC-014-U015,canvas_brand_kit,2,2025-12-29
FU-005153,ACC-014,Apex Marketing,ACC-014-U036,canvas_brand_kit,4,2025-12-29
FU-005154,ACC-014,Apex Marketing,ACC-014-U022,canvas_brand_kit,8,2026-01-05
FU-005155,ACC-014,Apex Marketing,ACC-014-U026,canvas_brand_kit,3,2026-01-12
FU-005156,ACC-014,Apex Marketing,ACC-014-U016,canvas_brand_kit,4,2026-01-12
FU-005157,ACC-014,Apex Marketing,ACC-014-U021,canvas_brand_kit,4,2026-01-12
FU-005158,ACC-014,Apex Marketing,ACC-014-U019,canvas_brand_kit,1,2026-01-12
FU-005159,ACC-014,Apex Marketing,ACC-014-U028,canvas_brand_kit,4,2026-01-12
FU-005160,ACC-014,Apex Marketing,ACC-014-U012,canvas_brand_kit,4,2026-01-12
FU-005161,ACC-014,Apex Marketing,ACC-014-U028,canvas_brand_kit,4,2026-01-19
FU-005162,ACC-014,Apex Marketing,ACC-014-U025,canvas_brand_kit,4,2026-01-19
FU-005163,ACC-014,Apex Marketing,ACC-014-U015,canvas_brand_kit,4,2026-01-19
FU-005164,ACC-014,Apex Marketing,ACC-014-U002,canvas_brand_kit,5,2026-01-19
FU-005165,ACC-014,Apex Marketing,ACC-014-U029,canvas_brand_kit,2,2026-01-19
FU-005166,ACC-014,Apex Marketing,ACC-014-U018,canvas_brand_kit,2,2026-01-19
FU-005167,ACC-014,Apex Marketing,ACC-014-U034,canvas_brand_kit,7,2026-01-26
FU-005168,ACC-014,Apex Marketing,ACC-014-U002,canvas_brand_kit,3,2026-01-26
FU-005169,ACC-014,Apex Marketing,ACC-014-U031,canvas_brand_kit,3,2026-02-02
FU-005170,ACC-014,Apex Marketing,ACC-014-U004,canvas_brand_kit,5,2026-02-02
FU-005171,ACC-014,Apex Marketing,ACC-014-U027,canvas_brand_kit,3,2026-02-02
FU-005172,ACC-014,Apex Marketing,ACC-014-U002,canvas_brand_kit,7,2026-02-02
FU-005173,ACC-014,Apex Marketing,ACC-014-U013,canvas_brand_kit,2,2026-02-02
FU-005174,ACC-014,Apex Marketing,ACC-014-U005,canvas_brand_kit,4,2026-02-02
FU-005175,ACC-014,Apex Marketing,ACC-014-U014,canvas_brand_kit,5,2026-02-09
FU-005176,ACC-014,Apex Marketing,ACC-014-U013,canvas_brand_kit,3,2026-02-09
FU-005177,ACC-014,Apex Marketing,ACC-014-U036,canvas_brand_kit,1,2026-02-09
FU-005178,ACC-014,Apex Marketing,ACC-014-U006,canvas_brand_kit,1,2026-02-09
FU-005179,ACC-014,Apex Marketing,ACC-014-U017,canvas_brand_kit,1,2026-02-09
FU-005180,ACC-014,Apex Marketing,ACC-014-U022,canvas_brand_kit,4,2026-02-09
FU-005181,ACC-014,Apex Marketing,ACC-014-U022,canvas_brand_kit,1,2026-02-16
FU-005182,ACC-014,Apex Marketing,ACC-014-U011,canvas_brand_kit,7,2026-02-16
FU-005183,ACC-014,Apex Marketing,ACC-014-U016,canvas_brand_kit,3,2026-02-16
FU-005184,ACC-014,Apex Marketing,ACC-014-U034,canvas_brand_kit,1,2026-02-16
FU-005185,ACC-014,Apex Marketing,ACC-014-U038,canvas_brand_kit,3,2026-02-16
FU-005186,ACC-014,Apex Marketing,ACC-014-U029,canvas_brand_kit,2,2026-02-16
FU-005187,ACC-014,Apex Marketing,ACC-014-U010,canvas_brand_kit,5,2026-02-16
FU-005188,ACC-014,Apex Marketing,ACC-014-U029,canvas_brand_kit,5,2026-02-23
FU-005189,ACC-014,Apex Marketing,ACC-014-U002,canvas_brand_kit,4,2026-02-23
FU-005190,ACC-014,Apex Marketing,ACC-014-U038,canvas_brand_kit,3,2026-02-23
FU-005191,ACC-014,Apex Marketing,ACC-014-U020,canvas_brand_kit,5,2026-03-02
FU-005192,ACC-014,Apex Marketing,ACC-014-U026,canvas_brand_kit,1,2026-03-02
FU-005193,ACC-014,Apex Marketing,ACC-014-U019,canvas_brand_kit,2,2026-03-02
FU-005194,ACC-014,Apex Marketing,ACC-014-U015,canvas_brand_kit,1,2026-03-09
FU-005195,ACC-014,Apex Marketing,ACC-014-U037,canvas_brand_kit,1,2026-03-09
FU-005196,ACC-014,Apex Marketing,ACC-014-U022,canvas_brand_kit,1,2026-03-09
FU-005197,ACC-014,Apex Marketing,ACC-014-U009,flow_conditional_routing,2,2025-12-15
FU-005198,ACC-014,Apex Marketing,ACC-014-U028,flow_conditional_routing,7,2025-12-15
FU-005199,ACC-014,Apex Marketing,ACC-014-U008,flow_conditional_routing,4,2025-12-22
FU-005200,ACC-014,Apex Marketing,ACC-014-U020,flow_conditional_routing,5,2025-12-29
FU-005201,ACC-014,Apex Marketing,ACC-014-U035,flow_conditional_routing,1,2025-12-29
FU-005202,ACC-014,Apex Marketing,ACC-014-U015,flow_conditional_routing,1,2025-12-29
FU-005203,ACC-014,Apex Marketing,ACC-014-U025,flow_conditional_routing,3,2025-12-29
FU-005204,ACC-014,Apex Marketing,ACC-014-U022,flow_conditional_routing,7,2025-12-29
FU-005205,ACC-014,Apex Marketing,ACC-014-U004,flow_conditional_routing,1,2026-01-05
FU-005206,ACC-014,Apex Marketing,ACC-014-U038,flow_conditional_routing,6,2026-01-12
FU-005207,ACC-014,Apex Marketing,ACC-014-U005,flow_conditional_routing,1,2026-01-12
FU-005208,ACC-014,Apex Marketing,ACC-014-U013,flow_conditional_routing,5,2026-01-12
FU-005209,ACC-014,Apex Marketing,ACC-014-U019,flow_conditional_routing,2,2026-01-12
FU-005210,ACC-014,Apex Marketing,ACC-014-U027,flow_conditional_routing,4,2026-01-12
FU-005211,ACC-014,Apex Marketing,ACC-014-U003,flow_conditional_routing,5,2026-01-12
FU-005212,ACC-014,Apex Marketing,ACC-014-U020,flow_conditional_routing,5,2026-01-19
FU-005213,ACC-014,Apex Marketing,ACC-014-U031,flow_conditional_routing,4,2026-01-19
FU-005214,ACC-014,Apex Marketing,ACC-014-U009,flow_conditional_routing,5,2026-01-19
FU-005215,ACC-014,Apex Marketing,ACC-014-U027,flow_conditional_routing,5,2026-01-19
FU-005216,ACC-014,Apex Marketing,ACC-014-U032,flow_conditional_routing,4,2026-01-19
FU-005217,ACC-014,Apex Marketing,ACC-014-U029,flow_conditional_routing,1,2026-01-26
FU-005218,ACC-014,Apex Marketing,ACC-014-U032,flow_conditional_routing,2,2026-01-26
FU-005219,ACC-014,Apex Marketing,ACC-014-U010,flow_conditional_routing,1,2026-01-26
FU-005220,ACC-014,Apex Marketing,ACC-014-U031,flow_conditional_routing,2,2026-01-26
FU-005221,ACC-014,Apex Marketing,ACC-014-U022,flow_conditional_routing,5,2026-01-26
FU-005222,ACC-014,Apex Marketing,ACC-014-U013,flow_conditional_routing,4,2026-01-26
FU-005223,ACC-014,Apex Marketing,ACC-014-U009,flow_conditional_routing,4,2026-02-02
FU-005224,ACC-014,Apex Marketing,ACC-014-U007,flow_conditional_routing,3,2026-02-02
FU-005225,ACC-014,Apex Marketing,ACC-014-U035,flow_conditional_routing,4,2026-02-02
FU-005226,ACC-014,Apex Marketing,ACC-014-U007,flow_conditional_routing,1,2026-02-09
FU-005227,ACC-014,Apex Marketing,ACC-014-U026,flow_conditional_routing,6,2026-02-09
FU-005228,ACC-014,Apex Marketing,ACC-014-U013,flow_conditional_routing,2,2026-02-16
FU-005229,ACC-014,Apex Marketing,ACC-014-U032,flow_conditional_routing,1,2026-02-16
FU-005230,ACC-014,Apex Marketing,ACC-014-U016,flow_conditional_routing,1,2026-02-23
FU-005231,ACC-014,Apex Marketing,ACC-014-U020,flow_conditional_routing,2,2026-02-23
FU-005232,ACC-014,Apex Marketing,ACC-014-U009,flow_conditional_routing,5,2026-02-23
FU-005233,ACC-014,Apex Marketing,ACC-014-U002,flow_conditional_routing,5,2026-02-23
FU-005234,ACC-014,Apex Marketing,ACC-014-U011,flow_conditional_routing,3,2026-03-02
FU-005235,ACC-014,Apex Marketing,ACC-014-U026,flow_conditional_routing,5,2026-03-02
FU-005236,ACC-014,Apex Marketing,ACC-014-U029,flow_conditional_routing,3,2026-03-02
FU-005237,ACC-014,Apex Marketing,ACC-014-U021,flow_conditional_routing,5,2026-03-02
FU-005238,ACC-014,Apex Marketing,ACC-014-U035,flow_conditional_routing,7,2026-03-09
FU-005239,ACC-014,Apex Marketing,ACC-014-U001,flow_conditional_routing,6,2026-03-09
FU-005240,ACC-014,Apex Marketing,ACC-014-U024,flow_conditional_routing,5,2026-03-09
FU-005241,ACC-014,Apex Marketing,ACC-014-U016,flow_conditional_routing,5,2026-03-09
FU-005242,ACC-014,Apex Marketing,ACC-014-U003,flow_conditional_routing,1,2026-03-09
FU-005243,ACC-014,Apex Marketing,ACC-014-U013,flow_conditional_routing,7,2026-03-09
FU-005244,ACC-014,Apex Marketing,ACC-014-U026,flow_conditional_routing,1,2026-03-09
FU-005245,ACC-014,Apex Marketing,ACC-014-U007,flow_integrations,6,2025-12-15
FU-005246,ACC-014,Apex Marketing,ACC-014-U001,flow_integrations,5,2025-12-15
FU-005247,ACC-014,Apex Marketing,ACC-014-U002,flow_integrations,4,2025-12-15
FU-005248,ACC-014,Apex Marketing,ACC-014-U036,flow_integrations,3,2025-12-22
FU-005249,ACC-014,Apex Marketing,ACC-014-U031,flow_integrations,4,2025-12-22
FU-005250,ACC-014,Apex Marketing,ACC-014-U011,flow_integrations,4,2025-12-22
FU-005251,ACC-014,Apex Marketing,ACC-014-U026,flow_integrations,5,2025-12-22
FU-005252,ACC-014,Apex Marketing,ACC-014-U018,flow_integrations,2,2025-12-22
FU-005253,ACC-014,Apex Marketing,ACC-014-U027,flow_integrations,3,2025-12-22
FU-005254,ACC-014,Apex Marketing,ACC-014-U016,flow_integrations,3,2025-12-29
FU-005255,ACC-014,Apex Marketing,ACC-014-U022,flow_integrations,3,2025-12-29
FU-005256,ACC-014,Apex Marketing,ACC-014-U017,flow_integrations,2,2025-12-29
FU-005257,ACC-014,Apex Marketing,ACC-014-U006,flow_integrations,2,2025-12-29
FU-005258,ACC-014,Apex Marketing,ACC-014-U024,flow_integrations,3,2025-12-29
FU-005259,ACC-014,Apex Marketing,ACC-014-U032,flow_integrations,5,2025-12-29
FU-005260,ACC-014,Apex Marketing,ACC-014-U021,flow_integrations,1,2026-01-05
FU-005261,ACC-014,Apex Marketing,ACC-014-U035,flow_integrations,1,2026-01-05
FU-005262,ACC-014,Apex Marketing,ACC-014-U021,flow_integrations,2,2026-01-12
FU-005263,ACC-014,Apex Marketing,ACC-014-U032,flow_integrations,2,2026-01-12
FU-005264,ACC-014,Apex Marketing,ACC-014-U020,flow_integrations,2,2026-01-12
FU-005265,ACC-014,Apex Marketing,ACC-014-U028,flow_integrations,2,2026-01-12
FU-005266,ACC-014,Apex Marketing,ACC-014-U038,flow_integrations,1,2026-01-12
FU-005267,ACC-014,Apex Marketing,ACC-014-U006,flow_integrations,4,2026-01-12
FU-005268,ACC-014,Apex Marketing,ACC-014-U002,flow_integrations,6,2026-01-19
FU-005269,ACC-014,Apex Marketing,ACC-014-U014,flow_integrations,2,2026-01-19
FU-005270,ACC-014,Apex Marketing,ACC-014-U012,flow_integrations,1,2026-01-19
FU-005271,ACC-014,Apex Marketing,ACC-014-U036,flow_integrations,6,2026-01-19
FU-005272,ACC-014,Apex Marketing,ACC-014-U031,flow_integrations,1,2026-01-26
FU-005273,ACC-014,Apex Marketing,ACC-014-U036,flow_integrations,2,2026-01-26
FU-005274,ACC-014,Apex Marketing,ACC-014-U020,flow_integrations,4,2026-01-26
FU-005275,ACC-014,Apex Marketing,ACC-014-U007,flow_integrations,3,2026-01-26
FU-005276,ACC-014,Apex Marketing,ACC-014-U032,flow_integrations,2,2026-01-26
FU-005277,ACC-014,Apex Marketing,ACC-014-U009,flow_integrations,1,2026-01-26
FU-005278,ACC-014,Apex Marketing,ACC-014-U001,flow_integrations,2,2026-02-02
FU-005279,ACC-014,Apex Marketing,ACC-014-U034,flow_integrations,1,2026-02-02
FU-005280,ACC-014,Apex Marketing,ACC-014-U011,flow_integrations,9,2026-02-02
FU-005281,ACC-014,Apex Marketing,ACC-014-U014,flow_integrations,4,2026-02-02
FU-005282,ACC-014,Apex Marketing,ACC-014-U007,flow_integrations,3,2026-02-02
FU-005283,ACC-014,Apex Marketing,ACC-014-U023,flow_integrations,6,2026-02-09
FU-005284,ACC-014,Apex Marketing,ACC-014-U010,flow_integrations,4,2026-02-09
FU-005285,ACC-014,Apex Marketing,ACC-014-U034,flow_integrations,1,2026-02-16
FU-005286,ACC-014,Apex Marketing,ACC-014-U002,flow_integrations,2,2026-02-16
FU-005287,ACC-014,Apex Marketing,ACC-014-U019,flow_integrations,4,2026-02-16
FU-005288,ACC-014,Apex Marketing,ACC-014-U011,flow_integrations,2,2026-02-16
FU-005289,ACC-014,Apex Marketing,ACC-014-U027,flow_integrations,1,2026-02-16
FU-005290,ACC-014,Apex Marketing,ACC-014-U003,flow_integrations,5,2026-02-16
FU-005291,ACC-014,Apex Marketing,ACC-014-U038,flow_integrations,4,2026-02-23
FU-005292,ACC-014,Apex Marketing,ACC-014-U029,flow_integrations,3,2026-02-23
FU-005293,ACC-014,Apex Marketing,ACC-014-U033,flow_integrations,4,2026-02-23
FU-005294,ACC-014,Apex Marketing,ACC-014-U022,flow_integrations,4,2026-02-23
FU-005295,ACC-014,Apex Marketing,ACC-014-U003,flow_integrations,6,2026-02-23
FU-005296,ACC-014,Apex Marketing,ACC-014-U028,flow_integrations,6,2026-02-23
FU-005297,ACC-014,Apex Marketing,ACC-014-U035,flow_integrations,1,2026-03-02
FU-005298,ACC-014,Apex Marketing,ACC-014-U034,flow_integrations,4,2026-03-02
FU-005299,ACC-014,Apex Marketing,ACC-014-U006,flow_integrations,1,2026-03-02
FU-005300,ACC-014,Apex Marketing,ACC-014-U028,flow_integrations,3,2026-03-02
FU-005301,ACC-014,Apex Marketing,ACC-014-U012,flow_integrations,4,2026-03-02
FU-005302,ACC-014,Apex Marketing,ACC-014-U026,flow_integrations,2,2026-03-02
FU-005303,ACC-014,Apex Marketing,ACC-014-U015,flow_integrations,2,2026-03-09
FU-005304,ACC-014,Apex Marketing,ACC-014-U034,flow_integrations,4,2026-03-09
FU-005305,ACC-014,Apex Marketing,ACC-014-U019,flow_integrations,5,2026-03-09
FU-005306,ACC-014,Apex Marketing,ACC-014-U020,canvas_comments,5,2025-12-15
FU-005307,ACC-014,Apex Marketing,ACC-014-U024,canvas_comments,5,2025-12-15
FU-005308,ACC-014,Apex Marketing,ACC-014-U030,canvas_comments,1,2025-12-15
FU-005309,ACC-014,Apex Marketing,ACC-014-U029,canvas_comments,5,2025-12-22
FU-005310,ACC-014,Apex Marketing,ACC-014-U020,canvas_comments,2,2025-12-29
FU-005311,ACC-014,Apex Marketing,ACC-014-U005,canvas_comments,5,2025-12-29
FU-005312,ACC-014,Apex Marketing,ACC-014-U024,canvas_comments,2,2025-12-29
FU-005313,ACC-014,Apex Marketing,ACC-014-U017,canvas_comments,5,2026-01-05
FU-005314,ACC-014,Apex Marketing,ACC-014-U035,canvas_comments,4,2026-01-12
FU-005315,ACC-014,Apex Marketing,ACC-014-U014,canvas_comments,2,2026-01-12
FU-005316,ACC-014,Apex Marketing,ACC-014-U005,canvas_comments,1,2026-01-12
FU-005317,ACC-014,Apex Marketing,ACC-014-U015,canvas_comments,4,2026-01-12
FU-005318,ACC-014,Apex Marketing,ACC-014-U010,canvas_comments,1,2026-01-12
FU-005319,ACC-014,Apex Marketing,ACC-014-U007,canvas_comments,1,2026-01-12
FU-005320,ACC-014,Apex Marketing,ACC-014-U008,canvas_comments,1,2026-01-12
FU-005321,ACC-014,Apex Marketing,ACC-014-U007,canvas_comments,4,2026-01-19
FU-005322,ACC-014,Apex Marketing,ACC-014-U001,canvas_comments,4,2026-01-19
FU-005323,ACC-014,Apex Marketing,ACC-014-U004,canvas_comments,5,2026-01-19
FU-005324,ACC-014,Apex Marketing,ACC-014-U032,canvas_comments,2,2026-01-19
FU-005325,ACC-014,Apex Marketing,ACC-014-U005,canvas_comments,2,2026-01-26
FU-005326,ACC-014,Apex Marketing,ACC-014-U027,canvas_comments,1,2026-01-26
FU-005327,ACC-014,Apex Marketing,ACC-014-U019,canvas_comments,7,2026-01-26
FU-005328,ACC-014,Apex Marketing,ACC-014-U004,canvas_comments,4,2026-01-26
FU-005329,ACC-014,Apex Marketing,ACC-014-U036,canvas_comments,7,2026-02-02
FU-005330,ACC-014,Apex Marketing,ACC-014-U019,canvas_comments,6,2026-02-02
FU-005331,ACC-014,Apex Marketing,ACC-014-U023,canvas_comments,3,2026-02-02
FU-005332,ACC-014,Apex Marketing,ACC-014-U009,canvas_comments,3,2026-02-09
FU-005333,ACC-014,Apex Marketing,ACC-014-U017,canvas_comments,5,2026-02-09
FU-005334,ACC-014,Apex Marketing,ACC-014-U011,canvas_comments,4,2026-02-09
FU-005335,ACC-014,Apex Marketing,ACC-014-U035,canvas_comments,6,2026-02-09
FU-005336,ACC-014,Apex Marketing,ACC-014-U005,canvas_comments,1,2026-02-09
FU-005337,ACC-014,Apex Marketing,ACC-014-U031,canvas_comments,2,2026-02-16
FU-005338,ACC-014,Apex Marketing,ACC-014-U011,canvas_comments,3,2026-02-16
FU-005339,ACC-014,Apex Marketing,ACC-014-U018,canvas_comments,6,2026-02-16
FU-005340,ACC-014,Apex Marketing,ACC-014-U032,canvas_comments,7,2026-02-23
FU-005341,ACC-014,Apex Marketing,ACC-014-U020,canvas_comments,3,2026-02-23
FU-005342,ACC-014,Apex Marketing,ACC-014-U036,canvas_comments,5,2026-02-23
FU-005343,ACC-014,Apex Marketing,ACC-014-U014,canvas_comments,1,2026-03-02
FU-005344,ACC-014,Apex Marketing,ACC-014-U032,canvas_comments,1,2026-03-02
FU-005345,ACC-014,Apex Marketing,ACC-014-U023,canvas_comments,3,2026-03-02
FU-005346,ACC-014,Apex Marketing,ACC-014-U012,canvas_comments,5,2026-03-09
FU-005347,ACC-014,Apex Marketing,ACC-014-U014,canvas_comments,1,2026-03-09
FU-005348,ACC-014,Apex Marketing,ACC-014-U036,canvas_comments,3,2026-03-09
FU-005349,ACC-014,Apex Marketing,ACC-014-U035,canvas_comments,3,2026-03-09
FU-005350,ACC-014,Apex Marketing,ACC-014-U006,canvas_comments,6,2026-03-09
FU-005351,ACC-014,Apex Marketing,ACC-014-U033,canvas_comments,3,2026-03-09
FU-005352,ACC-014,Apex Marketing,ACC-014-U009,canvas_asset_library,1,2025-12-15
FU-005353,ACC-014,Apex Marketing,ACC-014-U012,canvas_asset_library,1,2025-12-15
FU-005354,ACC-014,Apex Marketing,ACC-014-U020,canvas_asset_library,3,2025-12-15
FU-005355,ACC-014,Apex Marketing,ACC-014-U030,canvas_asset_library,2,2025-12-15
FU-005356,ACC-014,Apex Marketing,ACC-014-U027,canvas_asset_library,1,2025-12-15
FU-005357,ACC-014,Apex Marketing,ACC-014-U003,canvas_asset_library,4,2025-12-15
FU-005358,ACC-014,Apex Marketing,ACC-014-U021,canvas_asset_library,4,2025-12-22
FU-005359,ACC-014,Apex Marketing,ACC-014-U027,canvas_asset_library,1,2025-12-29
FU-005360,ACC-014,Apex Marketing,ACC-014-U013,canvas_asset_library,3,2025-12-29
FU-005361,ACC-014,Apex Marketing,ACC-014-U028,canvas_asset_library,4,2025-12-29
FU-005362,ACC-014,Apex Marketing,ACC-014-U001,canvas_asset_library,5,2026-01-05
FU-005363,ACC-014,Apex Marketing,ACC-014-U028,canvas_asset_library,5,2026-01-05
FU-005364,ACC-014,Apex Marketing,ACC-014-U010,canvas_asset_library,1,2026-01-05
FU-005365,ACC-014,Apex Marketing,ACC-014-U019,canvas_asset_library,6,2026-01-05
FU-005366,ACC-014,Apex Marketing,ACC-014-U032,canvas_asset_library,3,2026-01-12
FU-005367,ACC-014,Apex Marketing,ACC-014-U009,canvas_asset_library,3,2026-01-12
FU-005368,ACC-014,Apex Marketing,ACC-014-U025,canvas_asset_library,5,2026-01-19
FU-005369,ACC-014,Apex Marketing,ACC-014-U038,canvas_asset_library,6,2026-01-19
FU-005370,ACC-014,Apex Marketing,ACC-014-U035,canvas_asset_library,4,2026-01-19
FU-005371,ACC-014,Apex Marketing,ACC-014-U032,canvas_asset_library,1,2026-01-19
FU-005372,ACC-014,Apex Marketing,ACC-014-U021,canvas_asset_library,2,2026-01-19
FU-005373,ACC-014,Apex Marketing,ACC-014-U013,canvas_asset_library,2,2026-01-26
FU-005374,ACC-014,Apex Marketing,ACC-014-U015,canvas_asset_library,4,2026-01-26
FU-005375,ACC-014,Apex Marketing,ACC-014-U026,canvas_asset_library,7,2026-01-26
FU-005376,ACC-014,Apex Marketing,ACC-014-U014,canvas_asset_library,6,2026-01-26
FU-005377,ACC-014,Apex Marketing,ACC-014-U028,canvas_asset_library,3,2026-01-26
FU-005378,ACC-014,Apex Marketing,ACC-014-U002,canvas_asset_library,1,2026-01-26
FU-005379,ACC-014,Apex Marketing,ACC-014-U005,canvas_asset_library,1,2026-01-26
FU-005380,ACC-014,Apex Marketing,ACC-014-U037,canvas_asset_library,5,2026-02-02
FU-005381,ACC-014,Apex Marketing,ACC-014-U018,canvas_asset_library,6,2026-02-09
FU-005382,ACC-014,Apex Marketing,ACC-014-U022,canvas_asset_library,3,2026-02-09
FU-005383,ACC-014,Apex Marketing,ACC-014-U024,canvas_asset_library,4,2026-02-09
FU-005384,ACC-014,Apex Marketing,ACC-014-U030,canvas_asset_library,3,2026-02-16
FU-005385,ACC-014,Apex Marketing,ACC-014-U038,canvas_asset_library,7,2026-02-16
FU-005386,ACC-014,Apex Marketing,ACC-014-U020,canvas_asset_library,6,2026-02-16
FU-005387,ACC-014,Apex Marketing,ACC-014-U006,canvas_asset_library,4,2026-02-16
FU-005388,ACC-014,Apex Marketing,ACC-014-U033,canvas_asset_library,2,2026-02-16
FU-005389,ACC-014,Apex Marketing,ACC-014-U019,canvas_asset_library,7,2026-02-16
FU-005390,ACC-014,Apex Marketing,ACC-014-U024,canvas_asset_library,4,2026-02-23
FU-005391,ACC-014,Apex Marketing,ACC-014-U009,canvas_asset_library,3,2026-02-23
FU-005392,ACC-014,Apex Marketing,ACC-014-U015,canvas_asset_library,2,2026-02-23
FU-005393,ACC-014,Apex Marketing,ACC-014-U026,canvas_asset_library,2,2026-03-02
FU-005394,ACC-014,Apex Marketing,ACC-014-U038,canvas_asset_library,5,2026-03-02
FU-005395,ACC-014,Apex Marketing,ACC-014-U032,canvas_asset_library,4,2026-03-02
FU-005396,ACC-014,Apex Marketing,ACC-014-U013,canvas_asset_library,4,2026-03-02
FU-005397,ACC-014,Apex Marketing,ACC-014-U004,canvas_asset_library,1,2026-03-02
FU-005398,ACC-014,Apex Marketing,ACC-014-U015,canvas_asset_library,7,2026-03-09
FU-005399,ACC-014,Apex Marketing,ACC-014-U009,canvas_asset_library,4,2026-03-09
FU-005400,ACC-014,Apex Marketing,ACC-014-U028,canvas_asset_library,3,2026-03-09
FU-005401,ACC-014,Apex Marketing,ACC-014-U006,canvas_asset_library,1,2026-03-09
FU-005402,ACC-014,Apex Marketing,ACC-014-U026,canvas_asset_library,2,2026-03-09
FU-005403,ACC-014,Apex Marketing,ACC-014-U005,canvas_asset_library,2,2026-03-09
FU-005404,ACC-014,Apex Marketing,ACC-014-U030,canvas_asset_library,2,2026-03-09
FU-005405,ACC-015,Cobalt Aerospace,ACC-015-U009,canvas_collab_edit,5,2025-12-15
FU-005406,ACC-015,Cobalt Aerospace,ACC-015-U052,canvas_collab_edit,4,2025-12-15
FU-005407,ACC-015,Cobalt Aerospace,ACC-015-U037,canvas_collab_edit,2,2025-12-15
FU-005408,ACC-015,Cobalt Aerospace,ACC-015-U027,canvas_collab_edit,4,2025-12-15
FU-005409,ACC-015,Cobalt Aerospace,ACC-015-U042,canvas_collab_edit,7,2025-12-15
FU-005410,ACC-015,Cobalt Aerospace,ACC-015-U055,canvas_collab_edit,1,2025-12-15
FU-005411,ACC-015,Cobalt Aerospace,ACC-015-U050,canvas_collab_edit,2,2025-12-22
FU-005412,ACC-015,Cobalt Aerospace,ACC-015-U011,canvas_collab_edit,2,2025-12-29
FU-005413,ACC-015,Cobalt Aerospace,ACC-015-U029,canvas_collab_edit,4,2025-12-29
FU-005414,ACC-015,Cobalt Aerospace,ACC-015-U006,canvas_collab_edit,1,2025-12-29
FU-005415,ACC-015,Cobalt Aerospace,ACC-015-U043,canvas_collab_edit,6,2025-12-29
FU-005416,ACC-015,Cobalt Aerospace,ACC-015-U055,canvas_collab_edit,1,2025-12-29
FU-005417,ACC-015,Cobalt Aerospace,ACC-015-U048,canvas_collab_edit,2,2025-12-29
FU-005418,ACC-015,Cobalt Aerospace,ACC-015-U026,canvas_collab_edit,4,2026-01-05
FU-005419,ACC-015,Cobalt Aerospace,ACC-015-U049,canvas_collab_edit,5,2026-01-05
FU-005420,ACC-015,Cobalt Aerospace,ACC-015-U035,canvas_collab_edit,3,2026-01-05
FU-005421,ACC-015,Cobalt Aerospace,ACC-015-U030,canvas_collab_edit,1,2026-01-05
FU-005422,ACC-015,Cobalt Aerospace,ACC-015-U012,canvas_collab_edit,4,2026-01-05
FU-005423,ACC-015,Cobalt Aerospace,ACC-015-U024,canvas_collab_edit,3,2026-01-05
FU-005424,ACC-015,Cobalt Aerospace,ACC-015-U047,canvas_collab_edit,8,2026-01-12
FU-005425,ACC-015,Cobalt Aerospace,ACC-015-U049,canvas_collab_edit,4,2026-01-12
FU-005426,ACC-015,Cobalt Aerospace,ACC-015-U055,canvas_collab_edit,2,2026-01-12
FU-005427,ACC-015,Cobalt Aerospace,ACC-015-U005,canvas_collab_edit,5,2026-01-12
FU-005428,ACC-015,Cobalt Aerospace,ACC-015-U027,canvas_collab_edit,3,2026-01-12
FU-005429,ACC-015,Cobalt Aerospace,ACC-015-U006,canvas_collab_edit,5,2026-01-19
FU-005430,ACC-015,Cobalt Aerospace,ACC-015-U009,canvas_collab_edit,5,2026-01-19
FU-005431,ACC-015,Cobalt Aerospace,ACC-015-U030,canvas_collab_edit,1,2026-01-19
FU-005432,ACC-015,Cobalt Aerospace,ACC-015-U032,canvas_collab_edit,4,2026-01-19
FU-005433,ACC-015,Cobalt Aerospace,ACC-015-U014,canvas_collab_edit,5,2026-01-19
FU-005434,ACC-015,Cobalt Aerospace,ACC-015-U031,canvas_collab_edit,1,2026-01-26
FU-005435,ACC-015,Cobalt Aerospace,ACC-015-U035,canvas_collab_edit,1,2026-01-26
FU-005436,ACC-015,Cobalt Aerospace,ACC-015-U039,canvas_collab_edit,3,2026-01-26
FU-005437,ACC-015,Cobalt Aerospace,ACC-015-U042,canvas_collab_edit,1,2026-01-26
FU-005438,ACC-015,Cobalt Aerospace,ACC-015-U050,canvas_collab_edit,3,2026-01-26
FU-005439,ACC-015,Cobalt Aerospace,ACC-015-U017,canvas_collab_edit,1,2026-01-26
FU-005440,ACC-015,Cobalt Aerospace,ACC-015-U013,canvas_collab_edit,3,2026-01-26
FU-005441,ACC-015,Cobalt Aerospace,ACC-015-U018,canvas_collab_edit,6,2026-02-02
FU-005442,ACC-015,Cobalt Aerospace,ACC-015-U047,canvas_collab_edit,4,2026-02-09
FU-005443,ACC-015,Cobalt Aerospace,ACC-015-U035,canvas_collab_edit,3,2026-02-16
FU-005444,ACC-015,Cobalt Aerospace,ACC-015-U001,canvas_collab_edit,1,2026-02-16
FU-005445,ACC-015,Cobalt Aerospace,ACC-015-U053,canvas_collab_edit,3,2026-02-16
FU-005446,ACC-015,Cobalt Aerospace,ACC-015-U029,canvas_collab_edit,4,2026-02-23
FU-005447,ACC-015,Cobalt Aerospace,ACC-015-U004,canvas_collab_edit,1,2026-02-23
FU-005448,ACC-015,Cobalt Aerospace,ACC-015-U024,canvas_collab_edit,2,2026-02-23
FU-005449,ACC-015,Cobalt Aerospace,ACC-015-U051,canvas_collab_edit,3,2026-03-02
FU-005450,ACC-015,Cobalt Aerospace,ACC-015-U036,canvas_collab_edit,5,2026-03-02
FU-005451,ACC-015,Cobalt Aerospace,ACC-015-U030,canvas_collab_edit,1,2026-03-02
FU-005452,ACC-015,Cobalt Aerospace,ACC-015-U022,canvas_collab_edit,1,2026-03-02
FU-005453,ACC-015,Cobalt Aerospace,ACC-015-U013,canvas_collab_edit,4,2026-03-02
FU-005454,ACC-015,Cobalt Aerospace,ACC-015-U045,canvas_collab_edit,5,2026-03-02
FU-005455,ACC-015,Cobalt Aerospace,ACC-015-U025,canvas_collab_edit,2,2026-03-09
FU-005456,ACC-015,Cobalt Aerospace,ACC-015-U053,canvas_collab_edit,2,2026-03-09
FU-005457,ACC-015,Cobalt Aerospace,ACC-015-U035,canvas_collab_edit,7,2026-03-09
FU-005458,ACC-015,Cobalt Aerospace,ACC-015-U033,canvas_collab_edit,8,2026-03-09
FU-005459,ACC-015,Cobalt Aerospace,ACC-015-U041,canvas_templates,5,2025-12-15
FU-005460,ACC-015,Cobalt Aerospace,ACC-015-U036,canvas_templates,3,2025-12-22
FU-005461,ACC-015,Cobalt Aerospace,ACC-015-U010,canvas_templates,4,2025-12-29
FU-005462,ACC-015,Cobalt Aerospace,ACC-015-U054,canvas_templates,3,2025-12-29
FU-005463,ACC-015,Cobalt Aerospace,ACC-015-U004,canvas_templates,3,2026-01-05
FU-005464,ACC-015,Cobalt Aerospace,ACC-015-U014,canvas_templates,6,2026-01-05
FU-005465,ACC-015,Cobalt Aerospace,ACC-015-U013,canvas_templates,1,2026-01-05
FU-005466,ACC-015,Cobalt Aerospace,ACC-015-U040,canvas_templates,5,2026-01-12
FU-005467,ACC-015,Cobalt Aerospace,ACC-015-U051,canvas_templates,4,2026-01-12
FU-005468,ACC-015,Cobalt Aerospace,ACC-015-U016,canvas_templates,2,2026-01-12
FU-005469,ACC-015,Cobalt Aerospace,ACC-015-U014,canvas_templates,1,2026-01-12
FU-005470,ACC-015,Cobalt Aerospace,ACC-015-U025,canvas_templates,3,2026-01-12
FU-005471,ACC-015,Cobalt Aerospace,ACC-015-U029,canvas_templates,2,2026-01-12
FU-005472,ACC-015,Cobalt Aerospace,ACC-015-U035,canvas_templates,5,2026-01-19
FU-005473,ACC-015,Cobalt Aerospace,ACC-015-U027,canvas_templates,1,2026-01-19
FU-005474,ACC-015,Cobalt Aerospace,ACC-015-U032,canvas_templates,3,2026-01-19
FU-005475,ACC-015,Cobalt Aerospace,ACC-015-U041,canvas_templates,4,2026-01-19
FU-005476,ACC-015,Cobalt Aerospace,ACC-015-U034,canvas_templates,4,2026-01-19
FU-005477,ACC-015,Cobalt Aerospace,ACC-015-U007,canvas_templates,1,2026-01-19
FU-005478,ACC-015,Cobalt Aerospace,ACC-015-U014,canvas_templates,1,2026-01-19
FU-005479,ACC-015,Cobalt Aerospace,ACC-015-U040,canvas_templates,3,2026-01-26
FU-005480,ACC-015,Cobalt Aerospace,ACC-015-U026,canvas_templates,5,2026-02-02
FU-005481,ACC-015,Cobalt Aerospace,ACC-015-U043,canvas_templates,3,2026-02-02
FU-005482,ACC-015,Cobalt Aerospace,ACC-015-U018,canvas_templates,1,2026-02-02
FU-005483,ACC-015,Cobalt Aerospace,ACC-015-U029,canvas_templates,5,2026-02-02
FU-005484,ACC-015,Cobalt Aerospace,ACC-015-U021,canvas_templates,2,2026-02-02
FU-005485,ACC-015,Cobalt Aerospace,ACC-015-U054,canvas_templates,1,2026-02-02
FU-005486,ACC-015,Cobalt Aerospace,ACC-015-U034,canvas_templates,5,2026-02-02
FU-005487,ACC-015,Cobalt Aerospace,ACC-015-U049,canvas_templates,8,2026-02-09
FU-005488,ACC-015,Cobalt Aerospace,ACC-015-U011,canvas_templates,3,2026-02-09
FU-005489,ACC-015,Cobalt Aerospace,ACC-015-U033,canvas_templates,5,2026-02-09
FU-005490,ACC-015,Cobalt Aerospace,ACC-015-U054,canvas_templates,1,2026-02-09
FU-005491,ACC-015,Cobalt Aerospace,ACC-015-U012,canvas_templates,1,2026-02-09
FU-005492,ACC-015,Cobalt Aerospace,ACC-015-U029,canvas_templates,3,2026-02-09
FU-005493,ACC-015,Cobalt Aerospace,ACC-015-U001,canvas_templates,3,2026-02-09
FU-005494,ACC-015,Cobalt Aerospace,ACC-015-U012,canvas_templates,6,2026-02-16
FU-005495,ACC-015,Cobalt Aerospace,ACC-015-U038,canvas_templates,1,2026-02-16
FU-005496,ACC-015,Cobalt Aerospace,ACC-015-U051,canvas_templates,3,2026-02-16
FU-005497,ACC-015,Cobalt Aerospace,ACC-015-U054,canvas_templates,3,2026-02-23
FU-005498,ACC-015,Cobalt Aerospace,ACC-015-U029,canvas_templates,5,2026-02-23
FU-005499,ACC-015,Cobalt Aerospace,ACC-015-U003,canvas_templates,1,2026-02-23
FU-005500,ACC-015,Cobalt Aerospace,ACC-015-U041,canvas_templates,1,2026-02-23
FU-005501,ACC-015,Cobalt Aerospace,ACC-015-U009,canvas_templates,3,2026-02-23
FU-005502,ACC-015,Cobalt Aerospace,ACC-015-U025,canvas_templates,5,2026-03-02
FU-005503,ACC-015,Cobalt Aerospace,ACC-015-U043,canvas_templates,3,2026-03-02
FU-005504,ACC-015,Cobalt Aerospace,ACC-015-U016,canvas_templates,3,2026-03-02
FU-005505,ACC-015,Cobalt Aerospace,ACC-015-U053,canvas_templates,4,2026-03-09
FU-005506,ACC-015,Cobalt Aerospace,ACC-015-U020,canvas_templates,4,2026-03-09
FU-005507,ACC-015,Cobalt Aerospace,ACC-015-U025,canvas_templates,1,2026-03-09
FU-005508,ACC-015,Cobalt Aerospace,ACC-015-U005,canvas_templates,1,2026-03-09
FU-005509,ACC-015,Cobalt Aerospace,ACC-015-U047,canvas_comments,5,2025-12-15
FU-005510,ACC-015,Cobalt Aerospace,ACC-015-U041,canvas_comments,4,2025-12-22
FU-005511,ACC-015,Cobalt Aerospace,ACC-015-U027,canvas_comments,3,2025-12-22
FU-005512,ACC-015,Cobalt Aerospace,ACC-015-U044,canvas_comments,2,2025-12-22
FU-005513,ACC-015,Cobalt Aerospace,ACC-015-U029,canvas_comments,5,2025-12-22
FU-005514,ACC-015,Cobalt Aerospace,ACC-015-U013,canvas_comments,5,2025-12-22
FU-005515,ACC-015,Cobalt Aerospace,ACC-015-U007,canvas_comments,2,2025-12-22
FU-005516,ACC-015,Cobalt Aerospace,ACC-015-U010,canvas_comments,2,2025-12-29
FU-005517,ACC-015,Cobalt Aerospace,ACC-015-U042,canvas_comments,3,2025-12-29
FU-005518,ACC-015,Cobalt Aerospace,ACC-015-U027,canvas_comments,2,2025-12-29
FU-005519,ACC-015,Cobalt Aerospace,ACC-015-U047,canvas_comments,1,2025-12-29
FU-005520,ACC-015,Cobalt Aerospace,ACC-015-U044,canvas_comments,7,2025-12-29
FU-005521,ACC-015,Cobalt Aerospace,ACC-015-U021,canvas_comments,1,2025-12-29
FU-005522,ACC-015,Cobalt Aerospace,ACC-015-U012,canvas_comments,2,2026-01-05
FU-005523,ACC-015,Cobalt Aerospace,ACC-015-U014,canvas_comments,5,2026-01-12
FU-005524,ACC-015,Cobalt Aerospace,ACC-015-U006,canvas_comments,6,2026-01-12
FU-005525,ACC-015,Cobalt Aerospace,ACC-015-U021,canvas_comments,3,2026-01-12
FU-005526,ACC-015,Cobalt Aerospace,ACC-015-U041,canvas_comments,1,2026-01-12
FU-005527,ACC-015,Cobalt Aerospace,ACC-015-U050,canvas_comments,1,2026-01-12
FU-005528,ACC-015,Cobalt Aerospace,ACC-015-U042,canvas_comments,2,2026-01-12
FU-005529,ACC-015,Cobalt Aerospace,ACC-015-U020,canvas_comments,6,2026-01-19
FU-005530,ACC-015,Cobalt Aerospace,ACC-015-U040,canvas_comments,7,2026-01-19
FU-005531,ACC-015,Cobalt Aerospace,ACC-015-U047,canvas_comments,3,2026-01-26
FU-005532,ACC-015,Cobalt Aerospace,ACC-015-U053,canvas_comments,1,2026-01-26
FU-005533,ACC-015,Cobalt Aerospace,ACC-015-U020,canvas_comments,3,2026-01-26
FU-005534,ACC-015,Cobalt Aerospace,ACC-015-U048,canvas_comments,3,2026-01-26
FU-005535,ACC-015,Cobalt Aerospace,ACC-015-U015,canvas_comments,2,2026-01-26
FU-005536,ACC-015,Cobalt Aerospace,ACC-015-U021,canvas_comments,2,2026-01-26
FU-005537,ACC-015,Cobalt Aerospace,ACC-015-U031,canvas_comments,3,2026-02-02
FU-005538,ACC-015,Cobalt Aerospace,ACC-015-U010,canvas_comments,4,2026-02-02
FU-005539,ACC-015,Cobalt Aerospace,ACC-015-U013,canvas_comments,3,2026-02-02
FU-005540,ACC-015,Cobalt Aerospace,ACC-015-U027,canvas_comments,1,2026-02-09
FU-005541,ACC-015,Cobalt Aerospace,ACC-015-U013,canvas_comments,3,2026-02-09
FU-005542,ACC-015,Cobalt Aerospace,ACC-015-U012,canvas_comments,5,2026-02-09
FU-005543,ACC-015,Cobalt Aerospace,ACC-015-U044,canvas_comments,3,2026-02-09
FU-005544,ACC-015,Cobalt Aerospace,ACC-015-U028,canvas_comments,1,2026-02-16
FU-005545,ACC-015,Cobalt Aerospace,ACC-015-U001,canvas_comments,2,2026-02-16
FU-005546,ACC-015,Cobalt Aerospace,ACC-015-U026,canvas_comments,5,2026-02-16
FU-005547,ACC-015,Cobalt Aerospace,ACC-015-U017,canvas_comments,5,2026-02-23
FU-005548,ACC-015,Cobalt Aerospace,ACC-015-U041,canvas_comments,2,2026-02-23
FU-005549,ACC-015,Cobalt Aerospace,ACC-015-U001,canvas_comments,4,2026-02-23
FU-005550,ACC-015,Cobalt Aerospace,ACC-015-U029,canvas_comments,3,2026-03-02
FU-005551,ACC-015,Cobalt Aerospace,ACC-015-U031,canvas_comments,2,2026-03-09
FU-005552,ACC-015,Cobalt Aerospace,ACC-015-U012,canvas_comments,2,2026-03-09
FU-005553,ACC-015,Cobalt Aerospace,ACC-015-U041,canvas_comments,2,2026-03-09
FU-005554,ACC-015,Cobalt Aerospace,ACC-015-U037,canvas_comments,1,2026-03-09
FU-005555,ACC-015,Cobalt Aerospace,ACC-015-U028,canvas_comments,2,2026-03-09
FU-005556,ACC-015,Cobalt Aerospace,ACC-015-U009,canvas_comments,4,2026-03-09
FU-005557,ACC-015,Cobalt Aerospace,ACC-015-U010,canvas_comments,2,2026-03-09
FU-005558,ACC-016,Driftwood Media,ACC-016-U021,canvas_templates,5,2025-12-15
FU-005559,ACC-016,Driftwood Media,ACC-016-U009,canvas_templates,4,2025-12-15
FU-005560,ACC-016,Driftwood Media,ACC-016-U025,canvas_templates,1,2025-12-15
FU-005561,ACC-016,Driftwood Media,ACC-016-U001,canvas_templates,1,2025-12-15
FU-005562,ACC-016,Driftwood Media,ACC-016-U022,canvas_templates,4,2025-12-15
FU-005563,ACC-016,Driftwood Media,ACC-016-U004,canvas_templates,1,2025-12-15
FU-005564,ACC-016,Driftwood Media,ACC-016-U017,canvas_templates,1,2025-12-15
FU-005565,ACC-016,Driftwood Media,ACC-016-U010,canvas_templates,4,2025-12-15
FU-005566,ACC-016,Driftwood Media,ACC-016-U015,canvas_templates,5,2025-12-15
FU-005567,ACC-016,Driftwood Media,ACC-016-U015,canvas_templates,6,2025-12-22
FU-005568,ACC-016,Driftwood Media,ACC-016-U018,canvas_templates,3,2025-12-29
FU-005569,ACC-016,Driftwood Media,ACC-016-U009,canvas_templates,2,2025-12-29
FU-005570,ACC-016,Driftwood Media,ACC-016-U005,canvas_templates,1,2026-01-05
FU-005571,ACC-016,Driftwood Media,ACC-016-U001,canvas_templates,9,2026-01-05
FU-005572,ACC-016,Driftwood Media,ACC-016-U022,canvas_templates,2,2026-01-05
FU-005573,ACC-016,Driftwood Media,ACC-016-U012,canvas_templates,1,2026-01-05
FU-005574,ACC-016,Driftwood Media,ACC-016-U013,canvas_templates,3,2026-01-05
FU-005575,ACC-016,Driftwood Media,ACC-016-U006,canvas_templates,4,2026-01-05
FU-005576,ACC-016,Driftwood Media,ACC-016-U020,canvas_templates,1,2026-01-05
FU-005577,ACC-016,Driftwood Media,ACC-016-U010,canvas_templates,2,2026-01-05
FU-005578,ACC-016,Driftwood Media,ACC-016-U015,canvas_templates,2,2026-01-05
FU-005579,ACC-016,Driftwood Media,ACC-016-U004,canvas_templates,6,2026-01-05
FU-005580,ACC-016,Driftwood Media,ACC-016-U009,canvas_templates,6,2026-01-05
FU-005581,ACC-016,Driftwood Media,ACC-016-U024,canvas_templates,3,2026-01-05
FU-005582,ACC-016,Driftwood Media,ACC-016-U016,canvas_templates,1,2026-01-05
FU-005583,ACC-016,Driftwood Media,ACC-016-U006,canvas_templates,1,2026-01-12
FU-005584,ACC-016,Driftwood Media,ACC-016-U013,canvas_templates,4,2026-01-12
FU-005585,ACC-016,Driftwood Media,ACC-016-U002,canvas_templates,1,2026-01-12
FU-005586,ACC-016,Driftwood Media,ACC-016-U019,canvas_templates,4,2026-01-12
FU-005587,ACC-016,Driftwood Media,ACC-016-U024,canvas_templates,4,2026-01-12
FU-005588,ACC-016,Driftwood Media,ACC-016-U023,canvas_templates,3,2026-01-12
FU-005589,ACC-016,Driftwood Media,ACC-016-U001,canvas_templates,5,2026-01-12
FU-005590,ACC-016,Driftwood Media,ACC-016-U015,canvas_templates,4,2026-01-12
FU-005591,ACC-016,Driftwood Media,ACC-016-U011,canvas_templates,1,2026-01-12
FU-005592,ACC-016,Driftwood Media,ACC-016-U020,canvas_templates,4,2026-01-12
FU-005593,ACC-016,Driftwood Media,ACC-016-U017,canvas_templates,3,2026-01-19
FU-005594,ACC-016,Driftwood Media,ACC-016-U003,canvas_templates,2,2026-01-19
FU-005595,ACC-016,Driftwood Media,ACC-016-U025,canvas_templates,4,2026-01-19
FU-005596,ACC-016,Driftwood Media,ACC-016-U019,canvas_templates,6,2026-01-19
FU-005597,ACC-016,Driftwood Media,ACC-016-U007,canvas_templates,4,2026-01-19
FU-005598,ACC-016,Driftwood Media,ACC-016-U001,canvas_templates,1,2026-01-19
FU-005599,ACC-016,Driftwood Media,ACC-016-U009,canvas_templates,1,2026-01-26
FU-005600,ACC-016,Driftwood Media,ACC-016-U005,canvas_templates,7,2026-01-26
FU-005601,ACC-016,Driftwood Media,ACC-016-U014,canvas_templates,5,2026-01-26
FU-005602,ACC-016,Driftwood Media,ACC-016-U008,canvas_templates,1,2026-01-26
FU-005603,ACC-016,Driftwood Media,ACC-016-U007,canvas_templates,2,2026-01-26
FU-005604,ACC-016,Driftwood Media,ACC-016-U023,canvas_templates,4,2026-01-26
FU-005605,ACC-016,Driftwood Media,ACC-016-U003,canvas_templates,4,2026-01-26
FU-005606,ACC-016,Driftwood Media,ACC-016-U018,canvas_templates,5,2026-01-26
FU-005607,ACC-016,Driftwood Media,ACC-016-U004,canvas_templates,1,2026-01-26
FU-005608,ACC-016,Driftwood Media,ACC-016-U022,canvas_templates,2,2026-01-26
FU-005609,ACC-016,Driftwood Media,ACC-016-U009,canvas_templates,5,2026-02-02
FU-005610,ACC-016,Driftwood Media,ACC-016-U022,canvas_templates,6,2026-02-02
FU-005611,ACC-016,Driftwood Media,ACC-016-U004,canvas_templates,1,2026-02-02
FU-005612,ACC-016,Driftwood Media,ACC-016-U010,canvas_templates,3,2026-02-02
FU-005613,ACC-016,Driftwood Media,ACC-016-U015,canvas_templates,1,2026-02-02
FU-005614,ACC-016,Driftwood Media,ACC-016-U013,canvas_templates,2,2026-02-02
FU-005615,ACC-016,Driftwood Media,ACC-016-U006,canvas_templates,1,2026-02-02
FU-005616,ACC-016,Driftwood Media,ACC-016-U008,canvas_templates,2,2026-02-02
FU-005617,ACC-016,Driftwood Media,ACC-016-U017,canvas_templates,1,2026-02-02
FU-005618,ACC-016,Driftwood Media,ACC-016-U002,canvas_templates,3,2026-02-02
FU-005619,ACC-016,Driftwood Media,ACC-016-U025,canvas_templates,3,2026-02-09
FU-005620,ACC-016,Driftwood Media,ACC-016-U009,canvas_templates,6,2026-02-09
FU-005621,ACC-016,Driftwood Media,ACC-016-U003,canvas_templates,2,2026-02-09
FU-005622,ACC-016,Driftwood Media,ACC-016-U017,canvas_templates,3,2026-02-09
FU-005623,ACC-016,Driftwood Media,ACC-016-U004,canvas_templates,1,2026-02-09
FU-005624,ACC-016,Driftwood Media,ACC-016-U024,canvas_templates,1,2026-02-09
FU-005625,ACC-016,Driftwood Media,ACC-016-U014,canvas_templates,2,2026-02-09
FU-005626,ACC-016,Driftwood Media,ACC-016-U002,canvas_templates,4,2026-02-09
FU-005627,ACC-016,Driftwood Media,ACC-016-U005,canvas_templates,6,2026-02-16
FU-005628,ACC-016,Driftwood Media,ACC-016-U017,canvas_templates,2,2026-02-16
FU-005629,ACC-016,Driftwood Media,ACC-016-U001,canvas_templates,1,2026-02-16
FU-005630,ACC-016,Driftwood Media,ACC-016-U001,canvas_templates,1,2026-02-23
FU-005631,ACC-016,Driftwood Media,ACC-016-U003,canvas_templates,1,2026-02-23
FU-005632,ACC-016,Driftwood Media,ACC-016-U007,canvas_templates,2,2026-02-23
FU-005633,ACC-016,Driftwood Media,ACC-016-U010,canvas_templates,2,2026-02-23
FU-005634,ACC-016,Driftwood Media,ACC-016-U016,canvas_templates,4,2026-02-23
FU-005635,ACC-016,Driftwood Media,ACC-016-U005,canvas_templates,2,2026-02-23
FU-005636,ACC-016,Driftwood Media,ACC-016-U002,canvas_templates,2,2026-02-23
FU-005637,ACC-016,Driftwood Media,ACC-016-U014,canvas_templates,1,2026-02-23
FU-005638,ACC-016,Driftwood Media,ACC-016-U021,canvas_templates,4,2026-02-23
FU-005639,ACC-016,Driftwood Media,ACC-016-U008,canvas_templates,2,2026-02-23
FU-005640,ACC-016,Driftwood Media,ACC-016-U024,canvas_templates,3,2026-03-02
FU-005641,ACC-016,Driftwood Media,ACC-016-U006,canvas_templates,6,2026-03-02
FU-005642,ACC-016,Driftwood Media,ACC-016-U016,canvas_templates,2,2026-03-02
FU-005643,ACC-016,Driftwood Media,ACC-016-U010,canvas_templates,4,2026-03-02
FU-005644,ACC-016,Driftwood Media,ACC-016-U020,canvas_templates,1,2026-03-02
FU-005645,ACC-016,Driftwood Media,ACC-016-U021,canvas_templates,4,2026-03-02
FU-005646,ACC-016,Driftwood Media,ACC-016-U003,canvas_templates,6,2026-03-02
FU-005647,ACC-016,Driftwood Media,ACC-016-U022,canvas_templates,2,2026-03-02
FU-005648,ACC-016,Driftwood Media,ACC-016-U008,canvas_templates,2,2026-03-02
FU-005649,ACC-016,Driftwood Media,ACC-016-U017,canvas_templates,1,2026-03-02
FU-005650,ACC-016,Driftwood Media,ACC-016-U018,canvas_templates,7,2026-03-02
FU-005651,ACC-016,Driftwood Media,ACC-016-U004,canvas_templates,1,2026-03-09
FU-005652,ACC-016,Driftwood Media,ACC-016-U010,canvas_templates,5,2026-03-09
FU-005653,ACC-016,Driftwood Media,ACC-016-U004,canvas_comments,2,2025-12-15
FU-005654,ACC-016,Driftwood Media,ACC-016-U012,canvas_comments,1,2025-12-15
FU-005655,ACC-016,Driftwood Media,ACC-016-U003,canvas_comments,4,2025-12-15
FU-005656,ACC-016,Driftwood Media,ACC-016-U021,canvas_comments,2,2025-12-15
FU-005657,ACC-016,Driftwood Media,ACC-016-U018,canvas_comments,2,2025-12-15
FU-005658,ACC-016,Driftwood Media,ACC-016-U010,canvas_comments,4,2025-12-22
FU-005659,ACC-016,Driftwood Media,ACC-016-U024,canvas_comments,3,2025-12-22
FU-005660,ACC-016,Driftwood Media,ACC-016-U002,canvas_comments,3,2025-12-29
FU-005661,ACC-016,Driftwood Media,ACC-016-U010,canvas_comments,3,2025-12-29
FU-005662,ACC-016,Driftwood Media,ACC-016-U007,canvas_comments,5,2025-12-29
FU-005663,ACC-016,Driftwood Media,ACC-016-U015,canvas_comments,2,2025-12-29
FU-005664,ACC-016,Driftwood Media,ACC-016-U019,canvas_comments,1,2026-01-05
FU-005665,ACC-016,Driftwood Media,ACC-016-U010,canvas_comments,1,2026-01-05
FU-005666,ACC-016,Driftwood Media,ACC-016-U001,canvas_comments,2,2026-01-05
FU-005667,ACC-016,Driftwood Media,ACC-016-U016,canvas_comments,7,2026-01-12
FU-005668,ACC-016,Driftwood Media,ACC-016-U011,canvas_comments,3,2026-01-12
FU-005669,ACC-016,Driftwood Media,ACC-016-U023,canvas_comments,1,2026-01-19
FU-005670,ACC-016,Driftwood Media,ACC-016-U017,canvas_comments,3,2026-01-19
FU-005671,ACC-016,Driftwood Media,ACC-016-U006,canvas_comments,2,2026-01-19
FU-005672,ACC-016,Driftwood Media,ACC-016-U006,canvas_comments,7,2026-01-26
FU-005673,ACC-016,Driftwood Media,ACC-016-U025,canvas_comments,4,2026-01-26
FU-005674,ACC-016,Driftwood Media,ACC-016-U015,canvas_comments,3,2026-01-26
FU-005675,ACC-016,Driftwood Media,ACC-016-U022,canvas_comments,2,2026-01-26
FU-005676,ACC-016,Driftwood Media,ACC-016-U002,canvas_comments,1,2026-01-26
FU-005677,ACC-016,Driftwood Media,ACC-016-U003,canvas_comments,1,2026-01-26
FU-005678,ACC-016,Driftwood Media,ACC-016-U021,canvas_comments,2,2026-02-02
FU-005679,ACC-016,Driftwood Media,ACC-016-U013,canvas_comments,8,2026-02-02
FU-005680,ACC-016,Driftwood Media,ACC-016-U007,canvas_comments,3,2026-02-02
FU-005681,ACC-016,Driftwood Media,ACC-016-U008,canvas_comments,4,2026-02-02
FU-005682,ACC-016,Driftwood Media,ACC-016-U016,canvas_comments,4,2026-02-02
FU-005683,ACC-016,Driftwood Media,ACC-016-U004,canvas_comments,5,2026-02-02
FU-005684,ACC-016,Driftwood Media,ACC-016-U015,canvas_comments,4,2026-02-09
FU-005685,ACC-016,Driftwood Media,ACC-016-U004,canvas_comments,3,2026-02-09
FU-005686,ACC-016,Driftwood Media,ACC-016-U014,canvas_comments,2,2026-02-09
FU-005687,ACC-016,Driftwood Media,ACC-016-U011,canvas_comments,6,2026-02-09
FU-005688,ACC-016,Driftwood Media,ACC-016-U002,canvas_comments,4,2026-02-09
FU-005689,ACC-016,Driftwood Media,ACC-016-U017,canvas_comments,5,2026-02-09
FU-005690,ACC-016,Driftwood Media,ACC-016-U011,canvas_comments,4,2026-02-16
FU-005691,ACC-016,Driftwood Media,ACC-016-U006,canvas_comments,3,2026-02-16
FU-005692,ACC-016,Driftwood Media,ACC-016-U014,canvas_comments,8,2026-02-23
FU-005693,ACC-016,Driftwood Media,ACC-016-U009,canvas_comments,2,2026-03-02
FU-005694,ACC-016,Driftwood Media,ACC-016-U011,canvas_comments,4,2026-03-02
FU-005695,ACC-016,Driftwood Media,ACC-016-U008,canvas_comments,1,2026-03-02
FU-005696,ACC-016,Driftwood Media,ACC-016-U018,canvas_comments,1,2026-03-02
FU-005697,ACC-016,Driftwood Media,ACC-016-U025,canvas_comments,4,2026-03-02
FU-005698,ACC-016,Driftwood Media,ACC-016-U024,canvas_comments,4,2026-03-02
FU-005699,ACC-016,Driftwood Media,ACC-016-U012,canvas_comments,1,2026-03-09
FU-005700,ACC-016,Driftwood Media,ACC-016-U025,canvas_comments,2,2026-03-09
FU-005701,ACC-016,Driftwood Media,ACC-016-U007,canvas_comments,1,2026-03-09
FU-005702,ACC-016,Driftwood Media,ACC-016-U020,canvas_comments,1,2026-03-09
FU-005703,ACC-016,Driftwood Media,ACC-016-U021,canvas_comments,2,2026-03-09
FU-005704,ACC-016,Driftwood Media,ACC-016-U005,canvas_version_history,3,2025-12-15
FU-005705,ACC-016,Driftwood Media,ACC-016-U020,canvas_version_history,1,2025-12-15
FU-005706,ACC-016,Driftwood Media,ACC-016-U006,canvas_version_history,1,2025-12-15
FU-005707,ACC-016,Driftwood Media,ACC-016-U007,canvas_version_history,5,2025-12-15
FU-005708,ACC-016,Driftwood Media,ACC-016-U016,canvas_version_history,6,2025-12-15
FU-005709,ACC-016,Driftwood Media,ACC-016-U020,canvas_version_history,2,2025-12-22
FU-005710,ACC-016,Driftwood Media,ACC-016-U013,canvas_version_history,3,2025-12-22
FU-005711,ACC-016,Driftwood Media,ACC-016-U018,canvas_version_history,5,2025-12-22
FU-005712,ACC-016,Driftwood Media,ACC-016-U014,canvas_version_history,2,2025-12-22
FU-005713,ACC-016,Driftwood Media,ACC-016-U011,canvas_version_history,1,2025-12-22
FU-005714,ACC-016,Driftwood Media,ACC-016-U001,canvas_version_history,7,2025-12-22
FU-005715,ACC-016,Driftwood Media,ACC-016-U024,canvas_version_history,2,2025-12-22
FU-005716,ACC-016,Driftwood Media,ACC-016-U001,canvas_version_history,4,2025-12-29
FU-005717,ACC-016,Driftwood Media,ACC-016-U008,canvas_version_history,2,2025-12-29
FU-005718,ACC-016,Driftwood Media,ACC-016-U011,canvas_version_history,4,2025-12-29
FU-005719,ACC-016,Driftwood Media,ACC-016-U012,canvas_version_history,5,2025-12-29
FU-005720,ACC-016,Driftwood Media,ACC-016-U022,canvas_version_history,1,2026-01-05
FU-005721,ACC-016,Driftwood Media,ACC-016-U025,canvas_version_history,1,2026-01-05
FU-005722,ACC-016,Driftwood Media,ACC-016-U002,canvas_version_history,4,2026-01-05
FU-005723,ACC-016,Driftwood Media,ACC-016-U014,canvas_version_history,3,2026-01-05
FU-005724,ACC-016,Driftwood Media,ACC-016-U013,canvas_version_history,1,2026-01-05
FU-005725,ACC-016,Driftwood Media,ACC-016-U001,canvas_version_history,4,2026-01-05
FU-005726,ACC-016,Driftwood Media,ACC-016-U012,canvas_version_history,1,2026-01-05
FU-005727,ACC-016,Driftwood Media,ACC-016-U014,canvas_version_history,7,2026-01-12
FU-005728,ACC-016,Driftwood Media,ACC-016-U001,canvas_version_history,5,2026-01-12
FU-005729,ACC-016,Driftwood Media,ACC-016-U018,canvas_version_history,8,2026-01-19
FU-005730,ACC-016,Driftwood Media,ACC-016-U002,canvas_version_history,2,2026-01-19
FU-005731,ACC-016,Driftwood Media,ACC-016-U008,canvas_version_history,1,2026-01-26
FU-005732,ACC-016,Driftwood Media,ACC-016-U024,canvas_version_history,3,2026-01-26
FU-005733,ACC-016,Driftwood Media,ACC-016-U020,canvas_version_history,5,2026-01-26
FU-005734,ACC-016,Driftwood Media,ACC-016-U016,canvas_version_history,2,2026-01-26
FU-005735,ACC-016,Driftwood Media,ACC-016-U004,canvas_version_history,1,2026-02-02
FU-005736,ACC-016,Driftwood Media,ACC-016-U001,canvas_version_history,4,2026-02-02
FU-005737,ACC-016,Driftwood Media,ACC-016-U020,canvas_version_history,4,2026-02-02
FU-005738,ACC-016,Driftwood Media,ACC-016-U022,canvas_version_history,3,2026-02-02
FU-005739,ACC-016,Driftwood Media,ACC-016-U023,canvas_version_history,1,2026-02-02
FU-005740,ACC-016,Driftwood Media,ACC-016-U016,canvas_version_history,5,2026-02-02
FU-005741,ACC-016,Driftwood Media,ACC-016-U017,canvas_version_history,2,2026-02-02
FU-005742,ACC-016,Driftwood Media,ACC-016-U014,canvas_version_history,2,2026-02-09
FU-005743,ACC-016,Driftwood Media,ACC-016-U003,canvas_version_history,5,2026-02-16
FU-005744,ACC-016,Driftwood Media,ACC-016-U014,canvas_version_history,4,2026-02-16
FU-005745,ACC-016,Driftwood Media,ACC-016-U018,canvas_version_history,3,2026-02-16
FU-005746,ACC-016,Driftwood Media,ACC-016-U011,canvas_version_history,4,2026-02-23
FU-005747,ACC-016,Driftwood Media,ACC-016-U016,canvas_version_history,4,2026-02-23
FU-005748,ACC-016,Driftwood Media,ACC-016-U007,canvas_version_history,3,2026-03-02
FU-005749,ACC-016,Driftwood Media,ACC-016-U011,canvas_version_history,7,2026-03-02
FU-005750,ACC-016,Driftwood Media,ACC-016-U017,canvas_version_history,1,2026-03-02
FU-005751,ACC-016,Driftwood Media,ACC-016-U015,canvas_version_history,6,2026-03-02
FU-005752,ACC-016,Driftwood Media,ACC-016-U003,canvas_version_history,3,2026-03-02
FU-005753,ACC-016,Driftwood Media,ACC-016-U016,canvas_version_history,2,2026-03-02
FU-005754,ACC-016,Driftwood Media,ACC-016-U012,canvas_version_history,4,2026-03-09
FU-005755,ACC-016,Driftwood Media,ACC-016-U001,canvas_version_history,1,2026-03-09
FU-005756,ACC-016,Driftwood Media,ACC-016-U021,canvas_version_history,1,2026-03-09
FU-005757,ACC-016,Driftwood Media,ACC-016-U004,canvas_version_history,5,2026-03-09
FU-005758,ACC-016,Driftwood Media,ACC-016-U018,canvas_version_history,4,2026-03-09
FU-005759,ACC-016,Driftwood Media,ACC-016-U015,canvas_version_history,4,2026-03-09
FU-005760,ACC-016,Driftwood Media,ACC-016-U017,canvas_version_history,5,2026-03-09
FU-005761,ACC-016,Driftwood Media,ACC-016-U005,flow_conditional_routing,2,2025-12-15
FU-005762,ACC-016,Driftwood Media,ACC-016-U008,flow_conditional_routing,4,2025-12-15
FU-005763,ACC-016,Driftwood Media,ACC-016-U012,flow_conditional_routing,4,2025-12-15
FU-005764,ACC-016,Driftwood Media,ACC-016-U020,flow_conditional_routing,1,2025-12-22
FU-005765,ACC-016,Driftwood Media,ACC-016-U006,flow_conditional_routing,3,2025-12-22
FU-005766,ACC-016,Driftwood Media,ACC-016-U022,flow_conditional_routing,2,2025-12-22
FU-005767,ACC-016,Driftwood Media,ACC-016-U006,flow_conditional_routing,4,2025-12-29
FU-005768,ACC-016,Driftwood Media,ACC-016-U005,flow_conditional_routing,1,2026-01-05
FU-005769,ACC-016,Driftwood Media,ACC-016-U017,flow_conditional_routing,5,2026-01-12
FU-005770,ACC-016,Driftwood Media,ACC-016-U022,flow_conditional_routing,3,2026-01-12
FU-005771,ACC-016,Driftwood Media,ACC-016-U021,flow_conditional_routing,6,2026-01-12
FU-005772,ACC-016,Driftwood Media,ACC-016-U008,flow_conditional_routing,5,2026-01-19
FU-005773,ACC-016,Driftwood Media,ACC-016-U005,flow_conditional_routing,6,2026-01-26
FU-005774,ACC-016,Driftwood Media,ACC-016-U016,flow_conditional_routing,1,2026-01-26
FU-005775,ACC-016,Driftwood Media,ACC-016-U009,flow_conditional_routing,4,2026-02-02
FU-005776,ACC-016,Driftwood Media,ACC-016-U021,flow_conditional_routing,1,2026-02-09
FU-005777,ACC-016,Driftwood Media,ACC-016-U009,flow_conditional_routing,6,2026-02-09
FU-005778,ACC-016,Driftwood Media,ACC-016-U010,flow_conditional_routing,3,2026-02-09
FU-005779,ACC-016,Driftwood Media,ACC-016-U016,flow_conditional_routing,2,2026-02-09
FU-005780,ACC-016,Driftwood Media,ACC-016-U008,flow_conditional_routing,3,2026-02-09
FU-005781,ACC-016,Driftwood Media,ACC-016-U024,flow_conditional_routing,1,2026-02-16
FU-005782,ACC-016,Driftwood Media,ACC-016-U001,flow_conditional_routing,4,2026-02-23
FU-005783,ACC-016,Driftwood Media,ACC-016-U024,flow_conditional_routing,1,2026-02-23
FU-005784,ACC-016,Driftwood Media,ACC-016-U018,flow_conditional_routing,3,2026-02-23
FU-005785,ACC-016,Driftwood Media,ACC-016-U016,flow_conditional_routing,4,2026-02-23
FU-005786,ACC-016,Driftwood Media,ACC-016-U014,flow_conditional_routing,7,2026-02-23
FU-005787,ACC-016,Driftwood Media,ACC-016-U013,flow_conditional_routing,2,2026-02-23
FU-005788,ACC-016,Driftwood Media,ACC-016-U012,flow_conditional_routing,6,2026-03-02
FU-005789,ACC-016,Driftwood Media,ACC-016-U022,flow_conditional_routing,1,2026-03-02
FU-005790,ACC-016,Driftwood Media,ACC-016-U025,flow_conditional_routing,3,2026-03-02
FU-005791,ACC-016,Driftwood Media,ACC-016-U002,flow_conditional_routing,3,2026-03-09
FU-005792,ACC-016,Driftwood Media,ACC-016-U025,flow_conditional_routing,1,2026-03-09
FU-005793,ACC-016,Driftwood Media,ACC-016-U003,flow_conditional_routing,4,2026-03-09
FU-005794,ACC-016,Driftwood Media,ACC-016-U022,flow_conditional_routing,6,2026-03-09
FU-005795,ACC-016,Driftwood Media,ACC-016-U017,flow_conditional_routing,2,2026-03-09
FU-005796,ACC-016,Driftwood Media,ACC-016-U007,flow_webhooks,4,2025-12-15
FU-005797,ACC-016,Driftwood Media,ACC-016-U016,flow_webhooks,4,2025-12-15
FU-005798,ACC-016,Driftwood Media,ACC-016-U023,flow_webhooks,3,2025-12-15
FU-005799,ACC-016,Driftwood Media,ACC-016-U011,flow_webhooks,5,2025-12-15
FU-005800,ACC-016,Driftwood Media,ACC-016-U004,flow_webhooks,4,2025-12-22
FU-005801,ACC-016,Driftwood Media,ACC-016-U013,flow_webhooks,2,2025-12-22
FU-005802,ACC-016,Driftwood Media,ACC-016-U008,flow_webhooks,1,2025-12-22
FU-005803,ACC-016,Driftwood Media,ACC-016-U024,flow_webhooks,3,2025-12-22
FU-005804,ACC-016,Driftwood Media,ACC-016-U022,flow_webhooks,1,2025-12-29
FU-005805,ACC-016,Driftwood Media,ACC-016-U015,flow_webhooks,1,2025-12-29
FU-005806,ACC-016,Driftwood Media,ACC-016-U021,flow_webhooks,5,2025-12-29
FU-005807,ACC-016,Driftwood Media,ACC-016-U008,flow_webhooks,1,2025-12-29
FU-005808,ACC-016,Driftwood Media,ACC-016-U008,flow_webhooks,6,2026-01-05
FU-005809,ACC-016,Driftwood Media,ACC-016-U022,flow_webhooks,4,2026-01-12
FU-005810,ACC-016,Driftwood Media,ACC-016-U021,flow_webhooks,1,2026-01-12
FU-005811,ACC-016,Driftwood Media,ACC-016-U005,flow_webhooks,5,2026-01-12
FU-005812,ACC-016,Driftwood Media,ACC-016-U006,flow_webhooks,3,2026-01-19
FU-005813,ACC-016,Driftwood Media,ACC-016-U005,flow_webhooks,5,2026-01-19
FU-005814,ACC-016,Driftwood Media,ACC-016-U013,flow_webhooks,1,2026-01-19
FU-005815,ACC-016,Driftwood Media,ACC-016-U005,flow_webhooks,5,2026-01-26
FU-005816,ACC-016,Driftwood Media,ACC-016-U021,flow_webhooks,5,2026-01-26
FU-005817,ACC-016,Driftwood Media,ACC-016-U017,flow_webhooks,3,2026-01-26
FU-005818,ACC-016,Driftwood Media,ACC-016-U015,flow_webhooks,3,2026-01-26
FU-005819,ACC-016,Driftwood Media,ACC-016-U001,flow_webhooks,3,2026-01-26
FU-005820,ACC-016,Driftwood Media,ACC-016-U001,flow_webhooks,3,2026-02-02
FU-005821,ACC-016,Driftwood Media,ACC-016-U019,flow_webhooks,1,2026-02-09
FU-005822,ACC-016,Driftwood Media,ACC-016-U008,flow_webhooks,1,2026-02-09
FU-005823,ACC-016,Driftwood Media,ACC-016-U001,flow_webhooks,4,2026-02-16
FU-005824,ACC-016,Driftwood Media,ACC-016-U019,flow_webhooks,1,2026-02-16
FU-005825,ACC-016,Driftwood Media,ACC-016-U025,flow_webhooks,1,2026-02-16
FU-005826,ACC-016,Driftwood Media,ACC-016-U019,flow_webhooks,5,2026-02-23
FU-005827,ACC-016,Driftwood Media,ACC-016-U012,flow_webhooks,1,2026-02-23
FU-005828,ACC-016,Driftwood Media,ACC-016-U021,flow_webhooks,1,2026-02-23
FU-005829,ACC-016,Driftwood Media,ACC-016-U013,flow_webhooks,2,2026-02-23
FU-005830,ACC-016,Driftwood Media,ACC-016-U009,flow_webhooks,3,2026-02-23
FU-005831,ACC-016,Driftwood Media,ACC-016-U024,flow_webhooks,3,2026-02-23
FU-005832,ACC-016,Driftwood Media,ACC-016-U008,flow_webhooks,3,2026-03-02
FU-005833,ACC-016,Driftwood Media,ACC-016-U019,flow_webhooks,4,2026-03-09
FU-005834,ACC-016,Driftwood Media,ACC-016-U005,flow_webhooks,2,2026-03-09
FU-005835,ACC-016,Driftwood Media,ACC-016-U024,flow_audit_trail,5,2025-12-15
FU-005836,ACC-016,Driftwood Media,ACC-016-U006,flow_audit_trail,5,2025-12-15
FU-005837,ACC-016,Driftwood Media,ACC-016-U007,flow_audit_trail,5,2025-12-22
FU-005838,ACC-016,Driftwood Media,ACC-016-U005,flow_audit_trail,5,2025-12-22
FU-005839,ACC-016,Driftwood Media,ACC-016-U025,flow_audit_trail,6,2025-12-29
FU-005840,ACC-016,Driftwood Media,ACC-016-U002,flow_audit_trail,4,2025-12-29
FU-005841,ACC-016,Driftwood Media,ACC-016-U021,flow_audit_trail,4,2025-12-29
FU-005842,ACC-016,Driftwood Media,ACC-016-U007,flow_audit_trail,4,2026-01-05
FU-005843,ACC-016,Driftwood Media,ACC-016-U025,flow_audit_trail,3,2026-01-12
FU-005844,ACC-016,Driftwood Media,ACC-016-U019,flow_audit_trail,3,2026-01-19
FU-005845,ACC-016,Driftwood Media,ACC-016-U017,flow_audit_trail,4,2026-01-26
FU-005846,ACC-016,Driftwood Media,ACC-016-U016,flow_audit_trail,5,2026-01-26
FU-005847,ACC-016,Driftwood Media,ACC-016-U021,flow_audit_trail,4,2026-01-26
FU-005848,ACC-016,Driftwood Media,ACC-016-U001,flow_audit_trail,2,2026-02-02
FU-005849,ACC-016,Driftwood Media,ACC-016-U006,flow_audit_trail,1,2026-02-09
FU-005850,ACC-016,Driftwood Media,ACC-016-U011,flow_audit_trail,3,2026-02-09
FU-005851,ACC-016,Driftwood Media,ACC-016-U012,flow_audit_trail,2,2026-02-09
FU-005852,ACC-016,Driftwood Media,ACC-016-U013,flow_audit_trail,4,2026-02-09
FU-005853,ACC-016,Driftwood Media,ACC-016-U020,flow_audit_trail,4,2026-02-09
FU-005854,ACC-016,Driftwood Media,ACC-016-U007,flow_audit_trail,1,2026-02-09
FU-005855,ACC-016,Driftwood Media,ACC-016-U003,flow_audit_trail,3,2026-02-09
FU-005856,ACC-016,Driftwood Media,ACC-016-U010,flow_audit_trail,6,2026-02-16
FU-005857,ACC-016,Driftwood Media,ACC-016-U008,flow_audit_trail,4,2026-02-16
FU-005858,ACC-016,Driftwood Media,ACC-016-U016,flow_audit_trail,3,2026-02-16
FU-005859,ACC-016,Driftwood Media,ACC-016-U012,flow_audit_trail,4,2026-02-23
FU-005860,ACC-016,Driftwood Media,ACC-016-U020,flow_audit_trail,5,2026-02-23
FU-005861,ACC-016,Driftwood Media,ACC-016-U014,flow_audit_trail,3,2026-02-23
FU-005862,ACC-016,Driftwood Media,ACC-016-U016,flow_audit_trail,4,2026-03-02
FU-005863,ACC-016,Driftwood Media,ACC-016-U013,flow_audit_trail,5,2026-03-02
FU-005864,ACC-016,Driftwood Media,ACC-016-U008,flow_audit_trail,5,2026-03-02
FU-005865,ACC-016,Driftwood Media,ACC-016-U021,flow_audit_trail,1,2026-03-02
FU-005866,ACC-016,Driftwood Media,ACC-016-U006,flow_audit_trail,1,2026-03-02
FU-005867,ACC-016,Driftwood Media,ACC-016-U011,flow_audit_trail,1,2026-03-02
FU-005868,ACC-016,Driftwood Media,ACC-016-U018,flow_audit_trail,3,2026-03-09
FU-005869,ACC-016,Driftwood Media,ACC-016-U003,flow_audit_trail,3,2026-03-09
FU-005870,ACC-016,Driftwood Media,ACC-016-U008,flow_audit_trail,3,2026-03-09
FU-005871,ACC-016,Driftwood Media,ACC-016-U019,flow_audit_trail,5,2026-03-09
FU-005872,ACC-016,Driftwood Media,ACC-016-U004,flow_audit_trail,3,2026-03-09
FU-005873,ACC-016,Driftwood Media,ACC-016-U009,flow_audit_trail,1,2026-03-09
FU-005874,ACC-017,Evergreen Education,ACC-017-U020,canvas_templates,6,2025-12-15
FU-005875,ACC-017,Evergreen Education,ACC-017-U012,canvas_templates,3,2025-12-15
FU-005876,ACC-017,Evergreen Education,ACC-017-U008,canvas_templates,1,2025-12-15
FU-005877,ACC-017,Evergreen Education,ACC-017-U007,canvas_templates,1,2025-12-15
FU-005878,ACC-017,Evergreen Education,ACC-017-U018,canvas_templates,3,2025-12-22
FU-005879,ACC-017,Evergreen Education,ACC-017-U010,canvas_templates,1,2025-12-22
FU-005880,ACC-017,Evergreen Education,ACC-017-U001,canvas_templates,2,2025-12-22
FU-005881,ACC-017,Evergreen Education,ACC-017-U021,canvas_templates,4,2025-12-22
FU-005882,ACC-017,Evergreen Education,ACC-017-U008,canvas_templates,2,2025-12-29
FU-005883,ACC-017,Evergreen Education,ACC-017-U017,canvas_templates,4,2025-12-29
FU-005884,ACC-017,Evergreen Education,ACC-017-U001,canvas_templates,1,2025-12-29
FU-005885,ACC-017,Evergreen Education,ACC-017-U006,canvas_templates,1,2025-12-29
FU-005886,ACC-017,Evergreen Education,ACC-017-U018,canvas_templates,6,2025-12-29
FU-005887,ACC-017,Evergreen Education,ACC-017-U011,canvas_templates,5,2025-12-29
FU-005888,ACC-017,Evergreen Education,ACC-017-U005,canvas_templates,1,2025-12-29
FU-005889,ACC-017,Evergreen Education,ACC-017-U002,canvas_templates,2,2025-12-29
FU-005890,ACC-017,Evergreen Education,ACC-017-U003,canvas_templates,1,2025-12-29
FU-005891,ACC-017,Evergreen Education,ACC-017-U013,canvas_templates,1,2025-12-29
FU-005892,ACC-017,Evergreen Education,ACC-017-U020,canvas_templates,5,2025-12-29
FU-005893,ACC-017,Evergreen Education,ACC-017-U012,canvas_templates,1,2025-12-29
FU-005894,ACC-017,Evergreen Education,ACC-017-U002,canvas_templates,4,2026-01-05
FU-005895,ACC-017,Evergreen Education,ACC-017-U007,canvas_templates,3,2026-01-05
FU-005896,ACC-017,Evergreen Education,ACC-017-U005,canvas_templates,3,2026-01-05
FU-005897,ACC-017,Evergreen Education,ACC-017-U004,canvas_templates,1,2026-01-05
FU-005898,ACC-017,Evergreen Education,ACC-017-U017,canvas_templates,1,2026-01-05
FU-005899,ACC-017,Evergreen Education,ACC-017-U015,canvas_templates,1,2026-01-05
FU-005900,ACC-017,Evergreen Education,ACC-017-U001,canvas_templates,2,2026-01-05
FU-005901,ACC-017,Evergreen Education,ACC-017-U019,canvas_templates,4,2026-01-05
FU-005902,ACC-017,Evergreen Education,ACC-017-U010,canvas_templates,4,2026-01-05
FU-005903,ACC-017,Evergreen Education,ACC-017-U020,canvas_templates,5,2026-01-12
FU-005904,ACC-017,Evergreen Education,ACC-017-U009,canvas_templates,2,2026-01-12
FU-005905,ACC-017,Evergreen Education,ACC-017-U001,canvas_templates,3,2026-01-12
FU-005906,ACC-017,Evergreen Education,ACC-017-U005,canvas_templates,6,2026-01-12
FU-005907,ACC-017,Evergreen Education,ACC-017-U003,canvas_templates,4,2026-01-12
FU-005908,ACC-017,Evergreen Education,ACC-017-U014,canvas_templates,6,2026-01-12
FU-005909,ACC-017,Evergreen Education,ACC-017-U002,canvas_templates,2,2026-01-12
FU-005910,ACC-017,Evergreen Education,ACC-017-U022,canvas_templates,4,2026-01-19
FU-005911,ACC-017,Evergreen Education,ACC-017-U010,canvas_templates,3,2026-01-19
FU-005912,ACC-017,Evergreen Education,ACC-017-U014,canvas_templates,4,2026-01-19
FU-005913,ACC-017,Evergreen Education,ACC-017-U006,canvas_templates,2,2026-01-19
FU-005914,ACC-017,Evergreen Education,ACC-017-U011,canvas_templates,1,2026-01-19
FU-005915,ACC-017,Evergreen Education,ACC-017-U008,canvas_templates,3,2026-01-26
FU-005916,ACC-017,Evergreen Education,ACC-017-U011,canvas_templates,4,2026-01-26
FU-005917,ACC-017,Evergreen Education,ACC-017-U022,canvas_templates,1,2026-01-26
FU-005918,ACC-017,Evergreen Education,ACC-017-U018,canvas_templates,3,2026-02-02
FU-005919,ACC-017,Evergreen Education,ACC-017-U010,canvas_templates,1,2026-02-02
FU-005920,ACC-017,Evergreen Education,ACC-017-U015,canvas_templates,4,2026-02-02
FU-005921,ACC-017,Evergreen Education,ACC-017-U006,canvas_templates,1,2026-02-02
FU-005922,ACC-017,Evergreen Education,ACC-017-U020,canvas_templates,4,2026-02-02
FU-005923,ACC-017,Evergreen Education,ACC-017-U002,canvas_templates,1,2026-02-02
FU-005924,ACC-017,Evergreen Education,ACC-017-U012,canvas_templates,3,2026-02-02
FU-005925,ACC-017,Evergreen Education,ACC-017-U021,canvas_templates,1,2026-02-02
FU-005926,ACC-017,Evergreen Education,ACC-017-U022,canvas_templates,3,2026-02-02
FU-005927,ACC-017,Evergreen Education,ACC-017-U005,canvas_templates,1,2026-02-02
FU-005928,ACC-017,Evergreen Education,ACC-017-U013,canvas_templates,4,2026-02-02
FU-005929,ACC-017,Evergreen Education,ACC-017-U007,canvas_templates,2,2026-02-02
FU-005930,ACC-017,Evergreen Education,ACC-017-U017,canvas_templates,6,2026-02-02
FU-005931,ACC-017,Evergreen Education,ACC-017-U022,canvas_templates,3,2026-02-09
FU-005932,ACC-017,Evergreen Education,ACC-017-U006,canvas_templates,5,2026-02-09
FU-005933,ACC-017,Evergreen Education,ACC-017-U015,canvas_templates,1,2026-02-16
FU-005934,ACC-017,Evergreen Education,ACC-017-U021,canvas_templates,3,2026-02-16
FU-005935,ACC-017,Evergreen Education,ACC-017-U002,canvas_templates,4,2026-02-16
FU-005936,ACC-017,Evergreen Education,ACC-017-U001,canvas_templates,4,2026-02-16
FU-005937,ACC-017,Evergreen Education,ACC-017-U022,canvas_templates,6,2026-02-16
FU-005938,ACC-017,Evergreen Education,ACC-017-U003,canvas_templates,2,2026-02-16
FU-005939,ACC-017,Evergreen Education,ACC-017-U004,canvas_templates,1,2026-02-16
FU-005940,ACC-017,Evergreen Education,ACC-017-U019,canvas_templates,3,2026-02-16
FU-005941,ACC-017,Evergreen Education,ACC-017-U007,canvas_templates,4,2026-02-16
FU-005942,ACC-017,Evergreen Education,ACC-017-U005,canvas_templates,1,2026-02-16
FU-005943,ACC-017,Evergreen Education,ACC-017-U002,canvas_templates,5,2026-02-23
FU-005944,ACC-017,Evergreen Education,ACC-017-U010,canvas_templates,1,2026-03-02
FU-005945,ACC-017,Evergreen Education,ACC-017-U017,canvas_templates,2,2026-03-02
FU-005946,ACC-017,Evergreen Education,ACC-017-U018,canvas_templates,2,2026-03-02
FU-005947,ACC-017,Evergreen Education,ACC-017-U011,canvas_templates,3,2026-03-09
FU-005948,ACC-017,Evergreen Education,ACC-017-U009,canvas_templates,2,2026-03-09
FU-005949,ACC-017,Evergreen Education,ACC-017-U003,canvas_templates,3,2026-03-09
FU-005950,ACC-017,Evergreen Education,ACC-017-U020,canvas_templates,2,2026-03-09
FU-005951,ACC-017,Evergreen Education,ACC-017-U006,canvas_templates,3,2026-03-09
FU-005952,ACC-017,Evergreen Education,ACC-017-U021,canvas_templates,1,2026-03-09
FU-005953,ACC-017,Evergreen Education,ACC-017-U018,canvas_templates,5,2026-03-09
FU-005954,ACC-017,Evergreen Education,ACC-017-U019,canvas_templates,6,2026-03-09
FU-005955,ACC-017,Evergreen Education,ACC-017-U010,canvas_templates,3,2026-03-09
FU-005956,ACC-017,Evergreen Education,ACC-017-U007,canvas_templates,4,2026-03-09
FU-005957,ACC-017,Evergreen Education,ACC-017-U001,canvas_templates,5,2026-03-09
FU-005958,ACC-017,Evergreen Education,ACC-017-U013,canvas_templates,4,2026-03-09
FU-005959,ACC-017,Evergreen Education,ACC-017-U017,canvas_comments,1,2025-12-15
FU-005960,ACC-017,Evergreen Education,ACC-017-U005,canvas_comments,4,2025-12-15
FU-005961,ACC-017,Evergreen Education,ACC-017-U007,canvas_comments,3,2025-12-15
FU-005962,ACC-017,Evergreen Education,ACC-017-U022,canvas_comments,1,2025-12-15
FU-005963,ACC-017,Evergreen Education,ACC-017-U019,canvas_comments,2,2025-12-15
FU-005964,ACC-017,Evergreen Education,ACC-017-U013,canvas_comments,4,2025-12-22
FU-005965,ACC-017,Evergreen Education,ACC-017-U008,canvas_comments,1,2025-12-22
FU-005966,ACC-017,Evergreen Education,ACC-017-U015,canvas_comments,5,2025-12-22
FU-005967,ACC-017,Evergreen Education,ACC-017-U018,canvas_comments,2,2025-12-22
FU-005968,ACC-017,Evergreen Education,ACC-017-U016,canvas_comments,3,2025-12-22
FU-005969,ACC-017,Evergreen Education,ACC-017-U017,canvas_comments,3,2025-12-22
FU-005970,ACC-017,Evergreen Education,ACC-017-U020,canvas_comments,3,2025-12-29
FU-005971,ACC-017,Evergreen Education,ACC-017-U016,canvas_comments,5,2025-12-29
FU-005972,ACC-017,Evergreen Education,ACC-017-U005,canvas_comments,2,2025-12-29
FU-005973,ACC-017,Evergreen Education,ACC-017-U010,canvas_comments,1,2025-12-29
FU-005974,ACC-017,Evergreen Education,ACC-017-U017,canvas_comments,5,2025-12-29
FU-005975,ACC-017,Evergreen Education,ACC-017-U007,canvas_comments,1,2026-01-05
FU-005976,ACC-017,Evergreen Education,ACC-017-U016,canvas_comments,1,2026-01-05
FU-005977,ACC-017,Evergreen Education,ACC-017-U015,canvas_comments,3,2026-01-12
FU-005978,ACC-017,Evergreen Education,ACC-017-U005,canvas_comments,1,2026-01-12
FU-005979,ACC-017,Evergreen Education,ACC-017-U014,canvas_comments,4,2026-01-12
FU-005980,ACC-017,Evergreen Education,ACC-017-U004,canvas_comments,7,2026-01-19
FU-005981,ACC-017,Evergreen Education,ACC-017-U008,canvas_comments,6,2026-01-19
FU-005982,ACC-017,Evergreen Education,ACC-017-U014,canvas_comments,2,2026-01-19
FU-005983,ACC-017,Evergreen Education,ACC-017-U003,canvas_comments,4,2026-01-19
FU-005984,ACC-017,Evergreen Education,ACC-017-U011,canvas_comments,5,2026-01-19
FU-005985,ACC-017,Evergreen Education,ACC-017-U013,canvas_comments,5,2026-01-26
FU-005986,ACC-017,Evergreen Education,ACC-017-U005,canvas_comments,2,2026-01-26
FU-005987,ACC-017,Evergreen Education,ACC-017-U002,canvas_comments,6,2026-01-26
FU-005988,ACC-017,Evergreen Education,ACC-017-U021,canvas_comments,2,2026-01-26
FU-005989,ACC-017,Evergreen Education,ACC-017-U006,canvas_comments,1,2026-01-26
FU-005990,ACC-017,Evergreen Education,ACC-017-U011,canvas_comments,3,2026-02-02
FU-005991,ACC-017,Evergreen Education,ACC-017-U020,canvas_comments,1,2026-02-02
FU-005992,ACC-017,Evergreen Education,ACC-017-U014,canvas_comments,1,2026-02-02
FU-005993,ACC-017,Evergreen Education,ACC-017-U006,canvas_comments,4,2026-02-02
FU-005994,ACC-017,Evergreen Education,ACC-017-U009,canvas_comments,4,2026-02-02
FU-005995,ACC-017,Evergreen Education,ACC-017-U003,canvas_comments,4,2026-02-02
FU-005996,ACC-017,Evergreen Education,ACC-017-U008,canvas_comments,3,2026-02-09
FU-005997,ACC-017,Evergreen Education,ACC-017-U022,canvas_comments,4,2026-02-09
FU-005998,ACC-017,Evergreen Education,ACC-017-U003,canvas_comments,1,2026-02-16
FU-005999,ACC-017,Evergreen Education,ACC-017-U009,canvas_comments,1,2026-02-16
FU-006000,ACC-017,Evergreen Education,ACC-017-U006,canvas_comments,6,2026-02-16
FU-006001,ACC-017,Evergreen Education,ACC-017-U022,canvas_comments,5,2026-02-16
FU-006002,ACC-017,Evergreen Education,ACC-017-U012,canvas_comments,2,2026-02-16
FU-006003,ACC-017,Evergreen Education,ACC-017-U017,canvas_comments,4,2026-02-16
FU-006004,ACC-017,Evergreen Education,ACC-017-U005,canvas_comments,1,2026-02-16
FU-006005,ACC-017,Evergreen Education,ACC-017-U008,canvas_comments,2,2026-02-23
FU-006006,ACC-017,Evergreen Education,ACC-017-U010,canvas_comments,3,2026-02-23
FU-006007,ACC-017,Evergreen Education,ACC-017-U007,canvas_comments,5,2026-02-23
FU-006008,ACC-017,Evergreen Education,ACC-017-U022,canvas_comments,4,2026-03-02
FU-006009,ACC-017,Evergreen Education,ACC-017-U020,canvas_comments,5,2026-03-02
FU-006010,ACC-017,Evergreen Education,ACC-017-U019,canvas_comments,3,2026-03-02
FU-006011,ACC-017,Evergreen Education,ACC-017-U005,canvas_comments,5,2026-03-02
FU-006012,ACC-017,Evergreen Education,ACC-017-U012,canvas_comments,5,2026-03-09
FU-006013,ACC-017,Evergreen Education,ACC-017-U010,insight_dashboards,2,2025-12-15
FU-006014,ACC-017,Evergreen Education,ACC-017-U020,insight_dashboards,2,2025-12-15
FU-006015,ACC-017,Evergreen Education,ACC-017-U005,insight_dashboards,3,2025-12-15
FU-006016,ACC-017,Evergreen Education,ACC-017-U018,insight_dashboards,7,2025-12-15
FU-006017,ACC-017,Evergreen Education,ACC-017-U007,insight_dashboards,8,2025-12-15
FU-006018,ACC-017,Evergreen Education,ACC-017-U022,insight_dashboards,2,2025-12-15
FU-006019,ACC-017,Evergreen Education,ACC-017-U002,insight_dashboards,1,2025-12-22
FU-006020,ACC-017,Evergreen Education,ACC-017-U014,insight_dashboards,1,2025-12-22
FU-006021,ACC-017,Evergreen Education,ACC-017-U001,insight_dashboards,2,2025-12-22
FU-006022,ACC-017,Evergreen Education,ACC-017-U015,insight_dashboards,7,2025-12-22
FU-006023,ACC-017,Evergreen Education,ACC-017-U016,insight_dashboards,2,2025-12-22
FU-006024,ACC-017,Evergreen Education,ACC-017-U020,insight_dashboards,4,2025-12-29
FU-006025,ACC-017,Evergreen Education,ACC-017-U004,insight_dashboards,7,2025-12-29
FU-006026,ACC-017,Evergreen Education,ACC-017-U016,insight_dashboards,4,2025-12-29
FU-006027,ACC-017,Evergreen Education,ACC-017-U021,insight_dashboards,4,2025-12-29
FU-006028,ACC-017,Evergreen Education,ACC-017-U010,insight_dashboards,4,2026-01-05
FU-006029,ACC-017,Evergreen Education,ACC-017-U003,insight_dashboards,5,2026-01-05
FU-006030,ACC-017,Evergreen Education,ACC-017-U015,insight_dashboards,2,2026-01-05
FU-006031,ACC-017,Evergreen Education,ACC-017-U005,insight_dashboards,4,2026-01-12
FU-006032,ACC-017,Evergreen Education,ACC-017-U003,insight_dashboards,5,2026-01-12
FU-006033,ACC-017,Evergreen Education,ACC-017-U004,insight_dashboards,3,2026-01-12
FU-006034,ACC-017,Evergreen Education,ACC-017-U015,insight_dashboards,3,2026-01-12
FU-006035,ACC-017,Evergreen Education,ACC-017-U002,insight_dashboards,4,2026-01-12
FU-006036,ACC-017,Evergreen Education,ACC-017-U018,insight_dashboards,3,2026-01-12
FU-006037,ACC-017,Evergreen Education,ACC-017-U012,insight_dashboards,2,2026-01-12
FU-006038,ACC-017,Evergreen Education,ACC-017-U002,insight_dashboards,4,2026-01-19
FU-006039,ACC-017,Evergreen Education,ACC-017-U019,insight_dashboards,3,2026-01-19
FU-006040,ACC-017,Evergreen Education,ACC-017-U006,insight_dashboards,1,2026-01-26
FU-006041,ACC-017,Evergreen Education,ACC-017-U002,insight_dashboards,5,2026-02-02
FU-006042,ACC-017,Evergreen Education,ACC-017-U021,insight_dashboards,3,2026-02-02
FU-006043,ACC-017,Evergreen Education,ACC-017-U019,insight_dashboards,5,2026-02-02
FU-006044,ACC-017,Evergreen Education,ACC-017-U009,insight_dashboards,5,2026-02-02
FU-006045,ACC-017,Evergreen Education,ACC-017-U007,insight_dashboards,1,2026-02-02
FU-006046,ACC-017,Evergreen Education,ACC-017-U004,insight_dashboards,1,2026-02-09
FU-006047,ACC-017,Evergreen Education,ACC-017-U016,insight_dashboards,1,2026-02-09
FU-006048,ACC-017,Evergreen Education,ACC-017-U017,insight_dashboards,6,2026-02-09
FU-006049,ACC-017,Evergreen Education,ACC-017-U014,insight_dashboards,1,2026-02-09
FU-006050,ACC-017,Evergreen Education,ACC-017-U006,insight_dashboards,5,2026-02-09
FU-006051,ACC-017,Evergreen Education,ACC-017-U014,insight_dashboards,3,2026-02-16
FU-006052,ACC-017,Evergreen Education,ACC-017-U008,insight_dashboards,6,2026-02-16
FU-006053,ACC-017,Evergreen Education,ACC-017-U018,insight_dashboards,2,2026-02-16
FU-006054,ACC-017,Evergreen Education,ACC-017-U013,insight_dashboards,2,2026-02-16
FU-006055,ACC-017,Evergreen Education,ACC-017-U010,insight_dashboards,3,2026-02-23
FU-006056,ACC-017,Evergreen Education,ACC-017-U001,insight_dashboards,1,2026-03-02
FU-006057,ACC-017,Evergreen Education,ACC-017-U014,insight_dashboards,2,2026-03-02
FU-006058,ACC-017,Evergreen Education,ACC-017-U006,insight_dashboards,5,2026-03-02
FU-006059,ACC-017,Evergreen Education,ACC-017-U017,insight_dashboards,4,2026-03-02
FU-006060,ACC-017,Evergreen Education,ACC-017-U010,insight_dashboards,1,2026-03-09
FU-006061,ACC-017,Evergreen Education,ACC-017-U020,insight_dashboards,4,2026-03-09
FU-006062,ACC-017,Evergreen Education,ACC-017-U006,insight_dashboards,1,2026-03-09
FU-006063,ACC-017,Evergreen Education,ACC-017-U018,insight_dashboards,5,2026-03-09
FU-006064,ACC-017,Evergreen Education,ACC-017-U021,insight_dashboards,3,2026-03-09
FU-006065,ACC-017,Evergreen Education,ACC-017-U003,canvas_layers,5,2025-12-15
FU-006066,ACC-017,Evergreen Education,ACC-017-U014,canvas_layers,2,2025-12-22
FU-006067,ACC-017,Evergreen Education,ACC-017-U008,canvas_layers,3,2025-12-22
FU-006068,ACC-017,Evergreen Education,ACC-017-U012,canvas_layers,4,2025-12-22
FU-006069,ACC-017,Evergreen Education,ACC-017-U010,canvas_layers,2,2025-12-22
FU-006070,ACC-017,Evergreen Education,ACC-017-U007,canvas_layers,1,2025-12-22
FU-006071,ACC-017,Evergreen Education,ACC-017-U004,canvas_layers,2,2025-12-22
FU-006072,ACC-017,Evergreen Education,ACC-017-U021,canvas_layers,3,2025-12-22
FU-006073,ACC-017,Evergreen Education,ACC-017-U011,canvas_layers,5,2025-12-29
FU-006074,ACC-017,Evergreen Education,ACC-017-U010,canvas_layers,2,2025-12-29
FU-006075,ACC-017,Evergreen Education,ACC-017-U016,canvas_layers,7,2025-12-29
FU-006076,ACC-017,Evergreen Education,ACC-017-U021,canvas_layers,1,2026-01-05
FU-006077,ACC-017,Evergreen Education,ACC-017-U019,canvas_layers,4,2026-01-05
FU-006078,ACC-017,Evergreen Education,ACC-017-U001,canvas_layers,3,2026-01-05
FU-006079,ACC-017,Evergreen Education,ACC-017-U009,canvas_layers,4,2026-01-05
FU-006080,ACC-017,Evergreen Education,ACC-017-U016,canvas_layers,7,2026-01-05
FU-006081,ACC-017,Evergreen Education,ACC-017-U003,canvas_layers,2,2026-01-05
FU-006082,ACC-017,Evergreen Education,ACC-017-U017,canvas_layers,4,2026-01-12
FU-006083,ACC-017,Evergreen Education,ACC-017-U001,canvas_layers,2,2026-01-19
FU-006084,ACC-017,Evergreen Education,ACC-017-U006,canvas_layers,4,2026-01-19
FU-006085,ACC-017,Evergreen Education,ACC-017-U020,canvas_layers,4,2026-01-19
FU-006086,ACC-017,Evergreen Education,ACC-017-U020,canvas_layers,1,2026-01-26
FU-006087,ACC-017,Evergreen Education,ACC-017-U001,canvas_layers,2,2026-02-02
FU-006088,ACC-017,Evergreen Education,ACC-017-U011,canvas_layers,4,2026-02-02
FU-006089,ACC-017,Evergreen Education,ACC-017-U021,canvas_layers,5,2026-02-09
FU-006090,ACC-017,Evergreen Education,ACC-017-U003,canvas_layers,3,2026-02-09
FU-006091,ACC-017,Evergreen Education,ACC-017-U010,canvas_layers,4,2026-02-09
FU-006092,ACC-017,Evergreen Education,ACC-017-U001,canvas_layers,5,2026-02-09
FU-006093,ACC-017,Evergreen Education,ACC-017-U013,canvas_layers,2,2026-02-09
FU-006094,ACC-017,Evergreen Education,ACC-017-U005,canvas_layers,5,2026-02-09
FU-006095,ACC-017,Evergreen Education,ACC-017-U018,canvas_layers,6,2026-02-09
FU-006096,ACC-017,Evergreen Education,ACC-017-U011,canvas_layers,4,2026-02-16
FU-006097,ACC-017,Evergreen Education,ACC-017-U004,canvas_layers,4,2026-02-16
FU-006098,ACC-017,Evergreen Education,ACC-017-U015,canvas_layers,3,2026-02-16
FU-006099,ACC-017,Evergreen Education,ACC-017-U010,canvas_layers,3,2026-02-16
FU-006100,ACC-017,Evergreen Education,ACC-017-U009,canvas_layers,1,2026-02-16
FU-006101,ACC-017,Evergreen Education,ACC-017-U019,canvas_layers,4,2026-02-16
FU-006102,ACC-017,Evergreen Education,ACC-017-U017,canvas_layers,1,2026-02-16
FU-006103,ACC-017,Evergreen Education,ACC-017-U006,canvas_layers,4,2026-02-23
FU-006104,ACC-017,Evergreen Education,ACC-017-U008,canvas_layers,5,2026-02-23
FU-006105,ACC-017,Evergreen Education,ACC-017-U012,canvas_layers,3,2026-02-23
FU-006106,ACC-017,Evergreen Education,ACC-017-U011,canvas_layers,3,2026-02-23
FU-006107,ACC-017,Evergreen Education,ACC-017-U005,canvas_layers,5,2026-02-23
FU-006108,ACC-017,Evergreen Education,ACC-017-U013,canvas_layers,1,2026-02-23
FU-006109,ACC-017,Evergreen Education,ACC-017-U016,canvas_layers,2,2026-03-02
FU-006110,ACC-017,Evergreen Education,ACC-017-U020,canvas_layers,6,2026-03-02
FU-006111,ACC-017,Evergreen Education,ACC-017-U017,canvas_layers,2,2026-03-02
FU-006112,ACC-017,Evergreen Education,ACC-017-U019,canvas_layers,3,2026-03-02
FU-006113,ACC-017,Evergreen Education,ACC-017-U002,canvas_layers,5,2026-03-02
FU-006114,ACC-017,Evergreen Education,ACC-017-U001,canvas_layers,6,2026-03-09
FU-006115,ACC-017,Evergreen Education,ACC-017-U020,insight_scheduled_reports,7,2025-12-15
FU-006116,ACC-017,Evergreen Education,ACC-017-U021,insight_scheduled_reports,4,2025-12-15
FU-006117,ACC-017,Evergreen Education,ACC-017-U012,insight_scheduled_reports,4,2025-12-15
FU-006118,ACC-017,Evergreen Education,ACC-017-U017,insight_scheduled_reports,3,2025-12-22
FU-006119,ACC-017,Evergreen Education,ACC-017-U014,insight_scheduled_reports,5,2025-12-22
FU-006120,ACC-017,Evergreen Education,ACC-017-U015,insight_scheduled_reports,5,2025-12-22
FU-006121,ACC-017,Evergreen Education,ACC-017-U002,insight_scheduled_reports,3,2025-12-29
FU-006122,ACC-017,Evergreen Education,ACC-017-U016,insight_scheduled_reports,3,2025-12-29
FU-006123,ACC-017,Evergreen Education,ACC-017-U008,insight_scheduled_reports,3,2025-12-29
FU-006124,ACC-017,Evergreen Education,ACC-017-U020,insight_scheduled_reports,4,2025-12-29
FU-006125,ACC-017,Evergreen Education,ACC-017-U018,insight_scheduled_reports,4,2025-12-29
FU-006126,ACC-017,Evergreen Education,ACC-017-U005,insight_scheduled_reports,4,2025-12-29
FU-006127,ACC-017,Evergreen Education,ACC-017-U020,insight_scheduled_reports,1,2026-01-05
FU-006128,ACC-017,Evergreen Education,ACC-017-U005,insight_scheduled_reports,2,2026-01-05
FU-006129,ACC-017,Evergreen Education,ACC-017-U004,insight_scheduled_reports,1,2026-01-05
FU-006130,ACC-017,Evergreen Education,ACC-017-U022,insight_scheduled_reports,1,2026-01-05
FU-006131,ACC-017,Evergreen Education,ACC-017-U013,insight_scheduled_reports,7,2026-01-05
FU-006132,ACC-017,Evergreen Education,ACC-017-U015,insight_scheduled_reports,3,2026-01-12
FU-006133,ACC-017,Evergreen Education,ACC-017-U020,insight_scheduled_reports,1,2026-01-12
FU-006134,ACC-017,Evergreen Education,ACC-017-U007,insight_scheduled_reports,1,2026-01-12
FU-006135,ACC-017,Evergreen Education,ACC-017-U022,insight_scheduled_reports,5,2026-01-19
FU-006136,ACC-017,Evergreen Education,ACC-017-U013,insight_scheduled_reports,1,2026-01-19
FU-006137,ACC-017,Evergreen Education,ACC-017-U009,insight_scheduled_reports,1,2026-01-19
FU-006138,ACC-017,Evergreen Education,ACC-017-U001,insight_scheduled_reports,4,2026-01-26
FU-006139,ACC-017,Evergreen Education,ACC-017-U014,insight_scheduled_reports,6,2026-02-02
FU-006140,ACC-017,Evergreen Education,ACC-017-U002,insight_scheduled_reports,2,2026-02-02
FU-006141,ACC-017,Evergreen Education,ACC-017-U008,insight_scheduled_reports,3,2026-02-02
FU-006142,ACC-017,Evergreen Education,ACC-017-U020,insight_scheduled_reports,2,2026-02-02
FU-006143,ACC-017,Evergreen Education,ACC-017-U017,insight_scheduled_reports,2,2026-02-02
FU-006144,ACC-017,Evergreen Education,ACC-017-U005,insight_scheduled_reports,2,2026-02-02
FU-006145,ACC-017,Evergreen Education,ACC-017-U012,insight_scheduled_reports,2,2026-02-09
FU-006146,ACC-017,Evergreen Education,ACC-017-U007,insight_scheduled_reports,6,2026-02-09
FU-006147,ACC-017,Evergreen Education,ACC-017-U015,insight_scheduled_reports,5,2026-02-09
FU-006148,ACC-017,Evergreen Education,ACC-017-U011,insight_scheduled_reports,3,2026-02-16
FU-006149,ACC-017,Evergreen Education,ACC-017-U005,insight_scheduled_reports,4,2026-02-23
FU-006150,ACC-017,Evergreen Education,ACC-017-U021,insight_scheduled_reports,5,2026-02-23
FU-006151,ACC-017,Evergreen Education,ACC-017-U011,insight_scheduled_reports,1,2026-02-23
FU-006152,ACC-017,Evergreen Education,ACC-017-U001,insight_scheduled_reports,5,2026-02-23
FU-006153,ACC-017,Evergreen Education,ACC-017-U003,insight_scheduled_reports,4,2026-02-23
FU-006154,ACC-017,Evergreen Education,ACC-017-U015,insight_scheduled_reports,1,2026-02-23
FU-006155,ACC-017,Evergreen Education,ACC-017-U016,insight_scheduled_reports,2,2026-03-02
FU-006156,ACC-017,Evergreen Education,ACC-017-U015,insight_scheduled_reports,3,2026-03-02
FU-006157,ACC-017,Evergreen Education,ACC-017-U018,insight_scheduled_reports,6,2026-03-02
FU-006158,ACC-017,Evergreen Education,ACC-017-U017,insight_scheduled_reports,3,2026-03-02
FU-006159,ACC-017,Evergreen Education,ACC-017-U007,insight_scheduled_reports,5,2026-03-09
FU-006160,ACC-017,Evergreen Education,ACC-017-U020,insight_scheduled_reports,2,2026-03-09
FU-006161,ACC-017,Evergreen Education,ACC-017-U016,insight_scheduled_reports,2,2026-03-09
FU-006162,ACC-017,Evergreen Education,ACC-017-U005,insight_scheduled_reports,4,2026-03-09
FU-006163,ACC-017,Evergreen Education,ACC-017-U001,insight_scheduled_reports,2,2026-03-09
FU-006164,ACC-017,Evergreen Education,ACC-017-U013,insight_api,5,2025-12-15
FU-006165,ACC-017,Evergreen Education,ACC-017-U012,insight_api,1,2025-12-15
FU-006166,ACC-017,Evergreen Education,ACC-017-U015,insight_api,5,2025-12-15
FU-006167,ACC-017,Evergreen Education,ACC-017-U010,insight_api,1,2025-12-15
FU-006168,ACC-017,Evergreen Education,ACC-017-U017,insight_api,1,2025-12-15
FU-006169,ACC-017,Evergreen Education,ACC-017-U008,insight_api,6,2025-12-15
FU-006170,ACC-017,Evergreen Education,ACC-017-U012,insight_api,4,2025-12-22
FU-006171,ACC-017,Evergreen Education,ACC-017-U001,insight_api,5,2025-12-22
FU-006172,ACC-017,Evergreen Education,ACC-017-U007,insight_api,1,2025-12-22
FU-006173,ACC-017,Evergreen Education,ACC-017-U017,insight_api,2,2025-12-22
FU-006174,ACC-017,Evergreen Education,ACC-017-U003,insight_api,2,2025-12-22
FU-006175,ACC-017,Evergreen Education,ACC-017-U018,insight_api,1,2025-12-29
FU-006176,ACC-017,Evergreen Education,ACC-017-U001,insight_api,6,2025-12-29
FU-006177,ACC-017,Evergreen Education,ACC-017-U003,insight_api,5,2025-12-29
FU-006178,ACC-017,Evergreen Education,ACC-017-U012,insight_api,3,2025-12-29
FU-006179,ACC-017,Evergreen Education,ACC-017-U007,insight_api,1,2025-12-29
FU-006180,ACC-017,Evergreen Education,ACC-017-U020,insight_api,2,2025-12-29
FU-006181,ACC-017,Evergreen Education,ACC-017-U010,insight_api,2,2026-01-05
FU-006182,ACC-017,Evergreen Education,ACC-017-U018,insight_api,8,2026-01-05
FU-006183,ACC-017,Evergreen Education,ACC-017-U006,insight_api,8,2026-01-12
FU-006184,ACC-017,Evergreen Education,ACC-017-U011,insight_api,5,2026-01-12
FU-006185,ACC-017,Evergreen Education,ACC-017-U013,insight_api,9,2026-01-12
FU-006186,ACC-017,Evergreen Education,ACC-017-U017,insight_api,1,2026-01-19
FU-006187,ACC-017,Evergreen Education,ACC-017-U010,insight_api,6,2026-01-19
FU-006188,ACC-017,Evergreen Education,ACC-017-U007,insight_api,4,2026-01-19
FU-006189,ACC-017,Evergreen Education,ACC-017-U015,insight_api,3,2026-01-19
FU-006190,ACC-017,Evergreen Education,ACC-017-U013,insight_api,2,2026-01-19
FU-006191,ACC-017,Evergreen Education,ACC-017-U016,insight_api,8,2026-01-26
FU-006192,ACC-017,Evergreen Education,ACC-017-U022,insight_api,2,2026-01-26
FU-006193,ACC-017,Evergreen Education,ACC-017-U019,insight_api,2,2026-01-26
FU-006194,ACC-017,Evergreen Education,ACC-017-U017,insight_api,4,2026-01-26
FU-006195,ACC-017,Evergreen Education,ACC-017-U008,insight_api,3,2026-02-02
FU-006196,ACC-017,Evergreen Education,ACC-017-U021,insight_api,1,2026-02-02
FU-006197,ACC-017,Evergreen Education,ACC-017-U012,insight_api,3,2026-02-02
FU-006198,ACC-017,Evergreen Education,ACC-017-U005,insight_api,6,2026-02-02
FU-006199,ACC-017,Evergreen Education,ACC-017-U009,insight_api,1,2026-02-02
FU-006200,ACC-017,Evergreen Education,ACC-017-U014,insight_api,7,2026-02-02
FU-006201,ACC-017,Evergreen Education,ACC-017-U007,insight_api,6,2026-02-02
FU-006202,ACC-017,Evergreen Education,ACC-017-U022,insight_api,3,2026-02-09
FU-006203,ACC-017,Evergreen Education,ACC-017-U001,insight_api,2,2026-02-09
FU-006204,ACC-017,Evergreen Education,ACC-017-U003,insight_api,1,2026-02-09
FU-006205,ACC-017,Evergreen Education,ACC-017-U008,insight_api,2,2026-02-09
FU-006206,ACC-017,Evergreen Education,ACC-017-U011,insight_api,6,2026-02-09
FU-006207,ACC-017,Evergreen Education,ACC-017-U017,insight_api,2,2026-02-09
FU-006208,ACC-017,Evergreen Education,ACC-017-U020,insight_api,9,2026-02-09
FU-006209,ACC-017,Evergreen Education,ACC-017-U016,insight_api,4,2026-02-16
FU-006210,ACC-017,Evergreen Education,ACC-017-U010,insight_api,5,2026-02-16
FU-006211,ACC-017,Evergreen Education,ACC-017-U008,insight_api,2,2026-02-16
FU-006212,ACC-017,Evergreen Education,ACC-017-U021,insight_api,2,2026-02-16
FU-006213,ACC-017,Evergreen Education,ACC-017-U018,insight_api,3,2026-02-23
FU-006214,ACC-017,Evergreen Education,ACC-017-U013,insight_api,1,2026-02-23
FU-006215,ACC-017,Evergreen Education,ACC-017-U008,insight_api,1,2026-03-02
FU-006216,ACC-017,Evergreen Education,ACC-017-U021,insight_api,4,2026-03-02
FU-006217,ACC-017,Evergreen Education,ACC-017-U017,insight_api,1,2026-03-02
FU-006218,ACC-017,Evergreen Education,ACC-017-U006,insight_api,2,2026-03-02
FU-006219,ACC-017,Evergreen Education,ACC-017-U004,insight_api,3,2026-03-02
FU-006220,ACC-017,Evergreen Education,ACC-017-U002,insight_api,3,2026-03-02
FU-006221,ACC-017,Evergreen Education,ACC-017-U015,insight_api,3,2026-03-09
FU-006222,ACC-017,Evergreen Education,ACC-017-U008,insight_api,1,2026-03-09
FU-006223,ACC-017,Evergreen Education,ACC-017-U011,insight_api,4,2026-03-09
FU-006224,ACC-017,Evergreen Education,ACC-017-U002,insight_api,1,2026-03-09
FU-006225,ACC-017,Evergreen Education,ACC-017-U003,insight_api,2,2026-03-09
FU-006226,ACC-017,Evergreen Education,ACC-017-U007,insight_api,2,2026-03-09
FU-006227,ACC-017,Evergreen Education,ACC-017-U006,insight_api,3,2026-03-09
FU-006228,ACC-017,Evergreen Education,ACC-017-U017,canvas_version_history,2,2025-12-15
FU-006229,ACC-017,Evergreen Education,ACC-017-U005,canvas_version_history,3,2025-12-15
FU-006230,ACC-017,Evergreen Education,ACC-017-U009,canvas_version_history,1,2025-12-15
FU-006231,ACC-017,Evergreen Education,ACC-017-U006,canvas_version_history,5,2025-12-22
FU-006232,ACC-017,Evergreen Education,ACC-017-U017,canvas_version_history,1,2025-12-29
FU-006233,ACC-017,Evergreen Education,ACC-017-U018,canvas_version_history,4,2025-12-29
FU-006234,ACC-017,Evergreen Education,ACC-017-U012,canvas_version_history,7,2025-12-29
FU-006235,ACC-017,Evergreen Education,ACC-017-U011,canvas_version_history,2,2025-12-29
FU-006236,ACC-017,Evergreen Education,ACC-017-U015,canvas_version_history,2,2025-12-29
FU-006237,ACC-017,Evergreen Education,ACC-017-U013,canvas_version_history,5,2026-01-05
FU-006238,ACC-017,Evergreen Education,ACC-017-U001,canvas_version_history,6,2026-01-05
FU-006239,ACC-017,Evergreen Education,ACC-017-U018,canvas_version_history,5,2026-01-05
FU-006240,ACC-017,Evergreen Education,ACC-017-U012,canvas_version_history,6,2026-01-05
FU-006241,ACC-017,Evergreen Education,ACC-017-U019,canvas_version_history,4,2026-01-05
FU-006242,ACC-017,Evergreen Education,ACC-017-U002,canvas_version_history,1,2026-01-05
FU-006243,ACC-017,Evergreen Education,ACC-017-U009,canvas_version_history,6,2026-01-12
FU-006244,ACC-017,Evergreen Education,ACC-017-U011,canvas_version_history,1,2026-01-19
FU-006245,ACC-017,Evergreen Education,ACC-017-U007,canvas_version_history,5,2026-01-19
FU-006246,ACC-017,Evergreen Education,ACC-017-U019,canvas_version_history,1,2026-01-19
FU-006247,ACC-017,Evergreen Education,ACC-017-U014,canvas_version_history,3,2026-01-26
FU-006248,ACC-017,Evergreen Education,ACC-017-U020,canvas_version_history,4,2026-01-26
FU-006249,ACC-017,Evergreen Education,ACC-017-U004,canvas_version_history,5,2026-01-26
FU-006250,ACC-017,Evergreen Education,ACC-017-U016,canvas_version_history,4,2026-02-02
FU-006251,ACC-017,Evergreen Education,ACC-017-U020,canvas_version_history,2,2026-02-02
FU-006252,ACC-017,Evergreen Education,ACC-017-U018,canvas_version_history,3,2026-02-02
FU-006253,ACC-017,Evergreen Education,ACC-017-U017,canvas_version_history,4,2026-02-02
FU-006254,ACC-017,Evergreen Education,ACC-017-U004,canvas_version_history,5,2026-02-09
FU-006255,ACC-017,Evergreen Education,ACC-017-U021,canvas_version_history,1,2026-02-16
FU-006256,ACC-017,Evergreen Education,ACC-017-U006,canvas_version_history,4,2026-02-16
FU-006257,ACC-017,Evergreen Education,ACC-017-U016,canvas_version_history,3,2026-02-16
FU-006258,ACC-017,Evergreen Education,ACC-017-U007,canvas_version_history,2,2026-02-16
FU-006259,ACC-017,Evergreen Education,ACC-017-U010,canvas_version_history,1,2026-02-23
FU-006260,ACC-017,Evergreen Education,ACC-017-U009,canvas_version_history,5,2026-02-23
FU-006261,ACC-017,Evergreen Education,ACC-017-U018,canvas_version_history,1,2026-02-23
FU-006262,ACC-017,Evergreen Education,ACC-017-U016,canvas_version_history,2,2026-02-23
FU-006263,ACC-017,Evergreen Education,ACC-017-U020,canvas_version_history,3,2026-02-23
FU-006264,ACC-017,Evergreen Education,ACC-017-U001,canvas_version_history,3,2026-02-23
FU-006265,ACC-017,Evergreen Education,ACC-017-U011,canvas_version_history,2,2026-03-02
FU-006266,ACC-017,Evergreen Education,ACC-017-U017,canvas_version_history,4,2026-03-02
FU-006267,ACC-017,Evergreen Education,ACC-017-U007,canvas_version_history,1,2026-03-09
FU-006268,ACC-017,Evergreen Education,ACC-017-U004,canvas_version_history,4,2026-03-09
FU-006269,ACC-017,Evergreen Education,ACC-017-U001,canvas_version_history,5,2026-03-09
FU-006270,ACC-017,Evergreen Education,ACC-017-U006,canvas_version_history,2,2026-03-09
FU-006271,ACC-017,Evergreen Education,ACC-017-U008,canvas_version_history,6,2026-03-09
FU-006272,ACC-018,Flux Dynamics,ACC-018-U027,flow_integrations,4,2025-12-15
FU-006273,ACC-018,Flux Dynamics,ACC-018-U003,flow_integrations,4,2025-12-15
FU-006274,ACC-018,Flux Dynamics,ACC-018-U040,flow_integrations,3,2025-12-15
FU-006275,ACC-018,Flux Dynamics,ACC-018-U015,flow_integrations,8,2025-12-15
FU-006276,ACC-018,Flux Dynamics,ACC-018-U013,flow_integrations,1,2025-12-15
FU-006277,ACC-018,Flux Dynamics,ACC-018-U032,flow_integrations,3,2025-12-15
FU-006278,ACC-018,Flux Dynamics,ACC-018-U005,flow_integrations,1,2025-12-15
FU-006279,ACC-018,Flux Dynamics,ACC-018-U046,flow_integrations,3,2025-12-15
FU-006280,ACC-018,Flux Dynamics,ACC-018-U035,flow_integrations,5,2025-12-15
FU-006281,ACC-018,Flux Dynamics,ACC-018-U025,flow_integrations,2,2025-12-15
FU-006282,ACC-018,Flux Dynamics,ACC-018-U023,flow_integrations,3,2025-12-15
FU-006283,ACC-018,Flux Dynamics,ACC-018-U033,flow_integrations,4,2025-12-15
FU-006284,ACC-018,Flux Dynamics,ACC-018-U021,flow_integrations,1,2025-12-15
FU-006285,ACC-018,Flux Dynamics,ACC-018-U011,flow_integrations,1,2025-12-22
FU-006286,ACC-018,Flux Dynamics,ACC-018-U002,flow_integrations,5,2025-12-22
FU-006287,ACC-018,Flux Dynamics,ACC-018-U026,flow_integrations,4,2025-12-22
FU-006288,ACC-018,Flux Dynamics,ACC-018-U005,flow_integrations,2,2025-12-22
FU-006289,ACC-018,Flux Dynamics,ACC-018-U029,flow_integrations,2,2025-12-29
FU-006290,ACC-018,Flux Dynamics,ACC-018-U031,flow_integrations,3,2025-12-29
FU-006291,ACC-018,Flux Dynamics,ACC-018-U037,flow_integrations,4,2026-01-05
FU-006292,ACC-018,Flux Dynamics,ACC-018-U021,flow_integrations,4,2026-01-05
FU-006293,ACC-018,Flux Dynamics,ACC-018-U002,flow_integrations,3,2026-01-05
FU-006294,ACC-018,Flux Dynamics,ACC-018-U020,flow_integrations,2,2026-01-05
FU-006295,ACC-018,Flux Dynamics,ACC-018-U030,flow_integrations,6,2026-01-05
FU-006296,ACC-018,Flux Dynamics,ACC-018-U041,flow_integrations,1,2026-01-05
FU-006297,ACC-018,Flux Dynamics,ACC-018-U003,flow_integrations,2,2026-01-05
FU-006298,ACC-018,Flux Dynamics,ACC-018-U001,flow_integrations,4,2026-01-05
FU-006299,ACC-018,Flux Dynamics,ACC-018-U026,flow_integrations,1,2026-01-05
FU-006300,ACC-018,Flux Dynamics,ACC-018-U038,flow_integrations,1,2026-01-12
FU-006301,ACC-018,Flux Dynamics,ACC-018-U003,flow_integrations,8,2026-01-12
FU-006302,ACC-018,Flux Dynamics,ACC-018-U039,flow_integrations,4,2026-01-12
FU-006303,ACC-018,Flux Dynamics,ACC-018-U012,flow_integrations,3,2026-01-12
FU-006304,ACC-018,Flux Dynamics,ACC-018-U013,flow_integrations,3,2026-01-12
FU-006305,ACC-018,Flux Dynamics,ACC-018-U037,flow_integrations,1,2026-01-12
FU-006306,ACC-018,Flux Dynamics,ACC-018-U015,flow_integrations,4,2026-01-12
FU-006307,ACC-018,Flux Dynamics,ACC-018-U027,flow_integrations,1,2026-01-12
FU-006308,ACC-018,Flux Dynamics,ACC-018-U002,flow_integrations,3,2026-01-12
FU-006309,ACC-018,Flux Dynamics,ACC-018-U020,flow_integrations,2,2026-01-12
FU-006310,ACC-018,Flux Dynamics,ACC-018-U018,flow_integrations,5,2026-01-12
FU-006311,ACC-018,Flux Dynamics,ACC-018-U032,flow_integrations,1,2026-01-12
FU-006312,ACC-018,Flux Dynamics,ACC-018-U016,flow_integrations,1,2026-01-19
FU-006313,ACC-018,Flux Dynamics,ACC-018-U005,flow_integrations,1,2026-01-19
FU-006314,ACC-018,Flux Dynamics,ACC-018-U007,flow_integrations,3,2026-01-19
FU-006315,ACC-018,Flux Dynamics,ACC-018-U011,flow_integrations,3,2026-01-19
FU-006316,ACC-018,Flux Dynamics,ACC-018-U021,flow_integrations,3,2026-01-19
FU-006317,ACC-018,Flux Dynamics,ACC-018-U038,flow_integrations,2,2026-01-19
FU-006318,ACC-018,Flux Dynamics,ACC-018-U033,flow_integrations,4,2026-01-19
FU-006319,ACC-018,Flux Dynamics,ACC-018-U045,flow_integrations,3,2026-01-19
FU-006320,ACC-018,Flux Dynamics,ACC-018-U009,flow_integrations,5,2026-01-19
FU-006321,ACC-018,Flux Dynamics,ACC-018-U006,flow_integrations,2,2026-01-19
FU-006322,ACC-018,Flux Dynamics,ACC-018-U006,flow_integrations,5,2026-01-26
FU-006323,ACC-018,Flux Dynamics,ACC-018-U014,flow_integrations,2,2026-01-26
FU-006324,ACC-018,Flux Dynamics,ACC-018-U032,flow_integrations,1,2026-01-26
FU-006325,ACC-018,Flux Dynamics,ACC-018-U001,flow_integrations,2,2026-01-26
FU-006326,ACC-018,Flux Dynamics,ACC-018-U016,flow_integrations,3,2026-01-26
FU-006327,ACC-018,Flux Dynamics,ACC-018-U017,flow_integrations,3,2026-01-26
FU-006328,ACC-018,Flux Dynamics,ACC-018-U002,flow_integrations,4,2026-01-26
FU-006329,ACC-018,Flux Dynamics,ACC-018-U035,flow_integrations,7,2026-01-26
FU-006330,ACC-018,Flux Dynamics,ACC-018-U030,flow_integrations,1,2026-02-02
FU-006331,ACC-018,Flux Dynamics,ACC-018-U041,flow_integrations,2,2026-02-02
FU-006332,ACC-018,Flux Dynamics,ACC-018-U019,flow_integrations,6,2026-02-02
FU-006333,ACC-018,Flux Dynamics,ACC-018-U016,flow_integrations,3,2026-02-02
FU-006334,ACC-018,Flux Dynamics,ACC-018-U037,flow_integrations,3,2026-02-02
FU-006335,ACC-018,Flux Dynamics,ACC-018-U045,flow_integrations,5,2026-02-02
FU-006336,ACC-018,Flux Dynamics,ACC-018-U039,flow_integrations,5,2026-02-02
FU-006337,ACC-018,Flux Dynamics,ACC-018-U008,flow_integrations,2,2026-02-02
FU-006338,ACC-018,Flux Dynamics,ACC-018-U044,flow_integrations,4,2026-02-02
FU-006339,ACC-018,Flux Dynamics,ACC-018-U007,flow_integrations,3,2026-02-02
FU-006340,ACC-018,Flux Dynamics,ACC-018-U025,flow_integrations,1,2026-02-02
FU-006341,ACC-018,Flux Dynamics,ACC-018-U023,flow_integrations,1,2026-02-02
FU-006342,ACC-018,Flux Dynamics,ACC-018-U004,flow_integrations,3,2026-02-09
FU-006343,ACC-018,Flux Dynamics,ACC-018-U029,flow_integrations,1,2026-02-09
FU-006344,ACC-018,Flux Dynamics,ACC-018-U011,flow_integrations,1,2026-02-09
FU-006345,ACC-018,Flux Dynamics,ACC-018-U023,flow_integrations,4,2026-02-09
FU-006346,ACC-018,Flux Dynamics,ACC-018-U048,flow_integrations,8,2026-02-09
FU-006347,ACC-018,Flux Dynamics,ACC-018-U039,flow_integrations,5,2026-02-09
FU-006348,ACC-018,Flux Dynamics,ACC-018-U013,flow_integrations,6,2026-02-09
FU-006349,ACC-018,Flux Dynamics,ACC-018-U042,flow_integrations,3,2026-02-09
FU-006350,ACC-018,Flux Dynamics,ACC-018-U001,flow_integrations,2,2026-02-16
FU-006351,ACC-018,Flux Dynamics,ACC-018-U021,flow_integrations,5,2026-02-16
FU-006352,ACC-018,Flux Dynamics,ACC-018-U014,flow_integrations,1,2026-02-16
FU-006353,ACC-018,Flux Dynamics,ACC-018-U022,flow_integrations,1,2026-02-23
FU-006354,ACC-018,Flux Dynamics,ACC-018-U011,flow_integrations,2,2026-02-23
FU-006355,ACC-018,Flux Dynamics,ACC-018-U036,flow_integrations,4,2026-02-23
FU-006356,ACC-018,Flux Dynamics,ACC-018-U008,flow_integrations,1,2026-02-23
FU-006357,ACC-018,Flux Dynamics,ACC-018-U014,flow_integrations,3,2026-02-23
FU-006358,ACC-018,Flux Dynamics,ACC-018-U017,flow_integrations,4,2026-02-23
FU-006359,ACC-018,Flux Dynamics,ACC-018-U010,flow_integrations,2,2026-03-02
FU-006360,ACC-018,Flux Dynamics,ACC-018-U025,flow_integrations,3,2026-03-02
FU-006361,ACC-018,Flux Dynamics,ACC-018-U006,flow_integrations,2,2026-03-02
FU-006362,ACC-018,Flux Dynamics,ACC-018-U003,flow_integrations,3,2026-03-02
FU-006363,ACC-018,Flux Dynamics,ACC-018-U014,flow_integrations,3,2026-03-02
FU-006364,ACC-018,Flux Dynamics,ACC-018-U044,flow_integrations,1,2026-03-09
FU-006365,ACC-018,Flux Dynamics,ACC-018-U009,flow_integrations,1,2026-03-09
FU-006366,ACC-018,Flux Dynamics,ACC-018-U016,flow_webhooks,7,2025-12-15
FU-006367,ACC-018,Flux Dynamics,ACC-018-U004,flow_webhooks,6,2025-12-15
FU-006368,ACC-018,Flux Dynamics,ACC-018-U040,flow_webhooks,1,2025-12-22
FU-006369,ACC-018,Flux Dynamics,ACC-018-U026,flow_webhooks,3,2025-12-22
FU-006370,ACC-018,Flux Dynamics,ACC-018-U012,flow_webhooks,3,2025-12-22
FU-006371,ACC-018,Flux Dynamics,ACC-018-U039,flow_webhooks,2,2025-12-22
FU-006372,ACC-018,Flux Dynamics,ACC-018-U020,flow_webhooks,5,2025-12-22
FU-006373,ACC-018,Flux Dynamics,ACC-018-U046,flow_webhooks,5,2025-12-22
FU-006374,ACC-018,Flux Dynamics,ACC-018-U027,flow_webhooks,4,2025-12-22
FU-006375,ACC-018,Flux Dynamics,ACC-018-U019,flow_webhooks,6,2025-12-22
FU-006376,ACC-018,Flux Dynamics,ACC-018-U048,flow_webhooks,6,2025-12-22
FU-006377,ACC-018,Flux Dynamics,ACC-018-U032,flow_webhooks,5,2025-12-22
FU-006378,ACC-018,Flux Dynamics,ACC-018-U045,flow_webhooks,6,2025-12-22
FU-006379,ACC-018,Flux Dynamics,ACC-018-U037,flow_webhooks,5,2025-12-29
FU-006380,ACC-018,Flux Dynamics,ACC-018-U007,flow_webhooks,5,2025-12-29
FU-006381,ACC-018,Flux Dynamics,ACC-018-U038,flow_webhooks,5,2025-12-29
FU-006382,ACC-018,Flux Dynamics,ACC-018-U023,flow_webhooks,3,2025-12-29
FU-006383,ACC-018,Flux Dynamics,ACC-018-U032,flow_webhooks,3,2025-12-29
FU-006384,ACC-018,Flux Dynamics,ACC-018-U045,flow_webhooks,2,2025-12-29
FU-006385,ACC-018,Flux Dynamics,ACC-018-U048,flow_webhooks,1,2025-12-29
FU-006386,ACC-018,Flux Dynamics,ACC-018-U020,flow_webhooks,6,2025-12-29
FU-006387,ACC-018,Flux Dynamics,ACC-018-U034,flow_webhooks,1,2026-01-05
FU-006388,ACC-018,Flux Dynamics,ACC-018-U010,flow_webhooks,3,2026-01-05
FU-006389,ACC-018,Flux Dynamics,ACC-018-U039,flow_webhooks,1,2026-01-05
FU-006390,ACC-018,Flux Dynamics,ACC-018-U047,flow_webhooks,6,2026-01-05
FU-006391,ACC-018,Flux Dynamics,ACC-018-U020,flow_webhooks,1,2026-01-05
FU-006392,ACC-018,Flux Dynamics,ACC-018-U004,flow_webhooks,1,2026-01-05
FU-006393,ACC-018,Flux Dynamics,ACC-018-U042,flow_webhooks,5,2026-01-05
FU-006394,ACC-018,Flux Dynamics,ACC-018-U040,flow_webhooks,1,2026-01-05
FU-006395,ACC-018,Flux Dynamics,ACC-018-U033,flow_webhooks,3,2026-01-05
FU-006396,ACC-018,Flux Dynamics,ACC-018-U040,flow_webhooks,3,2026-01-12
FU-006397,ACC-018,Flux Dynamics,ACC-018-U036,flow_webhooks,4,2026-01-12
FU-006398,ACC-018,Flux Dynamics,ACC-018-U039,flow_webhooks,4,2026-01-12
FU-006399,ACC-018,Flux Dynamics,ACC-018-U001,flow_webhooks,6,2026-01-12
FU-006400,ACC-018,Flux Dynamics,ACC-018-U027,flow_webhooks,1,2026-01-12
FU-006401,ACC-018,Flux Dynamics,ACC-018-U024,flow_webhooks,1,2026-01-19
FU-006402,ACC-018,Flux Dynamics,ACC-018-U028,flow_webhooks,4,2026-01-19
FU-006403,ACC-018,Flux Dynamics,ACC-018-U030,flow_webhooks,5,2026-01-19
FU-006404,ACC-018,Flux Dynamics,ACC-018-U013,flow_webhooks,8,2026-01-26
FU-006405,ACC-018,Flux Dynamics,ACC-018-U024,flow_webhooks,5,2026-01-26
FU-006406,ACC-018,Flux Dynamics,ACC-018-U040,flow_webhooks,3,2026-01-26
FU-006407,ACC-018,Flux Dynamics,ACC-018-U011,flow_webhooks,5,2026-01-26
FU-006408,ACC-018,Flux Dynamics,ACC-018-U041,flow_webhooks,2,2026-01-26
FU-006409,ACC-018,Flux Dynamics,ACC-018-U017,flow_webhooks,5,2026-01-26
FU-006410,ACC-018,Flux Dynamics,ACC-018-U018,flow_webhooks,3,2026-01-26
FU-006411,ACC-018,Flux Dynamics,ACC-018-U020,flow_webhooks,1,2026-01-26
FU-006412,ACC-018,Flux Dynamics,ACC-018-U007,flow_webhooks,2,2026-02-02
FU-006413,ACC-018,Flux Dynamics,ACC-018-U021,flow_webhooks,6,2026-02-02
FU-006414,ACC-018,Flux Dynamics,ACC-018-U024,flow_webhooks,2,2026-02-02
FU-006415,ACC-018,Flux Dynamics,ACC-018-U040,flow_webhooks,1,2026-02-02
FU-006416,ACC-018,Flux Dynamics,ACC-018-U016,flow_webhooks,1,2026-02-02
FU-006417,ACC-018,Flux Dynamics,ACC-018-U045,flow_webhooks,6,2026-02-02
FU-006418,ACC-018,Flux Dynamics,ACC-018-U035,flow_webhooks,6,2026-02-02
FU-006419,ACC-018,Flux Dynamics,ACC-018-U038,flow_webhooks,1,2026-02-02
FU-006420,ACC-018,Flux Dynamics,ACC-018-U030,flow_webhooks,3,2026-02-02
FU-006421,ACC-018,Flux Dynamics,ACC-018-U032,flow_webhooks,3,2026-02-02
FU-006422,ACC-018,Flux Dynamics,ACC-018-U046,flow_webhooks,4,2026-02-02
FU-006423,ACC-018,Flux Dynamics,ACC-018-U001,flow_webhooks,3,2026-02-09
FU-006424,ACC-018,Flux Dynamics,ACC-018-U013,flow_webhooks,5,2026-02-09
FU-006425,ACC-018,Flux Dynamics,ACC-018-U031,flow_webhooks,5,2026-02-09
FU-006426,ACC-018,Flux Dynamics,ACC-018-U048,flow_webhooks,3,2026-02-09
FU-006427,ACC-018,Flux Dynamics,ACC-018-U016,flow_webhooks,4,2026-02-16
FU-006428,ACC-018,Flux Dynamics,ACC-018-U012,flow_webhooks,4,2026-02-16
FU-006429,ACC-018,Flux Dynamics,ACC-018-U009,flow_webhooks,3,2026-02-16
FU-006430,ACC-018,Flux Dynamics,ACC-018-U040,flow_webhooks,3,2026-02-16
FU-006431,ACC-018,Flux Dynamics,ACC-018-U032,flow_webhooks,2,2026-02-23
FU-006432,ACC-018,Flux Dynamics,ACC-018-U038,flow_webhooks,1,2026-02-23
FU-006433,ACC-018,Flux Dynamics,ACC-018-U014,flow_webhooks,2,2026-02-23
FU-006434,ACC-018,Flux Dynamics,ACC-018-U005,flow_webhooks,3,2026-03-02
FU-006435,ACC-018,Flux Dynamics,ACC-018-U045,flow_webhooks,3,2026-03-02
FU-006436,ACC-018,Flux Dynamics,ACC-018-U033,flow_webhooks,5,2026-03-02
FU-006437,ACC-018,Flux Dynamics,ACC-018-U020,flow_webhooks,1,2026-03-02
FU-006438,ACC-018,Flux Dynamics,ACC-018-U027,flow_webhooks,1,2026-03-02
FU-006439,ACC-018,Flux Dynamics,ACC-018-U028,flow_webhooks,2,2026-03-02
FU-006440,ACC-018,Flux Dynamics,ACC-018-U001,flow_webhooks,2,2026-03-02
FU-006441,ACC-018,Flux Dynamics,ACC-018-U039,flow_webhooks,3,2026-03-02
FU-006442,ACC-018,Flux Dynamics,ACC-018-U002,flow_webhooks,4,2026-03-02
FU-006443,ACC-018,Flux Dynamics,ACC-018-U013,flow_webhooks,1,2026-03-09
FU-006444,ACC-018,Flux Dynamics,ACC-018-U025,flow_webhooks,5,2026-03-09
FU-006445,ACC-018,Flux Dynamics,ACC-018-U003,flow_webhooks,2,2026-03-09
FU-006446,ACC-018,Flux Dynamics,ACC-018-U023,flow_webhooks,1,2026-03-09
FU-006447,ACC-018,Flux Dynamics,ACC-018-U031,flow_webhooks,6,2026-03-09
FU-006448,ACC-018,Flux Dynamics,ACC-018-U010,flow_webhooks,2,2026-03-09
FU-006449,ACC-018,Flux Dynamics,ACC-018-U004,flow_webhooks,5,2026-03-09
FU-006450,ACC-018,Flux Dynamics,ACC-018-U029,flow_webhooks,2,2026-03-09
FU-006451,ACC-018,Flux Dynamics,ACC-018-U048,flow_webhooks,1,2026-03-09
FU-006452,ACC-018,Flux Dynamics,ACC-018-U006,flow_webhooks,4,2026-03-09
FU-006453,ACC-018,Flux Dynamics,ACC-018-U005,flow_webhooks,1,2026-03-09
FU-006454,ACC-018,Flux Dynamics,ACC-018-U046,insight_api,6,2025-12-15
FU-006455,ACC-018,Flux Dynamics,ACC-018-U025,insight_api,2,2025-12-15
FU-006456,ACC-018,Flux Dynamics,ACC-018-U005,insight_api,3,2025-12-15
FU-006457,ACC-018,Flux Dynamics,ACC-018-U014,insight_api,3,2025-12-22
FU-006458,ACC-018,Flux Dynamics,ACC-018-U034,insight_api,1,2025-12-22
FU-006459,ACC-018,Flux Dynamics,ACC-018-U029,insight_api,7,2025-12-22
FU-006460,ACC-018,Flux Dynamics,ACC-018-U038,insight_api,5,2025-12-22
FU-006461,ACC-018,Flux Dynamics,ACC-018-U018,insight_api,2,2025-12-22
FU-006462,ACC-018,Flux Dynamics,ACC-018-U011,insight_api,1,2025-12-22
FU-006463,ACC-018,Flux Dynamics,ACC-018-U026,insight_api,4,2025-12-22
FU-006464,ACC-018,Flux Dynamics,ACC-018-U048,insight_api,8,2025-12-22
FU-006465,ACC-018,Flux Dynamics,ACC-018-U019,insight_api,5,2025-12-22
FU-006466,ACC-018,Flux Dynamics,ACC-018-U001,insight_api,7,2025-12-22
FU-006467,ACC-018,Flux Dynamics,ACC-018-U023,insight_api,6,2025-12-22
FU-006468,ACC-018,Flux Dynamics,ACC-018-U040,insight_api,5,2025-12-22
FU-006469,ACC-018,Flux Dynamics,ACC-018-U011,insight_api,4,2025-12-29
FU-006470,ACC-018,Flux Dynamics,ACC-018-U033,insight_api,4,2025-12-29
FU-006471,ACC-018,Flux Dynamics,ACC-018-U037,insight_api,1,2026-01-05
FU-006472,ACC-018,Flux Dynamics,ACC-018-U006,insight_api,5,2026-01-05
FU-006473,ACC-018,Flux Dynamics,ACC-018-U037,insight_api,1,2026-01-12
FU-006474,ACC-018,Flux Dynamics,ACC-018-U045,insight_api,3,2026-01-12
FU-006475,ACC-018,Flux Dynamics,ACC-018-U042,insight_api,5,2026-01-19
FU-006476,ACC-018,Flux Dynamics,ACC-018-U008,insight_api,2,2026-01-19
FU-006477,ACC-018,Flux Dynamics,ACC-018-U030,insight_api,4,2026-01-19
FU-006478,ACC-018,Flux Dynamics,ACC-018-U038,insight_api,1,2026-01-19
FU-006479,ACC-018,Flux Dynamics,ACC-018-U022,insight_api,5,2026-01-19
FU-006480,ACC-018,Flux Dynamics,ACC-018-U026,insight_api,5,2026-01-19
FU-006481,ACC-018,Flux Dynamics,ACC-018-U032,insight_api,1,2026-01-19
FU-006482,ACC-018,Flux Dynamics,ACC-018-U034,insight_api,3,2026-01-19
FU-006483,ACC-018,Flux Dynamics,ACC-018-U044,insight_api,2,2026-01-19
FU-006484,ACC-018,Flux Dynamics,ACC-018-U007,insight_api,6,2026-01-26
FU-006485,ACC-018,Flux Dynamics,ACC-018-U023,insight_api,4,2026-01-26
FU-006486,ACC-018,Flux Dynamics,ACC-018-U025,insight_api,7,2026-01-26
FU-006487,ACC-018,Flux Dynamics,ACC-018-U024,insight_api,4,2026-01-26
FU-006488,ACC-018,Flux Dynamics,ACC-018-U029,insight_api,1,2026-01-26
FU-006489,ACC-018,Flux Dynamics,ACC-018-U019,insight_api,8,2026-01-26
FU-006490,ACC-018,Flux Dynamics,ACC-018-U034,insight_api,1,2026-02-02
FU-006491,ACC-018,Flux Dynamics,ACC-018-U012,insight_api,4,2026-02-02
FU-006492,ACC-018,Flux Dynamics,ACC-018-U019,insight_api,1,2026-02-02
FU-006493,ACC-018,Flux Dynamics,ACC-018-U035,insight_api,2,2026-02-02
FU-006494,ACC-018,Flux Dynamics,ACC-018-U005,insight_api,2,2026-02-02
FU-006495,ACC-018,Flux Dynamics,ACC-018-U014,insight_api,1,2026-02-02
FU-006496,ACC-018,Flux Dynamics,ACC-018-U010,insight_api,3,2026-02-02
FU-006497,ACC-018,Flux Dynamics,ACC-018-U045,insight_api,1,2026-02-02
FU-006498,ACC-018,Flux Dynamics,ACC-018-U008,insight_api,7,2026-02-02
FU-006499,ACC-018,Flux Dynamics,ACC-018-U033,insight_api,2,2026-02-02
FU-006500,ACC-018,Flux Dynamics,ACC-018-U001,insight_api,5,2026-02-02
FU-006501,ACC-018,Flux Dynamics,ACC-018-U029,insight_api,1,2026-02-09
FU-006502,ACC-018,Flux Dynamics,ACC-018-U007,insight_api,1,2026-02-09
FU-006503,ACC-018,Flux Dynamics,ACC-018-U037,insight_api,4,2026-02-16
FU-006504,ACC-018,Flux Dynamics,ACC-018-U006,insight_api,3,2026-02-16
FU-006505,ACC-018,Flux Dynamics,ACC-018-U013,insight_api,1,2026-02-16
FU-006506,ACC-018,Flux Dynamics,ACC-018-U007,insight_api,4,2026-02-16
FU-006507,ACC-018,Flux Dynamics,ACC-018-U003,insight_api,3,2026-02-16
FU-006508,ACC-018,Flux Dynamics,ACC-018-U017,insight_api,2,2026-02-16
FU-006509,ACC-018,Flux Dynamics,ACC-018-U028,insight_api,3,2026-02-16
FU-006510,ACC-018,Flux Dynamics,ACC-018-U024,insight_api,4,2026-02-16
FU-006511,ACC-018,Flux Dynamics,ACC-018-U010,insight_api,2,2026-02-16
FU-006512,ACC-018,Flux Dynamics,ACC-018-U032,insight_api,3,2026-02-16
FU-006513,ACC-018,Flux Dynamics,ACC-018-U020,insight_api,2,2026-02-16
FU-006514,ACC-018,Flux Dynamics,ACC-018-U004,insight_api,4,2026-02-16
FU-006515,ACC-018,Flux Dynamics,ACC-018-U017,insight_api,7,2026-02-23
FU-006516,ACC-018,Flux Dynamics,ACC-018-U029,insight_api,1,2026-02-23
FU-006517,ACC-018,Flux Dynamics,ACC-018-U012,insight_api,5,2026-02-23
FU-006518,ACC-018,Flux Dynamics,ACC-018-U037,insight_api,3,2026-02-23
FU-006519,ACC-018,Flux Dynamics,ACC-018-U038,insight_api,6,2026-02-23
FU-006520,ACC-018,Flux Dynamics,ACC-018-U009,insight_api,4,2026-02-23
FU-006521,ACC-018,Flux Dynamics,ACC-018-U026,insight_api,1,2026-02-23
FU-006522,ACC-018,Flux Dynamics,ACC-018-U015,insight_api,1,2026-02-23
FU-006523,ACC-018,Flux Dynamics,ACC-018-U013,insight_api,4,2026-02-23
FU-006524,ACC-018,Flux Dynamics,ACC-018-U047,insight_api,1,2026-02-23
FU-006525,ACC-018,Flux Dynamics,ACC-018-U003,insight_api,3,2026-02-23
FU-006526,ACC-018,Flux Dynamics,ACC-018-U047,insight_api,4,2026-03-02
FU-006527,ACC-018,Flux Dynamics,ACC-018-U028,insight_api,7,2026-03-02
FU-006528,ACC-018,Flux Dynamics,ACC-018-U007,insight_api,5,2026-03-02
FU-006529,ACC-018,Flux Dynamics,ACC-018-U023,insight_api,3,2026-03-02
FU-006530,ACC-018,Flux Dynamics,ACC-018-U036,insight_api,1,2026-03-02
FU-006531,ACC-018,Flux Dynamics,ACC-018-U017,insight_api,2,2026-03-02
FU-006532,ACC-018,Flux Dynamics,ACC-018-U010,insight_api,4,2026-03-02
FU-006533,ACC-018,Flux Dynamics,ACC-018-U045,insight_api,3,2026-03-02
FU-006534,ACC-018,Flux Dynamics,ACC-018-U006,insight_api,5,2026-03-02
FU-006535,ACC-018,Flux Dynamics,ACC-018-U014,insight_api,4,2026-03-09
FU-006536,ACC-018,Flux Dynamics,ACC-018-U006,insight_api,7,2026-03-09
FU-006537,ACC-018,Flux Dynamics,ACC-018-U045,insight_api,5,2026-03-09
FU-006538,ACC-018,Flux Dynamics,ACC-018-U048,insight_api,3,2026-03-09
FU-006539,ACC-018,Flux Dynamics,ACC-018-U011,insight_api,7,2026-03-09
FU-006540,ACC-018,Flux Dynamics,ACC-018-U040,insight_api,6,2026-03-09
FU-006541,ACC-018,Flux Dynamics,ACC-018-U031,insight_api,1,2026-03-09
FU-006542,ACC-018,Flux Dynamics,ACC-018-U023,insight_api,3,2026-03-09
FU-006543,ACC-018,Flux Dynamics,ACC-018-U032,insight_api,1,2026-03-09
FU-006544,ACC-018,Flux Dynamics,ACC-018-U002,insight_api,3,2026-03-09
FU-006545,ACC-018,Flux Dynamics,ACC-018-U010,flow_conditional_routing,3,2025-12-15
FU-006546,ACC-018,Flux Dynamics,ACC-018-U041,flow_conditional_routing,7,2025-12-15
FU-006547,ACC-018,Flux Dynamics,ACC-018-U029,flow_conditional_routing,3,2025-12-15
FU-006548,ACC-018,Flux Dynamics,ACC-018-U042,flow_conditional_routing,1,2025-12-15
FU-006549,ACC-018,Flux Dynamics,ACC-018-U008,flow_conditional_routing,3,2025-12-22
FU-006550,ACC-018,Flux Dynamics,ACC-018-U031,flow_conditional_routing,1,2025-12-22
FU-006551,ACC-018,Flux Dynamics,ACC-018-U009,flow_conditional_routing,3,2025-12-29
FU-006552,ACC-018,Flux Dynamics,ACC-018-U038,flow_conditional_routing,4,2025-12-29
FU-006553,ACC-018,Flux Dynamics,ACC-018-U031,flow_conditional_routing,5,2025-12-29
FU-006554,ACC-018,Flux Dynamics,ACC-018-U036,flow_conditional_routing,3,2026-01-05
FU-006555,ACC-018,Flux Dynamics,ACC-018-U021,flow_conditional_routing,4,2026-01-05
FU-006556,ACC-018,Flux Dynamics,ACC-018-U008,flow_conditional_routing,4,2026-01-05
FU-006557,ACC-018,Flux Dynamics,ACC-018-U038,flow_conditional_routing,2,2026-01-05
FU-006558,ACC-018,Flux Dynamics,ACC-018-U044,flow_conditional_routing,1,2026-01-12
FU-006559,ACC-018,Flux Dynamics,ACC-018-U035,flow_conditional_routing,5,2026-01-12
FU-006560,ACC-018,Flux Dynamics,ACC-018-U026,flow_conditional_routing,6,2026-01-12
FU-006561,ACC-018,Flux Dynamics,ACC-018-U039,flow_conditional_routing,2,2026-01-12
FU-006562,ACC-018,Flux Dynamics,ACC-018-U042,flow_conditional_routing,6,2026-01-19
FU-006563,ACC-018,Flux Dynamics,ACC-018-U015,flow_conditional_routing,3,2026-01-26
FU-006564,ACC-018,Flux Dynamics,ACC-018-U003,flow_conditional_routing,5,2026-02-02
FU-006565,ACC-018,Flux Dynamics,ACC-018-U033,flow_conditional_routing,4,2026-02-09
FU-006566,ACC-018,Flux Dynamics,ACC-018-U006,flow_conditional_routing,4,2026-02-09
FU-006567,ACC-018,Flux Dynamics,ACC-018-U032,flow_conditional_routing,6,2026-02-16
FU-006568,ACC-018,Flux Dynamics,ACC-018-U032,flow_conditional_routing,3,2026-02-23
FU-006569,ACC-018,Flux Dynamics,ACC-018-U035,flow_conditional_routing,3,2026-02-23
FU-006570,ACC-018,Flux Dynamics,ACC-018-U042,flow_conditional_routing,4,2026-02-23
FU-006571,ACC-018,Flux Dynamics,ACC-018-U043,flow_conditional_routing,5,2026-02-23
FU-006572,ACC-018,Flux Dynamics,ACC-018-U031,flow_conditional_routing,5,2026-02-23
FU-006573,ACC-018,Flux Dynamics,ACC-018-U015,flow_conditional_routing,3,2026-02-23
FU-006574,ACC-018,Flux Dynamics,ACC-018-U044,flow_conditional_routing,3,2026-02-23
FU-006575,ACC-018,Flux Dynamics,ACC-018-U032,flow_conditional_routing,6,2026-03-02
FU-006576,ACC-018,Flux Dynamics,ACC-018-U004,flow_conditional_routing,2,2026-03-09
FU-006577,ACC-018,Flux Dynamics,ACC-018-U041,flow_conditional_routing,3,2026-03-09
FU-006578,ACC-018,Flux Dynamics,ACC-018-U006,flow_conditional_routing,4,2026-03-09
FU-006579,ACC-018,Flux Dynamics,ACC-018-U027,flow_conditional_routing,4,2026-03-09
FU-006580,ACC-018,Flux Dynamics,ACC-018-U044,flow_conditional_routing,4,2026-03-09
FU-006581,ACC-018,Flux Dynamics,ACC-018-U004,insight_dashboards,6,2025-12-15
FU-006582,ACC-018,Flux Dynamics,ACC-018-U038,insight_dashboards,4,2025-12-22
FU-006583,ACC-018,Flux Dynamics,ACC-018-U043,insight_dashboards,4,2025-12-29
FU-006584,ACC-018,Flux Dynamics,ACC-018-U032,insight_dashboards,3,2025-12-29
FU-006585,ACC-018,Flux Dynamics,ACC-018-U028,insight_dashboards,1,2025-12-29
FU-006586,ACC-018,Flux Dynamics,ACC-018-U048,insight_dashboards,7,2025-12-29
FU-006587,ACC-018,Flux Dynamics,ACC-018-U026,insight_dashboards,3,2026-01-05
FU-006588,ACC-018,Flux Dynamics,ACC-018-U044,insight_dashboards,5,2026-01-12
FU-006589,ACC-018,Flux Dynamics,ACC-018-U034,insight_dashboards,3,2026-01-12
FU-006590,ACC-018,Flux Dynamics,ACC-018-U035,insight_dashboards,1,2026-01-12
FU-006591,ACC-018,Flux Dynamics,ACC-018-U042,insight_dashboards,4,2026-01-12
FU-006592,ACC-018,Flux Dynamics,ACC-018-U019,insight_dashboards,4,2026-01-12
FU-006593,ACC-018,Flux Dynamics,ACC-018-U041,insight_dashboards,5,2026-01-12
FU-006594,ACC-018,Flux Dynamics,ACC-018-U033,insight_dashboards,1,2026-01-19
FU-006595,ACC-018,Flux Dynamics,ACC-018-U026,insight_dashboards,1,2026-01-19
FU-006596,ACC-018,Flux Dynamics,ACC-018-U019,insight_dashboards,3,2026-01-19
FU-006597,ACC-018,Flux Dynamics,ACC-018-U023,insight_dashboards,5,2026-01-19
FU-006598,ACC-018,Flux Dynamics,ACC-018-U015,insight_dashboards,3,2026-01-19
FU-006599,ACC-018,Flux Dynamics,ACC-018-U012,insight_dashboards,2,2026-01-26
FU-006600,ACC-018,Flux Dynamics,ACC-018-U027,insight_dashboards,5,2026-02-02
FU-006601,ACC-018,Flux Dynamics,ACC-018-U029,insight_dashboards,2,2026-02-02
FU-006602,ACC-018,Flux Dynamics,ACC-018-U016,insight_dashboards,4,2026-02-02
FU-006603,ACC-018,Flux Dynamics,ACC-018-U007,insight_dashboards,3,2026-02-02
FU-006604,ACC-018,Flux Dynamics,ACC-018-U022,insight_dashboards,6,2026-02-02
FU-006605,ACC-018,Flux Dynamics,ACC-018-U014,insight_dashboards,8,2026-02-09
FU-006606,ACC-018,Flux Dynamics,ACC-018-U012,insight_dashboards,1,2026-02-09
FU-006607,ACC-018,Flux Dynamics,ACC-018-U006,insight_dashboards,1,2026-02-09
FU-006608,ACC-018,Flux Dynamics,ACC-018-U046,insight_dashboards,2,2026-02-09
FU-006609,ACC-018,Flux Dynamics,ACC-018-U010,insight_dashboards,9,2026-02-09
FU-006610,ACC-018,Flux Dynamics,ACC-018-U025,insight_dashboards,4,2026-02-09
FU-006611,ACC-018,Flux Dynamics,ACC-018-U020,insight_dashboards,6,2026-02-16
FU-006612,ACC-018,Flux Dynamics,ACC-018-U021,insight_dashboards,3,2026-02-16
FU-006613,ACC-018,Flux Dynamics,ACC-018-U027,insight_dashboards,1,2026-02-23
FU-006614,ACC-018,Flux Dynamics,ACC-018-U048,insight_dashboards,1,2026-02-23
FU-006615,ACC-018,Flux Dynamics,ACC-018-U045,insight_dashboards,5,2026-02-23
FU-006616,ACC-018,Flux Dynamics,ACC-018-U025,insight_dashboards,4,2026-03-02
FU-006617,ACC-018,Flux Dynamics,ACC-018-U033,insight_dashboards,2,2026-03-02
FU-006618,ACC-018,Flux Dynamics,ACC-018-U036,insight_dashboards,7,2026-03-02
FU-006619,ACC-018,Flux Dynamics,ACC-018-U012,insight_dashboards,4,2026-03-02
FU-006620,ACC-018,Flux Dynamics,ACC-018-U028,insight_dashboards,5,2026-03-02
FU-006621,ACC-018,Flux Dynamics,ACC-018-U016,insight_dashboards,5,2026-03-02
FU-006622,ACC-018,Flux Dynamics,ACC-018-U031,insight_dashboards,7,2026-03-09
FU-006623,ACC-018,Flux Dynamics,ACC-018-U001,insight_dashboards,5,2026-03-09
FU-006624,ACC-018,Flux Dynamics,ACC-018-U002,insight_dashboards,4,2026-03-09
FU-006625,ACC-018,Flux Dynamics,ACC-018-U022,insight_dashboards,5,2026-03-09
FU-006626,ACC-018,Flux Dynamics,ACC-018-U009,insight_dashboards,7,2026-03-09
FU-006627,ACC-018,Flux Dynamics,ACC-018-U023,insight_dashboards,4,2026-03-09
FU-006628,ACC-018,Flux Dynamics,ACC-018-U008,insight_embedded_analytics,2,2025-12-15
FU-006629,ACC-018,Flux Dynamics,ACC-018-U033,insight_embedded_analytics,5,2025-12-15
FU-006630,ACC-018,Flux Dynamics,ACC-018-U012,insight_embedded_analytics,4,2025-12-15
FU-006631,ACC-018,Flux Dynamics,ACC-018-U007,insight_embedded_analytics,3,2025-12-15
FU-006632,ACC-018,Flux Dynamics,ACC-018-U030,insight_embedded_analytics,2,2025-12-22
FU-006633,ACC-018,Flux Dynamics,ACC-018-U017,insight_embedded_analytics,1,2025-12-22
FU-006634,ACC-018,Flux Dynamics,ACC-018-U010,insight_embedded_analytics,6,2025-12-22
FU-006635,ACC-018,Flux Dynamics,ACC-018-U027,insight_embedded_analytics,1,2025-12-22
FU-006636,ACC-018,Flux Dynamics,ACC-018-U008,insight_embedded_analytics,4,2025-12-22
FU-006637,ACC-018,Flux Dynamics,ACC-018-U047,insight_embedded_analytics,4,2025-12-29
FU-006638,ACC-018,Flux Dynamics,ACC-018-U030,insight_embedded_analytics,4,2026-01-05
FU-006639,ACC-018,Flux Dynamics,ACC-018-U041,insight_embedded_analytics,4,2026-01-05
FU-006640,ACC-018,Flux Dynamics,ACC-018-U013,insight_embedded_analytics,2,2026-01-05
FU-006641,ACC-018,Flux Dynamics,ACC-018-U016,insight_embedded_analytics,5,2026-01-05
FU-006642,ACC-018,Flux Dynamics,ACC-018-U042,insight_embedded_analytics,6,2026-01-12
FU-006643,ACC-018,Flux Dynamics,ACC-018-U040,insight_embedded_analytics,1,2026-01-19
FU-006644,ACC-018,Flux Dynamics,ACC-018-U015,insight_embedded_analytics,1,2026-01-19
FU-006645,ACC-018,Flux Dynamics,ACC-018-U028,insight_embedded_analytics,1,2026-01-19
FU-006646,ACC-018,Flux Dynamics,ACC-018-U036,insight_embedded_analytics,3,2026-01-19
FU-006647,ACC-018,Flux Dynamics,ACC-018-U048,insight_embedded_analytics,4,2026-01-19
FU-006648,ACC-018,Flux Dynamics,ACC-018-U023,insight_embedded_analytics,1,2026-01-19
FU-006649,ACC-018,Flux Dynamics,ACC-018-U010,insight_embedded_analytics,4,2026-01-19
FU-006650,ACC-018,Flux Dynamics,ACC-018-U041,insight_embedded_analytics,6,2026-01-26
FU-006651,ACC-018,Flux Dynamics,ACC-018-U023,insight_embedded_analytics,3,2026-01-26
FU-006652,ACC-018,Flux Dynamics,ACC-018-U011,insight_embedded_analytics,7,2026-01-26
FU-006653,ACC-018,Flux Dynamics,ACC-018-U017,insight_embedded_analytics,4,2026-02-02
FU-006654,ACC-018,Flux Dynamics,ACC-018-U044,insight_embedded_analytics,2,2026-02-02
FU-006655,ACC-018,Flux Dynamics,ACC-018-U024,insight_embedded_analytics,2,2026-02-02
FU-006656,ACC-018,Flux Dynamics,ACC-018-U039,insight_embedded_analytics,1,2026-02-02
FU-006657,ACC-018,Flux Dynamics,ACC-018-U028,insight_embedded_analytics,2,2026-02-02
FU-006658,ACC-018,Flux Dynamics,ACC-018-U016,insight_embedded_analytics,5,2026-02-02
FU-006659,ACC-018,Flux Dynamics,ACC-018-U005,insight_embedded_analytics,2,2026-02-09
FU-006660,ACC-018,Flux Dynamics,ACC-018-U026,insight_embedded_analytics,5,2026-02-09
FU-006661,ACC-018,Flux Dynamics,ACC-018-U040,insight_embedded_analytics,4,2026-02-09
FU-006662,ACC-018,Flux Dynamics,ACC-018-U034,insight_embedded_analytics,6,2026-02-09
FU-006663,ACC-018,Flux Dynamics,ACC-018-U008,insight_embedded_analytics,3,2026-02-09
FU-006664,ACC-018,Flux Dynamics,ACC-018-U021,insight_embedded_analytics,2,2026-02-09
FU-006665,ACC-018,Flux Dynamics,ACC-018-U020,insight_embedded_analytics,3,2026-02-16
FU-006666,ACC-018,Flux Dynamics,ACC-018-U031,insight_embedded_analytics,4,2026-02-16
FU-006667,ACC-018,Flux Dynamics,ACC-018-U042,insight_embedded_analytics,6,2026-02-16
FU-006668,ACC-018,Flux Dynamics,ACC-018-U021,insight_embedded_analytics,7,2026-02-16
FU-006669,ACC-018,Flux Dynamics,ACC-018-U008,insight_embedded_analytics,3,2026-02-16
FU-006670,ACC-018,Flux Dynamics,ACC-018-U041,insight_embedded_analytics,5,2026-02-16
FU-006671,ACC-018,Flux Dynamics,ACC-018-U001,insight_embedded_analytics,5,2026-02-16
FU-006672,ACC-018,Flux Dynamics,ACC-018-U016,insight_embedded_analytics,3,2026-02-23
FU-006673,ACC-018,Flux Dynamics,ACC-018-U022,insight_embedded_analytics,2,2026-02-23
FU-006674,ACC-018,Flux Dynamics,ACC-018-U036,insight_embedded_analytics,4,2026-03-02
FU-006675,ACC-018,Flux Dynamics,ACC-018-U046,insight_embedded_analytics,1,2026-03-02
FU-006676,ACC-018,Flux Dynamics,ACC-018-U024,insight_embedded_analytics,3,2026-03-02
FU-006677,ACC-018,Flux Dynamics,ACC-018-U013,insight_embedded_analytics,3,2026-03-02
FU-006678,ACC-018,Flux Dynamics,ACC-018-U002,insight_embedded_analytics,6,2026-03-09
FU-006679,ACC-018,Flux Dynamics,ACC-018-U034,insight_embedded_analytics,5,2026-03-09
FU-006680,ACC-018,Flux Dynamics,ACC-018-U048,insight_embedded_analytics,1,2026-03-09
FU-006681,ACC-018,Flux Dynamics,ACC-018-U010,canvas_templates,7,2025-12-15
FU-006682,ACC-018,Flux Dynamics,ACC-018-U031,canvas_templates,4,2025-12-15
FU-006683,ACC-018,Flux Dynamics,ACC-018-U040,canvas_templates,1,2025-12-15
FU-006684,ACC-018,Flux Dynamics,ACC-018-U029,canvas_templates,3,2025-12-15
FU-006685,ACC-018,Flux Dynamics,ACC-018-U033,canvas_templates,5,2025-12-15
FU-006686,ACC-018,Flux Dynamics,ACC-018-U044,canvas_templates,2,2025-12-22
FU-006687,ACC-018,Flux Dynamics,ACC-018-U025,canvas_templates,1,2025-12-29
FU-006688,ACC-018,Flux Dynamics,ACC-018-U017,canvas_templates,3,2025-12-29
FU-006689,ACC-018,Flux Dynamics,ACC-018-U004,canvas_templates,5,2025-12-29
FU-006690,ACC-018,Flux Dynamics,ACC-018-U008,canvas_templates,5,2026-01-05
FU-006691,ACC-018,Flux Dynamics,ACC-018-U033,canvas_templates,2,2026-01-05
FU-006692,ACC-018,Flux Dynamics,ACC-018-U034,canvas_templates,4,2026-01-05
FU-006693,ACC-018,Flux Dynamics,ACC-018-U022,canvas_templates,3,2026-01-05
FU-006694,ACC-018,Flux Dynamics,ACC-018-U025,canvas_templates,7,2026-01-12
FU-006695,ACC-018,Flux Dynamics,ACC-018-U011,canvas_templates,2,2026-01-19
FU-006696,ACC-018,Flux Dynamics,ACC-018-U042,canvas_templates,1,2026-01-19
FU-006697,ACC-018,Flux Dynamics,ACC-018-U003,canvas_templates,5,2026-01-19
FU-006698,ACC-018,Flux Dynamics,ACC-018-U011,canvas_templates,5,2026-01-26
FU-006699,ACC-018,Flux Dynamics,ACC-018-U044,canvas_templates,3,2026-01-26
FU-006700,ACC-018,Flux Dynamics,ACC-018-U042,canvas_templates,6,2026-01-26
FU-006701,ACC-018,Flux Dynamics,ACC-018-U039,canvas_templates,3,2026-01-26
FU-006702,ACC-018,Flux Dynamics,ACC-018-U021,canvas_templates,2,2026-01-26
FU-006703,ACC-018,Flux Dynamics,ACC-018-U042,canvas_templates,8,2026-02-02
FU-006704,ACC-018,Flux Dynamics,ACC-018-U024,canvas_templates,7,2026-02-09
FU-006705,ACC-018,Flux Dynamics,ACC-018-U037,canvas_templates,1,2026-02-09
FU-006706,ACC-018,Flux Dynamics,ACC-018-U020,canvas_templates,2,2026-02-09
FU-006707,ACC-018,Flux Dynamics,ACC-018-U028,canvas_templates,3,2026-02-09
FU-006708,ACC-018,Flux Dynamics,ACC-018-U016,canvas_templates,1,2026-02-09
FU-006709,ACC-018,Flux Dynamics,ACC-018-U013,canvas_templates,2,2026-02-09
FU-006710,ACC-018,Flux Dynamics,ACC-018-U044,canvas_templates,2,2026-02-09
FU-006711,ACC-018,Flux Dynamics,ACC-018-U027,canvas_templates,1,2026-02-16
FU-006712,ACC-018,Flux Dynamics,ACC-018-U038,canvas_templates,4,2026-02-16
FU-006713,ACC-018,Flux Dynamics,ACC-018-U003,canvas_templates,2,2026-02-16
FU-006714,ACC-018,Flux Dynamics,ACC-018-U007,canvas_templates,2,2026-02-16
FU-006715,ACC-018,Flux Dynamics,ACC-018-U030,canvas_templates,4,2026-02-16
FU-006716,ACC-018,Flux Dynamics,ACC-018-U030,canvas_templates,1,2026-02-23
FU-006717,ACC-018,Flux Dynamics,ACC-018-U004,canvas_templates,3,2026-02-23
FU-006718,ACC-018,Flux Dynamics,ACC-018-U025,canvas_templates,1,2026-03-02
FU-006719,ACC-018,Flux Dynamics,ACC-018-U015,canvas_templates,3,2026-03-02
FU-006720,ACC-018,Flux Dynamics,ACC-018-U039,canvas_templates,1,2026-03-02
FU-006721,ACC-018,Flux Dynamics,ACC-018-U027,canvas_templates,3,2026-03-09
FU-006722,ACC-018,Flux Dynamics,ACC-018-U022,canvas_templates,4,2026-03-09
FU-006723,ACC-018,Flux Dynamics,ACC-018-U005,canvas_templates,1,2026-03-09
FU-006724,ACC-018,Flux Dynamics,ACC-018-U017,canvas_templates,5,2026-03-09
FU-006725,ACC-018,Flux Dynamics,ACC-018-U041,canvas_templates,5,2026-03-09
FU-006726,ACC-018,Flux Dynamics,ACC-018-U014,canvas_templates,4,2026-03-09
FU-006727,ACC-018,Flux Dynamics,ACC-018-U048,canvas_templates,3,2026-03-09
FU-006728,ACC-018,Flux Dynamics,ACC-018-U038,insight_data_connectors,4,2025-12-15
FU-006729,ACC-018,Flux Dynamics,ACC-018-U026,insight_data_connectors,7,2025-12-22
FU-006730,ACC-018,Flux Dynamics,ACC-018-U031,insight_data_connectors,7,2025-12-22
FU-006731,ACC-018,Flux Dynamics,ACC-018-U018,insight_data_connectors,1,2025-12-29
FU-006732,ACC-018,Flux Dynamics,ACC-018-U001,insight_data_connectors,3,2025-12-29
FU-006733,ACC-018,Flux Dynamics,ACC-018-U019,insight_data_connectors,3,2025-12-29
FU-006734,ACC-018,Flux Dynamics,ACC-018-U032,insight_data_connectors,2,2025-12-29
FU-006735,ACC-018,Flux Dynamics,ACC-018-U027,insight_data_connectors,3,2025-12-29
FU-006736,ACC-018,Flux Dynamics,ACC-018-U004,insight_data_connectors,7,2025-12-29
FU-006737,ACC-018,Flux Dynamics,ACC-018-U004,insight_data_connectors,1,2026-01-05
FU-006738,ACC-018,Flux Dynamics,ACC-018-U001,insight_data_connectors,2,2026-01-05
FU-006739,ACC-018,Flux Dynamics,ACC-018-U048,insight_data_connectors,7,2026-01-05
FU-006740,ACC-018,Flux Dynamics,ACC-018-U032,insight_data_connectors,5,2026-01-05
FU-006741,ACC-018,Flux Dynamics,ACC-018-U028,insight_data_connectors,3,2026-01-12
FU-006742,ACC-018,Flux Dynamics,ACC-018-U034,insight_data_connectors,6,2026-01-12
FU-006743,ACC-018,Flux Dynamics,ACC-018-U023,insight_data_connectors,2,2026-01-12
FU-006744,ACC-018,Flux Dynamics,ACC-018-U025,insight_data_connectors,1,2026-01-12
FU-006745,ACC-018,Flux Dynamics,ACC-018-U018,insight_data_connectors,2,2026-01-12
FU-006746,ACC-018,Flux Dynamics,ACC-018-U017,insight_data_connectors,5,2026-01-19
FU-006747,ACC-018,Flux Dynamics,ACC-018-U035,insight_data_connectors,2,2026-01-19
FU-006748,ACC-018,Flux Dynamics,ACC-018-U033,insight_data_connectors,4,2026-01-19
FU-006749,ACC-018,Flux Dynamics,ACC-018-U035,insight_data_connectors,4,2026-01-26
FU-006750,ACC-018,Flux Dynamics,ACC-018-U004,insight_data_connectors,4,2026-01-26
FU-006751,ACC-018,Flux Dynamics,ACC-018-U001,insight_data_connectors,2,2026-01-26
FU-006752,ACC-018,Flux Dynamics,ACC-018-U009,insight_data_connectors,2,2026-01-26
FU-006753,ACC-018,Flux Dynamics,ACC-018-U024,insight_data_connectors,3,2026-02-02
FU-006754,ACC-018,Flux Dynamics,ACC-018-U013,insight_data_connectors,1,2026-02-02
FU-006755,ACC-018,Flux Dynamics,ACC-018-U005,insight_data_connectors,1,2026-02-02
FU-006756,ACC-018,Flux Dynamics,ACC-018-U046,insight_data_connectors,6,2026-02-02
FU-006757,ACC-018,Flux Dynamics,ACC-018-U037,insight_data_connectors,3,2026-02-09
FU-006758,ACC-018,Flux Dynamics,ACC-018-U027,insight_data_connectors,1,2026-02-09
FU-006759,ACC-018,Flux Dynamics,ACC-018-U009,insight_data_connectors,4,2026-02-09
FU-006760,ACC-018,Flux Dynamics,ACC-018-U020,insight_data_connectors,7,2026-02-16
FU-006761,ACC-018,Flux Dynamics,ACC-018-U043,insight_data_connectors,4,2026-02-16
FU-006762,ACC-018,Flux Dynamics,ACC-018-U008,insight_data_connectors,2,2026-02-16
FU-006763,ACC-018,Flux Dynamics,ACC-018-U016,insight_data_connectors,2,2026-02-23
FU-006764,ACC-018,Flux Dynamics,ACC-018-U019,insight_data_connectors,3,2026-02-23
FU-006765,ACC-018,Flux Dynamics,ACC-018-U048,insight_data_connectors,6,2026-02-23
FU-006766,ACC-018,Flux Dynamics,ACC-018-U041,insight_data_connectors,1,2026-02-23
FU-006767,ACC-018,Flux Dynamics,ACC-018-U031,insight_data_connectors,1,2026-02-23
FU-006768,ACC-018,Flux Dynamics,ACC-018-U002,insight_data_connectors,3,2026-02-23
FU-006769,ACC-018,Flux Dynamics,ACC-018-U046,insight_data_connectors,3,2026-02-23
FU-006770,ACC-018,Flux Dynamics,ACC-018-U042,insight_data_connectors,6,2026-03-02
FU-006771,ACC-018,Flux Dynamics,ACC-018-U039,insight_data_connectors,2,2026-03-02
FU-006772,ACC-018,Flux Dynamics,ACC-018-U007,insight_data_connectors,2,2026-03-02
FU-006773,ACC-018,Flux Dynamics,ACC-018-U013,insight_data_connectors,4,2026-03-02
FU-006774,ACC-018,Flux Dynamics,ACC-018-U031,insight_data_connectors,2,2026-03-09
FU-006775,ACC-018,Flux Dynamics,ACC-018-U026,insight_data_connectors,1,2026-03-09
FU-006776,ACC-018,Flux Dynamics,ACC-018-U014,canvas_brand_kit,5,2025-12-15
FU-006777,ACC-018,Flux Dynamics,ACC-018-U040,canvas_brand_kit,1,2025-12-15
FU-006778,ACC-018,Flux Dynamics,ACC-018-U033,canvas_brand_kit,3,2025-12-15
FU-006779,ACC-018,Flux Dynamics,ACC-018-U018,canvas_brand_kit,1,2025-12-15
FU-006780,ACC-018,Flux Dynamics,ACC-018-U022,canvas_brand_kit,4,2025-12-22
FU-006781,ACC-018,Flux Dynamics,ACC-018-U008,canvas_brand_kit,4,2025-12-22
FU-006782,ACC-018,Flux Dynamics,ACC-018-U034,canvas_brand_kit,5,2025-12-29
FU-006783,ACC-018,Flux Dynamics,ACC-018-U008,canvas_brand_kit,4,2025-12-29
FU-006784,ACC-018,Flux Dynamics,ACC-018-U023,canvas_brand_kit,2,2025-12-29
FU-006785,ACC-018,Flux Dynamics,ACC-018-U041,canvas_brand_kit,3,2026-01-05
FU-006786,ACC-018,Flux Dynamics,ACC-018-U004,canvas_brand_kit,3,2026-01-05
FU-006787,ACC-018,Flux Dynamics,ACC-018-U025,canvas_brand_kit,1,2026-01-05
FU-006788,ACC-018,Flux Dynamics,ACC-018-U015,canvas_brand_kit,3,2026-01-05
FU-006789,ACC-018,Flux Dynamics,ACC-018-U018,canvas_brand_kit,6,2026-01-12
FU-006790,ACC-018,Flux Dynamics,ACC-018-U012,canvas_brand_kit,3,2026-01-12
FU-006791,ACC-018,Flux Dynamics,ACC-018-U003,canvas_brand_kit,2,2026-01-12
FU-006792,ACC-018,Flux Dynamics,ACC-018-U026,canvas_brand_kit,1,2026-01-12
FU-006793,ACC-018,Flux Dynamics,ACC-018-U026,canvas_brand_kit,3,2026-01-19
FU-006794,ACC-018,Flux Dynamics,ACC-018-U004,canvas_brand_kit,1,2026-01-19
FU-006795,ACC-018,Flux Dynamics,ACC-018-U047,canvas_brand_kit,3,2026-01-19
FU-006796,ACC-018,Flux Dynamics,ACC-018-U032,canvas_brand_kit,2,2026-01-19
FU-006797,ACC-018,Flux Dynamics,ACC-018-U036,canvas_brand_kit,5,2026-01-19
FU-006798,ACC-018,Flux Dynamics,ACC-018-U037,canvas_brand_kit,3,2026-01-19
FU-006799,ACC-018,Flux Dynamics,ACC-018-U030,canvas_brand_kit,5,2026-01-26
FU-006800,ACC-018,Flux Dynamics,ACC-018-U012,canvas_brand_kit,3,2026-01-26
FU-006801,ACC-018,Flux Dynamics,ACC-018-U014,canvas_brand_kit,4,2026-01-26
FU-006802,ACC-018,Flux Dynamics,ACC-018-U033,canvas_brand_kit,4,2026-01-26
FU-006803,ACC-018,Flux Dynamics,ACC-018-U009,canvas_brand_kit,3,2026-01-26
FU-006804,ACC-018,Flux Dynamics,ACC-018-U038,canvas_brand_kit,1,2026-02-02
FU-006805,ACC-018,Flux Dynamics,ACC-018-U027,canvas_brand_kit,4,2026-02-02
FU-006806,ACC-018,Flux Dynamics,ACC-018-U046,canvas_brand_kit,3,2026-02-02
FU-006807,ACC-018,Flux Dynamics,ACC-018-U036,canvas_brand_kit,4,2026-02-02
FU-006808,ACC-018,Flux Dynamics,ACC-018-U008,canvas_brand_kit,4,2026-02-02
FU-006809,ACC-018,Flux Dynamics,ACC-018-U032,canvas_brand_kit,6,2026-02-09
FU-006810,ACC-018,Flux Dynamics,ACC-018-U021,canvas_brand_kit,6,2026-02-16
FU-006811,ACC-018,Flux Dynamics,ACC-018-U045,canvas_brand_kit,4,2026-02-23
FU-006812,ACC-018,Flux Dynamics,ACC-018-U041,canvas_brand_kit,3,2026-02-23
FU-006813,ACC-018,Flux Dynamics,ACC-018-U021,canvas_brand_kit,2,2026-02-23
FU-006814,ACC-018,Flux Dynamics,ACC-018-U048,canvas_brand_kit,1,2026-02-23
FU-006815,ACC-018,Flux Dynamics,ACC-018-U020,canvas_brand_kit,3,2026-02-23
FU-006816,ACC-018,Flux Dynamics,ACC-018-U014,canvas_brand_kit,3,2026-02-23
FU-006817,ACC-018,Flux Dynamics,ACC-018-U019,canvas_brand_kit,4,2026-03-02
FU-006818,ACC-018,Flux Dynamics,ACC-018-U001,canvas_brand_kit,4,2026-03-02
FU-006819,ACC-018,Flux Dynamics,ACC-018-U020,canvas_brand_kit,5,2026-03-02
FU-006820,ACC-018,Flux Dynamics,ACC-018-U016,canvas_brand_kit,4,2026-03-02
FU-006821,ACC-018,Flux Dynamics,ACC-018-U029,canvas_brand_kit,1,2026-03-02
FU-006822,ACC-018,Flux Dynamics,ACC-018-U036,canvas_brand_kit,4,2026-03-02
FU-006823,ACC-018,Flux Dynamics,ACC-018-U027,canvas_brand_kit,4,2026-03-09
FU-006824,ACC-018,Flux Dynamics,ACC-018-U004,canvas_brand_kit,2,2026-03-09
FU-006825,ACC-018,Flux Dynamics,ACC-018-U045,canvas_brand_kit,8,2026-03-09
FU-006826,ACC-018,Flux Dynamics,ACC-018-U013,flow_approvals,6,2025-12-15
FU-006827,ACC-018,Flux Dynamics,ACC-018-U003,flow_approvals,3,2025-12-22
FU-006828,ACC-018,Flux Dynamics,ACC-018-U024,flow_approvals,4,2025-12-29
FU-006829,ACC-018,Flux Dynamics,ACC-018-U014,flow_approvals,2,2025-12-29
FU-006830,ACC-018,Flux Dynamics,ACC-018-U012,flow_approvals,3,2025-12-29
FU-006831,ACC-018,Flux Dynamics,ACC-018-U029,flow_approvals,4,2025-12-29
FU-006832,ACC-018,Flux Dynamics,ACC-018-U037,flow_approvals,1,2025-12-29
FU-006833,ACC-018,Flux Dynamics,ACC-018-U008,flow_approvals,7,2025-12-29
FU-006834,ACC-018,Flux Dynamics,ACC-018-U038,flow_approvals,7,2026-01-05
FU-006835,ACC-018,Flux Dynamics,ACC-018-U027,flow_approvals,1,2026-01-05
FU-006836,ACC-018,Flux Dynamics,ACC-018-U045,flow_approvals,4,2026-01-05
FU-006837,ACC-018,Flux Dynamics,ACC-018-U036,flow_approvals,2,2026-01-05
FU-006838,ACC-018,Flux Dynamics,ACC-018-U005,flow_approvals,3,2026-01-05
FU-006839,ACC-018,Flux Dynamics,ACC-018-U043,flow_approvals,3,2026-01-05
FU-006840,ACC-018,Flux Dynamics,ACC-018-U016,flow_approvals,4,2026-01-12
FU-006841,ACC-018,Flux Dynamics,ACC-018-U015,flow_approvals,2,2026-01-12
FU-006842,ACC-018,Flux Dynamics,ACC-018-U023,flow_approvals,4,2026-01-12
FU-006843,ACC-018,Flux Dynamics,ACC-018-U010,flow_approvals,1,2026-01-12
FU-006844,ACC-018,Flux Dynamics,ACC-018-U043,flow_approvals,1,2026-01-12
FU-006845,ACC-018,Flux Dynamics,ACC-018-U007,flow_approvals,2,2026-01-12
FU-006846,ACC-018,Flux Dynamics,ACC-018-U021,flow_approvals,7,2026-01-12
FU-006847,ACC-018,Flux Dynamics,ACC-018-U020,flow_approvals,5,2026-01-19
FU-006848,ACC-018,Flux Dynamics,ACC-018-U026,flow_approvals,5,2026-01-19
FU-006849,ACC-018,Flux Dynamics,ACC-018-U034,flow_approvals,1,2026-01-19
FU-006850,ACC-018,Flux Dynamics,ACC-018-U031,flow_approvals,3,2026-01-19
FU-006851,ACC-018,Flux Dynamics,ACC-018-U037,flow_approvals,5,2026-01-19
FU-006852,ACC-018,Flux Dynamics,ACC-018-U045,flow_approvals,5,2026-01-26
FU-006853,ACC-018,Flux Dynamics,ACC-018-U023,flow_approvals,3,2026-01-26
FU-006854,ACC-018,Flux Dynamics,ACC-018-U039,flow_approvals,1,2026-02-02
FU-006855,ACC-018,Flux Dynamics,ACC-018-U030,flow_approvals,1,2026-02-02
FU-006856,ACC-018,Flux Dynamics,ACC-018-U035,flow_approvals,2,2026-02-02
FU-006857,ACC-018,Flux Dynamics,ACC-018-U047,flow_approvals,4,2026-02-02
FU-006858,ACC-018,Flux Dynamics,ACC-018-U002,flow_approvals,2,2026-02-02
FU-006859,ACC-018,Flux Dynamics,ACC-018-U027,flow_approvals,1,2026-02-09
FU-006860,ACC-018,Flux Dynamics,ACC-018-U031,flow_approvals,1,2026-02-09
FU-006861,ACC-018,Flux Dynamics,ACC-018-U040,flow_approvals,2,2026-02-09
FU-006862,ACC-018,Flux Dynamics,ACC-018-U042,flow_approvals,4,2026-02-09
FU-006863,ACC-018,Flux Dynamics,ACC-018-U015,flow_approvals,2,2026-02-09
FU-006864,ACC-018,Flux Dynamics,ACC-018-U038,flow_approvals,6,2026-02-16
FU-006865,ACC-018,Flux Dynamics,ACC-018-U043,flow_approvals,4,2026-02-16
FU-006866,ACC-018,Flux Dynamics,ACC-018-U022,flow_approvals,4,2026-02-16
FU-006867,ACC-018,Flux Dynamics,ACC-018-U032,flow_approvals,3,2026-02-16
FU-006868,ACC-018,Flux Dynamics,ACC-018-U012,flow_approvals,4,2026-02-16
FU-006869,ACC-018,Flux Dynamics,ACC-018-U002,flow_approvals,2,2026-02-16
FU-006870,ACC-018,Flux Dynamics,ACC-018-U008,flow_approvals,10,2026-02-23
FU-006871,ACC-018,Flux Dynamics,ACC-018-U027,flow_approvals,7,2026-03-02
FU-006872,ACC-018,Flux Dynamics,ACC-018-U034,flow_approvals,5,2026-03-02
FU-006873,ACC-018,Flux Dynamics,ACC-018-U041,flow_approvals,5,2026-03-02
FU-006874,ACC-018,Flux Dynamics,ACC-018-U047,flow_approvals,1,2026-03-09
FU-006875,ACC-018,Flux Dynamics,ACC-018-U015,flow_approvals,1,2026-03-09
FU-006876,ACC-018,Flux Dynamics,ACC-018-U016,flow_approvals,4,2026-03-09
FU-006877,ACC-018,Flux Dynamics,ACC-018-U005,flow_approvals,2,2026-03-09
FU-006878,ACC-018,Flux Dynamics,ACC-018-U014,flow_approvals,2,2026-03-09
FU-006879,ACC-018,Flux Dynamics,ACC-018-U034,flow_approvals,5,2026-03-09
FU-006880,ACC-018,Flux Dynamics,ACC-018-U044,flow_audit_trail,6,2025-12-15
FU-006881,ACC-018,Flux Dynamics,ACC-018-U045,flow_audit_trail,3,2025-12-15
FU-006882,ACC-018,Flux Dynamics,ACC-018-U009,flow_audit_trail,2,2025-12-15
FU-006883,ACC-018,Flux Dynamics,ACC-018-U018,flow_audit_trail,4,2025-12-15
FU-006884,ACC-018,Flux Dynamics,ACC-018-U039,flow_audit_trail,3,2025-12-15
FU-006885,ACC-018,Flux Dynamics,ACC-018-U013,flow_audit_trail,1,2025-12-15
FU-006886,ACC-018,Flux Dynamics,ACC-018-U032,flow_audit_trail,5,2025-12-15
FU-006887,ACC-018,Flux Dynamics,ACC-018-U022,flow_audit_trail,6,2025-12-22
FU-006888,ACC-018,Flux Dynamics,ACC-018-U045,flow_audit_trail,3,2025-12-22
FU-006889,ACC-018,Flux Dynamics,ACC-018-U007,flow_audit_trail,4,2025-12-22
FU-006890,ACC-018,Flux Dynamics,ACC-018-U001,flow_audit_trail,1,2025-12-22
FU-006891,ACC-018,Flux Dynamics,ACC-018-U016,flow_audit_trail,5,2025-12-22
FU-006892,ACC-018,Flux Dynamics,ACC-018-U042,flow_audit_trail,1,2025-12-22
FU-006893,ACC-018,Flux Dynamics,ACC-018-U015,flow_audit_trail,6,2025-12-29
FU-006894,ACC-018,Flux Dynamics,ACC-018-U026,flow_audit_trail,3,2026-01-05
FU-006895,ACC-018,Flux Dynamics,ACC-018-U009,flow_audit_trail,2,2026-01-05
FU-006896,ACC-018,Flux Dynamics,ACC-018-U008,flow_audit_trail,3,2026-01-05
FU-006897,ACC-018,Flux Dynamics,ACC-018-U046,flow_audit_trail,3,2026-01-05
FU-006898,ACC-018,Flux Dynamics,ACC-018-U034,flow_audit_trail,7,2026-01-05
FU-006899,ACC-018,Flux Dynamics,ACC-018-U036,flow_audit_trail,2,2026-01-05
FU-006900,ACC-018,Flux Dynamics,ACC-018-U002,flow_audit_trail,2,2026-01-05
FU-006901,ACC-018,Flux Dynamics,ACC-018-U033,flow_audit_trail,4,2026-01-12
FU-006902,ACC-018,Flux Dynamics,ACC-018-U010,flow_audit_trail,5,2026-01-12
FU-006903,ACC-018,Flux Dynamics,ACC-018-U005,flow_audit_trail,4,2026-01-12
FU-006904,ACC-018,Flux Dynamics,ACC-018-U039,flow_audit_trail,2,2026-01-12
FU-006905,ACC-018,Flux Dynamics,ACC-018-U037,flow_audit_trail,3,2026-01-12
FU-006906,ACC-018,Flux Dynamics,ACC-018-U008,flow_audit_trail,6,2026-01-12
FU-006907,ACC-018,Flux Dynamics,ACC-018-U005,flow_audit_trail,1,2026-01-19
FU-006908,ACC-018,Flux Dynamics,ACC-018-U047,flow_audit_trail,2,2026-01-26
FU-006909,ACC-018,Flux Dynamics,ACC-018-U019,flow_audit_trail,1,2026-01-26
FU-006910,ACC-018,Flux Dynamics,ACC-018-U043,flow_audit_trail,8,2026-01-26
FU-006911,ACC-018,Flux Dynamics,ACC-018-U006,flow_audit_trail,2,2026-01-26
FU-006912,ACC-018,Flux Dynamics,ACC-018-U048,flow_audit_trail,2,2026-02-02
FU-006913,ACC-018,Flux Dynamics,ACC-018-U022,flow_audit_trail,4,2026-02-02
FU-006914,ACC-018,Flux Dynamics,ACC-018-U025,flow_audit_trail,4,2026-02-02
FU-006915,ACC-018,Flux Dynamics,ACC-018-U034,flow_audit_trail,3,2026-02-02
FU-006916,ACC-018,Flux Dynamics,ACC-018-U006,flow_audit_trail,5,2026-02-02
FU-006917,ACC-018,Flux Dynamics,ACC-018-U039,flow_audit_trail,4,2026-02-09
FU-006918,ACC-018,Flux Dynamics,ACC-018-U015,flow_audit_trail,2,2026-02-09
FU-006919,ACC-018,Flux Dynamics,ACC-018-U039,flow_audit_trail,2,2026-02-16
FU-006920,ACC-018,Flux Dynamics,ACC-018-U009,flow_audit_trail,3,2026-02-16
FU-006921,ACC-018,Flux Dynamics,ACC-018-U048,flow_audit_trail,4,2026-02-16
FU-006922,ACC-018,Flux Dynamics,ACC-018-U026,flow_audit_trail,5,2026-02-23
FU-006923,ACC-018,Flux Dynamics,ACC-018-U016,flow_audit_trail,4,2026-02-23
FU-006924,ACC-018,Flux Dynamics,ACC-018-U018,flow_audit_trail,5,2026-02-23
FU-006925,ACC-018,Flux Dynamics,ACC-018-U031,flow_audit_trail,1,2026-02-23
FU-006926,ACC-018,Flux Dynamics,ACC-018-U011,flow_audit_trail,5,2026-02-23
FU-006927,ACC-018,Flux Dynamics,ACC-018-U028,flow_audit_trail,3,2026-02-23
FU-006928,ACC-018,Flux Dynamics,ACC-018-U027,flow_audit_trail,4,2026-03-02
FU-006929,ACC-018,Flux Dynamics,ACC-018-U011,flow_audit_trail,8,2026-03-09
FU-006930,ACC-018,Flux Dynamics,ACC-018-U029,flow_audit_trail,1,2026-03-09
FU-006931,ACC-018,Flux Dynamics,ACC-018-U044,flow_audit_trail,7,2026-03-09
FU-006932,ACC-018,Flux Dynamics,ACC-018-U035,canvas_comments,1,2025-12-15
FU-006933,ACC-018,Flux Dynamics,ACC-018-U045,canvas_comments,3,2025-12-22
FU-006934,ACC-018,Flux Dynamics,ACC-018-U009,canvas_comments,5,2025-12-22
FU-006935,ACC-018,Flux Dynamics,ACC-018-U044,canvas_comments,3,2025-12-22
FU-006936,ACC-018,Flux Dynamics,ACC-018-U017,canvas_comments,3,2025-12-22
FU-006937,ACC-018,Flux Dynamics,ACC-018-U001,canvas_comments,4,2025-12-22
FU-006938,ACC-018,Flux Dynamics,ACC-018-U043,canvas_comments,2,2025-12-29
FU-006939,ACC-018,Flux Dynamics,ACC-018-U019,canvas_comments,2,2025-12-29
FU-006940,ACC-018,Flux Dynamics,ACC-018-U001,canvas_comments,1,2025-12-29
FU-006941,ACC-018,Flux Dynamics,ACC-018-U028,canvas_comments,3,2025-12-29
FU-006942,ACC-018,Flux Dynamics,ACC-018-U025,canvas_comments,1,2026-01-05
FU-006943,ACC-018,Flux Dynamics,ACC-018-U043,canvas_comments,5,2026-01-05
FU-006944,ACC-018,Flux Dynamics,ACC-018-U030,canvas_comments,6,2026-01-05
FU-006945,ACC-018,Flux Dynamics,ACC-018-U028,canvas_comments,4,2026-01-05
FU-006946,ACC-018,Flux Dynamics,ACC-018-U024,canvas_comments,2,2026-01-05
FU-006947,ACC-018,Flux Dynamics,ACC-018-U005,canvas_comments,3,2026-01-05
FU-006948,ACC-018,Flux Dynamics,ACC-018-U032,canvas_comments,6,2026-01-05
FU-006949,ACC-018,Flux Dynamics,ACC-018-U014,canvas_comments,1,2026-01-12
FU-006950,ACC-018,Flux Dynamics,ACC-018-U041,canvas_comments,5,2026-01-12
FU-006951,ACC-018,Flux Dynamics,ACC-018-U019,canvas_comments,4,2026-01-19
FU-006952,ACC-018,Flux Dynamics,ACC-018-U017,canvas_comments,4,2026-01-19
FU-006953,ACC-018,Flux Dynamics,ACC-018-U007,canvas_comments,3,2026-01-19
FU-006954,ACC-018,Flux Dynamics,ACC-018-U038,canvas_comments,2,2026-01-19
FU-006955,ACC-018,Flux Dynamics,ACC-018-U014,canvas_comments,4,2026-01-26
FU-006956,ACC-018,Flux Dynamics,ACC-018-U016,canvas_comments,2,2026-02-02
FU-006957,ACC-018,Flux Dynamics,ACC-018-U038,canvas_comments,6,2026-02-09
FU-006958,ACC-018,Flux Dynamics,ACC-018-U015,canvas_comments,8,2026-02-16
FU-006959,ACC-018,Flux Dynamics,ACC-018-U020,canvas_comments,5,2026-02-16
FU-006960,ACC-018,Flux Dynamics,ACC-018-U013,canvas_comments,3,2026-02-16
FU-006961,ACC-018,Flux Dynamics,ACC-018-U025,canvas_comments,3,2026-02-16
FU-006962,ACC-018,Flux Dynamics,ACC-018-U018,canvas_comments,3,2026-02-16
FU-006963,ACC-018,Flux Dynamics,ACC-018-U003,canvas_comments,6,2026-02-23
FU-006964,ACC-018,Flux Dynamics,ACC-018-U025,canvas_comments,4,2026-02-23
FU-006965,ACC-018,Flux Dynamics,ACC-018-U028,canvas_comments,4,2026-02-23
FU-006966,ACC-018,Flux Dynamics,ACC-018-U037,canvas_comments,2,2026-02-23
FU-006967,ACC-018,Flux Dynamics,ACC-018-U021,canvas_comments,8,2026-02-23
FU-006968,ACC-018,Flux Dynamics,ACC-018-U036,canvas_comments,1,2026-02-23
FU-006969,ACC-018,Flux Dynamics,ACC-018-U020,canvas_comments,6,2026-03-02
FU-006970,ACC-018,Flux Dynamics,ACC-018-U027,canvas_comments,4,2026-03-02
FU-006971,ACC-018,Flux Dynamics,ACC-018-U024,canvas_comments,1,2026-03-02
FU-006972,ACC-018,Flux Dynamics,ACC-018-U015,canvas_comments,3,2026-03-09
FU-006973,ACC-018,Flux Dynamics,ACC-018-U004,canvas_comments,5,2026-03-09
FU-006974,ACC-018,Flux Dynamics,ACC-018-U001,canvas_comments,2,2026-03-09
FU-006975,ACC-018,Flux Dynamics,ACC-018-U009,canvas_comments,4,2026-03-09
FU-006976,ACC-018,Flux Dynamics,ACC-018-U034,canvas_comments,3,2026-03-09
FU-006977,ACC-018,Flux Dynamics,ACC-018-U033,canvas_comments,1,2026-03-09
FU-006978,ACC-018,Flux Dynamics,ACC-018-U013,canvas_comments,2,2026-03-09
FU-006979,ACC-018,Flux Dynamics,ACC-018-U021,canvas_collab_edit,3,2025-12-15
FU-006980,ACC-018,Flux Dynamics,ACC-018-U003,canvas_collab_edit,7,2025-12-15
FU-006981,ACC-018,Flux Dynamics,ACC-018-U031,canvas_collab_edit,5,2025-12-15
FU-006982,ACC-018,Flux Dynamics,ACC-018-U010,canvas_collab_edit,6,2025-12-22
FU-006983,ACC-018,Flux Dynamics,ACC-018-U035,canvas_collab_edit,1,2025-12-22
FU-006984,ACC-018,Flux Dynamics,ACC-018-U002,canvas_collab_edit,4,2025-12-22
FU-006985,ACC-018,Flux Dynamics,ACC-018-U013,canvas_collab_edit,3,2025-12-22
FU-006986,ACC-018,Flux Dynamics,ACC-018-U046,canvas_collab_edit,4,2025-12-22
FU-006987,ACC-018,Flux Dynamics,ACC-018-U001,canvas_collab_edit,7,2025-12-29
FU-006988,ACC-018,Flux Dynamics,ACC-018-U028,canvas_collab_edit,5,2026-01-05
FU-006989,ACC-018,Flux Dynamics,ACC-018-U034,canvas_collab_edit,6,2026-01-05
FU-006990,ACC-018,Flux Dynamics,ACC-018-U037,canvas_collab_edit,3,2026-01-05
FU-006991,ACC-018,Flux Dynamics,ACC-018-U015,canvas_collab_edit,6,2026-01-12
FU-006992,ACC-018,Flux Dynamics,ACC-018-U039,canvas_collab_edit,2,2026-01-19
FU-006993,ACC-018,Flux Dynamics,ACC-018-U025,canvas_collab_edit,1,2026-01-19
FU-006994,ACC-018,Flux Dynamics,ACC-018-U020,canvas_collab_edit,8,2026-01-19
FU-006995,ACC-018,Flux Dynamics,ACC-018-U008,canvas_collab_edit,1,2026-01-26
FU-006996,ACC-018,Flux Dynamics,ACC-018-U026,canvas_collab_edit,1,2026-01-26
FU-006997,ACC-018,Flux Dynamics,ACC-018-U039,canvas_collab_edit,1,2026-02-02
FU-006998,ACC-018,Flux Dynamics,ACC-018-U011,canvas_collab_edit,2,2026-02-02
FU-006999,ACC-018,Flux Dynamics,ACC-018-U045,canvas_collab_edit,1,2026-02-02
FU-007000,ACC-018,Flux Dynamics,ACC-018-U033,canvas_collab_edit,4,2026-02-02
FU-007001,ACC-018,Flux Dynamics,ACC-018-U028,canvas_collab_edit,3,2026-02-02
FU-007002,ACC-018,Flux Dynamics,ACC-018-U040,canvas_collab_edit,5,2026-02-09
FU-007003,ACC-018,Flux Dynamics,ACC-018-U028,canvas_collab_edit,5,2026-02-09
FU-007004,ACC-018,Flux Dynamics,ACC-018-U013,canvas_collab_edit,2,2026-02-09
FU-007005,ACC-018,Flux Dynamics,ACC-018-U043,canvas_collab_edit,3,2026-02-16
FU-007006,ACC-018,Flux Dynamics,ACC-018-U013,canvas_collab_edit,1,2026-02-16
FU-007007,ACC-018,Flux Dynamics,ACC-018-U026,canvas_collab_edit,1,2026-02-23
FU-007008,ACC-018,Flux Dynamics,ACC-018-U003,canvas_collab_edit,2,2026-02-23
FU-007009,ACC-018,Flux Dynamics,ACC-018-U024,canvas_collab_edit,3,2026-02-23
FU-007010,ACC-018,Flux Dynamics,ACC-018-U045,canvas_collab_edit,4,2026-02-23
FU-007011,ACC-018,Flux Dynamics,ACC-018-U030,canvas_collab_edit,4,2026-02-23
FU-007012,ACC-018,Flux Dynamics,ACC-018-U038,canvas_collab_edit,3,2026-02-23
FU-007013,ACC-018,Flux Dynamics,ACC-018-U019,canvas_collab_edit,2,2026-02-23
FU-007014,ACC-018,Flux Dynamics,ACC-018-U005,canvas_collab_edit,4,2026-03-02
FU-007015,ACC-018,Flux Dynamics,ACC-018-U012,canvas_collab_edit,1,2026-03-02
FU-007016,ACC-018,Flux Dynamics,ACC-018-U017,canvas_collab_edit,3,2026-03-02
FU-007017,ACC-018,Flux Dynamics,ACC-018-U024,canvas_collab_edit,1,2026-03-02
FU-007018,ACC-018,Flux Dynamics,ACC-018-U003,canvas_collab_edit,2,2026-03-09
FU-007019,ACC-018,Flux Dynamics,ACC-018-U046,canvas_collab_edit,4,2026-03-09
FU-007020,ACC-018,Flux Dynamics,ACC-018-U004,canvas_collab_edit,2,2026-03-09
FU-007021,ACC-018,Flux Dynamics,ACC-018-U010,canvas_collab_edit,5,2026-03-09
FU-007022,ACC-018,Flux Dynamics,ACC-018-U001,canvas_collab_edit,1,2026-03-09
FU-007023,ACC-019,Pinnacle Sports,ACC-019-U022,canvas_templates,2,2025-12-15
FU-007024,ACC-019,Pinnacle Sports,ACC-019-U002,canvas_templates,3,2025-12-15
FU-007025,ACC-019,Pinnacle Sports,ACC-019-U020,canvas_templates,4,2025-12-15
FU-007026,ACC-019,Pinnacle Sports,ACC-019-U023,canvas_templates,3,2025-12-15
FU-007027,ACC-019,Pinnacle Sports,ACC-019-U004,canvas_templates,2,2025-12-15
FU-007028,ACC-019,Pinnacle Sports,ACC-019-U012,canvas_templates,1,2025-12-15
FU-007029,ACC-019,Pinnacle Sports,ACC-019-U025,canvas_templates,5,2025-12-15
FU-007030,ACC-019,Pinnacle Sports,ACC-019-U010,canvas_templates,4,2025-12-22
FU-007031,ACC-019,Pinnacle Sports,ACC-019-U005,canvas_templates,1,2025-12-22
FU-007032,ACC-019,Pinnacle Sports,ACC-019-U013,canvas_templates,2,2025-12-22
FU-007033,ACC-019,Pinnacle Sports,ACC-019-U020,canvas_templates,5,2025-12-22
FU-007034,ACC-019,Pinnacle Sports,ACC-019-U024,canvas_templates,7,2025-12-22
FU-007035,ACC-019,Pinnacle Sports,ACC-019-U023,canvas_templates,1,2025-12-22
FU-007036,ACC-019,Pinnacle Sports,ACC-019-U017,canvas_templates,1,2025-12-22
FU-007037,ACC-019,Pinnacle Sports,ACC-019-U005,canvas_templates,5,2025-12-29
FU-007038,ACC-019,Pinnacle Sports,ACC-019-U009,canvas_templates,5,2025-12-29
FU-007039,ACC-019,Pinnacle Sports,ACC-019-U021,canvas_templates,6,2026-01-05
FU-007040,ACC-019,Pinnacle Sports,ACC-019-U020,canvas_templates,4,2026-01-05
FU-007041,ACC-019,Pinnacle Sports,ACC-019-U025,canvas_templates,3,2026-01-05
FU-007042,ACC-019,Pinnacle Sports,ACC-019-U027,canvas_templates,2,2026-01-05
FU-007043,ACC-019,Pinnacle Sports,ACC-019-U013,canvas_templates,1,2026-01-12
FU-007044,ACC-019,Pinnacle Sports,ACC-019-U023,canvas_templates,3,2026-01-12
FU-007045,ACC-019,Pinnacle Sports,ACC-019-U027,canvas_templates,6,2026-01-12
FU-007046,ACC-019,Pinnacle Sports,ACC-019-U016,canvas_templates,4,2026-01-12
FU-007047,ACC-019,Pinnacle Sports,ACC-019-U005,canvas_templates,3,2026-01-12
FU-007048,ACC-019,Pinnacle Sports,ACC-019-U015,canvas_templates,1,2026-01-12
FU-007049,ACC-019,Pinnacle Sports,ACC-019-U027,canvas_templates,3,2026-01-19
FU-007050,ACC-019,Pinnacle Sports,ACC-019-U010,canvas_templates,6,2026-01-19
FU-007051,ACC-019,Pinnacle Sports,ACC-019-U018,canvas_templates,3,2026-01-19
FU-007052,ACC-019,Pinnacle Sports,ACC-019-U028,canvas_templates,2,2026-01-19
FU-007053,ACC-019,Pinnacle Sports,ACC-019-U016,canvas_templates,4,2026-01-19
FU-007054,ACC-019,Pinnacle Sports,ACC-019-U023,canvas_templates,4,2026-01-19
FU-007055,ACC-019,Pinnacle Sports,ACC-019-U015,canvas_templates,2,2026-01-19
FU-007056,ACC-019,Pinnacle Sports,ACC-019-U003,canvas_templates,3,2026-01-19
FU-007057,ACC-019,Pinnacle Sports,ACC-019-U009,canvas_templates,3,2026-01-19
FU-007058,ACC-019,Pinnacle Sports,ACC-019-U013,canvas_templates,4,2026-01-19
FU-007059,ACC-019,Pinnacle Sports,ACC-019-U024,canvas_templates,3,2026-01-19
FU-007060,ACC-019,Pinnacle Sports,ACC-019-U004,canvas_templates,8,2026-01-26
FU-007061,ACC-019,Pinnacle Sports,ACC-019-U014,canvas_templates,1,2026-01-26
FU-007062,ACC-019,Pinnacle Sports,ACC-019-U019,canvas_templates,1,2026-01-26
FU-007063,ACC-019,Pinnacle Sports,ACC-019-U010,canvas_templates,4,2026-01-26
FU-007064,ACC-019,Pinnacle Sports,ACC-019-U018,canvas_templates,3,2026-02-02
FU-007065,ACC-019,Pinnacle Sports,ACC-019-U017,canvas_templates,7,2026-02-02
FU-007066,ACC-019,Pinnacle Sports,ACC-019-U028,canvas_templates,5,2026-02-09
FU-007067,ACC-019,Pinnacle Sports,ACC-019-U021,canvas_templates,5,2026-02-09
FU-007068,ACC-019,Pinnacle Sports,ACC-019-U015,canvas_templates,3,2026-02-09
FU-007069,ACC-019,Pinnacle Sports,ACC-019-U027,canvas_templates,4,2026-02-09
FU-007070,ACC-019,Pinnacle Sports,ACC-019-U014,canvas_templates,3,2026-02-09
FU-007071,ACC-019,Pinnacle Sports,ACC-019-U022,canvas_templates,2,2026-02-09
FU-007072,ACC-019,Pinnacle Sports,ACC-019-U012,canvas_templates,4,2026-02-09
FU-007073,ACC-019,Pinnacle Sports,ACC-019-U020,canvas_templates,4,2026-02-16
FU-007074,ACC-019,Pinnacle Sports,ACC-019-U018,canvas_templates,4,2026-02-16
FU-007075,ACC-019,Pinnacle Sports,ACC-019-U005,canvas_templates,1,2026-02-16
FU-007076,ACC-019,Pinnacle Sports,ACC-019-U003,canvas_templates,6,2026-02-16
FU-007077,ACC-019,Pinnacle Sports,ACC-019-U019,canvas_templates,2,2026-02-16
FU-007078,ACC-019,Pinnacle Sports,ACC-019-U010,canvas_templates,3,2026-02-16
FU-007079,ACC-019,Pinnacle Sports,ACC-019-U020,canvas_templates,3,2026-02-23
FU-007080,ACC-019,Pinnacle Sports,ACC-019-U001,canvas_templates,5,2026-02-23
FU-007081,ACC-019,Pinnacle Sports,ACC-019-U018,canvas_templates,1,2026-02-23
FU-007082,ACC-019,Pinnacle Sports,ACC-019-U012,canvas_templates,1,2026-02-23
FU-007083,ACC-019,Pinnacle Sports,ACC-019-U010,canvas_templates,4,2026-02-23
FU-007084,ACC-019,Pinnacle Sports,ACC-019-U027,canvas_templates,5,2026-02-23
FU-007085,ACC-019,Pinnacle Sports,ACC-019-U021,canvas_templates,7,2026-02-23
FU-007086,ACC-019,Pinnacle Sports,ACC-019-U008,canvas_templates,3,2026-02-23
FU-007087,ACC-019,Pinnacle Sports,ACC-019-U002,canvas_templates,2,2026-02-23
FU-007088,ACC-019,Pinnacle Sports,ACC-019-U007,canvas_templates,1,2026-02-23
FU-007089,ACC-019,Pinnacle Sports,ACC-019-U005,canvas_templates,3,2026-02-23
FU-007090,ACC-019,Pinnacle Sports,ACC-019-U025,canvas_templates,3,2026-02-23
FU-007091,ACC-019,Pinnacle Sports,ACC-019-U014,canvas_templates,1,2026-03-02
FU-007092,ACC-019,Pinnacle Sports,ACC-019-U023,canvas_templates,2,2026-03-02
FU-007093,ACC-019,Pinnacle Sports,ACC-019-U025,canvas_templates,4,2026-03-02
FU-007094,ACC-019,Pinnacle Sports,ACC-019-U010,canvas_templates,1,2026-03-02
FU-007095,ACC-019,Pinnacle Sports,ACC-019-U005,canvas_templates,6,2026-03-02
FU-007096,ACC-019,Pinnacle Sports,ACC-019-U001,canvas_templates,1,2026-03-02
FU-007097,ACC-019,Pinnacle Sports,ACC-019-U020,canvas_templates,6,2026-03-02
FU-007098,ACC-019,Pinnacle Sports,ACC-019-U006,canvas_templates,4,2026-03-02
FU-007099,ACC-019,Pinnacle Sports,ACC-019-U024,canvas_templates,4,2026-03-02
FU-007100,ACC-019,Pinnacle Sports,ACC-019-U012,canvas_templates,3,2026-03-02
FU-007101,ACC-019,Pinnacle Sports,ACC-019-U016,canvas_templates,3,2026-03-02
FU-007102,ACC-019,Pinnacle Sports,ACC-019-U008,canvas_templates,1,2026-03-02
FU-007103,ACC-019,Pinnacle Sports,ACC-019-U026,canvas_templates,4,2026-03-09
FU-007104,ACC-019,Pinnacle Sports,ACC-019-U001,canvas_templates,5,2026-03-09
FU-007105,ACC-019,Pinnacle Sports,ACC-019-U008,canvas_templates,4,2026-03-09
FU-007106,ACC-019,Pinnacle Sports,ACC-019-U005,canvas_templates,2,2026-03-09
FU-007107,ACC-019,Pinnacle Sports,ACC-019-U006,canvas_templates,4,2026-03-09
FU-007108,ACC-019,Pinnacle Sports,ACC-019-U007,canvas_templates,1,2026-03-09
FU-007109,ACC-019,Pinnacle Sports,ACC-019-U022,canvas_templates,3,2026-03-09
FU-007110,ACC-019,Pinnacle Sports,ACC-019-U024,canvas_templates,3,2026-03-09
FU-007111,ACC-019,Pinnacle Sports,ACC-019-U028,canvas_templates,4,2026-03-09
FU-007112,ACC-019,Pinnacle Sports,ACC-019-U012,canvas_templates,5,2026-03-09
FU-007113,ACC-019,Pinnacle Sports,ACC-019-U010,canvas_templates,3,2026-03-09
FU-007114,ACC-019,Pinnacle Sports,ACC-019-U020,canvas_templates,4,2026-03-09
FU-007115,ACC-019,Pinnacle Sports,ACC-019-U003,flow_approvals,4,2025-12-15
FU-007116,ACC-019,Pinnacle Sports,ACC-019-U028,flow_approvals,3,2025-12-15
FU-007117,ACC-019,Pinnacle Sports,ACC-019-U013,flow_approvals,1,2025-12-15
FU-007118,ACC-019,Pinnacle Sports,ACC-019-U008,flow_approvals,7,2025-12-15
FU-007119,ACC-019,Pinnacle Sports,ACC-019-U006,flow_approvals,1,2025-12-22
FU-007120,ACC-019,Pinnacle Sports,ACC-019-U008,flow_approvals,3,2025-12-22
FU-007121,ACC-019,Pinnacle Sports,ACC-019-U020,flow_approvals,6,2025-12-22
FU-007122,ACC-019,Pinnacle Sports,ACC-019-U021,flow_approvals,2,2025-12-22
FU-007123,ACC-019,Pinnacle Sports,ACC-019-U019,flow_approvals,3,2025-12-29
FU-007124,ACC-019,Pinnacle Sports,ACC-019-U014,flow_approvals,1,2025-12-29
FU-007125,ACC-019,Pinnacle Sports,ACC-019-U024,flow_approvals,1,2025-12-29
FU-007126,ACC-019,Pinnacle Sports,ACC-019-U023,flow_approvals,2,2025-12-29
FU-007127,ACC-019,Pinnacle Sports,ACC-019-U019,flow_approvals,3,2026-01-05
FU-007128,ACC-019,Pinnacle Sports,ACC-019-U007,flow_approvals,2,2026-01-05
FU-007129,ACC-019,Pinnacle Sports,ACC-019-U028,flow_approvals,6,2026-01-05
FU-007130,ACC-019,Pinnacle Sports,ACC-019-U003,flow_approvals,1,2026-01-05
FU-007131,ACC-019,Pinnacle Sports,ACC-019-U001,flow_approvals,2,2026-01-05
FU-007132,ACC-019,Pinnacle Sports,ACC-019-U012,flow_approvals,3,2026-01-05
FU-007133,ACC-019,Pinnacle Sports,ACC-019-U004,flow_approvals,3,2026-01-05
FU-007134,ACC-019,Pinnacle Sports,ACC-019-U023,flow_approvals,1,2026-01-05
FU-007135,ACC-019,Pinnacle Sports,ACC-019-U024,flow_approvals,4,2026-01-05
FU-007136,ACC-019,Pinnacle Sports,ACC-019-U023,flow_approvals,7,2026-01-12
FU-007137,ACC-019,Pinnacle Sports,ACC-019-U022,flow_approvals,3,2026-01-12
FU-007138,ACC-019,Pinnacle Sports,ACC-019-U018,flow_approvals,2,2026-01-12
FU-007139,ACC-019,Pinnacle Sports,ACC-019-U012,flow_approvals,3,2026-01-12
FU-007140,ACC-019,Pinnacle Sports,ACC-019-U024,flow_approvals,5,2026-01-12
FU-007141,ACC-019,Pinnacle Sports,ACC-019-U027,flow_approvals,2,2026-01-12
FU-007142,ACC-019,Pinnacle Sports,ACC-019-U003,flow_approvals,6,2026-01-12
FU-007143,ACC-019,Pinnacle Sports,ACC-019-U025,flow_approvals,2,2026-01-12
FU-007144,ACC-019,Pinnacle Sports,ACC-019-U007,flow_approvals,1,2026-01-12
FU-007145,ACC-019,Pinnacle Sports,ACC-019-U005,flow_approvals,2,2026-01-12
FU-007146,ACC-019,Pinnacle Sports,ACC-019-U002,flow_approvals,1,2026-01-12
FU-007147,ACC-019,Pinnacle Sports,ACC-019-U023,flow_approvals,4,2026-01-19
FU-007148,ACC-019,Pinnacle Sports,ACC-019-U024,flow_approvals,3,2026-01-19
FU-007149,ACC-019,Pinnacle Sports,ACC-019-U022,flow_approvals,4,2026-01-19
FU-007150,ACC-019,Pinnacle Sports,ACC-019-U018,flow_approvals,2,2026-01-19
FU-007151,ACC-019,Pinnacle Sports,ACC-019-U014,flow_approvals,5,2026-01-26
FU-007152,ACC-019,Pinnacle Sports,ACC-019-U004,flow_approvals,1,2026-01-26
FU-007153,ACC-019,Pinnacle Sports,ACC-019-U021,flow_approvals,3,2026-01-26
FU-007154,ACC-019,Pinnacle Sports,ACC-019-U011,flow_approvals,6,2026-01-26
FU-007155,ACC-019,Pinnacle Sports,ACC-019-U015,flow_approvals,1,2026-01-26
FU-007156,ACC-019,Pinnacle Sports,ACC-019-U022,flow_approvals,1,2026-01-26
FU-007157,ACC-019,Pinnacle Sports,ACC-019-U024,flow_approvals,2,2026-01-26
FU-007158,ACC-019,Pinnacle Sports,ACC-019-U019,flow_approvals,2,2026-01-26
FU-007159,ACC-019,Pinnacle Sports,ACC-019-U026,flow_approvals,1,2026-01-26
FU-007160,ACC-019,Pinnacle Sports,ACC-019-U007,flow_approvals,3,2026-01-26
FU-007161,ACC-019,Pinnacle Sports,ACC-019-U025,flow_approvals,2,2026-02-02
FU-007162,ACC-019,Pinnacle Sports,ACC-019-U017,flow_approvals,3,2026-02-02
FU-007163,ACC-019,Pinnacle Sports,ACC-019-U020,flow_approvals,5,2026-02-02
FU-007164,ACC-019,Pinnacle Sports,ACC-019-U021,flow_approvals,4,2026-02-02
FU-007165,ACC-019,Pinnacle Sports,ACC-019-U013,flow_approvals,2,2026-02-09
FU-007166,ACC-019,Pinnacle Sports,ACC-019-U019,flow_approvals,5,2026-02-09
FU-007167,ACC-019,Pinnacle Sports,ACC-019-U024,flow_approvals,6,2026-02-09
FU-007168,ACC-019,Pinnacle Sports,ACC-019-U020,flow_approvals,2,2026-02-09
FU-007169,ACC-019,Pinnacle Sports,ACC-019-U007,flow_approvals,3,2026-02-09
FU-007170,ACC-019,Pinnacle Sports,ACC-019-U002,flow_approvals,1,2026-02-09
FU-007171,ACC-019,Pinnacle Sports,ACC-019-U023,flow_approvals,2,2026-02-09
FU-007172,ACC-019,Pinnacle Sports,ACC-019-U011,flow_approvals,6,2026-02-09
FU-007173,ACC-019,Pinnacle Sports,ACC-019-U027,flow_approvals,4,2026-02-16
FU-007174,ACC-019,Pinnacle Sports,ACC-019-U018,flow_approvals,2,2026-02-16
FU-007175,ACC-019,Pinnacle Sports,ACC-019-U003,flow_approvals,1,2026-02-16
FU-007176,ACC-019,Pinnacle Sports,ACC-019-U017,flow_approvals,6,2026-02-16
FU-007177,ACC-019,Pinnacle Sports,ACC-019-U013,flow_approvals,4,2026-02-23
FU-007178,ACC-019,Pinnacle Sports,ACC-019-U026,flow_approvals,5,2026-02-23
FU-007179,ACC-019,Pinnacle Sports,ACC-019-U024,flow_approvals,1,2026-02-23
FU-007180,ACC-019,Pinnacle Sports,ACC-019-U020,flow_approvals,1,2026-02-23
FU-007181,ACC-019,Pinnacle Sports,ACC-019-U003,flow_approvals,4,2026-02-23
FU-007182,ACC-019,Pinnacle Sports,ACC-019-U016,flow_approvals,4,2026-02-23
FU-007183,ACC-019,Pinnacle Sports,ACC-019-U021,flow_approvals,2,2026-02-23
FU-007184,ACC-019,Pinnacle Sports,ACC-019-U018,flow_approvals,1,2026-02-23
FU-007185,ACC-019,Pinnacle Sports,ACC-019-U001,flow_approvals,3,2026-03-02
FU-007186,ACC-019,Pinnacle Sports,ACC-019-U006,flow_approvals,3,2026-03-02
FU-007187,ACC-019,Pinnacle Sports,ACC-019-U005,flow_approvals,3,2026-03-02
FU-007188,ACC-019,Pinnacle Sports,ACC-019-U019,flow_approvals,1,2026-03-02
FU-007189,ACC-019,Pinnacle Sports,ACC-019-U013,flow_approvals,8,2026-03-02
FU-007190,ACC-019,Pinnacle Sports,ACC-019-U008,flow_approvals,5,2026-03-02
FU-007191,ACC-019,Pinnacle Sports,ACC-019-U003,flow_approvals,6,2026-03-02
FU-007192,ACC-019,Pinnacle Sports,ACC-019-U014,flow_approvals,3,2026-03-02
FU-007193,ACC-019,Pinnacle Sports,ACC-019-U004,flow_approvals,2,2026-03-09
FU-007194,ACC-019,Pinnacle Sports,ACC-019-U016,flow_approvals,2,2026-03-09
FU-007195,ACC-019,Pinnacle Sports,ACC-019-U014,flow_approvals,5,2026-03-09
FU-007196,ACC-019,Pinnacle Sports,ACC-019-U001,flow_approvals,2,2026-03-09
FU-007197,ACC-019,Pinnacle Sports,ACC-019-U022,flow_approvals,4,2026-03-09
FU-007198,ACC-019,Pinnacle Sports,ACC-019-U024,flow_approvals,2,2026-03-09
FU-007199,ACC-019,Pinnacle Sports,ACC-019-U010,canvas_brand_kit,4,2025-12-15
FU-007200,ACC-019,Pinnacle Sports,ACC-019-U001,canvas_brand_kit,2,2025-12-15
FU-007201,ACC-019,Pinnacle Sports,ACC-019-U009,canvas_brand_kit,4,2025-12-15
FU-007202,ACC-019,Pinnacle Sports,ACC-019-U015,canvas_brand_kit,3,2025-12-15
FU-007203,ACC-019,Pinnacle Sports,ACC-019-U028,canvas_brand_kit,1,2025-12-22
FU-007204,ACC-019,Pinnacle Sports,ACC-019-U014,canvas_brand_kit,3,2025-12-22
FU-007205,ACC-019,Pinnacle Sports,ACC-019-U026,canvas_brand_kit,4,2025-12-22
FU-007206,ACC-019,Pinnacle Sports,ACC-019-U013,canvas_brand_kit,6,2025-12-22
FU-007207,ACC-019,Pinnacle Sports,ACC-019-U024,canvas_brand_kit,2,2025-12-22
FU-007208,ACC-019,Pinnacle Sports,ACC-019-U010,canvas_brand_kit,1,2025-12-22
FU-007209,ACC-019,Pinnacle Sports,ACC-019-U023,canvas_brand_kit,3,2025-12-29
FU-007210,ACC-019,Pinnacle Sports,ACC-019-U003,canvas_brand_kit,5,2025-12-29
FU-007211,ACC-019,Pinnacle Sports,ACC-019-U026,canvas_brand_kit,2,2025-12-29
FU-007212,ACC-019,Pinnacle Sports,ACC-019-U005,canvas_brand_kit,2,2025-12-29
FU-007213,ACC-019,Pinnacle Sports,ACC-019-U025,canvas_brand_kit,4,2025-12-29
FU-007214,ACC-019,Pinnacle Sports,ACC-019-U013,canvas_brand_kit,5,2025-12-29
FU-007215,ACC-019,Pinnacle Sports,ACC-019-U020,canvas_brand_kit,3,2025-12-29
FU-007216,ACC-019,Pinnacle Sports,ACC-019-U012,canvas_brand_kit,3,2026-01-05
FU-007217,ACC-019,Pinnacle Sports,ACC-019-U025,canvas_brand_kit,4,2026-01-05
FU-007218,ACC-019,Pinnacle Sports,ACC-019-U002,canvas_brand_kit,3,2026-01-05
FU-007219,ACC-019,Pinnacle Sports,ACC-019-U020,canvas_brand_kit,2,2026-01-05
FU-007220,ACC-019,Pinnacle Sports,ACC-019-U018,canvas_brand_kit,4,2026-01-05
FU-007221,ACC-019,Pinnacle Sports,ACC-019-U006,canvas_brand_kit,1,2026-01-05
FU-007222,ACC-019,Pinnacle Sports,ACC-019-U006,canvas_brand_kit,5,2026-01-12
FU-007223,ACC-019,Pinnacle Sports,ACC-019-U028,canvas_brand_kit,6,2026-01-12
FU-007224,ACC-019,Pinnacle Sports,ACC-019-U009,canvas_brand_kit,3,2026-01-12
FU-007225,ACC-019,Pinnacle Sports,ACC-019-U027,canvas_brand_kit,3,2026-01-19
FU-007226,ACC-019,Pinnacle Sports,ACC-019-U010,canvas_brand_kit,5,2026-01-19
FU-007227,ACC-019,Pinnacle Sports,ACC-019-U021,canvas_brand_kit,3,2026-01-19
FU-007228,ACC-019,Pinnacle Sports,ACC-019-U001,canvas_brand_kit,7,2026-01-19
FU-007229,ACC-019,Pinnacle Sports,ACC-019-U016,canvas_brand_kit,1,2026-01-19
FU-007230,ACC-019,Pinnacle Sports,ACC-019-U011,canvas_brand_kit,5,2026-01-26
FU-007231,ACC-019,Pinnacle Sports,ACC-019-U021,canvas_brand_kit,3,2026-01-26
FU-007232,ACC-019,Pinnacle Sports,ACC-019-U010,canvas_brand_kit,1,2026-02-02
FU-007233,ACC-019,Pinnacle Sports,ACC-019-U001,canvas_brand_kit,1,2026-02-02
FU-007234,ACC-019,Pinnacle Sports,ACC-019-U005,canvas_brand_kit,1,2026-02-02
FU-007235,ACC-019,Pinnacle Sports,ACC-019-U005,canvas_brand_kit,4,2026-02-09
FU-007236,ACC-019,Pinnacle Sports,ACC-019-U016,canvas_brand_kit,4,2026-02-09
FU-007237,ACC-019,Pinnacle Sports,ACC-019-U019,canvas_brand_kit,5,2026-02-16
FU-007238,ACC-019,Pinnacle Sports,ACC-019-U006,canvas_brand_kit,2,2026-02-16
FU-007239,ACC-019,Pinnacle Sports,ACC-019-U026,canvas_brand_kit,5,2026-02-23
FU-007240,ACC-019,Pinnacle Sports,ACC-019-U011,canvas_brand_kit,4,2026-02-23
FU-007241,ACC-019,Pinnacle Sports,ACC-019-U017,canvas_brand_kit,4,2026-02-23
FU-007242,ACC-019,Pinnacle Sports,ACC-019-U025,canvas_brand_kit,6,2026-02-23
FU-007243,ACC-019,Pinnacle Sports,ACC-019-U026,canvas_brand_kit,5,2026-03-02
FU-007244,ACC-019,Pinnacle Sports,ACC-019-U011,canvas_brand_kit,5,2026-03-02
FU-007245,ACC-019,Pinnacle Sports,ACC-019-U024,canvas_brand_kit,1,2026-03-02
FU-007246,ACC-019,Pinnacle Sports,ACC-019-U003,canvas_brand_kit,4,2026-03-02
FU-007247,ACC-019,Pinnacle Sports,ACC-019-U017,canvas_brand_kit,5,2026-03-09
FU-007248,ACC-019,Pinnacle Sports,ACC-019-U026,canvas_layers,1,2025-12-15
FU-007249,ACC-019,Pinnacle Sports,ACC-019-U028,canvas_layers,1,2025-12-15
FU-007250,ACC-019,Pinnacle Sports,ACC-019-U001,canvas_layers,2,2025-12-15
FU-007251,ACC-019,Pinnacle Sports,ACC-019-U026,canvas_layers,1,2025-12-22
FU-007252,ACC-019,Pinnacle Sports,ACC-019-U027,canvas_layers,1,2025-12-29
FU-007253,ACC-019,Pinnacle Sports,ACC-019-U011,canvas_layers,6,2025-12-29
FU-007254,ACC-019,Pinnacle Sports,ACC-019-U018,canvas_layers,6,2026-01-05
FU-007255,ACC-019,Pinnacle Sports,ACC-019-U011,canvas_layers,3,2026-01-12
FU-007256,ACC-019,Pinnacle Sports,ACC-019-U020,canvas_layers,5,2026-01-12
FU-007257,ACC-019,Pinnacle Sports,ACC-019-U008,canvas_layers,2,2026-01-12
FU-007258,ACC-019,Pinnacle Sports,ACC-019-U015,canvas_layers,1,2026-01-12
FU-007259,ACC-019,Pinnacle Sports,ACC-019-U025,canvas_layers,8,2026-01-12
FU-007260,ACC-019,Pinnacle Sports,ACC-019-U012,canvas_layers,4,2026-01-12
FU-007261,ACC-019,Pinnacle Sports,ACC-019-U021,canvas_layers,4,2026-01-19
FU-007262,ACC-019,Pinnacle Sports,ACC-019-U008,canvas_layers,5,2026-01-19
FU-007263,ACC-019,Pinnacle Sports,ACC-019-U027,canvas_layers,4,2026-01-19
FU-007264,ACC-019,Pinnacle Sports,ACC-019-U007,canvas_layers,6,2026-01-26
FU-007265,ACC-019,Pinnacle Sports,ACC-019-U028,canvas_layers,3,2026-01-26
FU-007266,ACC-019,Pinnacle Sports,ACC-019-U024,canvas_layers,3,2026-01-26
FU-007267,ACC-019,Pinnacle Sports,ACC-019-U025,canvas_layers,3,2026-02-02
FU-007268,ACC-019,Pinnacle Sports,ACC-019-U017,canvas_layers,5,2026-02-02
FU-007269,ACC-019,Pinnacle Sports,ACC-019-U028,canvas_layers,5,2026-02-02
FU-007270,ACC-019,Pinnacle Sports,ACC-019-U010,canvas_layers,3,2026-02-02
FU-007271,ACC-019,Pinnacle Sports,ACC-019-U026,canvas_layers,3,2026-02-02
FU-007272,ACC-019,Pinnacle Sports,ACC-019-U008,canvas_layers,6,2026-02-02
FU-007273,ACC-019,Pinnacle Sports,ACC-019-U006,canvas_layers,3,2026-02-09
FU-007274,ACC-019,Pinnacle Sports,ACC-019-U016,canvas_layers,1,2026-02-09
FU-007275,ACC-019,Pinnacle Sports,ACC-019-U018,canvas_layers,8,2026-02-09
FU-007276,ACC-019,Pinnacle Sports,ACC-019-U001,canvas_layers,3,2026-02-09
FU-007277,ACC-019,Pinnacle Sports,ACC-019-U013,canvas_layers,4,2026-02-09
FU-007278,ACC-019,Pinnacle Sports,ACC-019-U024,canvas_layers,1,2026-02-09
FU-007279,ACC-019,Pinnacle Sports,ACC-019-U009,canvas_layers,2,2026-02-09
FU-007280,ACC-019,Pinnacle Sports,ACC-019-U006,canvas_layers,1,2026-02-16
FU-007281,ACC-019,Pinnacle Sports,ACC-019-U013,canvas_layers,3,2026-02-16
FU-007282,ACC-019,Pinnacle Sports,ACC-019-U024,canvas_layers,4,2026-02-16
FU-007283,ACC-019,Pinnacle Sports,ACC-019-U017,canvas_layers,3,2026-02-16
FU-007284,ACC-019,Pinnacle Sports,ACC-019-U012,canvas_layers,3,2026-02-16
FU-007285,ACC-019,Pinnacle Sports,ACC-019-U023,canvas_layers,5,2026-02-16
FU-007286,ACC-019,Pinnacle Sports,ACC-019-U014,canvas_layers,5,2026-02-23
FU-007287,ACC-019,Pinnacle Sports,ACC-019-U002,canvas_layers,1,2026-02-23
FU-007288,ACC-019,Pinnacle Sports,ACC-019-U026,canvas_layers,6,2026-03-02
FU-007289,ACC-019,Pinnacle Sports,ACC-019-U028,canvas_layers,1,2026-03-02
FU-007290,ACC-019,Pinnacle Sports,ACC-019-U024,canvas_layers,3,2026-03-02
FU-007291,ACC-019,Pinnacle Sports,ACC-019-U024,canvas_layers,3,2026-03-09
FU-007292,ACC-019,Pinnacle Sports,ACC-019-U011,canvas_layers,2,2026-03-09
FU-007293,ACC-019,Pinnacle Sports,ACC-019-U027,canvas_layers,3,2026-03-09
FU-007294,ACC-019,Pinnacle Sports,ACC-019-U010,canvas_layers,4,2026-03-09
FU-007295,ACC-019,Pinnacle Sports,ACC-019-U012,canvas_layers,3,2026-03-09
FU-007296,ACC-019,Pinnacle Sports,ACC-019-U014,canvas_layers,8,2026-03-09
FU-007297,ACC-019,Pinnacle Sports,ACC-019-U018,flow_scheduled_tasks,3,2025-12-15
FU-007298,ACC-019,Pinnacle Sports,ACC-019-U014,flow_scheduled_tasks,4,2025-12-15
FU-007299,ACC-019,Pinnacle Sports,ACC-019-U003,flow_scheduled_tasks,2,2025-12-15
FU-007300,ACC-019,Pinnacle Sports,ACC-019-U010,flow_scheduled_tasks,2,2025-12-15
FU-007301,ACC-019,Pinnacle Sports,ACC-019-U011,flow_scheduled_tasks,4,2025-12-15
FU-007302,ACC-019,Pinnacle Sports,ACC-019-U001,flow_scheduled_tasks,1,2025-12-15
FU-007303,ACC-019,Pinnacle Sports,ACC-019-U020,flow_scheduled_tasks,6,2025-12-15
FU-007304,ACC-019,Pinnacle Sports,ACC-019-U021,flow_scheduled_tasks,6,2025-12-22
FU-007305,ACC-019,Pinnacle Sports,ACC-019-U004,flow_scheduled_tasks,1,2025-12-29
FU-007306,ACC-019,Pinnacle Sports,ACC-019-U002,flow_scheduled_tasks,1,2026-01-05
FU-007307,ACC-019,Pinnacle Sports,ACC-019-U022,flow_scheduled_tasks,3,2026-01-05
FU-007308,ACC-019,Pinnacle Sports,ACC-019-U010,flow_scheduled_tasks,4,2026-01-05
FU-007309,ACC-019,Pinnacle Sports,ACC-019-U024,flow_scheduled_tasks,1,2026-01-05
FU-007310,ACC-019,Pinnacle Sports,ACC-019-U017,flow_scheduled_tasks,3,2026-01-12
FU-007311,ACC-019,Pinnacle Sports,ACC-019-U023,flow_scheduled_tasks,7,2026-01-12
FU-007312,ACC-019,Pinnacle Sports,ACC-019-U024,flow_scheduled_tasks,3,2026-01-12
FU-007313,ACC-019,Pinnacle Sports,ACC-019-U004,flow_scheduled_tasks,2,2026-01-19
FU-007314,ACC-019,Pinnacle Sports,ACC-019-U002,flow_scheduled_tasks,1,2026-01-19
FU-007315,ACC-019,Pinnacle Sports,ACC-019-U021,flow_scheduled_tasks,2,2026-01-19
FU-007316,ACC-019,Pinnacle Sports,ACC-019-U024,flow_scheduled_tasks,5,2026-01-19
FU-007317,ACC-019,Pinnacle Sports,ACC-019-U013,flow_scheduled_tasks,4,2026-01-19
FU-007318,ACC-019,Pinnacle Sports,ACC-019-U023,flow_scheduled_tasks,2,2026-01-26
FU-007319,ACC-019,Pinnacle Sports,ACC-019-U009,flow_scheduled_tasks,3,2026-01-26
FU-007320,ACC-019,Pinnacle Sports,ACC-019-U012,flow_scheduled_tasks,5,2026-01-26
FU-007321,ACC-019,Pinnacle Sports,ACC-019-U006,flow_scheduled_tasks,1,2026-02-02
FU-007322,ACC-019,Pinnacle Sports,ACC-019-U010,flow_scheduled_tasks,1,2026-02-02
FU-007323,ACC-019,Pinnacle Sports,ACC-019-U016,flow_scheduled_tasks,6,2026-02-02
FU-007324,ACC-019,Pinnacle Sports,ACC-019-U014,flow_scheduled_tasks,1,2026-02-02
FU-007325,ACC-019,Pinnacle Sports,ACC-019-U018,flow_scheduled_tasks,1,2026-02-02
FU-007326,ACC-019,Pinnacle Sports,ACC-019-U005,flow_scheduled_tasks,5,2026-02-02
FU-007327,ACC-019,Pinnacle Sports,ACC-019-U002,flow_scheduled_tasks,6,2026-02-09
FU-007328,ACC-019,Pinnacle Sports,ACC-019-U012,flow_scheduled_tasks,4,2026-02-09
FU-007329,ACC-019,Pinnacle Sports,ACC-019-U001,flow_scheduled_tasks,2,2026-02-16
FU-007330,ACC-019,Pinnacle Sports,ACC-019-U005,flow_scheduled_tasks,6,2026-02-16
FU-007331,ACC-019,Pinnacle Sports,ACC-019-U014,flow_scheduled_tasks,1,2026-02-16
FU-007332,ACC-019,Pinnacle Sports,ACC-019-U017,flow_scheduled_tasks,4,2026-02-16
FU-007333,ACC-019,Pinnacle Sports,ACC-019-U024,flow_scheduled_tasks,6,2026-02-23
FU-007334,ACC-019,Pinnacle Sports,ACC-019-U004,flow_scheduled_tasks,4,2026-02-23
FU-007335,ACC-019,Pinnacle Sports,ACC-019-U019,flow_scheduled_tasks,2,2026-02-23
FU-007336,ACC-019,Pinnacle Sports,ACC-019-U006,flow_scheduled_tasks,4,2026-02-23
FU-007337,ACC-019,Pinnacle Sports,ACC-019-U011,flow_scheduled_tasks,1,2026-03-02
FU-007338,ACC-019,Pinnacle Sports,ACC-019-U012,flow_scheduled_tasks,4,2026-03-02
FU-007339,ACC-019,Pinnacle Sports,ACC-019-U027,flow_scheduled_tasks,3,2026-03-02
FU-007340,ACC-019,Pinnacle Sports,ACC-019-U022,flow_scheduled_tasks,2,2026-03-02
FU-007341,ACC-019,Pinnacle Sports,ACC-019-U025,flow_scheduled_tasks,2,2026-03-02
FU-007342,ACC-019,Pinnacle Sports,ACC-019-U013,flow_scheduled_tasks,2,2026-03-09
FU-007343,ACC-019,Pinnacle Sports,ACC-019-U015,flow_scheduled_tasks,4,2026-03-09
FU-007344,ACC-019,Pinnacle Sports,ACC-019-U003,flow_scheduled_tasks,2,2026-03-09
FU-007345,ACC-019,Pinnacle Sports,ACC-019-U006,flow_scheduled_tasks,6,2026-03-09
FU-007346,ACC-019,Pinnacle Sports,ACC-019-U025,canvas_collab_edit,8,2025-12-15
FU-007347,ACC-019,Pinnacle Sports,ACC-019-U018,canvas_collab_edit,5,2025-12-15
FU-007348,ACC-019,Pinnacle Sports,ACC-019-U013,canvas_collab_edit,6,2025-12-15
FU-007349,ACC-019,Pinnacle Sports,ACC-019-U003,canvas_collab_edit,6,2025-12-22
FU-007350,ACC-019,Pinnacle Sports,ACC-019-U018,canvas_collab_edit,1,2025-12-22
FU-007351,ACC-019,Pinnacle Sports,ACC-019-U016,canvas_collab_edit,2,2025-12-22
FU-007352,ACC-019,Pinnacle Sports,ACC-019-U021,canvas_collab_edit,1,2025-12-22
FU-007353,ACC-019,Pinnacle Sports,ACC-019-U019,canvas_collab_edit,2,2025-12-22
FU-007354,ACC-019,Pinnacle Sports,ACC-019-U007,canvas_collab_edit,2,2025-12-22
FU-007355,ACC-019,Pinnacle Sports,ACC-019-U015,canvas_collab_edit,4,2025-12-29
FU-007356,ACC-019,Pinnacle Sports,ACC-019-U021,canvas_collab_edit,7,2025-12-29
FU-007357,ACC-019,Pinnacle Sports,ACC-019-U005,canvas_collab_edit,4,2025-12-29
FU-007358,ACC-019,Pinnacle Sports,ACC-019-U016,canvas_collab_edit,1,2025-12-29
FU-007359,ACC-019,Pinnacle Sports,ACC-019-U012,canvas_collab_edit,1,2025-12-29
FU-007360,ACC-019,Pinnacle Sports,ACC-019-U004,canvas_collab_edit,6,2025-12-29
FU-007361,ACC-019,Pinnacle Sports,ACC-019-U003,canvas_collab_edit,5,2026-01-05
FU-007362,ACC-019,Pinnacle Sports,ACC-019-U007,canvas_collab_edit,2,2026-01-05
FU-007363,ACC-019,Pinnacle Sports,ACC-019-U028,canvas_collab_edit,1,2026-01-05
FU-007364,ACC-019,Pinnacle Sports,ACC-019-U017,canvas_collab_edit,4,2026-01-05
FU-007365,ACC-019,Pinnacle Sports,ACC-019-U019,canvas_collab_edit,2,2026-01-05
FU-007366,ACC-019,Pinnacle Sports,ACC-019-U015,canvas_collab_edit,6,2026-01-12
FU-007367,ACC-019,Pinnacle Sports,ACC-019-U009,canvas_collab_edit,4,2026-01-19
FU-007368,ACC-019,Pinnacle Sports,ACC-019-U012,canvas_collab_edit,4,2026-01-19
FU-007369,ACC-019,Pinnacle Sports,ACC-019-U008,canvas_collab_edit,3,2026-01-19
FU-007370,ACC-019,Pinnacle Sports,ACC-019-U020,canvas_collab_edit,5,2026-01-19
FU-007371,ACC-019,Pinnacle Sports,ACC-019-U007,canvas_collab_edit,4,2026-01-19
FU-007372,ACC-019,Pinnacle Sports,ACC-019-U028,canvas_collab_edit,1,2026-01-19
FU-007373,ACC-019,Pinnacle Sports,ACC-019-U027,canvas_collab_edit,1,2026-01-26
FU-007374,ACC-019,Pinnacle Sports,ACC-019-U018,canvas_collab_edit,5,2026-01-26
FU-007375,ACC-019,Pinnacle Sports,ACC-019-U011,canvas_collab_edit,3,2026-01-26
FU-007376,ACC-019,Pinnacle Sports,ACC-019-U002,canvas_collab_edit,3,2026-01-26
FU-007377,ACC-019,Pinnacle Sports,ACC-019-U013,canvas_collab_edit,7,2026-01-26
FU-007378,ACC-019,Pinnacle Sports,ACC-019-U019,canvas_collab_edit,2,2026-01-26
FU-007379,ACC-019,Pinnacle Sports,ACC-019-U010,canvas_collab_edit,3,2026-02-02
FU-007380,ACC-019,Pinnacle Sports,ACC-019-U001,canvas_collab_edit,2,2026-02-02
FU-007381,ACC-019,Pinnacle Sports,ACC-019-U023,canvas_collab_edit,2,2026-02-02
FU-007382,ACC-019,Pinnacle Sports,ACC-019-U011,canvas_collab_edit,4,2026-02-02
FU-007383,ACC-019,Pinnacle Sports,ACC-019-U012,canvas_collab_edit,5,2026-02-02
FU-007384,ACC-019,Pinnacle Sports,ACC-019-U012,canvas_collab_edit,3,2026-02-09
FU-007385,ACC-019,Pinnacle Sports,ACC-019-U016,canvas_collab_edit,8,2026-02-09
FU-007386,ACC-019,Pinnacle Sports,ACC-019-U024,canvas_collab_edit,5,2026-02-09
FU-007387,ACC-019,Pinnacle Sports,ACC-019-U028,canvas_collab_edit,4,2026-02-16
FU-007388,ACC-019,Pinnacle Sports,ACC-019-U015,canvas_collab_edit,7,2026-02-16
FU-007389,ACC-019,Pinnacle Sports,ACC-019-U022,canvas_collab_edit,4,2026-02-16
FU-007390,ACC-019,Pinnacle Sports,ACC-019-U003,canvas_collab_edit,5,2026-02-16
FU-007391,ACC-019,Pinnacle Sports,ACC-019-U005,canvas_collab_edit,3,2026-02-16
FU-007392,ACC-019,Pinnacle Sports,ACC-019-U012,canvas_collab_edit,6,2026-02-23
FU-007393,ACC-019,Pinnacle Sports,ACC-019-U014,canvas_collab_edit,2,2026-02-23
FU-007394,ACC-019,Pinnacle Sports,ACC-019-U009,canvas_collab_edit,4,2026-02-23
FU-007395,ACC-019,Pinnacle Sports,ACC-019-U005,canvas_collab_edit,4,2026-02-23
FU-007396,ACC-019,Pinnacle Sports,ACC-019-U020,canvas_collab_edit,1,2026-02-23
FU-007397,ACC-019,Pinnacle Sports,ACC-019-U019,canvas_collab_edit,6,2026-03-02
FU-007398,ACC-019,Pinnacle Sports,ACC-019-U002,canvas_collab_edit,5,2026-03-02
FU-007399,ACC-019,Pinnacle Sports,ACC-019-U020,canvas_collab_edit,5,2026-03-02
FU-007400,ACC-019,Pinnacle Sports,ACC-019-U011,canvas_collab_edit,1,2026-03-02
FU-007401,ACC-019,Pinnacle Sports,ACC-019-U010,canvas_collab_edit,5,2026-03-02
FU-007402,ACC-019,Pinnacle Sports,ACC-019-U016,canvas_collab_edit,5,2026-03-02
FU-007403,ACC-019,Pinnacle Sports,ACC-019-U010,canvas_collab_edit,2,2026-03-09
FU-007404,ACC-019,Pinnacle Sports,ACC-019-U023,canvas_collab_edit,2,2026-03-09
FU-007405,ACC-019,Pinnacle Sports,ACC-019-U009,canvas_collab_edit,5,2026-03-09
FU-007406,ACC-019,Pinnacle Sports,ACC-019-U017,canvas_collab_edit,2,2026-03-09
FU-007407,ACC-019,Pinnacle Sports,ACC-019-U019,canvas_collab_edit,5,2026-03-09
FU-007408,ACC-019,Pinnacle Sports,ACC-019-U001,canvas_asset_library,4,2025-12-15
FU-007409,ACC-019,Pinnacle Sports,ACC-019-U001,canvas_asset_library,3,2025-12-22
FU-007410,ACC-019,Pinnacle Sports,ACC-019-U009,canvas_asset_library,5,2025-12-22
FU-007411,ACC-019,Pinnacle Sports,ACC-019-U010,canvas_asset_library,4,2025-12-22
FU-007412,ACC-019,Pinnacle Sports,ACC-019-U007,canvas_asset_library,3,2025-12-22
FU-007413,ACC-019,Pinnacle Sports,ACC-019-U012,canvas_asset_library,6,2025-12-22
FU-007414,ACC-019,Pinnacle Sports,ACC-019-U018,canvas_asset_library,4,2025-12-22
FU-007415,ACC-019,Pinnacle Sports,ACC-019-U002,canvas_asset_library,2,2025-12-29
FU-007416,ACC-019,Pinnacle Sports,ACC-019-U026,canvas_asset_library,4,2025-12-29
FU-007417,ACC-019,Pinnacle Sports,ACC-019-U024,canvas_asset_library,3,2025-12-29
FU-007418,ACC-019,Pinnacle Sports,ACC-019-U015,canvas_asset_library,2,2025-12-29
FU-007419,ACC-019,Pinnacle Sports,ACC-019-U021,canvas_asset_library,4,2025-12-29
FU-007420,ACC-019,Pinnacle Sports,ACC-019-U021,canvas_asset_library,3,2026-01-05
FU-007421,ACC-019,Pinnacle Sports,ACC-019-U015,canvas_asset_library,1,2026-01-12
FU-007422,ACC-019,Pinnacle Sports,ACC-019-U021,canvas_asset_library,3,2026-01-12
FU-007423,ACC-019,Pinnacle Sports,ACC-019-U007,canvas_asset_library,4,2026-01-12
FU-007424,ACC-019,Pinnacle Sports,ACC-019-U009,canvas_asset_library,4,2026-01-12
FU-007425,ACC-019,Pinnacle Sports,ACC-019-U003,canvas_asset_library,4,2026-01-12
FU-007426,ACC-019,Pinnacle Sports,ACC-019-U012,canvas_asset_library,4,2026-01-12
FU-007427,ACC-019,Pinnacle Sports,ACC-019-U005,canvas_asset_library,3,2026-01-12
FU-007428,ACC-019,Pinnacle Sports,ACC-019-U008,canvas_asset_library,4,2026-01-19
FU-007429,ACC-019,Pinnacle Sports,ACC-019-U026,canvas_asset_library,7,2026-01-19
FU-007430,ACC-019,Pinnacle Sports,ACC-019-U017,canvas_asset_library,5,2026-01-19
FU-007431,ACC-019,Pinnacle Sports,ACC-019-U018,canvas_asset_library,8,2026-01-26
FU-007432,ACC-019,Pinnacle Sports,ACC-019-U025,canvas_asset_library,3,2026-02-02
FU-007433,ACC-019,Pinnacle Sports,ACC-019-U007,canvas_asset_library,7,2026-02-02
FU-007434,ACC-019,Pinnacle Sports,ACC-019-U015,canvas_asset_library,6,2026-02-02
FU-007435,ACC-019,Pinnacle Sports,ACC-019-U010,canvas_asset_library,3,2026-02-02
FU-007436,ACC-019,Pinnacle Sports,ACC-019-U014,canvas_asset_library,3,2026-02-09
FU-007437,ACC-019,Pinnacle Sports,ACC-019-U021,canvas_asset_library,5,2026-02-09
FU-007438,ACC-019,Pinnacle Sports,ACC-019-U022,canvas_asset_library,2,2026-02-16
FU-007439,ACC-019,Pinnacle Sports,ACC-019-U025,canvas_asset_library,1,2026-02-16
FU-007440,ACC-019,Pinnacle Sports,ACC-019-U017,canvas_asset_library,6,2026-02-16
FU-007441,ACC-019,Pinnacle Sports,ACC-019-U021,canvas_asset_library,5,2026-02-23
FU-007442,ACC-019,Pinnacle Sports,ACC-019-U022,canvas_asset_library,6,2026-02-23
FU-007443,ACC-019,Pinnacle Sports,ACC-019-U009,canvas_asset_library,1,2026-02-23
FU-007444,ACC-019,Pinnacle Sports,ACC-019-U005,canvas_asset_library,3,2026-02-23
FU-007445,ACC-019,Pinnacle Sports,ACC-019-U001,canvas_asset_library,5,2026-02-23
FU-007446,ACC-019,Pinnacle Sports,ACC-019-U013,canvas_asset_library,5,2026-02-23
FU-007447,ACC-019,Pinnacle Sports,ACC-019-U027,canvas_asset_library,4,2026-03-02
FU-007448,ACC-019,Pinnacle Sports,ACC-019-U007,canvas_asset_library,5,2026-03-09
FU-007449,ACC-019,Pinnacle Sports,ACC-019-U025,canvas_asset_library,3,2026-03-09
FU-007450,ACC-019,Pinnacle Sports,ACC-019-U014,canvas_asset_library,2,2026-03-09
FU-007451,ACC-019,Pinnacle Sports,ACC-019-U012,canvas_asset_library,4,2026-03-09
FU-007452,ACC-020,Crestline Analytics,ACC-020-U007,insight_dashboards,3,2025-12-15
FU-007453,ACC-020,Crestline Analytics,ACC-020-U023,insight_dashboards,2,2025-12-15
FU-007454,ACC-020,Crestline Analytics,ACC-020-U030,insight_dashboards,4,2025-12-15
FU-007455,ACC-020,Crestline Analytics,ACC-020-U008,insight_dashboards,2,2025-12-15
FU-007456,ACC-020,Crestline Analytics,ACC-020-U026,insight_dashboards,3,2025-12-15
FU-007457,ACC-020,Crestline Analytics,ACC-020-U005,insight_dashboards,6,2025-12-15
FU-007458,ACC-020,Crestline Analytics,ACC-020-U039,insight_dashboards,3,2025-12-15
FU-007459,ACC-020,Crestline Analytics,ACC-020-U020,insight_dashboards,6,2025-12-22
FU-007460,ACC-020,Crestline Analytics,ACC-020-U007,insight_dashboards,4,2025-12-22
FU-007461,ACC-020,Crestline Analytics,ACC-020-U035,insight_dashboards,4,2025-12-22
FU-007462,ACC-020,Crestline Analytics,ACC-020-U024,insight_dashboards,8,2025-12-22
FU-007463,ACC-020,Crestline Analytics,ACC-020-U003,insight_dashboards,5,2025-12-22
FU-007464,ACC-020,Crestline Analytics,ACC-020-U029,insight_dashboards,1,2025-12-22
FU-007465,ACC-020,Crestline Analytics,ACC-020-U017,insight_dashboards,4,2025-12-29
FU-007466,ACC-020,Crestline Analytics,ACC-020-U028,insight_dashboards,6,2025-12-29
FU-007467,ACC-020,Crestline Analytics,ACC-020-U026,insight_dashboards,3,2026-01-05
FU-007468,ACC-020,Crestline Analytics,ACC-020-U024,insight_dashboards,3,2026-01-05
FU-007469,ACC-020,Crestline Analytics,ACC-020-U035,insight_dashboards,7,2026-01-05
FU-007470,ACC-020,Crestline Analytics,ACC-020-U018,insight_dashboards,2,2026-01-05
FU-007471,ACC-020,Crestline Analytics,ACC-020-U044,insight_dashboards,2,2026-01-05
FU-007472,ACC-020,Crestline Analytics,ACC-020-U036,insight_dashboards,1,2026-01-05
FU-007473,ACC-020,Crestline Analytics,ACC-020-U021,insight_dashboards,4,2026-01-05
FU-007474,ACC-020,Crestline Analytics,ACC-020-U020,insight_dashboards,1,2026-01-05
FU-007475,ACC-020,Crestline Analytics,ACC-020-U030,insight_dashboards,4,2026-01-05
FU-007476,ACC-020,Crestline Analytics,ACC-020-U044,insight_dashboards,4,2026-01-12
FU-007477,ACC-020,Crestline Analytics,ACC-020-U007,insight_dashboards,2,2026-01-19
FU-007478,ACC-020,Crestline Analytics,ACC-020-U046,insight_dashboards,4,2026-01-19
FU-007479,ACC-020,Crestline Analytics,ACC-020-U039,insight_dashboards,4,2026-01-19
FU-007480,ACC-020,Crestline Analytics,ACC-020-U031,insight_dashboards,2,2026-01-19
FU-007481,ACC-020,Crestline Analytics,ACC-020-U020,insight_dashboards,2,2026-01-26
FU-007482,ACC-020,Crestline Analytics,ACC-020-U006,insight_dashboards,5,2026-01-26
FU-007483,ACC-020,Crestline Analytics,ACC-020-U031,insight_dashboards,5,2026-01-26
FU-007484,ACC-020,Crestline Analytics,ACC-020-U011,insight_dashboards,2,2026-01-26
FU-007485,ACC-020,Crestline Analytics,ACC-020-U012,insight_dashboards,4,2026-01-26
FU-007486,ACC-020,Crestline Analytics,ACC-020-U024,insight_dashboards,4,2026-01-26
FU-007487,ACC-020,Crestline Analytics,ACC-020-U041,insight_dashboards,1,2026-01-26
FU-007488,ACC-020,Crestline Analytics,ACC-020-U008,insight_dashboards,1,2026-01-26
FU-007489,ACC-020,Crestline Analytics,ACC-020-U006,insight_dashboards,3,2026-02-02
FU-007490,ACC-020,Crestline Analytics,ACC-020-U001,insight_dashboards,3,2026-02-02
FU-007491,ACC-020,Crestline Analytics,ACC-020-U007,insight_dashboards,3,2026-02-02
FU-007492,ACC-020,Crestline Analytics,ACC-020-U004,insight_dashboards,1,2026-02-02
FU-007493,ACC-020,Crestline Analytics,ACC-020-U011,insight_dashboards,3,2026-02-02
FU-007494,ACC-020,Crestline Analytics,ACC-020-U025,insight_dashboards,6,2026-02-02
FU-007495,ACC-020,Crestline Analytics,ACC-020-U016,insight_dashboards,3,2026-02-02
FU-007496,ACC-020,Crestline Analytics,ACC-020-U038,insight_dashboards,3,2026-02-02
FU-007497,ACC-020,Crestline Analytics,ACC-020-U003,insight_dashboards,3,2026-02-02
FU-007498,ACC-020,Crestline Analytics,ACC-020-U045,insight_dashboards,4,2026-02-02
FU-007499,ACC-020,Crestline Analytics,ACC-020-U044,insight_dashboards,2,2026-02-02
FU-007500,ACC-020,Crestline Analytics,ACC-020-U005,insight_dashboards,1,2026-02-09
FU-007501,ACC-020,Crestline Analytics,ACC-020-U035,insight_dashboards,2,2026-02-09
FU-007502,ACC-020,Crestline Analytics,ACC-020-U030,insight_dashboards,6,2026-02-09
FU-007503,ACC-020,Crestline Analytics,ACC-020-U012,insight_dashboards,1,2026-02-09
FU-007504,ACC-020,Crestline Analytics,ACC-020-U039,insight_dashboards,2,2026-02-09
FU-007505,ACC-020,Crestline Analytics,ACC-020-U032,insight_dashboards,1,2026-02-09
FU-007506,ACC-020,Crestline Analytics,ACC-020-U004,insight_dashboards,1,2026-02-09
FU-007507,ACC-020,Crestline Analytics,ACC-020-U013,insight_dashboards,2,2026-02-09
FU-007508,ACC-020,Crestline Analytics,ACC-020-U017,insight_dashboards,2,2026-02-09
FU-007509,ACC-020,Crestline Analytics,ACC-020-U026,insight_dashboards,4,2026-02-16
FU-007510,ACC-020,Crestline Analytics,ACC-020-U043,insight_dashboards,2,2026-02-16
FU-007511,ACC-020,Crestline Analytics,ACC-020-U038,insight_dashboards,1,2026-02-16
FU-007512,ACC-020,Crestline Analytics,ACC-020-U019,insight_dashboards,1,2026-02-16
FU-007513,ACC-020,Crestline Analytics,ACC-020-U041,insight_dashboards,2,2026-02-16
FU-007514,ACC-020,Crestline Analytics,ACC-020-U032,insight_dashboards,4,2026-02-23
FU-007515,ACC-020,Crestline Analytics,ACC-020-U046,insight_dashboards,2,2026-02-23
FU-007516,ACC-020,Crestline Analytics,ACC-020-U038,insight_dashboards,6,2026-02-23
FU-007517,ACC-020,Crestline Analytics,ACC-020-U033,insight_dashboards,5,2026-02-23
FU-007518,ACC-020,Crestline Analytics,ACC-020-U015,insight_dashboards,4,2026-02-23
FU-007519,ACC-020,Crestline Analytics,ACC-020-U001,insight_dashboards,1,2026-02-23
FU-007520,ACC-020,Crestline Analytics,ACC-020-U016,insight_dashboards,3,2026-03-02
FU-007521,ACC-020,Crestline Analytics,ACC-020-U011,insight_dashboards,3,2026-03-02
FU-007522,ACC-020,Crestline Analytics,ACC-020-U006,insight_dashboards,3,2026-03-02
FU-007523,ACC-020,Crestline Analytics,ACC-020-U014,insight_dashboards,4,2026-03-02
FU-007524,ACC-020,Crestline Analytics,ACC-020-U041,insight_dashboards,2,2026-03-09
FU-007525,ACC-020,Crestline Analytics,ACC-020-U033,insight_dashboards,2,2026-03-09
FU-007526,ACC-020,Crestline Analytics,ACC-020-U011,insight_dashboards,4,2026-03-09
FU-007527,ACC-020,Crestline Analytics,ACC-020-U009,insight_dashboards,2,2026-03-09
FU-007528,ACC-020,Crestline Analytics,ACC-020-U026,insight_dashboards,2,2026-03-09
FU-007529,ACC-020,Crestline Analytics,ACC-020-U030,insight_dashboards,1,2026-03-09
FU-007530,ACC-020,Crestline Analytics,ACC-020-U012,insight_dashboards,4,2026-03-09
FU-007531,ACC-020,Crestline Analytics,ACC-020-U016,insight_dashboards,4,2026-03-09
FU-007532,ACC-020,Crestline Analytics,ACC-020-U029,flow_approvals,1,2025-12-15
FU-007533,ACC-020,Crestline Analytics,ACC-020-U036,flow_approvals,2,2025-12-15
FU-007534,ACC-020,Crestline Analytics,ACC-020-U035,flow_approvals,5,2025-12-15
FU-007535,ACC-020,Crestline Analytics,ACC-020-U010,flow_approvals,4,2025-12-15
FU-007536,ACC-020,Crestline Analytics,ACC-020-U016,flow_approvals,1,2025-12-15
FU-007537,ACC-020,Crestline Analytics,ACC-020-U023,flow_approvals,2,2025-12-15
FU-007538,ACC-020,Crestline Analytics,ACC-020-U022,flow_approvals,5,2025-12-15
FU-007539,ACC-020,Crestline Analytics,ACC-020-U014,flow_approvals,2,2025-12-15
FU-007540,ACC-020,Crestline Analytics,ACC-020-U005,flow_approvals,4,2025-12-15
FU-007541,ACC-020,Crestline Analytics,ACC-020-U044,flow_approvals,3,2025-12-15
FU-007542,ACC-020,Crestline Analytics,ACC-020-U017,flow_approvals,4,2025-12-15
FU-007543,ACC-020,Crestline Analytics,ACC-020-U036,flow_approvals,5,2025-12-22
FU-007544,ACC-020,Crestline Analytics,ACC-020-U042,flow_approvals,4,2025-12-22
FU-007545,ACC-020,Crestline Analytics,ACC-020-U034,flow_approvals,1,2025-12-22
FU-007546,ACC-020,Crestline Analytics,ACC-020-U004,flow_approvals,4,2025-12-22
FU-007547,ACC-020,Crestline Analytics,ACC-020-U007,flow_approvals,3,2025-12-22
FU-007548,ACC-020,Crestline Analytics,ACC-020-U031,flow_approvals,3,2025-12-22
FU-007549,ACC-020,Crestline Analytics,ACC-020-U030,flow_approvals,3,2025-12-22
FU-007550,ACC-020,Crestline Analytics,ACC-020-U006,flow_approvals,3,2025-12-22
FU-007551,ACC-020,Crestline Analytics,ACC-020-U013,flow_approvals,3,2025-12-29
FU-007552,ACC-020,Crestline Analytics,ACC-020-U024,flow_approvals,1,2025-12-29
FU-007553,ACC-020,Crestline Analytics,ACC-020-U026,flow_approvals,3,2025-12-29
FU-007554,ACC-020,Crestline Analytics,ACC-020-U008,flow_approvals,3,2026-01-05
FU-007555,ACC-020,Crestline Analytics,ACC-020-U017,flow_approvals,3,2026-01-05
FU-007556,ACC-020,Crestline Analytics,ACC-020-U010,flow_approvals,1,2026-01-05
FU-007557,ACC-020,Crestline Analytics,ACC-020-U006,flow_approvals,3,2026-01-05
FU-007558,ACC-020,Crestline Analytics,ACC-020-U002,flow_approvals,4,2026-01-05
FU-007559,ACC-020,Crestline Analytics,ACC-020-U021,flow_approvals,3,2026-01-05
FU-007560,ACC-020,Crestline Analytics,ACC-020-U020,flow_approvals,4,2026-01-05
FU-007561,ACC-020,Crestline Analytics,ACC-020-U016,flow_approvals,5,2026-01-05
FU-007562,ACC-020,Crestline Analytics,ACC-020-U022,flow_approvals,1,2026-01-05
FU-007563,ACC-020,Crestline Analytics,ACC-020-U045,flow_approvals,5,2026-01-12
FU-007564,ACC-020,Crestline Analytics,ACC-020-U038,flow_approvals,2,2026-01-12
FU-007565,ACC-020,Crestline Analytics,ACC-020-U037,flow_approvals,1,2026-01-12
FU-007566,ACC-020,Crestline Analytics,ACC-020-U010,flow_approvals,3,2026-01-12
FU-007567,ACC-020,Crestline Analytics,ACC-020-U043,flow_approvals,1,2026-01-12
FU-007568,ACC-020,Crestline Analytics,ACC-020-U040,flow_approvals,1,2026-01-12
FU-007569,ACC-020,Crestline Analytics,ACC-020-U007,flow_approvals,6,2026-01-12
FU-007570,ACC-020,Crestline Analytics,ACC-020-U004,flow_approvals,3,2026-01-12
FU-007571,ACC-020,Crestline Analytics,ACC-020-U035,flow_approvals,6,2026-01-12
FU-007572,ACC-020,Crestline Analytics,ACC-020-U040,flow_approvals,2,2026-01-19
FU-007573,ACC-020,Crestline Analytics,ACC-020-U012,flow_approvals,7,2026-01-19
FU-007574,ACC-020,Crestline Analytics,ACC-020-U033,flow_approvals,2,2026-01-19
FU-007575,ACC-020,Crestline Analytics,ACC-020-U038,flow_approvals,3,2026-01-19
FU-007576,ACC-020,Crestline Analytics,ACC-020-U010,flow_approvals,8,2026-01-19
FU-007577,ACC-020,Crestline Analytics,ACC-020-U008,flow_approvals,2,2026-01-19
FU-007578,ACC-020,Crestline Analytics,ACC-020-U030,flow_approvals,3,2026-01-19
FU-007579,ACC-020,Crestline Analytics,ACC-020-U028,flow_approvals,3,2026-01-19
FU-007580,ACC-020,Crestline Analytics,ACC-020-U043,flow_approvals,7,2026-01-19
FU-007581,ACC-020,Crestline Analytics,ACC-020-U039,flow_approvals,3,2026-01-19
FU-007582,ACC-020,Crestline Analytics,ACC-020-U004,flow_approvals,2,2026-01-19
FU-007583,ACC-020,Crestline Analytics,ACC-020-U015,flow_approvals,3,2026-01-19
FU-007584,ACC-020,Crestline Analytics,ACC-020-U027,flow_approvals,3,2026-01-26
FU-007585,ACC-020,Crestline Analytics,ACC-020-U002,flow_approvals,3,2026-01-26
FU-007586,ACC-020,Crestline Analytics,ACC-020-U022,flow_approvals,2,2026-01-26
FU-007587,ACC-020,Crestline Analytics,ACC-020-U001,flow_approvals,5,2026-01-26
FU-007588,ACC-020,Crestline Analytics,ACC-020-U016,flow_approvals,1,2026-01-26
FU-007589,ACC-020,Crestline Analytics,ACC-020-U021,flow_approvals,3,2026-01-26
FU-007590,ACC-020,Crestline Analytics,ACC-020-U003,flow_approvals,3,2026-01-26
FU-007591,ACC-020,Crestline Analytics,ACC-020-U043,flow_approvals,1,2026-01-26
FU-007592,ACC-020,Crestline Analytics,ACC-020-U032,flow_approvals,4,2026-01-26
FU-007593,ACC-020,Crestline Analytics,ACC-020-U035,flow_approvals,4,2026-01-26
FU-007594,ACC-020,Crestline Analytics,ACC-020-U002,flow_approvals,8,2026-02-02
FU-007595,ACC-020,Crestline Analytics,ACC-020-U003,flow_approvals,3,2026-02-02
FU-007596,ACC-020,Crestline Analytics,ACC-020-U033,flow_approvals,1,2026-02-02
FU-007597,ACC-020,Crestline Analytics,ACC-020-U009,flow_approvals,6,2026-02-02
FU-007598,ACC-020,Crestline Analytics,ACC-020-U026,flow_approvals,7,2026-02-02
FU-007599,ACC-020,Crestline Analytics,ACC-020-U013,flow_approvals,5,2026-02-02
FU-007600,ACC-020,Crestline Analytics,ACC-020-U031,flow_approvals,3,2026-02-02
FU-007601,ACC-020,Crestline Analytics,ACC-020-U020,flow_approvals,2,2026-02-02
FU-007602,ACC-020,Crestline Analytics,ACC-020-U027,flow_approvals,3,2026-02-02
FU-007603,ACC-020,Crestline Analytics,ACC-020-U036,flow_approvals,1,2026-02-09
FU-007604,ACC-020,Crestline Analytics,ACC-020-U037,flow_approvals,3,2026-02-09
FU-007605,ACC-020,Crestline Analytics,ACC-020-U016,flow_approvals,1,2026-02-09
FU-007606,ACC-020,Crestline Analytics,ACC-020-U035,flow_approvals,4,2026-02-09
FU-007607,ACC-020,Crestline Analytics,ACC-020-U014,flow_approvals,2,2026-02-09
FU-007608,ACC-020,Crestline Analytics,ACC-020-U021,flow_approvals,2,2026-02-09
FU-007609,ACC-020,Crestline Analytics,ACC-020-U045,flow_approvals,2,2026-02-09
FU-007610,ACC-020,Crestline Analytics,ACC-020-U015,flow_approvals,3,2026-02-09
FU-007611,ACC-020,Crestline Analytics,ACC-020-U001,flow_approvals,1,2026-02-09
FU-007612,ACC-020,Crestline Analytics,ACC-020-U005,flow_approvals,3,2026-02-09
FU-007613,ACC-020,Crestline Analytics,ACC-020-U026,flow_approvals,3,2026-02-09
FU-007614,ACC-020,Crestline Analytics,ACC-020-U019,flow_approvals,3,2026-02-16
FU-007615,ACC-020,Crestline Analytics,ACC-020-U012,flow_approvals,2,2026-02-16
FU-007616,ACC-020,Crestline Analytics,ACC-020-U035,flow_approvals,6,2026-02-16
FU-007617,ACC-020,Crestline Analytics,ACC-020-U030,flow_approvals,1,2026-02-16
FU-007618,ACC-020,Crestline Analytics,ACC-020-U007,flow_approvals,4,2026-02-23
FU-007619,ACC-020,Crestline Analytics,ACC-020-U004,flow_approvals,1,2026-02-23
FU-007620,ACC-020,Crestline Analytics,ACC-020-U008,flow_approvals,3,2026-02-23
FU-007621,ACC-020,Crestline Analytics,ACC-020-U029,flow_approvals,4,2026-03-02
FU-007622,ACC-020,Crestline Analytics,ACC-020-U040,flow_approvals,5,2026-03-02
FU-007623,ACC-020,Crestline Analytics,ACC-020-U006,flow_approvals,3,2026-03-02
FU-007624,ACC-020,Crestline Analytics,ACC-020-U044,flow_approvals,3,2026-03-02
FU-007625,ACC-020,Crestline Analytics,ACC-020-U033,flow_approvals,2,2026-03-09
FU-007626,ACC-020,Crestline Analytics,ACC-020-U043,flow_approvals,3,2026-03-09
FU-007627,ACC-020,Crestline Analytics,ACC-020-U024,flow_approvals,3,2026-03-09
FU-007628,ACC-020,Crestline Analytics,ACC-020-U026,flow_approvals,5,2026-03-09
FU-007629,ACC-020,Crestline Analytics,ACC-020-U039,flow_approvals,1,2026-03-09
FU-007630,ACC-020,Crestline Analytics,ACC-020-U006,flow_approvals,6,2026-03-09
FU-007631,ACC-020,Crestline Analytics,ACC-020-U001,flow_approvals,4,2026-03-09
FU-007632,ACC-020,Crestline Analytics,ACC-020-U015,flow_approvals,6,2026-03-09
FU-007633,ACC-020,Crestline Analytics,ACC-020-U038,flow_approvals,3,2026-03-09
FU-007634,ACC-020,Crestline Analytics,ACC-020-U013,flow_approvals,4,2026-03-09
FU-007635,ACC-020,Crestline Analytics,ACC-020-U020,flow_approvals,5,2026-03-09
FU-007636,ACC-020,Crestline Analytics,ACC-020-U033,flow_integrations,4,2025-12-15
FU-007637,ACC-020,Crestline Analytics,ACC-020-U007,flow_integrations,3,2025-12-15
FU-007638,ACC-020,Crestline Analytics,ACC-020-U006,flow_integrations,1,2025-12-15
FU-007639,ACC-020,Crestline Analytics,ACC-020-U024,flow_integrations,1,2025-12-15
FU-007640,ACC-020,Crestline Analytics,ACC-020-U031,flow_integrations,5,2025-12-15
FU-007641,ACC-020,Crestline Analytics,ACC-020-U037,flow_integrations,2,2025-12-15
FU-007642,ACC-020,Crestline Analytics,ACC-020-U022,flow_integrations,1,2025-12-22
FU-007643,ACC-020,Crestline Analytics,ACC-020-U016,flow_integrations,7,2025-12-22
FU-007644,ACC-020,Crestline Analytics,ACC-020-U029,flow_integrations,5,2025-12-22
FU-007645,ACC-020,Crestline Analytics,ACC-020-U039,flow_integrations,2,2025-12-22
FU-007646,ACC-020,Crestline Analytics,ACC-020-U010,flow_integrations,2,2025-12-22
FU-007647,ACC-020,Crestline Analytics,ACC-020-U035,flow_integrations,2,2025-12-22
FU-007648,ACC-020,Crestline Analytics,ACC-020-U032,flow_integrations,4,2025-12-29
FU-007649,ACC-020,Crestline Analytics,ACC-020-U012,flow_integrations,5,2026-01-05
FU-007650,ACC-020,Crestline Analytics,ACC-020-U040,flow_integrations,4,2026-01-05
FU-007651,ACC-020,Crestline Analytics,ACC-020-U032,flow_integrations,2,2026-01-05
FU-007652,ACC-020,Crestline Analytics,ACC-020-U007,flow_integrations,3,2026-01-05
FU-007653,ACC-020,Crestline Analytics,ACC-020-U014,flow_integrations,5,2026-01-05
FU-007654,ACC-020,Crestline Analytics,ACC-020-U005,flow_integrations,4,2026-01-05
FU-007655,ACC-020,Crestline Analytics,ACC-020-U018,flow_integrations,6,2026-01-12
FU-007656,ACC-020,Crestline Analytics,ACC-020-U043,flow_integrations,8,2026-01-12
FU-007657,ACC-020,Crestline Analytics,ACC-020-U011,flow_integrations,8,2026-01-19
FU-007658,ACC-020,Crestline Analytics,ACC-020-U035,flow_integrations,5,2026-01-26
FU-007659,ACC-020,Crestline Analytics,ACC-020-U034,flow_integrations,3,2026-01-26
FU-007660,ACC-020,Crestline Analytics,ACC-020-U017,flow_integrations,4,2026-02-02
FU-007661,ACC-020,Crestline Analytics,ACC-020-U020,flow_integrations,1,2026-02-09
FU-007662,ACC-020,Crestline Analytics,ACC-020-U030,flow_integrations,1,2026-02-09
FU-007663,ACC-020,Crestline Analytics,ACC-020-U003,flow_integrations,3,2026-02-09
FU-007664,ACC-020,Crestline Analytics,ACC-020-U042,flow_integrations,4,2026-02-09
FU-007665,ACC-020,Crestline Analytics,ACC-020-U006,flow_integrations,2,2026-02-16
FU-007666,ACC-020,Crestline Analytics,ACC-020-U010,flow_integrations,6,2026-02-16
FU-007667,ACC-020,Crestline Analytics,ACC-020-U019,flow_integrations,3,2026-02-23
FU-007668,ACC-020,Crestline Analytics,ACC-020-U013,flow_integrations,2,2026-02-23
FU-007669,ACC-020,Crestline Analytics,ACC-020-U010,flow_integrations,5,2026-02-23
FU-007670,ACC-020,Crestline Analytics,ACC-020-U018,flow_integrations,4,2026-02-23
FU-007671,ACC-020,Crestline Analytics,ACC-020-U046,flow_integrations,6,2026-02-23
FU-007672,ACC-020,Crestline Analytics,ACC-020-U014,flow_integrations,3,2026-02-23
FU-007673,ACC-020,Crestline Analytics,ACC-020-U022,flow_integrations,2,2026-03-02
FU-007674,ACC-020,Crestline Analytics,ACC-020-U038,flow_integrations,2,2026-03-09
FU-007675,ACC-020,Crestline Analytics,ACC-020-U036,flow_integrations,3,2026-03-09
FU-007676,ACC-020,Crestline Analytics,ACC-020-U043,flow_integrations,1,2026-03-09
FU-007677,ACC-020,Crestline Analytics,ACC-020-U039,flow_integrations,5,2026-03-09
FU-007678,ACC-020,Crestline Analytics,ACC-020-U018,flow_integrations,4,2026-03-09
FU-007679,ACC-020,Crestline Analytics,ACC-020-U004,flow_integrations,1,2026-03-09
FU-007680,ACC-020,Crestline Analytics,ACC-020-U026,flow_scheduled_tasks,4,2025-12-15
FU-007681,ACC-020,Crestline Analytics,ACC-020-U038,flow_scheduled_tasks,4,2025-12-15
FU-007682,ACC-020,Crestline Analytics,ACC-020-U030,flow_scheduled_tasks,4,2025-12-22
FU-007683,ACC-020,Crestline Analytics,ACC-020-U033,flow_scheduled_tasks,7,2025-12-29
FU-007684,ACC-020,Crestline Analytics,ACC-020-U024,flow_scheduled_tasks,5,2025-12-29
FU-007685,ACC-020,Crestline Analytics,ACC-020-U019,flow_scheduled_tasks,4,2026-01-05
FU-007686,ACC-020,Crestline Analytics,ACC-020-U041,flow_scheduled_tasks,6,2026-01-05
FU-007687,ACC-020,Crestline Analytics,ACC-020-U019,flow_scheduled_tasks,3,2026-01-12
FU-007688,ACC-020,Crestline Analytics,ACC-020-U005,flow_scheduled_tasks,4,2026-01-12
FU-007689,ACC-020,Crestline Analytics,ACC-020-U023,flow_scheduled_tasks,3,2026-01-12
FU-007690,ACC-020,Crestline Analytics,ACC-020-U046,flow_scheduled_tasks,5,2026-01-12
FU-007691,ACC-020,Crestline Analytics,ACC-020-U001,flow_scheduled_tasks,4,2026-01-12
FU-007692,ACC-020,Crestline Analytics,ACC-020-U040,flow_scheduled_tasks,5,2026-01-12
FU-007693,ACC-020,Crestline Analytics,ACC-020-U008,flow_scheduled_tasks,1,2026-01-19
FU-007694,ACC-020,Crestline Analytics,ACC-020-U021,flow_scheduled_tasks,2,2026-01-26
FU-007695,ACC-020,Crestline Analytics,ACC-020-U006,flow_scheduled_tasks,2,2026-01-26
FU-007696,ACC-020,Crestline Analytics,ACC-020-U015,flow_scheduled_tasks,6,2026-01-26
FU-007697,ACC-020,Crestline Analytics,ACC-020-U001,flow_scheduled_tasks,3,2026-01-26
FU-007698,ACC-020,Crestline Analytics,ACC-020-U043,flow_scheduled_tasks,2,2026-01-26
FU-007699,ACC-020,Crestline Analytics,ACC-020-U026,flow_scheduled_tasks,6,2026-01-26
FU-007700,ACC-020,Crestline Analytics,ACC-020-U013,flow_scheduled_tasks,1,2026-01-26
FU-007701,ACC-020,Crestline Analytics,ACC-020-U011,flow_scheduled_tasks,2,2026-02-02
FU-007702,ACC-020,Crestline Analytics,ACC-020-U025,flow_scheduled_tasks,3,2026-02-02
FU-007703,ACC-020,Crestline Analytics,ACC-020-U010,flow_scheduled_tasks,1,2026-02-02
FU-007704,ACC-020,Crestline Analytics,ACC-020-U015,flow_scheduled_tasks,4,2026-02-02
FU-007705,ACC-020,Crestline Analytics,ACC-020-U045,flow_scheduled_tasks,2,2026-02-02
FU-007706,ACC-020,Crestline Analytics,ACC-020-U008,flow_scheduled_tasks,4,2026-02-02
FU-007707,ACC-020,Crestline Analytics,ACC-020-U013,flow_scheduled_tasks,1,2026-02-09
FU-007708,ACC-020,Crestline Analytics,ACC-020-U030,flow_scheduled_tasks,3,2026-02-09
FU-007709,ACC-020,Crestline Analytics,ACC-020-U029,flow_scheduled_tasks,6,2026-02-16
FU-007710,ACC-020,Crestline Analytics,ACC-020-U041,flow_scheduled_tasks,2,2026-02-23
FU-007711,ACC-020,Crestline Analytics,ACC-020-U020,flow_scheduled_tasks,4,2026-02-23
FU-007712,ACC-020,Crestline Analytics,ACC-020-U030,flow_scheduled_tasks,7,2026-02-23
FU-007713,ACC-020,Crestline Analytics,ACC-020-U024,flow_scheduled_tasks,4,2026-02-23
FU-007714,ACC-020,Crestline Analytics,ACC-020-U023,flow_scheduled_tasks,1,2026-02-23
FU-007715,ACC-020,Crestline Analytics,ACC-020-U011,flow_scheduled_tasks,3,2026-02-23
FU-007716,ACC-020,Crestline Analytics,ACC-020-U007,flow_scheduled_tasks,1,2026-03-02
FU-007717,ACC-020,Crestline Analytics,ACC-020-U015,flow_scheduled_tasks,1,2026-03-09
FU-007718,ACC-020,Crestline Analytics,ACC-020-U011,flow_scheduled_tasks,2,2026-03-09
FU-007719,ACC-020,Crestline Analytics,ACC-020-U008,insight_api,4,2025-12-15
FU-007720,ACC-020,Crestline Analytics,ACC-020-U016,insight_api,1,2025-12-22
FU-007721,ACC-020,Crestline Analytics,ACC-020-U018,insight_api,7,2025-12-22
FU-007722,ACC-020,Crestline Analytics,ACC-020-U007,insight_api,1,2025-12-22
FU-007723,ACC-020,Crestline Analytics,ACC-020-U041,insight_api,6,2025-12-22
FU-007724,ACC-020,Crestline Analytics,ACC-020-U023,insight_api,6,2025-12-22
FU-007725,ACC-020,Crestline Analytics,ACC-020-U033,insight_api,5,2025-12-22
FU-007726,ACC-020,Crestline Analytics,ACC-020-U005,insight_api,1,2025-12-29
FU-007727,ACC-020,Crestline Analytics,ACC-020-U007,insight_api,1,2025-12-29
FU-007728,ACC-020,Crestline Analytics,ACC-020-U003,insight_api,2,2025-12-29
FU-007729,ACC-020,Crestline Analytics,ACC-020-U036,insight_api,2,2025-12-29
FU-007730,ACC-020,Crestline Analytics,ACC-020-U004,insight_api,1,2026-01-05
FU-007731,ACC-020,Crestline Analytics,ACC-020-U025,insight_api,5,2026-01-05
FU-007732,ACC-020,Crestline Analytics,ACC-020-U027,insight_api,1,2026-01-05
FU-007733,ACC-020,Crestline Analytics,ACC-020-U015,insight_api,2,2026-01-12
FU-007734,ACC-020,Crestline Analytics,ACC-020-U022,insight_api,3,2026-01-12
FU-007735,ACC-020,Crestline Analytics,ACC-020-U026,insight_api,3,2026-01-12
FU-007736,ACC-020,Crestline Analytics,ACC-020-U007,insight_api,2,2026-01-12
FU-007737,ACC-020,Crestline Analytics,ACC-020-U018,insight_api,1,2026-01-12
FU-007738,ACC-020,Crestline Analytics,ACC-020-U004,insight_api,1,2026-01-12
FU-007739,ACC-020,Crestline Analytics,ACC-020-U002,insight_api,3,2026-01-12
FU-007740,ACC-020,Crestline Analytics,ACC-020-U038,insight_api,3,2026-01-19
FU-007741,ACC-020,Crestline Analytics,ACC-020-U010,insight_api,2,2026-01-19
FU-007742,ACC-020,Crestline Analytics,ACC-020-U006,insight_api,3,2026-01-19
FU-007743,ACC-020,Crestline Analytics,ACC-020-U031,insight_api,1,2026-01-19
FU-007744,ACC-020,Crestline Analytics,ACC-020-U020,insight_api,3,2026-01-19
FU-007745,ACC-020,Crestline Analytics,ACC-020-U017,insight_api,3,2026-01-19
FU-007746,ACC-020,Crestline Analytics,ACC-020-U039,insight_api,2,2026-01-26
FU-007747,ACC-020,Crestline Analytics,ACC-020-U040,insight_api,2,2026-01-26
FU-007748,ACC-020,Crestline Analytics,ACC-020-U017,insight_api,1,2026-01-26
FU-007749,ACC-020,Crestline Analytics,ACC-020-U029,insight_api,5,2026-02-02
FU-007750,ACC-020,Crestline Analytics,ACC-020-U026,insight_api,3,2026-02-02
FU-007751,ACC-020,Crestline Analytics,ACC-020-U015,insight_api,2,2026-02-02
FU-007752,ACC-020,Crestline Analytics,ACC-020-U037,insight_api,3,2026-02-02
FU-007753,ACC-020,Crestline Analytics,ACC-020-U008,insight_api,1,2026-02-02
FU-007754,ACC-020,Crestline Analytics,ACC-020-U025,insight_api,4,2026-02-02
FU-007755,ACC-020,Crestline Analytics,ACC-020-U002,insight_api,1,2026-02-09
FU-007756,ACC-020,Crestline Analytics,ACC-020-U005,insight_api,6,2026-02-09
FU-007757,ACC-020,Crestline Analytics,ACC-020-U023,insight_api,1,2026-02-09
FU-007758,ACC-020,Crestline Analytics,ACC-020-U009,insight_api,5,2026-02-09
FU-007759,ACC-020,Crestline Analytics,ACC-020-U040,insight_api,2,2026-02-09
FU-007760,ACC-020,Crestline Analytics,ACC-020-U028,insight_api,4,2026-02-16
FU-007761,ACC-020,Crestline Analytics,ACC-020-U029,insight_api,3,2026-02-16
FU-007762,ACC-020,Crestline Analytics,ACC-020-U034,insight_api,5,2026-02-16
FU-007763,ACC-020,Crestline Analytics,ACC-020-U041,insight_api,1,2026-02-16
FU-007764,ACC-020,Crestline Analytics,ACC-020-U022,insight_api,4,2026-02-16
FU-007765,ACC-020,Crestline Analytics,ACC-020-U015,insight_api,5,2026-02-16
FU-007766,ACC-020,Crestline Analytics,ACC-020-U002,insight_api,1,2026-02-16
FU-007767,ACC-020,Crestline Analytics,ACC-020-U044,insight_api,3,2026-02-23
FU-007768,ACC-020,Crestline Analytics,ACC-020-U005,insight_api,4,2026-02-23
FU-007769,ACC-020,Crestline Analytics,ACC-020-U036,insight_api,2,2026-02-23
FU-007770,ACC-020,Crestline Analytics,ACC-020-U041,insight_api,6,2026-02-23
FU-007771,ACC-020,Crestline Analytics,ACC-020-U026,insight_api,5,2026-02-23
FU-007772,ACC-020,Crestline Analytics,ACC-020-U042,insight_api,3,2026-03-02
FU-007773,ACC-020,Crestline Analytics,ACC-020-U023,insight_api,3,2026-03-02
FU-007774,ACC-020,Crestline Analytics,ACC-020-U006,insight_api,5,2026-03-02
FU-007775,ACC-020,Crestline Analytics,ACC-020-U008,insight_api,2,2026-03-02
FU-007776,ACC-020,Crestline Analytics,ACC-020-U009,insight_api,2,2026-03-02
FU-007777,ACC-020,Crestline Analytics,ACC-020-U030,insight_api,5,2026-03-02
FU-007778,ACC-020,Crestline Analytics,ACC-020-U034,insight_api,6,2026-03-09
FU-007779,ACC-020,Crestline Analytics,ACC-020-U024,insight_api,3,2026-03-09
FU-007780,ACC-020,Crestline Analytics,ACC-020-U012,insight_api,3,2026-03-09
FU-007781,ACC-020,Crestline Analytics,ACC-020-U002,insight_api,2,2026-03-09
FU-007782,ACC-020,Crestline Analytics,ACC-020-U022,insight_api,1,2026-03-09
FU-007783,ACC-020,Crestline Analytics,ACC-020-U028,insight_api,3,2026-03-09
FU-007784,ACC-020,Crestline Analytics,ACC-020-U005,flow_conditional_routing,2,2025-12-15
FU-007785,ACC-020,Crestline Analytics,ACC-020-U037,flow_conditional_routing,5,2025-12-15
FU-007786,ACC-020,Crestline Analytics,ACC-020-U030,flow_conditional_routing,3,2025-12-15
FU-007787,ACC-020,Crestline Analytics,ACC-020-U018,flow_conditional_routing,3,2025-12-15
FU-007788,ACC-020,Crestline Analytics,ACC-020-U026,flow_conditional_routing,3,2025-12-15
FU-007789,ACC-020,Crestline Analytics,ACC-020-U024,flow_conditional_routing,3,2025-12-15
FU-007790,ACC-020,Crestline Analytics,ACC-020-U029,flow_conditional_routing,4,2025-12-22
FU-007791,ACC-020,Crestline Analytics,ACC-020-U041,flow_conditional_routing,1,2025-12-22
FU-007792,ACC-020,Crestline Analytics,ACC-020-U026,flow_conditional_routing,1,2025-12-22
FU-007793,ACC-020,Crestline Analytics,ACC-020-U006,flow_conditional_routing,1,2025-12-22
FU-007794,ACC-020,Crestline Analytics,ACC-020-U045,flow_conditional_routing,5,2025-12-22
FU-007795,ACC-020,Crestline Analytics,ACC-020-U033,flow_conditional_routing,6,2025-12-29
FU-007796,ACC-020,Crestline Analytics,ACC-020-U037,flow_conditional_routing,3,2025-12-29
FU-007797,ACC-020,Crestline Analytics,ACC-020-U008,flow_conditional_routing,1,2025-12-29
FU-007798,ACC-020,Crestline Analytics,ACC-020-U012,flow_conditional_routing,3,2026-01-05
FU-007799,ACC-020,Crestline Analytics,ACC-020-U038,flow_conditional_routing,6,2026-01-12
FU-007800,ACC-020,Crestline Analytics,ACC-020-U046,flow_conditional_routing,4,2026-01-12
FU-007801,ACC-020,Crestline Analytics,ACC-020-U015,flow_conditional_routing,4,2026-01-12
FU-007802,ACC-020,Crestline Analytics,ACC-020-U027,flow_conditional_routing,3,2026-01-12
FU-007803,ACC-020,Crestline Analytics,ACC-020-U022,flow_conditional_routing,1,2026-01-12
FU-007804,ACC-020,Crestline Analytics,ACC-020-U002,flow_conditional_routing,1,2026-01-12
FU-007805,ACC-020,Crestline Analytics,ACC-020-U036,flow_conditional_routing,4,2026-01-19
FU-007806,ACC-020,Crestline Analytics,ACC-020-U011,flow_conditional_routing,2,2026-01-19
FU-007807,ACC-020,Crestline Analytics,ACC-020-U021,flow_conditional_routing,1,2026-01-19
FU-007808,ACC-020,Crestline Analytics,ACC-020-U034,flow_conditional_routing,3,2026-01-19
FU-007809,ACC-020,Crestline Analytics,ACC-020-U018,flow_conditional_routing,1,2026-01-19
FU-007810,ACC-020,Crestline Analytics,ACC-020-U032,flow_conditional_routing,6,2026-01-26
FU-007811,ACC-020,Crestline Analytics,ACC-020-U019,flow_conditional_routing,4,2026-01-26
FU-007812,ACC-020,Crestline Analytics,ACC-020-U034,flow_conditional_routing,6,2026-01-26
FU-007813,ACC-020,Crestline Analytics,ACC-020-U025,flow_conditional_routing,5,2026-01-26
FU-007814,ACC-020,Crestline Analytics,ACC-020-U004,flow_conditional_routing,1,2026-01-26
FU-007815,ACC-020,Crestline Analytics,ACC-020-U006,flow_conditional_routing,4,2026-02-02
FU-007816,ACC-020,Crestline Analytics,ACC-020-U045,flow_conditional_routing,3,2026-02-02
FU-007817,ACC-020,Crestline Analytics,ACC-020-U043,flow_conditional_routing,2,2026-02-02
FU-007818,ACC-020,Crestline Analytics,ACC-020-U041,flow_conditional_routing,3,2026-02-02
FU-007819,ACC-020,Crestline Analytics,ACC-020-U025,flow_conditional_routing,2,2026-02-02
FU-007820,ACC-020,Crestline Analytics,ACC-020-U024,flow_conditional_routing,4,2026-02-09
FU-007821,ACC-020,Crestline Analytics,ACC-020-U032,flow_conditional_routing,3,2026-02-09
FU-007822,ACC-020,Crestline Analytics,ACC-020-U030,flow_conditional_routing,8,2026-02-09
FU-007823,ACC-020,Crestline Analytics,ACC-020-U038,flow_conditional_routing,3,2026-02-09
FU-007824,ACC-020,Crestline Analytics,ACC-020-U031,flow_conditional_routing,3,2026-02-09
FU-007825,ACC-020,Crestline Analytics,ACC-020-U011,flow_conditional_routing,5,2026-02-16
FU-007826,ACC-020,Crestline Analytics,ACC-020-U012,flow_conditional_routing,4,2026-02-16
FU-007827,ACC-020,Crestline Analytics,ACC-020-U034,flow_conditional_routing,4,2026-02-16
FU-007828,ACC-020,Crestline Analytics,ACC-020-U027,flow_conditional_routing,4,2026-02-16
FU-007829,ACC-020,Crestline Analytics,ACC-020-U025,flow_conditional_routing,1,2026-02-23
FU-007830,ACC-020,Crestline Analytics,ACC-020-U046,flow_conditional_routing,5,2026-03-02
FU-007831,ACC-020,Crestline Analytics,ACC-020-U040,flow_conditional_routing,6,2026-03-02
FU-007832,ACC-020,Crestline Analytics,ACC-020-U010,flow_conditional_routing,1,2026-03-09
FU-007833,ACC-020,Crestline Analytics,ACC-020-U034,flow_conditional_routing,5,2026-03-09
FU-007834,ACC-020,Crestline Analytics,ACC-020-U012,flow_conditional_routing,1,2026-03-09
FU-007835,ACC-020,Crestline Analytics,ACC-020-U020,flow_conditional_routing,1,2026-03-09
FU-007836,ACC-020,Crestline Analytics,ACC-020-U007,flow_conditional_routing,1,2026-03-09
