event_id,account_id,account_name,user_id,product,event_type,event_date,session_duration_min
EVT-000001,ACC-001,Meridian Media Group,ACC-001-U038,Flow,login,2025-12-15T18:41:00,23.0
EVT-000002,ACC-001,Meridian Media Group,ACC-001-U020,Canvas,login,2025-12-15T14:16:00,11.9
EVT-000003,ACC-001,Meridian Media Group,ACC-001-U040,Flow,feature_use,2025-12-15T09:31:00,59.8
EVT-000004,ACC-001,Meridian Media Group,ACC-001-U030,Canvas,api_call,2025-12-15T10:43:00,0.4
EVT-000005,ACC-001,Meridian Media Group,ACC-001-U040,Canvas,feature_use,2025-12-15T13:16:00,37.0
EVT-000006,ACC-001,Meridian Media Group,ACC-001-U001,Canvas,api_call,2025-12-16T17:19:00,1.8
EVT-000007,ACC-001,Meridian Media Group,ACC-001-U042,Canvas,login,2025-12-16T09:46:00,26.0
EVT-000008,ACC-001,Meridian Media Group,ACC-001-U038,Canvas,invite_sent,2025-12-16T09:42:00,2.9
EVT-000009,ACC-001,Meridian Media Group,ACC-001-U026,Canvas,login,2025-12-16T12:13:00,39.4
EVT-000010,ACC-001,Meridian Media Group,ACC-001-U002,Canvas,export,2025-12-17T14:15:00,8.9
EVT-000011,ACC-001,Meridian Media Group,ACC-001-U039,Flow,login,2025-12-17T12:27:00,5.3
EVT-000012,ACC-001,Meridian Media Group,ACC-001-U033,Flow,api_call,2025-12-17T15:41:00,0.2
EVT-000013,ACC-001,Meridian Media Group,ACC-001-U034,Canvas,feature_use,2025-12-17T17:15:00,22.3
EVT-000014,ACC-001,Meridian Media Group,ACC-001-U022,Canvas,feature_use,2025-12-17T10:29:00,11.0
EVT-000015,ACC-001,Meridian Media Group,ACC-001-U018,Canvas,feature_use,2025-12-17T14:03:00,52.1
EVT-000016,ACC-001,Meridian Media Group,ACC-001-U045,Canvas,api_call,2025-12-17T10:31:00,1.7
EVT-000017,ACC-001,Meridian Media Group,ACC-001-U028,Canvas,feature_use,2025-12-18T10:07:00,41.5
EVT-000018,ACC-001,Meridian Media Group,ACC-001-U033,Canvas,feature_use,2025-12-18T14:33:00,26.9
EVT-000019,ACC-001,Meridian Media Group,ACC-001-U018,Flow,login,2025-12-18T10:25:00,32.5
EVT-000020,ACC-001,Meridian Media Group,ACC-001-U017,Flow,feature_use,2025-12-18T19:00:00,56.0
EVT-000021,ACC-001,Meridian Media Group,ACC-001-U006,Canvas,login,2025-12-18T11:59:00,10.4
EVT-000022,ACC-001,Meridian Media Group,ACC-001-U035,Flow,api_call,2025-12-19T11:08:00,0.2
EVT-000023,ACC-001,Meridian Media Group,ACC-001-U031,Canvas,export,2025-12-19T12:00:00,6.0
EVT-000024,ACC-001,Meridian Media Group,ACC-001-U034,Canvas,api_call,2025-12-19T09:02:00,1.4
EVT-000025,ACC-001,Meridian Media Group,ACC-001-U038,Canvas,feature_use,2025-12-19T12:59:00,5.4
EVT-000026,ACC-001,Meridian Media Group,ACC-001-U019,Flow,login,2025-12-19T09:49:00,12.0
EVT-000027,ACC-001,Meridian Media Group,ACC-001-U011,Flow,api_call,2025-12-20T17:17:00,1.7
EVT-000028,ACC-001,Meridian Media Group,ACC-001-U025,Canvas,feature_use,2025-12-21T08:49:00,18.9
EVT-000029,ACC-001,Meridian Media Group,ACC-001-U013,Flow,feature_use,2025-12-21T20:34:00,25.8
EVT-000030,ACC-001,Meridian Media Group,ACC-001-U003,Flow,feature_use,2025-12-22T11:44:00,41.0
EVT-000031,ACC-001,Meridian Media Group,ACC-001-U009,Canvas,login,2025-12-22T12:47:00,30.3
EVT-000032,ACC-001,Meridian Media Group,ACC-001-U021,Flow,feature_use,2025-12-22T11:13:00,50.5
EVT-000033,ACC-001,Meridian Media Group,ACC-001-U024,Flow,feature_use,2025-12-22T10:30:00,28.2
EVT-000034,ACC-001,Meridian Media Group,ACC-001-U023,Canvas,login,2025-12-22T15:05:00,30.2
EVT-000035,ACC-001,Meridian Media Group,ACC-001-U029,Flow,login,2025-12-22T07:15:00,9.8
EVT-000036,ACC-001,Meridian Media Group,ACC-001-U010,Canvas,feature_use,2025-12-22T14:45:00,53.5
EVT-000037,ACC-001,Meridian Media Group,ACC-001-U026,Flow,export,2025-12-23T15:17:00,5.7
EVT-000038,ACC-001,Meridian Media Group,ACC-001-U006,Canvas,export,2025-12-23T11:57:00,3.1
EVT-000039,ACC-001,Meridian Media Group,ACC-001-U028,Canvas,login,2025-12-23T09:13:00,17.9
EVT-000040,ACC-001,Meridian Media Group,ACC-001-U007,Flow,feature_use,2025-12-23T12:13:00,33.9
EVT-000041,ACC-001,Meridian Media Group,ACC-001-U032,Flow,api_call,2025-12-23T16:54:00,1.2
EVT-000042,ACC-001,Meridian Media Group,ACC-001-U035,Flow,login,2025-12-24T11:29:00,12.4
EVT-000043,ACC-001,Meridian Media Group,ACC-001-U026,Flow,export,2025-12-24T16:53:00,4.4
EVT-000044,ACC-001,Meridian Media Group,ACC-001-U034,Flow,api_call,2025-12-24T16:03:00,1.0
EVT-000045,ACC-001,Meridian Media Group,ACC-001-U006,Canvas,export,2025-12-24T15:48:00,8.0
EVT-000046,ACC-001,Meridian Media Group,ACC-001-U037,Canvas,feature_use,2025-12-25T12:32:00,27.4
EVT-000047,ACC-001,Meridian Media Group,ACC-001-U028,Canvas,api_call,2025-12-25T09:23:00,1.7
EVT-000048,ACC-001,Meridian Media Group,ACC-001-U036,Canvas,feature_use,2025-12-25T19:17:00,44.8
EVT-000049,ACC-001,Meridian Media Group,ACC-001-U012,Flow,feature_use,2025-12-25T11:54:00,44.7
EVT-000050,ACC-001,Meridian Media Group,ACC-001-U027,Canvas,login,2025-12-25T16:36:00,20.8
EVT-000051,ACC-001,Meridian Media Group,ACC-001-U013,Flow,login,2025-12-25T10:13:00,38.4
EVT-000052,ACC-001,Meridian Media Group,ACC-001-U011,Flow,feature_use,2025-12-26T11:44:00,45.5
EVT-000053,ACC-001,Meridian Media Group,ACC-001-U020,Flow,feature_use,2025-12-26T16:20:00,16.1
EVT-000054,ACC-001,Meridian Media Group,ACC-001-U001,Canvas,login,2025-12-26T11:37:00,33.5
EVT-000055,ACC-001,Meridian Media Group,ACC-001-U037,Canvas,api_call,2025-12-26T12:19:00,0.7
EVT-000056,ACC-001,Meridian Media Group,ACC-001-U023,Canvas,login,2025-12-26T14:44:00,43.9
EVT-000057,ACC-001,Meridian Media Group,ACC-001-U034,Flow,login,2025-12-26T11:30:00,1.5
EVT-000058,ACC-001,Meridian Media Group,ACC-001-U027,Flow,feature_use,2025-12-28T17:27:00,28.2
EVT-000059,ACC-001,Meridian Media Group,ACC-001-U012,Flow,api_call,2025-12-29T10:19:00,0.2
EVT-000060,ACC-001,Meridian Media Group,ACC-001-U010,Flow,login,2025-12-29T16:17:00,31.3
EVT-000061,ACC-001,Meridian Media Group,ACC-001-U004,Flow,feature_use,2025-12-29T18:47:00,37.1
EVT-000062,ACC-001,Meridian Media Group,ACC-001-U008,Flow,login,2025-12-29T15:55:00,11.1
EVT-000063,ACC-001,Meridian Media Group,ACC-001-U007,Flow,feature_use,2025-12-29T10:33:00,46.5
EVT-000064,ACC-001,Meridian Media Group,ACC-001-U039,Canvas,export,2025-12-30T12:12:00,5.9
EVT-000065,ACC-001,Meridian Media Group,ACC-001-U043,Flow,feature_use,2025-12-30T10:35:00,46.3
EVT-000066,ACC-001,Meridian Media Group,ACC-001-U031,Flow,feature_use,2025-12-30T09:40:00,42.8
EVT-000067,ACC-001,Meridian Media Group,ACC-001-U041,Canvas,feature_use,2025-12-30T12:14:00,3.8
EVT-000068,ACC-001,Meridian Media Group,ACC-001-U006,Flow,api_call,2025-12-30T09:59:00,1.3
EVT-000069,ACC-001,Meridian Media Group,ACC-001-U036,Flow,feature_use,2025-12-30T13:29:00,30.5
EVT-000070,ACC-001,Meridian Media Group,ACC-001-U023,Flow,login,2025-12-30T16:08:00,27.4
EVT-000071,ACC-001,Meridian Media Group,ACC-001-U028,Canvas,feature_use,2025-12-31T13:37:00,5.1
EVT-000072,ACC-001,Meridian Media Group,ACC-001-U043,Canvas,api_call,2025-12-31T13:29:00,0.9
EVT-000073,ACC-001,Meridian Media Group,ACC-001-U027,Canvas,feature_use,2025-12-31T09:30:00,40.3
EVT-000074,ACC-001,Meridian Media Group,ACC-001-U034,Flow,feature_use,2025-12-31T09:21:00,25.7
EVT-000075,ACC-001,Meridian Media Group,ACC-001-U028,Flow,feature_use,2025-12-31T13:34:00,53.6
EVT-000076,ACC-001,Meridian Media Group,ACC-001-U033,Canvas,login,2025-12-31T11:14:00,31.1
EVT-000077,ACC-001,Meridian Media Group,ACC-001-U005,Flow,login,2026-01-01T17:57:00,1.4
EVT-000078,ACC-001,Meridian Media Group,ACC-001-U017,Canvas,login,2026-01-01T20:19:00,42.6
EVT-000079,ACC-001,Meridian Media Group,ACC-001-U044,Flow,feature_use,2026-01-01T21:54:00,20.2
EVT-000080,ACC-001,Meridian Media Group,ACC-001-U034,Canvas,login,2026-01-01T14:44:00,26.2
EVT-000081,ACC-001,Meridian Media Group,ACC-001-U017,Canvas,invite_sent,2026-01-01T11:36:00,3.5
EVT-000082,ACC-001,Meridian Media Group,ACC-001-U021,Flow,export,2026-01-02T09:04:00,4.0
EVT-000083,ACC-001,Meridian Media Group,ACC-001-U017,Canvas,api_call,2026-01-02T20:54:00,1.5
EVT-000084,ACC-001,Meridian Media Group,ACC-001-U011,Canvas,export,2026-01-02T14:29:00,1.1
EVT-000085,ACC-001,Meridian Media Group,ACC-001-U011,Flow,feature_use,2026-01-02T19:06:00,49.9
EVT-000086,ACC-001,Meridian Media Group,ACC-001-U026,Flow,login,2026-01-02T14:58:00,39.9
EVT-000087,ACC-001,Meridian Media Group,ACC-001-U026,Canvas,feature_use,2026-01-02T16:41:00,29.5
EVT-000088,ACC-001,Meridian Media Group,ACC-001-U034,Canvas,login,2026-01-02T11:31:00,42.6
EVT-000089,ACC-001,Meridian Media Group,ACC-001-U002,Canvas,export,2026-01-05T11:09:00,6.4
EVT-000090,ACC-001,Meridian Media Group,ACC-001-U004,Flow,export,2026-01-05T18:08:00,2.0
EVT-000091,ACC-001,Meridian Media Group,ACC-001-U029,Flow,export,2026-01-05T11:11:00,3.1
EVT-000092,ACC-001,Meridian Media Group,ACC-001-U041,Canvas,login,2026-01-05T09:04:00,19.5
EVT-000093,ACC-001,Meridian Media Group,ACC-001-U014,Flow,export,2026-01-05T09:32:00,5.6
EVT-000094,ACC-001,Meridian Media Group,ACC-001-U026,Canvas,feature_use,2026-01-06T12:52:00,53.6
EVT-000095,ACC-001,Meridian Media Group,ACC-001-U014,Flow,feature_use,2026-01-06T12:42:00,8.4
EVT-000096,ACC-001,Meridian Media Group,ACC-001-U033,Flow,invite_sent,2026-01-06T13:05:00,3.6
EVT-000097,ACC-001,Meridian Media Group,ACC-001-U004,Canvas,feature_use,2026-01-06T12:08:00,45.4
EVT-000098,ACC-001,Meridian Media Group,ACC-001-U030,Flow,export,2026-01-06T18:48:00,4.7
EVT-000099,ACC-001,Meridian Media Group,ACC-001-U010,Canvas,invite_sent,2026-01-06T11:36:00,3.2
EVT-000100,ACC-001,Meridian Media Group,ACC-001-U014,Canvas,export,2026-01-07T12:21:00,2.9
EVT-000101,ACC-001,Meridian Media Group,ACC-001-U018,Flow,feature_use,2026-01-07T19:38:00,21.5
EVT-000102,ACC-001,Meridian Media Group,ACC-001-U007,Canvas,login,2026-01-07T08:05:00,34.2
EVT-000103,ACC-001,Meridian Media Group,ACC-001-U027,Flow,export,2026-01-07T12:17:00,5.4
EVT-000104,ACC-001,Meridian Media Group,ACC-001-U002,Canvas,feature_use,2026-01-07T15:37:00,9.3
EVT-000105,ACC-001,Meridian Media Group,ACC-001-U003,Flow,login,2026-01-07T14:00:00,18.4
EVT-000106,ACC-001,Meridian Media Group,ACC-001-U002,Flow,api_call,2026-01-07T16:18:00,1.6
EVT-000107,ACC-001,Meridian Media Group,ACC-001-U027,Flow,login,2026-01-08T10:37:00,38.2
EVT-000108,ACC-001,Meridian Media Group,ACC-001-U010,Canvas,feature_use,2026-01-08T11:21:00,20.7
EVT-000109,ACC-001,Meridian Media Group,ACC-001-U026,Canvas,feature_use,2026-01-08T13:57:00,9.5
EVT-000110,ACC-001,Meridian Media Group,ACC-001-U013,Flow,export,2026-01-08T17:15:00,8.4
EVT-000111,ACC-001,Meridian Media Group,ACC-001-U033,Canvas,login,2026-01-08T09:48:00,8.6
EVT-000112,ACC-001,Meridian Media Group,ACC-001-U032,Canvas,feature_use,2026-01-09T13:35:00,31.9
EVT-000113,ACC-001,Meridian Media Group,ACC-001-U012,Flow,api_call,2026-01-09T10:38:00,1.2
EVT-000114,ACC-001,Meridian Media Group,ACC-001-U006,Canvas,invite_sent,2026-01-09T17:53:00,2.5
EVT-000115,ACC-001,Meridian Media Group,ACC-001-U002,Canvas,feature_use,2026-01-09T10:28:00,12.8
EVT-000116,ACC-001,Meridian Media Group,ACC-001-U024,Canvas,feature_use,2026-01-09T12:49:00,55.3
EVT-000117,ACC-001,Meridian Media Group,ACC-001-U002,Canvas,export,2026-01-09T08:06:00,6.8
EVT-000118,ACC-001,Meridian Media Group,ACC-001-U026,Canvas,feature_use,2026-01-11T12:23:00,27.1
EVT-000119,ACC-001,Meridian Media Group,ACC-001-U012,Canvas,feature_use,2026-01-12T17:30:00,20.6
EVT-000120,ACC-001,Meridian Media Group,ACC-001-U003,Flow,export,2026-01-12T12:49:00,6.1
EVT-000121,ACC-001,Meridian Media Group,ACC-001-U031,Flow,feature_use,2026-01-12T10:12:00,26.9
EVT-000122,ACC-001,Meridian Media Group,ACC-001-U007,Flow,login,2026-01-12T12:59:00,22.1
EVT-000123,ACC-001,Meridian Media Group,ACC-001-U005,Canvas,login,2026-01-12T11:57:00,34.6
EVT-000124,ACC-001,Meridian Media Group,ACC-001-U032,Canvas,api_call,2026-01-13T10:09:00,0.1
EVT-000125,ACC-001,Meridian Media Group,ACC-001-U044,Canvas,export,2026-01-13T09:15:00,3.1
EVT-000126,ACC-001,Meridian Media Group,ACC-001-U038,Flow,login,2026-01-13T13:34:00,37.8
EVT-000127,ACC-001,Meridian Media Group,ACC-001-U010,Canvas,export,2026-01-13T06:22:00,3.6
EVT-000128,ACC-001,Meridian Media Group,ACC-001-U003,Flow,login,2026-01-13T13:23:00,30.4
EVT-000129,ACC-001,Meridian Media Group,ACC-001-U015,Canvas,feature_use,2026-01-13T15:23:00,29.8
EVT-000130,ACC-001,Meridian Media Group,ACC-001-U012,Canvas,feature_use,2026-01-13T10:42:00,6.9
EVT-000131,ACC-001,Meridian Media Group,ACC-001-U023,Flow,login,2026-01-13T11:41:00,16.5
EVT-000132,ACC-001,Meridian Media Group,ACC-001-U023,Flow,export,2026-01-14T12:11:00,9.1
EVT-000133,ACC-001,Meridian Media Group,ACC-001-U028,Flow,feature_use,2026-01-14T11:05:00,48.4
EVT-000134,ACC-001,Meridian Media Group,ACC-001-U023,Canvas,feature_use,2026-01-14T10:18:00,59.7
EVT-000135,ACC-001,Meridian Media Group,ACC-001-U016,Canvas,login,2026-01-14T11:38:00,30.1
EVT-000136,ACC-001,Meridian Media Group,ACC-001-U023,Canvas,export,2026-01-14T08:55:00,4.2
EVT-000137,ACC-001,Meridian Media Group,ACC-001-U002,Flow,login,2026-01-14T19:04:00,44.1
EVT-000138,ACC-001,Meridian Media Group,ACC-001-U039,Canvas,invite_sent,2026-01-15T10:33:00,0.6
EVT-000139,ACC-001,Meridian Media Group,ACC-001-U032,Canvas,login,2026-01-15T12:39:00,12.5
EVT-000140,ACC-001,Meridian Media Group,ACC-001-U020,Flow,login,2026-01-15T09:11:00,7.0
EVT-000141,ACC-001,Meridian Media Group,ACC-001-U017,Canvas,api_call,2026-01-15T20:42:00,1.9
EVT-000142,ACC-001,Meridian Media Group,ACC-001-U031,Canvas,feature_use,2026-01-15T11:10:00,19.6
EVT-000143,ACC-001,Meridian Media Group,ACC-001-U005,Flow,feature_use,2026-01-15T10:08:00,9.9
EVT-000144,ACC-001,Meridian Media Group,ACC-001-U013,Flow,login,2026-01-15T12:51:00,25.4
EVT-000145,ACC-001,Meridian Media Group,ACC-001-U009,Flow,api_call,2026-01-16T19:33:00,0.5
EVT-000146,ACC-001,Meridian Media Group,ACC-001-U033,Canvas,login,2026-01-16T14:08:00,28.9
EVT-000147,ACC-001,Meridian Media Group,ACC-001-U025,Canvas,feature_use,2026-01-16T19:09:00,12.6
EVT-000148,ACC-001,Meridian Media Group,ACC-001-U009,Flow,api_call,2026-01-16T17:01:00,1.2
EVT-000149,ACC-001,Meridian Media Group,ACC-001-U034,Canvas,api_call,2026-01-16T11:13:00,1.6
EVT-000150,ACC-001,Meridian Media Group,ACC-001-U032,Canvas,feature_use,2026-01-16T11:19:00,38.7
EVT-000151,ACC-001,Meridian Media Group,ACC-001-U004,Flow,feature_use,2026-01-17T09:55:00,22.4
EVT-000152,ACC-001,Meridian Media Group,ACC-001-U021,Canvas,login,2026-01-18T09:18:00,11.9
EVT-000153,ACC-001,Meridian Media Group,ACC-001-U034,Flow,login,2026-01-19T09:08:00,1.4
EVT-000154,ACC-001,Meridian Media Group,ACC-001-U034,Flow,export,2026-01-19T12:25:00,7.9
EVT-000155,ACC-001,Meridian Media Group,ACC-001-U040,Canvas,feature_use,2026-01-19T12:28:00,19.5
EVT-000156,ACC-001,Meridian Media Group,ACC-001-U007,Flow,invite_sent,2026-01-20T11:21:00,3.8
EVT-000157,ACC-001,Meridian Media Group,ACC-001-U030,Flow,export,2026-01-20T17:23:00,3.7
EVT-000158,ACC-001,Meridian Media Group,ACC-001-U038,Canvas,invite_sent,2026-01-20T17:46:00,3.1
EVT-000159,ACC-001,Meridian Media Group,ACC-001-U021,Canvas,feature_use,2026-01-20T15:49:00,18.1
EVT-000160,ACC-001,Meridian Media Group,ACC-001-U005,Canvas,export,2026-01-20T10:40:00,6.3
EVT-000161,ACC-001,Meridian Media Group,ACC-001-U021,Canvas,feature_use,2026-01-21T14:43:00,33.4
EVT-000162,ACC-001,Meridian Media Group,ACC-001-U028,Flow,feature_use,2026-01-21T10:35:00,14.0
EVT-000163,ACC-001,Meridian Media Group,ACC-001-U029,Canvas,api_call,2026-01-21T16:45:00,2.0
EVT-000164,ACC-001,Meridian Media Group,ACC-001-U008,Flow,feature_use,2026-01-21T19:50:00,22.9
EVT-000165,ACC-001,Meridian Media Group,ACC-001-U044,Canvas,feature_use,2026-01-22T12:45:00,6.0
EVT-000166,ACC-001,Meridian Media Group,ACC-001-U016,Canvas,export,2026-01-22T19:59:00,2.2
EVT-000167,ACC-001,Meridian Media Group,ACC-001-U023,Flow,export,2026-01-22T13:41:00,8.9
EVT-000168,ACC-001,Meridian Media Group,ACC-001-U010,Flow,feature_use,2026-01-22T18:05:00,39.8
EVT-000169,ACC-001,Meridian Media Group,ACC-001-U009,Canvas,feature_use,2026-01-22T19:58:00,44.2
EVT-000170,ACC-001,Meridian Media Group,ACC-001-U009,Canvas,login,2026-01-23T11:43:00,15.8
EVT-000171,ACC-001,Meridian Media Group,ACC-001-U004,Canvas,login,2026-01-23T18:52:00,38.7
EVT-000172,ACC-001,Meridian Media Group,ACC-001-U038,Flow,login,2026-01-23T10:08:00,30.4
EVT-000173,ACC-001,Meridian Media Group,ACC-001-U021,Flow,api_call,2026-01-23T12:28:00,0.1
EVT-000174,ACC-001,Meridian Media Group,ACC-001-U038,Flow,feature_use,2026-01-24T13:57:00,26.1
EVT-000175,ACC-001,Meridian Media Group,ACC-001-U045,Canvas,export,2026-01-26T13:57:00,7.5
EVT-000176,ACC-001,Meridian Media Group,ACC-001-U004,Flow,api_call,2026-01-26T13:29:00,1.0
EVT-000177,ACC-001,Meridian Media Group,ACC-001-U042,Canvas,feature_use,2026-01-26T11:01:00,41.3
EVT-000178,ACC-001,Meridian Media Group,ACC-001-U043,Flow,api_call,2026-01-26T14:02:00,1.5
EVT-000179,ACC-001,Meridian Media Group,ACC-001-U005,Flow,export,2026-01-26T08:57:00,5.9
EVT-000180,ACC-001,Meridian Media Group,ACC-001-U024,Flow,login,2026-01-26T16:49:00,19.0
EVT-000181,ACC-001,Meridian Media Group,ACC-001-U008,Canvas,login,2026-01-27T11:59:00,16.2
EVT-000182,ACC-001,Meridian Media Group,ACC-001-U015,Canvas,login,2026-01-27T15:59:00,30.0
EVT-000183,ACC-001,Meridian Media Group,ACC-001-U042,Canvas,login,2026-01-27T08:38:00,5.4
EVT-000184,ACC-001,Meridian Media Group,ACC-001-U038,Canvas,login,2026-01-27T12:34:00,2.9
EVT-000185,ACC-001,Meridian Media Group,ACC-001-U010,Flow,export,2026-01-28T12:09:00,3.9
EVT-000186,ACC-001,Meridian Media Group,ACC-001-U016,Flow,login,2026-01-28T10:14:00,24.7
EVT-000187,ACC-001,Meridian Media Group,ACC-001-U016,Canvas,api_call,2026-01-28T14:26:00,1.8
EVT-000188,ACC-001,Meridian Media Group,ACC-001-U018,Canvas,feature_use,2026-01-28T11:05:00,17.5
EVT-000189,ACC-001,Meridian Media Group,ACC-001-U034,Flow,login,2026-01-28T10:17:00,32.9
EVT-000190,ACC-001,Meridian Media Group,ACC-001-U022,Canvas,feature_use,2026-01-29T12:34:00,47.2
EVT-000191,ACC-001,Meridian Media Group,ACC-001-U004,Flow,feature_use,2026-01-29T18:29:00,23.5
EVT-000192,ACC-001,Meridian Media Group,ACC-001-U043,Flow,export,2026-01-29T10:20:00,3.9
EVT-000193,ACC-001,Meridian Media Group,ACC-001-U020,Canvas,feature_use,2026-01-29T09:16:00,15.6
EVT-000194,ACC-001,Meridian Media Group,ACC-001-U007,Flow,login,2026-01-29T10:36:00,9.6
EVT-000195,ACC-001,Meridian Media Group,ACC-001-U038,Flow,feature_use,2026-01-29T11:48:00,56.8
EVT-000196,ACC-001,Meridian Media Group,ACC-001-U042,Canvas,feature_use,2026-01-30T15:42:00,24.3
EVT-000197,ACC-001,Meridian Media Group,ACC-001-U001,Flow,export,2026-01-30T13:26:00,1.1
EVT-000198,ACC-001,Meridian Media Group,ACC-001-U042,Canvas,feature_use,2026-01-30T20:01:00,18.7
EVT-000199,ACC-001,Meridian Media Group,ACC-001-U022,Flow,api_call,2026-01-30T09:06:00,1.8
EVT-000200,ACC-001,Meridian Media Group,ACC-001-U022,Canvas,login,2026-01-30T10:22:00,28.3
EVT-000201,ACC-001,Meridian Media Group,ACC-001-U043,Flow,feature_use,2026-02-01T06:10:00,6.2
EVT-000202,ACC-001,Meridian Media Group,ACC-001-U006,Canvas,feature_use,2026-02-02T16:25:00,45.9
EVT-000203,ACC-001,Meridian Media Group,ACC-001-U028,Flow,login,2026-02-02T17:24:00,11.6
EVT-000204,ACC-001,Meridian Media Group,ACC-001-U002,Flow,feature_use,2026-02-02T17:44:00,45.2
EVT-000205,ACC-001,Meridian Media Group,ACC-001-U011,Canvas,feature_use,2026-02-02T08:27:00,58.5
EVT-000206,ACC-001,Meridian Media Group,ACC-001-U045,Flow,login,2026-02-03T15:47:00,32.3
EVT-000207,ACC-001,Meridian Media Group,ACC-001-U028,Flow,feature_use,2026-02-03T19:28:00,8.2
EVT-000208,ACC-001,Meridian Media Group,ACC-001-U025,Flow,login,2026-02-03T12:35:00,4.8
EVT-000209,ACC-001,Meridian Media Group,ACC-001-U013,Flow,login,2026-02-03T14:38:00,4.9
EVT-000210,ACC-001,Meridian Media Group,ACC-001-U036,Flow,login,2026-02-04T12:15:00,35.4
EVT-000211,ACC-001,Meridian Media Group,ACC-001-U003,Flow,feature_use,2026-02-04T09:19:00,14.1
EVT-000212,ACC-001,Meridian Media Group,ACC-001-U039,Flow,feature_use,2026-02-04T17:21:00,38.4
EVT-000213,ACC-001,Meridian Media Group,ACC-001-U005,Flow,feature_use,2026-02-04T15:38:00,49.9
EVT-000214,ACC-001,Meridian Media Group,ACC-001-U045,Flow,api_call,2026-02-05T17:53:00,0.5
EVT-000215,ACC-001,Meridian Media Group,ACC-001-U037,Canvas,api_call,2026-02-05T12:31:00,1.6
EVT-000216,ACC-001,Meridian Media Group,ACC-001-U012,Flow,login,2026-02-05T16:50:00,30.0
EVT-000217,ACC-001,Meridian Media Group,ACC-001-U018,Canvas,feature_use,2026-02-05T14:34:00,37.1
EVT-000218,ACC-001,Meridian Media Group,ACC-001-U007,Canvas,feature_use,2026-02-06T14:36:00,32.6
EVT-000219,ACC-001,Meridian Media Group,ACC-001-U006,Flow,feature_use,2026-02-06T15:44:00,29.4
EVT-000220,ACC-001,Meridian Media Group,ACC-001-U034,Canvas,feature_use,2026-02-06T09:26:00,4.4
EVT-000221,ACC-001,Meridian Media Group,ACC-001-U035,Canvas,api_call,2026-02-06T11:21:00,1.5
EVT-000222,ACC-001,Meridian Media Group,ACC-001-U022,Canvas,api_call,2026-02-08T13:35:00,1.5
EVT-000223,ACC-001,Meridian Media Group,ACC-001-U033,Canvas,export,2026-02-09T12:12:00,5.8
EVT-000224,ACC-001,Meridian Media Group,ACC-001-U023,Canvas,login,2026-02-09T13:40:00,39.0
EVT-000225,ACC-001,Meridian Media Group,ACC-001-U029,Flow,feature_use,2026-02-09T11:54:00,36.5
EVT-000226,ACC-001,Meridian Media Group,ACC-001-U023,Canvas,api_call,2026-02-09T11:39:00,1.4
EVT-000227,ACC-001,Meridian Media Group,ACC-001-U005,Canvas,feature_use,2026-02-10T09:20:00,30.9
EVT-000228,ACC-001,Meridian Media Group,ACC-001-U039,Canvas,api_call,2026-02-10T13:12:00,1.9
EVT-000229,ACC-001,Meridian Media Group,ACC-001-U025,Flow,feature_use,2026-02-10T16:28:00,31.0
EVT-000230,ACC-001,Meridian Media Group,ACC-001-U005,Canvas,login,2026-02-10T16:18:00,2.4
EVT-000231,ACC-001,Meridian Media Group,ACC-001-U008,Flow,api_call,2026-02-11T11:55:00,0.2
EVT-000232,ACC-001,Meridian Media Group,ACC-001-U030,Flow,api_call,2026-02-11T17:13:00,0.3
EVT-000233,ACC-001,Meridian Media Group,ACC-001-U034,Flow,api_call,2026-02-11T12:39:00,1.3
EVT-000234,ACC-001,Meridian Media Group,ACC-001-U032,Canvas,api_call,2026-02-11T14:34:00,1.6
EVT-000235,ACC-001,Meridian Media Group,ACC-001-U037,Canvas,export,2026-02-12T16:43:00,8.5
EVT-000236,ACC-001,Meridian Media Group,ACC-001-U027,Flow,login,2026-02-12T15:24:00,28.8
EVT-000237,ACC-001,Meridian Media Group,ACC-001-U034,Canvas,feature_use,2026-02-12T09:32:00,53.2
EVT-000238,ACC-001,Meridian Media Group,ACC-001-U005,Flow,feature_use,2026-02-13T17:50:00,10.4
EVT-000239,ACC-001,Meridian Media Group,ACC-001-U035,Canvas,login,2026-02-13T17:01:00,28.6
EVT-000240,ACC-001,Meridian Media Group,ACC-001-U021,Canvas,feature_use,2026-02-13T19:12:00,3.0
EVT-000241,ACC-001,Meridian Media Group,ACC-001-U042,Flow,export,2026-02-15T12:05:00,7.8
EVT-000242,ACC-001,Meridian Media Group,ACC-001-U043,Canvas,login,2026-02-16T17:06:00,4.9
EVT-000243,ACC-001,Meridian Media Group,ACC-001-U044,Flow,api_call,2026-02-16T16:48:00,0.4
EVT-000244,ACC-001,Meridian Media Group,ACC-001-U005,Canvas,login,2026-02-16T15:10:00,25.8
EVT-000245,ACC-001,Meridian Media Group,ACC-001-U009,Canvas,login,2026-02-17T16:18:00,27.4
EVT-000246,ACC-001,Meridian Media Group,ACC-001-U040,Canvas,feature_use,2026-02-18T20:59:00,58.7
EVT-000247,ACC-001,Meridian Media Group,ACC-001-U019,Canvas,feature_use,2026-02-18T12:34:00,50.8
EVT-000248,ACC-001,Meridian Media Group,ACC-001-U034,Flow,invite_sent,2026-02-18T07:04:00,4.0
EVT-000249,ACC-001,Meridian Media Group,ACC-001-U027,Canvas,feature_use,2026-02-19T15:53:00,25.3
EVT-000250,ACC-001,Meridian Media Group,ACC-001-U033,Flow,export,2026-02-19T17:03:00,7.6
EVT-000251,ACC-001,Meridian Media Group,ACC-001-U028,Canvas,api_call,2026-02-19T15:03:00,0.3
EVT-000252,ACC-001,Meridian Media Group,ACC-001-U011,Canvas,export,2026-02-20T17:17:00,1.3
EVT-000253,ACC-001,Meridian Media Group,ACC-001-U044,Flow,export,2026-02-20T09:29:00,6.2
EVT-000254,ACC-001,Meridian Media Group,ACC-001-U010,Flow,login,2026-02-23T12:32:00,4.4
EVT-000255,ACC-001,Meridian Media Group,ACC-001-U027,Canvas,login,2026-02-23T20:25:00,36.4
EVT-000256,ACC-001,Meridian Media Group,ACC-001-U016,Flow,api_call,2026-02-23T11:05:00,1.6
EVT-000257,ACC-001,Meridian Media Group,ACC-001-U043,Flow,login,2026-02-23T14:19:00,9.8
EVT-000258,ACC-001,Meridian Media Group,ACC-001-U044,Flow,feature_use,2026-02-24T06:21:00,42.5
EVT-000259,ACC-001,Meridian Media Group,ACC-001-U040,Flow,api_call,2026-02-24T09:33:00,1.5
EVT-000260,ACC-001,Meridian Media Group,ACC-001-U018,Flow,login,2026-02-25T12:08:00,26.0
EVT-000261,ACC-001,Meridian Media Group,ACC-001-U006,Flow,login,2026-02-25T17:44:00,14.9
EVT-000262,ACC-001,Meridian Media Group,ACC-001-U007,Flow,feature_use,2026-02-25T09:12:00,18.5
EVT-000263,ACC-001,Meridian Media Group,ACC-001-U030,Flow,feature_use,2026-02-26T09:51:00,51.6
EVT-000264,ACC-001,Meridian Media Group,ACC-001-U008,Flow,api_call,2026-02-26T08:53:00,1.4
EVT-000265,ACC-001,Meridian Media Group,ACC-001-U023,Flow,login,2026-02-27T09:03:00,35.9
EVT-000266,ACC-001,Meridian Media Group,ACC-001-U033,Canvas,login,2026-02-27T15:41:00,18.6
EVT-000267,ACC-001,Meridian Media Group,ACC-001-U037,Flow,login,2026-03-02T10:17:00,10.4
EVT-000268,ACC-001,Meridian Media Group,ACC-001-U019,Flow,login,2026-03-03T18:33:00,9.8
EVT-000269,ACC-001,Meridian Media Group,ACC-001-U040,Flow,feature_use,2026-03-04T11:14:00,13.2
EVT-000270,ACC-001,Meridian Media Group,ACC-001-U034,Flow,feature_use,2026-03-05T16:48:00,48.1
EVT-000271,ACC-001,Meridian Media Group,ACC-001-U034,Flow,feature_use,2026-03-05T17:11:00,50.8
EVT-000272,ACC-001,Meridian Media Group,ACC-001-U034,Flow,api_call,2026-03-05T18:01:00,1.4
EVT-000273,ACC-001,Meridian Media Group,ACC-001-U010,Canvas,feature_use,2026-03-06T10:14:00,8.1
EVT-000274,ACC-001,Meridian Media Group,ACC-001-U022,Flow,export,2026-03-07T17:20:00,9.3
EVT-000275,ACC-001,Meridian Media Group,ACC-001-U015,Flow,login,2026-03-14T10:20:00,33.8
EVT-000276,ACC-001,Meridian Media Group,ACC-001-U015,Canvas,api_call,2026-03-14T16:21:00,1.4
EVT-000277,ACC-002,Cascade Financial,ACC-002-U001,Flow,export,2025-12-15T07:16:00,1.3
EVT-000278,ACC-002,Cascade Financial,ACC-002-U033,Flow,login,2025-12-15T16:35:00,17.5
EVT-000279,ACC-002,Cascade Financial,ACC-002-U045,Flow,invite_sent,2025-12-15T16:27:00,4.5
EVT-000280,ACC-002,Cascade Financial,ACC-002-U056,Flow,api_call,2025-12-15T09:13:00,0.4
EVT-000281,ACC-002,Cascade Financial,ACC-002-U025,Flow,feature_use,2025-12-16T13:07:00,58.7
EVT-000282,ACC-002,Cascade Financial,ACC-002-U007,Flow,feature_use,2025-12-16T11:41:00,54.0
EVT-000283,ACC-002,Cascade Financial,ACC-002-U006,Flow,feature_use,2025-12-16T10:02:00,24.7
EVT-000284,ACC-002,Cascade Financial,ACC-002-U013,Flow,login,2025-12-16T14:09:00,37.8
EVT-000285,ACC-002,Cascade Financial,ACC-002-U072,Flow,login,2025-12-16T17:26:00,30.4
EVT-000286,ACC-002,Cascade Financial,ACC-002-U050,Insight,feature_use,2025-12-17T15:53:00,59.8
EVT-000287,ACC-002,Cascade Financial,ACC-002-U070,Flow,api_call,2025-12-17T08:24:00,1.8
EVT-000288,ACC-002,Cascade Financial,ACC-002-U012,Flow,feature_use,2025-12-17T13:55:00,18.7
EVT-000289,ACC-002,Cascade Financial,ACC-002-U071,Flow,feature_use,2025-12-17T12:26:00,32.8
EVT-000290,ACC-002,Cascade Financial,ACC-002-U054,Flow,feature_use,2025-12-17T19:59:00,46.2
EVT-000291,ACC-002,Cascade Financial,ACC-002-U067,Flow,login,2025-12-17T13:22:00,13.6
EVT-000292,ACC-002,Cascade Financial,ACC-002-U080,Flow,login,2025-12-18T16:06:00,22.6
EVT-000293,ACC-002,Cascade Financial,ACC-002-U023,Flow,invite_sent,2025-12-18T17:17:00,2.5
EVT-000294,ACC-002,Cascade Financial,ACC-002-U002,Flow,feature_use,2025-12-18T10:52:00,13.7
EVT-000295,ACC-002,Cascade Financial,ACC-002-U051,Flow,export,2025-12-18T17:32:00,8.8
EVT-000296,ACC-002,Cascade Financial,ACC-002-U025,Flow,feature_use,2025-12-19T18:37:00,13.1
EVT-000297,ACC-002,Cascade Financial,ACC-002-U024,Flow,login,2025-12-19T16:44:00,40.4
EVT-000298,ACC-002,Cascade Financial,ACC-002-U018,Flow,feature_use,2025-12-19T14:13:00,12.3
EVT-000299,ACC-002,Cascade Financial,ACC-002-U025,Flow,export,2025-12-19T12:01:00,3.4
EVT-000300,ACC-002,Cascade Financial,ACC-002-U016,Flow,feature_use,2025-12-22T07:31:00,11.0
EVT-000301,ACC-002,Cascade Financial,ACC-002-U044,Flow,feature_use,2025-12-22T08:45:00,25.1
EVT-000302,ACC-002,Cascade Financial,ACC-002-U049,Flow,feature_use,2025-12-22T15:40:00,43.7
EVT-000303,ACC-002,Cascade Financial,ACC-002-U025,Flow,export,2025-12-22T17:53:00,5.6
EVT-000304,ACC-002,Cascade Financial,ACC-002-U004,Flow,login,2025-12-22T09:16:00,5.3
EVT-000305,ACC-002,Cascade Financial,ACC-002-U010,Flow,login,2025-12-23T09:12:00,38.6
EVT-000306,ACC-002,Cascade Financial,ACC-002-U034,Flow,feature_use,2025-12-23T13:20:00,54.7
EVT-000307,ACC-002,Cascade Financial,ACC-002-U056,Flow,login,2025-12-23T20:20:00,15.6
EVT-000308,ACC-002,Cascade Financial,ACC-002-U033,Canvas,feature_use,2025-12-23T16:36:00,14.9
EVT-000309,ACC-002,Cascade Financial,ACC-002-U005,Flow,login,2025-12-24T11:04:00,23.1
EVT-000310,ACC-002,Cascade Financial,ACC-002-U063,Flow,login,2025-12-24T14:21:00,33.0
EVT-000311,ACC-002,Cascade Financial,ACC-002-U048,Flow,invite_sent,2025-12-24T18:22:00,2.0
EVT-000312,ACC-002,Cascade Financial,ACC-002-U049,Flow,login,2025-12-25T10:43:00,31.9
EVT-000313,ACC-002,Cascade Financial,ACC-002-U004,Canvas,feature_use,2025-12-25T13:39:00,8.8
EVT-000314,ACC-002,Cascade Financial,ACC-002-U002,Flow,feature_use,2025-12-25T13:39:00,54.2
EVT-000315,ACC-002,Cascade Financial,ACC-002-U029,Flow,export,2025-12-25T15:49:00,5.5
EVT-000316,ACC-002,Cascade Financial,ACC-002-U073,Flow,export,2025-12-26T10:14:00,1.9
EVT-000317,ACC-002,Cascade Financial,ACC-002-U001,Insight,login,2025-12-26T09:11:00,21.4
EVT-000318,ACC-002,Cascade Financial,ACC-002-U067,Flow,feature_use,2025-12-26T12:07:00,41.6
EVT-000319,ACC-002,Cascade Financial,ACC-002-U046,Flow,api_call,2025-12-26T09:41:00,0.1
EVT-000320,ACC-002,Cascade Financial,ACC-002-U052,Flow,feature_use,2025-12-27T17:41:00,51.5
EVT-000321,ACC-002,Cascade Financial,ACC-002-U017,Flow,export,2025-12-28T17:56:00,6.5
EVT-000322,ACC-002,Cascade Financial,ACC-002-U031,Flow,feature_use,2025-12-29T19:32:00,3.7
EVT-000323,ACC-002,Cascade Financial,ACC-002-U056,Flow,api_call,2025-12-29T13:15:00,0.2
EVT-000324,ACC-002,Cascade Financial,ACC-002-U002,Insight,login,2025-12-29T15:25:00,10.8
EVT-000325,ACC-002,Cascade Financial,ACC-002-U009,Flow,feature_use,2025-12-29T09:31:00,35.7
EVT-000326,ACC-002,Cascade Financial,ACC-002-U013,Flow,invite_sent,2025-12-29T07:25:00,3.9
EVT-000327,ACC-002,Cascade Financial,ACC-002-U044,Canvas,feature_use,2025-12-29T17:39:00,50.1
EVT-000328,ACC-002,Cascade Financial,ACC-002-U078,Flow,login,2025-12-30T13:52:00,40.5
EVT-000329,ACC-002,Cascade Financial,ACC-002-U052,Flow,feature_use,2025-12-30T10:07:00,17.5
EVT-000330,ACC-002,Cascade Financial,ACC-002-U053,Flow,api_call,2025-12-31T12:38:00,1.1
EVT-000331,ACC-002,Cascade Financial,ACC-002-U009,Flow,login,2025-12-31T20:28:00,43.4
EVT-000332,ACC-002,Cascade Financial,ACC-002-U054,Flow,feature_use,2025-12-31T13:53:00,53.5
EVT-000333,ACC-002,Cascade Financial,ACC-002-U009,Flow,feature_use,2025-12-31T14:13:00,45.0
EVT-000334,ACC-002,Cascade Financial,ACC-002-U016,Flow,export,2025-12-31T18:08:00,7.2
EVT-000335,ACC-002,Cascade Financial,ACC-002-U046,Insight,export,2026-01-01T08:50:00,2.3
EVT-000336,ACC-002,Cascade Financial,ACC-002-U069,Flow,feature_use,2026-01-01T12:39:00,23.4
EVT-000337,ACC-002,Cascade Financial,ACC-002-U013,Flow,api_call,2026-01-01T14:15:00,1.5
EVT-000338,ACC-002,Cascade Financial,ACC-002-U049,Flow,export,2026-01-01T15:59:00,3.6
EVT-000339,ACC-002,Cascade Financial,ACC-002-U048,Flow,login,2026-01-02T10:21:00,26.7
EVT-000340,ACC-002,Cascade Financial,ACC-002-U023,Flow,login,2026-01-02T11:03:00,7.8
EVT-000341,ACC-002,Cascade Financial,ACC-002-U028,Insight,feature_use,2026-01-02T13:36:00,40.7
EVT-000342,ACC-002,Cascade Financial,ACC-002-U009,Flow,feature_use,2026-01-03T11:56:00,26.0
EVT-000343,ACC-002,Cascade Financial,ACC-002-U015,Flow,feature_use,2026-01-04T10:02:00,55.4
EVT-000344,ACC-002,Cascade Financial,ACC-002-U042,Flow,login,2026-01-05T10:43:00,28.7
EVT-000345,ACC-002,Cascade Financial,ACC-002-U063,Flow,login,2026-01-05T18:47:00,37.5
EVT-000346,ACC-002,Cascade Financial,ACC-002-U057,Flow,api_call,2026-01-05T15:01:00,0.2
EVT-000347,ACC-002,Cascade Financial,ACC-002-U006,Flow,login,2026-01-05T10:16:00,4.2
EVT-000348,ACC-002,Cascade Financial,ACC-002-U021,Flow,api_call,2026-01-05T12:28:00,1.8
EVT-000349,ACC-002,Cascade Financial,ACC-002-U001,Flow,export,2026-01-06T11:40:00,8.6
EVT-000350,ACC-002,Cascade Financial,ACC-002-U001,Flow,api_call,2026-01-06T18:41:00,1.9
EVT-000351,ACC-002,Cascade Financial,ACC-002-U038,Insight,login,2026-01-06T09:02:00,39.5
EVT-000352,ACC-002,Cascade Financial,ACC-002-U054,Flow,api_call,2026-01-07T21:29:00,1.9
EVT-000353,ACC-002,Cascade Financial,ACC-002-U013,Flow,login,2026-01-07T09:46:00,4.0
EVT-000354,ACC-002,Cascade Financial,ACC-002-U054,Flow,feature_use,2026-01-07T15:06:00,10.3
EVT-000355,ACC-002,Cascade Financial,ACC-002-U029,Flow,feature_use,2026-01-08T14:11:00,20.4
EVT-000356,ACC-002,Cascade Financial,ACC-002-U009,Flow,api_call,2026-01-08T09:34:00,1.7
EVT-000357,ACC-002,Cascade Financial,ACC-002-U020,Flow,api_call,2026-01-08T09:01:00,0.2
EVT-000358,ACC-002,Cascade Financial,ACC-002-U056,Flow,api_call,2026-01-08T16:13:00,1.2
EVT-000359,ACC-002,Cascade Financial,ACC-002-U001,Flow,export,2026-01-09T10:36:00,2.3
EVT-000360,ACC-002,Cascade Financial,ACC-002-U033,Flow,invite_sent,2026-01-09T13:22:00,3.8
EVT-000361,ACC-002,Cascade Financial,ACC-002-U071,Flow,feature_use,2026-01-09T12:02:00,6.6
EVT-000362,ACC-002,Cascade Financial,ACC-002-U016,Flow,api_call,2026-01-09T13:29:00,0.8
EVT-000363,ACC-002,Cascade Financial,ACC-002-U070,Flow,feature_use,2026-01-10T17:33:00,40.2
EVT-000364,ACC-002,Cascade Financial,ACC-002-U061,Flow,login,2026-01-12T14:10:00,2.9
EVT-000365,ACC-002,Cascade Financial,ACC-002-U010,Flow,login,2026-01-12T08:16:00,26.2
EVT-000366,ACC-002,Cascade Financial,ACC-002-U066,Flow,feature_use,2026-01-12T15:56:00,58.2
EVT-000367,ACC-002,Cascade Financial,ACC-002-U011,Flow,api_call,2026-01-12T10:38:00,1.9
EVT-000368,ACC-002,Cascade Financial,ACC-002-U030,Flow,feature_use,2026-01-13T18:38:00,13.1
EVT-000369,ACC-002,Cascade Financial,ACC-002-U062,Flow,feature_use,2026-01-13T09:42:00,45.9
EVT-000370,ACC-002,Cascade Financial,ACC-002-U053,Flow,feature_use,2026-01-13T19:43:00,3.1
EVT-000371,ACC-002,Cascade Financial,ACC-002-U072,Flow,feature_use,2026-01-13T16:27:00,52.9
EVT-000372,ACC-002,Cascade Financial,ACC-002-U018,Flow,feature_use,2026-01-14T10:41:00,23.6
EVT-000373,ACC-002,Cascade Financial,ACC-002-U034,Flow,api_call,2026-01-14T12:17:00,0.9
EVT-000374,ACC-002,Cascade Financial,ACC-002-U064,Flow,login,2026-01-14T14:11:00,25.3
EVT-000375,ACC-002,Cascade Financial,ACC-002-U037,Flow,feature_use,2026-01-14T14:49:00,59.3
EVT-000376,ACC-002,Cascade Financial,ACC-002-U028,Flow,feature_use,2026-01-15T19:25:00,44.3
EVT-000377,ACC-002,Cascade Financial,ACC-002-U039,Flow,login,2026-01-15T08:49:00,43.4
EVT-000378,ACC-002,Cascade Financial,ACC-002-U021,Flow,feature_use,2026-01-15T15:51:00,14.5
EVT-000379,ACC-002,Cascade Financial,ACC-002-U019,Flow,login,2026-01-15T13:14:00,27.4
EVT-000380,ACC-002,Cascade Financial,ACC-002-U039,Flow,login,2026-01-15T06:10:00,11.5
EVT-000381,ACC-002,Cascade Financial,ACC-002-U016,Insight,export,2026-01-15T12:37:00,4.2
EVT-000382,ACC-002,Cascade Financial,ACC-002-U037,Flow,invite_sent,2026-01-16T17:36:00,4.4
EVT-000383,ACC-002,Cascade Financial,ACC-002-U036,Flow,invite_sent,2026-01-16T16:48:00,3.0
EVT-000384,ACC-002,Cascade Financial,ACC-002-U025,Insight,feature_use,2026-01-16T14:01:00,29.3
EVT-000385,ACC-002,Cascade Financial,ACC-002-U023,Flow,login,2026-01-16T21:43:00,28.9
EVT-000386,ACC-002,Cascade Financial,ACC-002-U067,Flow,export,2026-01-17T09:59:00,8.4
EVT-000387,ACC-002,Cascade Financial,ACC-002-U025,Flow,login,2026-01-18T15:09:00,12.0
EVT-000388,ACC-002,Cascade Financial,ACC-002-U024,Flow,feature_use,2026-01-19T12:43:00,31.6
EVT-000389,ACC-002,Cascade Financial,ACC-002-U070,Flow,login,2026-01-19T11:00:00,23.8
EVT-000390,ACC-002,Cascade Financial,ACC-002-U014,Flow,feature_use,2026-01-19T12:55:00,8.7
EVT-000391,ACC-002,Cascade Financial,ACC-002-U048,Flow,login,2026-01-19T19:21:00,12.9
EVT-000392,ACC-002,Cascade Financial,ACC-002-U036,Flow,feature_use,2026-01-19T16:23:00,26.9
EVT-000393,ACC-002,Cascade Financial,ACC-002-U027,Flow,export,2026-01-20T14:36:00,3.7
EVT-000394,ACC-002,Cascade Financial,ACC-002-U074,Flow,export,2026-01-20T17:30:00,1.5
EVT-000395,ACC-002,Cascade Financial,ACC-002-U058,Flow,export,2026-01-20T11:35:00,3.3
EVT-000396,ACC-002,Cascade Financial,ACC-002-U072,Flow,feature_use,2026-01-20T15:38:00,23.0
EVT-000397,ACC-002,Cascade Financial,ACC-002-U052,Flow,api_call,2026-01-21T11:20:00,0.3
EVT-000398,ACC-002,Cascade Financial,ACC-002-U058,Flow,export,2026-01-21T12:56:00,6.4
EVT-000399,ACC-002,Cascade Financial,ACC-002-U060,Flow,api_call,2026-01-21T13:28:00,1.5
EVT-000400,ACC-002,Cascade Financial,ACC-002-U013,Flow,export,2026-01-22T09:33:00,5.0
EVT-000401,ACC-002,Cascade Financial,ACC-002-U027,Canvas,export,2026-01-22T11:30:00,8.7
EVT-000402,ACC-002,Cascade Financial,ACC-002-U073,Insight,feature_use,2026-01-22T12:44:00,18.5
EVT-000403,ACC-002,Cascade Financial,ACC-002-U047,Flow,api_call,2026-01-23T13:00:00,0.8
EVT-000404,ACC-002,Cascade Financial,ACC-002-U078,Flow,api_call,2026-01-23T06:27:00,1.0
EVT-000405,ACC-002,Cascade Financial,ACC-002-U040,Flow,export,2026-01-23T10:56:00,5.9
EVT-000406,ACC-002,Cascade Financial,ACC-002-U027,Flow,login,2026-01-23T15:53:00,32.5
EVT-000407,ACC-002,Cascade Financial,ACC-002-U038,Flow,feature_use,2026-01-25T09:34:00,21.3
EVT-000408,ACC-002,Cascade Financial,ACC-002-U002,Canvas,export,2026-01-26T13:12:00,1.6
EVT-000409,ACC-002,Cascade Financial,ACC-002-U076,Flow,api_call,2026-01-26T16:15:00,0.3
EVT-000410,ACC-002,Cascade Financial,ACC-002-U054,Flow,feature_use,2026-01-26T08:29:00,45.0
EVT-000411,ACC-002,Cascade Financial,ACC-002-U057,Flow,invite_sent,2026-01-26T15:19:00,2.6
EVT-000412,ACC-002,Cascade Financial,ACC-002-U028,Flow,export,2026-01-26T14:07:00,7.7
EVT-000413,ACC-002,Cascade Financial,ACC-002-U076,Flow,login,2026-01-26T08:42:00,16.9
EVT-000414,ACC-002,Cascade Financial,ACC-002-U032,Flow,invite_sent,2026-01-27T08:41:00,3.3
EVT-000415,ACC-002,Cascade Financial,ACC-002-U042,Flow,export,2026-01-27T10:35:00,2.1
EVT-000416,ACC-002,Cascade Financial,ACC-002-U068,Flow,api_call,2026-01-27T10:44:00,0.9
EVT-000417,ACC-002,Cascade Financial,ACC-002-U006,Flow,login,2026-01-27T13:28:00,40.5
EVT-000418,ACC-002,Cascade Financial,ACC-002-U034,Flow,login,2026-01-28T17:49:00,1.8
EVT-000419,ACC-002,Cascade Financial,ACC-002-U030,Flow,export,2026-01-28T14:24:00,6.9
EVT-000420,ACC-002,Cascade Financial,ACC-002-U042,Flow,feature_use,2026-01-28T15:20:00,34.4
EVT-000421,ACC-002,Cascade Financial,ACC-002-U023,Canvas,login,2026-01-29T07:58:00,32.6
EVT-000422,ACC-002,Cascade Financial,ACC-002-U006,Flow,api_call,2026-01-29T13:40:00,1.7
EVT-000423,ACC-002,Cascade Financial,ACC-002-U042,Flow,export,2026-01-29T17:50:00,9.0
EVT-000424,ACC-002,Cascade Financial,ACC-002-U027,Flow,export,2026-01-30T12:06:00,7.3
EVT-000425,ACC-002,Cascade Financial,ACC-002-U077,Flow,feature_use,2026-01-30T15:34:00,31.8
EVT-000426,ACC-002,Cascade Financial,ACC-002-U063,Flow,feature_use,2026-01-30T21:20:00,21.0
EVT-000427,ACC-002,Cascade Financial,ACC-002-U010,Flow,login,2026-02-02T14:36:00,14.2
EVT-000428,ACC-002,Cascade Financial,ACC-002-U076,Flow,export,2026-02-02T10:52:00,8.1
EVT-000429,ACC-002,Cascade Financial,ACC-002-U057,Flow,api_call,2026-02-02T15:02:00,0.3
EVT-000430,ACC-002,Cascade Financial,ACC-002-U010,Flow,export,2026-02-02T11:56:00,9.3
EVT-000431,ACC-002,Cascade Financial,ACC-002-U020,Flow,api_call,2026-02-02T10:41:00,1.8
EVT-000432,ACC-002,Cascade Financial,ACC-002-U006,Flow,feature_use,2026-02-03T14:16:00,45.5
EVT-000433,ACC-002,Cascade Financial,ACC-002-U040,Flow,feature_use,2026-02-03T16:30:00,42.8
EVT-000434,ACC-002,Cascade Financial,ACC-002-U015,Flow,feature_use,2026-02-03T14:47:00,35.6
EVT-000435,ACC-002,Cascade Financial,ACC-002-U012,Flow,login,2026-02-03T11:59:00,35.2
EVT-000436,ACC-002,Cascade Financial,ACC-002-U028,Flow,export,2026-02-03T11:20:00,4.8
EVT-000437,ACC-002,Cascade Financial,ACC-002-U006,Canvas,export,2026-02-04T12:01:00,2.0
EVT-000438,ACC-002,Cascade Financial,ACC-002-U030,Flow,feature_use,2026-02-04T13:16:00,14.6
EVT-000439,ACC-002,Cascade Financial,ACC-002-U035,Flow,login,2026-02-05T15:14:00,39.2
EVT-000440,ACC-002,Cascade Financial,ACC-002-U007,Flow,export,2026-02-05T13:38:00,9.1
EVT-000441,ACC-002,Cascade Financial,ACC-002-U003,Insight,invite_sent,2026-02-06T08:16:00,1.7
EVT-000442,ACC-002,Cascade Financial,ACC-002-U043,Flow,api_call,2026-02-06T14:17:00,0.2
EVT-000443,ACC-002,Cascade Financial,ACC-002-U003,Flow,api_call,2026-02-06T09:24:00,1.3
EVT-000444,ACC-002,Cascade Financial,ACC-002-U029,Insight,login,2026-02-09T09:11:00,35.3
EVT-000445,ACC-002,Cascade Financial,ACC-002-U068,Flow,feature_use,2026-02-09T14:14:00,18.2
EVT-000446,ACC-002,Cascade Financial,ACC-002-U020,Flow,export,2026-02-09T15:30:00,4.2
EVT-000447,ACC-002,Cascade Financial,ACC-002-U073,Flow,feature_use,2026-02-09T12:54:00,43.6
EVT-000448,ACC-002,Cascade Financial,ACC-002-U009,Flow,api_call,2026-02-10T12:49:00,1.8
EVT-000449,ACC-002,Cascade Financial,ACC-002-U063,Flow,api_call,2026-02-10T12:47:00,1.5
EVT-000450,ACC-002,Cascade Financial,ACC-002-U062,Flow,feature_use,2026-02-10T17:33:00,52.9
EVT-000451,ACC-002,Cascade Financial,ACC-002-U032,Flow,api_call,2026-02-11T15:05:00,1.0
EVT-000452,ACC-002,Cascade Financial,ACC-002-U060,Flow,export,2026-02-11T16:08:00,9.4
EVT-000453,ACC-002,Cascade Financial,ACC-002-U057,Flow,feature_use,2026-02-11T14:45:00,13.2
EVT-000454,ACC-002,Cascade Financial,ACC-002-U072,Flow,login,2026-02-11T15:45:00,15.3
EVT-000455,ACC-002,Cascade Financial,ACC-002-U016,Flow,feature_use,2026-02-12T12:40:00,46.8
EVT-000456,ACC-002,Cascade Financial,ACC-002-U047,Flow,login,2026-02-12T15:16:00,9.9
EVT-000457,ACC-002,Cascade Financial,ACC-002-U021,Flow,api_call,2026-02-12T06:56:00,1.1
EVT-000458,ACC-002,Cascade Financial,ACC-002-U043,Flow,feature_use,2026-02-12T12:05:00,30.1
EVT-000459,ACC-002,Cascade Financial,ACC-002-U011,Flow,export,2026-02-13T14:29:00,6.2
EVT-000460,ACC-002,Cascade Financial,ACC-002-U066,Flow,login,2026-02-13T11:57:00,34.8
EVT-000461,ACC-002,Cascade Financial,ACC-002-U039,Flow,export,2026-02-13T08:30:00,8.6
EVT-000462,ACC-002,Cascade Financial,ACC-002-U064,Flow,invite_sent,2026-02-16T11:35:00,2.4
EVT-000463,ACC-002,Cascade Financial,ACC-002-U008,Flow,feature_use,2026-02-16T10:04:00,42.3
EVT-000464,ACC-002,Cascade Financial,ACC-002-U010,Flow,feature_use,2026-02-17T18:03:00,49.4
EVT-000465,ACC-002,Cascade Financial,ACC-002-U068,Flow,export,2026-02-17T13:13:00,3.8
EVT-000466,ACC-002,Cascade Financial,ACC-002-U041,Flow,export,2026-02-17T11:09:00,9.0
EVT-000467,ACC-002,Cascade Financial,ACC-002-U015,Flow,feature_use,2026-02-18T17:49:00,9.4
EVT-000468,ACC-002,Cascade Financial,ACC-002-U074,Flow,feature_use,2026-02-18T13:32:00,4.4
EVT-000469,ACC-002,Cascade Financial,ACC-002-U069,Flow,api_call,2026-02-18T13:49:00,1.5
EVT-000470,ACC-002,Cascade Financial,ACC-002-U040,Flow,api_call,2026-02-18T19:43:00,1.7
EVT-000471,ACC-002,Cascade Financial,ACC-002-U069,Flow,login,2026-02-18T17:07:00,18.1
EVT-000472,ACC-002,Cascade Financial,ACC-002-U006,Flow,login,2026-02-19T14:06:00,43.2
EVT-000473,ACC-002,Cascade Financial,ACC-002-U067,Flow,feature_use,2026-02-19T19:51:00,18.4
EVT-000474,ACC-002,Cascade Financial,ACC-002-U073,Flow,login,2026-02-19T18:34:00,14.7
EVT-000475,ACC-002,Cascade Financial,ACC-002-U037,Canvas,login,2026-02-19T08:24:00,40.7
EVT-000476,ACC-002,Cascade Financial,ACC-002-U012,Flow,feature_use,2026-02-19T18:40:00,43.2
EVT-000477,ACC-002,Cascade Financial,ACC-002-U037,Flow,feature_use,2026-02-19T16:42:00,49.6
EVT-000478,ACC-002,Cascade Financial,ACC-002-U074,Flow,api_call,2026-02-20T07:30:00,1.0
EVT-000479,ACC-002,Cascade Financial,ACC-002-U073,Flow,feature_use,2026-02-20T16:38:00,12.7
EVT-000480,ACC-002,Cascade Financial,ACC-002-U075,Flow,login,2026-02-20T17:20:00,37.0
EVT-000481,ACC-002,Cascade Financial,ACC-002-U077,Flow,feature_use,2026-02-23T10:08:00,6.5
EVT-000482,ACC-002,Cascade Financial,ACC-002-U053,Flow,feature_use,2026-02-23T09:09:00,3.0
EVT-000483,ACC-002,Cascade Financial,ACC-002-U052,Flow,feature_use,2026-02-23T10:43:00,35.9
EVT-000484,ACC-002,Cascade Financial,ACC-002-U013,Flow,export,2026-02-23T18:59:00,7.1
EVT-000485,ACC-002,Cascade Financial,ACC-002-U001,Flow,export,2026-02-24T12:13:00,4.7
EVT-000486,ACC-002,Cascade Financial,ACC-002-U066,Flow,login,2026-02-24T18:53:00,17.9
EVT-000487,ACC-002,Cascade Financial,ACC-002-U054,Flow,feature_use,2026-02-25T13:46:00,3.4
EVT-000488,ACC-002,Cascade Financial,ACC-002-U056,Flow,login,2026-02-25T14:02:00,41.8
EVT-000489,ACC-002,Cascade Financial,ACC-002-U018,Flow,export,2026-02-25T13:44:00,2.0
EVT-000490,ACC-002,Cascade Financial,ACC-002-U033,Flow,feature_use,2026-02-26T17:18:00,57.8
EVT-000491,ACC-002,Cascade Financial,ACC-002-U067,Canvas,api_call,2026-02-26T16:36:00,1.5
EVT-000492,ACC-002,Cascade Financial,ACC-002-U012,Canvas,feature_use,2026-02-26T08:18:00,12.6
EVT-000493,ACC-002,Cascade Financial,ACC-002-U058,Canvas,feature_use,2026-02-26T09:50:00,10.2
EVT-000494,ACC-002,Cascade Financial,ACC-002-U015,Flow,export,2026-02-27T12:42:00,4.7
EVT-000495,ACC-002,Cascade Financial,ACC-002-U005,Flow,login,2026-02-27T17:03:00,26.4
EVT-000496,ACC-002,Cascade Financial,ACC-002-U060,Flow,api_call,2026-02-27T13:30:00,0.2
EVT-000497,ACC-002,Cascade Financial,ACC-002-U069,Flow,feature_use,2026-02-28T17:24:00,19.5
EVT-000498,ACC-002,Cascade Financial,ACC-002-U009,Flow,export,2026-03-02T08:39:00,3.3
EVT-000499,ACC-002,Cascade Financial,ACC-002-U072,Flow,export,2026-03-03T08:24:00,3.5
EVT-000500,ACC-002,Cascade Financial,ACC-002-U072,Insight,login,2026-03-03T10:04:00,36.8
EVT-000501,ACC-002,Cascade Financial,ACC-002-U059,Insight,login,2026-03-03T15:06:00,18.3
EVT-000502,ACC-002,Cascade Financial,ACC-002-U012,Flow,feature_use,2026-03-03T09:28:00,38.0
EVT-000503,ACC-002,Cascade Financial,ACC-002-U024,Flow,login,2026-03-03T10:28:00,26.1
EVT-000504,ACC-002,Cascade Financial,ACC-002-U052,Flow,feature_use,2026-03-04T11:19:00,59.5
EVT-000505,ACC-002,Cascade Financial,ACC-002-U063,Canvas,invite_sent,2026-03-04T12:54:00,3.4
EVT-000506,ACC-002,Cascade Financial,ACC-002-U077,Flow,feature_use,2026-03-04T15:11:00,46.7
EVT-000507,ACC-002,Cascade Financial,ACC-002-U074,Canvas,feature_use,2026-03-04T16:57:00,13.9
EVT-000508,ACC-002,Cascade Financial,ACC-002-U001,Flow,feature_use,2026-03-04T15:47:00,7.8
EVT-000509,ACC-002,Cascade Financial,ACC-002-U052,Flow,feature_use,2026-03-05T18:09:00,41.7
EVT-000510,ACC-002,Cascade Financial,ACC-002-U066,Flow,login,2026-03-05T13:01:00,33.4
EVT-000511,ACC-002,Cascade Financial,ACC-002-U067,Flow,feature_use,2026-03-05T15:00:00,16.8
EVT-000512,ACC-002,Cascade Financial,ACC-002-U059,Flow,invite_sent,2026-03-06T08:11:00,1.5
EVT-000513,ACC-002,Cascade Financial,ACC-002-U029,Canvas,login,2026-03-06T10:23:00,34.3
EVT-000514,ACC-002,Cascade Financial,ACC-002-U008,Flow,login,2026-03-06T09:50:00,26.6
EVT-000515,ACC-002,Cascade Financial,ACC-002-U001,Flow,api_call,2026-03-07T16:13:00,1.6
EVT-000516,ACC-002,Cascade Financial,ACC-002-U054,Flow,invite_sent,2026-03-09T10:42:00,2.6
EVT-000517,ACC-002,Cascade Financial,ACC-002-U012,Canvas,feature_use,2026-03-09T10:39:00,14.9
EVT-000518,ACC-002,Cascade Financial,ACC-002-U004,Flow,feature_use,2026-03-10T16:55:00,8.6
EVT-000519,ACC-002,Cascade Financial,ACC-002-U021,Flow,login,2026-03-10T13:56:00,21.7
EVT-000520,ACC-002,Cascade Financial,ACC-002-U008,Flow,export,2026-03-11T11:10:00,3.0
EVT-000521,ACC-002,Cascade Financial,ACC-002-U030,Flow,feature_use,2026-03-11T10:26:00,34.5
EVT-000522,ACC-002,Cascade Financial,ACC-002-U001,Flow,feature_use,2026-03-12T12:51:00,27.3
EVT-000523,ACC-002,Cascade Financial,ACC-002-U076,Flow,login,2026-03-12T07:46:00,25.6
EVT-000524,ACC-002,Cascade Financial,ACC-002-U029,Insight,login,2026-03-12T15:05:00,14.0
EVT-000525,ACC-002,Cascade Financial,ACC-002-U052,Flow,feature_use,2026-03-13T10:43:00,35.8
EVT-000526,ACC-002,Cascade Financial,ACC-002-U074,Flow,feature_use,2026-03-13T13:58:00,56.1
EVT-000527,ACC-002,Cascade Financial,ACC-002-U078,Flow,login,2026-03-13T15:23:00,17.1
EVT-000528,ACC-002,Cascade Financial,ACC-002-U078,Flow,feature_use,2026-03-13T16:13:00,6.8
EVT-000529,ACC-002,Cascade Financial,ACC-002-U004,Insight,login,2026-03-13T13:48:00,6.0
EVT-000530,ACC-002,Cascade Financial,ACC-002-U046,Canvas,feature_use,2026-03-14T13:53:00,28.8
EVT-000531,ACC-003,Beacon Logistics,ACC-003-U020,Insight,login,2025-12-15T09:13:00,7.5
EVT-000532,ACC-003,Beacon Logistics,ACC-003-U002,Canvas,login,2025-12-15T14:08:00,43.7
EVT-000533,ACC-003,Beacon Logistics,ACC-003-U005,Insight,feature_use,2025-12-15T07:12:00,45.0
EVT-000534,ACC-003,Beacon Logistics,ACC-003-U018,Canvas,api_call,2025-12-15T19:41:00,0.5
EVT-000535,ACC-003,Beacon Logistics,ACC-003-U026,Insight,login,2025-12-16T11:54:00,17.4
EVT-000536,ACC-003,Beacon Logistics,ACC-003-U014,Canvas,feature_use,2025-12-16T10:59:00,29.0
EVT-000537,ACC-003,Beacon Logistics,ACC-003-U026,Insight,login,2025-12-16T16:57:00,8.7
EVT-000538,ACC-003,Beacon Logistics,ACC-003-U021,Canvas,login,2025-12-16T11:08:00,2.8
EVT-000539,ACC-003,Beacon Logistics,ACC-003-U021,Canvas,api_call,2025-12-17T10:47:00,1.9
EVT-000540,ACC-003,Beacon Logistics,ACC-003-U030,Insight,feature_use,2025-12-17T18:48:00,19.8
EVT-000541,ACC-003,Beacon Logistics,ACC-003-U011,Insight,feature_use,2025-12-18T14:12:00,21.6
EVT-000542,ACC-003,Beacon Logistics,ACC-003-U007,Canvas,export,2025-12-18T10:05:00,7.9
EVT-000543,ACC-003,Beacon Logistics,ACC-003-U021,Insight,export,2025-12-18T20:25:00,9.6
EVT-000544,ACC-003,Beacon Logistics,ACC-003-U008,Canvas,login,2025-12-19T16:26:00,40.1
EVT-000545,ACC-003,Beacon Logistics,ACC-003-U019,Insight,login,2025-12-19T18:46:00,33.0
EVT-000546,ACC-003,Beacon Logistics,ACC-003-U010,Canvas,api_call,2025-12-19T09:19:00,1.2
EVT-000547,ACC-003,Beacon Logistics,ACC-003-U003,Insight,login,2025-12-20T18:26:00,19.0
EVT-000548,ACC-003,Beacon Logistics,ACC-003-U025,Insight,login,2025-12-21T17:19:00,22.6
EVT-000549,ACC-003,Beacon Logistics,ACC-003-U030,Canvas,feature_use,2025-12-22T10:07:00,42.2
EVT-000550,ACC-003,Beacon Logistics,ACC-003-U001,Insight,invite_sent,2025-12-22T16:37:00,0.8
EVT-000551,ACC-003,Beacon Logistics,ACC-003-U011,Insight,api_call,2025-12-22T13:44:00,1.3
EVT-000552,ACC-003,Beacon Logistics,ACC-003-U016,Insight,feature_use,2025-12-22T17:10:00,35.8
EVT-000553,ACC-003,Beacon Logistics,ACC-003-U006,Canvas,feature_use,2025-12-23T11:20:00,12.5
EVT-000554,ACC-003,Beacon Logistics,ACC-003-U014,Insight,export,2025-12-23T09:37:00,7.2
EVT-000555,ACC-003,Beacon Logistics,ACC-003-U021,Canvas,feature_use,2025-12-24T09:08:00,55.2
EVT-000556,ACC-003,Beacon Logistics,ACC-003-U012,Insight,feature_use,2025-12-24T09:28:00,42.4
EVT-000557,ACC-003,Beacon Logistics,ACC-003-U023,Canvas,login,2025-12-25T12:12:00,22.3
EVT-000558,ACC-003,Beacon Logistics,ACC-003-U023,Canvas,export,2025-12-25T08:07:00,5.6
EVT-000559,ACC-003,Beacon Logistics,ACC-003-U008,Canvas,login,2025-12-25T16:50:00,30.4
EVT-000560,ACC-003,Beacon Logistics,ACC-003-U023,Canvas,feature_use,2025-12-25T15:01:00,14.4
EVT-000561,ACC-003,Beacon Logistics,ACC-003-U003,Canvas,export,2025-12-26T10:48:00,9.7
EVT-000562,ACC-003,Beacon Logistics,ACC-003-U013,Canvas,invite_sent,2025-12-26T10:32:00,0.9
EVT-000563,ACC-003,Beacon Logistics,ACC-003-U023,Canvas,api_call,2025-12-27T12:32:00,2.0
EVT-000564,ACC-003,Beacon Logistics,ACC-003-U015,Canvas,feature_use,2025-12-29T17:12:00,19.6
EVT-000565,ACC-003,Beacon Logistics,ACC-003-U025,Insight,api_call,2025-12-29T07:43:00,0.8
EVT-000566,ACC-003,Beacon Logistics,ACC-003-U017,Canvas,feature_use,2025-12-29T15:07:00,32.8
EVT-000567,ACC-003,Beacon Logistics,ACC-003-U016,Insight,export,2025-12-30T14:48:00,7.9
EVT-000568,ACC-003,Beacon Logistics,ACC-003-U020,Insight,feature_use,2025-12-30T12:31:00,37.4
EVT-000569,ACC-003,Beacon Logistics,ACC-003-U014,Insight,login,2025-12-30T09:31:00,21.0
EVT-000570,ACC-003,Beacon Logistics,ACC-003-U026,Insight,export,2025-12-31T15:31:00,2.8
EVT-000571,ACC-003,Beacon Logistics,ACC-003-U009,Canvas,feature_use,2026-01-01T11:45:00,52.0
EVT-000572,ACC-003,Beacon Logistics,ACC-003-U028,Insight,feature_use,2026-01-01T12:48:00,20.8
EVT-000573,ACC-003,Beacon Logistics,ACC-003-U011,Insight,export,2026-01-01T14:30:00,7.2
EVT-000574,ACC-003,Beacon Logistics,ACC-003-U002,Insight,feature_use,2026-01-02T21:26:00,27.4
EVT-000575,ACC-003,Beacon Logistics,ACC-003-U030,Canvas,export,2026-01-02T15:37:00,3.2
EVT-000576,ACC-003,Beacon Logistics,ACC-003-U015,Insight,login,2026-01-04T14:20:00,31.6
EVT-000577,ACC-003,Beacon Logistics,ACC-003-U020,Canvas,feature_use,2026-01-05T17:53:00,51.3
EVT-000578,ACC-003,Beacon Logistics,ACC-003-U026,Canvas,login,2026-01-05T21:25:00,3.1
EVT-000579,ACC-003,Beacon Logistics,ACC-003-U025,Canvas,export,2026-01-05T14:17:00,6.2
EVT-000580,ACC-003,Beacon Logistics,ACC-003-U005,Insight,export,2026-01-06T18:40:00,5.9
EVT-000581,ACC-003,Beacon Logistics,ACC-003-U005,Canvas,feature_use,2026-01-06T19:47:00,15.1
EVT-000582,ACC-003,Beacon Logistics,ACC-003-U020,Insight,api_call,2026-01-06T15:49:00,1.1
EVT-000583,ACC-003,Beacon Logistics,ACC-003-U028,Canvas,feature_use,2026-01-06T09:09:00,23.8
EVT-000584,ACC-003,Beacon Logistics,ACC-003-U027,Canvas,login,2026-01-07T10:52:00,9.4
EVT-000585,ACC-003,Beacon Logistics,ACC-003-U007,Insight,feature_use,2026-01-07T12:57:00,59.5
EVT-000586,ACC-003,Beacon Logistics,ACC-003-U022,Canvas,login,2026-01-07T11:51:00,7.0
EVT-000587,ACC-003,Beacon Logistics,ACC-003-U016,Canvas,login,2026-01-08T19:33:00,33.3
EVT-000588,ACC-003,Beacon Logistics,ACC-003-U018,Insight,feature_use,2026-01-08T14:49:00,8.1
EVT-000589,ACC-003,Beacon Logistics,ACC-003-U011,Insight,feature_use,2026-01-09T09:34:00,42.9
EVT-000590,ACC-003,Beacon Logistics,ACC-003-U021,Insight,export,2026-01-09T18:59:00,9.7
EVT-000591,ACC-003,Beacon Logistics,ACC-003-U019,Insight,feature_use,2026-01-09T11:41:00,24.0
EVT-000592,ACC-003,Beacon Logistics,ACC-003-U011,Canvas,export,2026-01-09T10:35:00,8.1
EVT-000593,ACC-003,Beacon Logistics,ACC-003-U008,Canvas,api_call,2026-01-11T20:16:00,0.8
EVT-000594,ACC-003,Beacon Logistics,ACC-003-U016,Canvas,api_call,2026-01-12T13:22:00,1.4
EVT-000595,ACC-003,Beacon Logistics,ACC-003-U016,Insight,feature_use,2026-01-12T08:41:00,4.6
EVT-000596,ACC-003,Beacon Logistics,ACC-003-U029,Insight,export,2026-01-13T13:47:00,3.9
EVT-000597,ACC-003,Beacon Logistics,ACC-003-U029,Insight,login,2026-01-13T11:18:00,27.1
EVT-000598,ACC-003,Beacon Logistics,ACC-003-U001,Canvas,feature_use,2026-01-13T18:53:00,13.4
EVT-000599,ACC-003,Beacon Logistics,ACC-003-U013,Canvas,api_call,2026-01-13T15:40:00,1.9
EVT-000600,ACC-003,Beacon Logistics,ACC-003-U013,Canvas,invite_sent,2026-01-13T16:10:00,1.4
EVT-000601,ACC-003,Beacon Logistics,ACC-003-U001,Insight,export,2026-01-14T12:13:00,4.4
EVT-000602,ACC-003,Beacon Logistics,ACC-003-U019,Insight,export,2026-01-14T10:50:00,2.7
EVT-000603,ACC-003,Beacon Logistics,ACC-003-U012,Canvas,login,2026-01-14T15:58:00,12.5
EVT-000604,ACC-003,Beacon Logistics,ACC-003-U004,Insight,feature_use,2026-01-14T09:30:00,39.9
EVT-000605,ACC-003,Beacon Logistics,ACC-003-U001,Insight,invite_sent,2026-01-15T19:38:00,4.7
EVT-000606,ACC-003,Beacon Logistics,ACC-003-U028,Canvas,login,2026-01-15T11:25:00,28.3
EVT-000607,ACC-003,Beacon Logistics,ACC-003-U009,Canvas,invite_sent,2026-01-15T14:16:00,3.0
EVT-000608,ACC-003,Beacon Logistics,ACC-003-U004,Insight,login,2026-01-16T15:48:00,39.6
EVT-000609,ACC-003,Beacon Logistics,ACC-003-U014,Insight,feature_use,2026-01-16T16:31:00,12.4
EVT-000610,ACC-003,Beacon Logistics,ACC-003-U003,Insight,login,2026-01-16T10:02:00,7.5
EVT-000611,ACC-003,Beacon Logistics,ACC-003-U023,Canvas,invite_sent,2026-01-17T08:22:00,4.7
EVT-000612,ACC-003,Beacon Logistics,ACC-003-U016,Canvas,feature_use,2026-01-18T11:53:00,14.6
EVT-000613,ACC-003,Beacon Logistics,ACC-003-U016,Insight,feature_use,2026-01-18T10:00:00,40.8
EVT-000614,ACC-003,Beacon Logistics,ACC-003-U011,Canvas,login,2026-01-19T16:30:00,21.3
EVT-000615,ACC-003,Beacon Logistics,ACC-003-U013,Insight,feature_use,2026-01-19T20:41:00,3.3
EVT-000616,ACC-003,Beacon Logistics,ACC-003-U013,Insight,api_call,2026-01-19T18:51:00,2.0
EVT-000617,ACC-003,Beacon Logistics,ACC-003-U021,Canvas,api_call,2026-01-20T16:18:00,0.4
EVT-000618,ACC-003,Beacon Logistics,ACC-003-U011,Canvas,login,2026-01-20T16:58:00,36.2
EVT-000619,ACC-003,Beacon Logistics,ACC-003-U013,Canvas,export,2026-01-21T15:27:00,8.3
EVT-000620,ACC-003,Beacon Logistics,ACC-003-U013,Canvas,login,2026-01-21T13:14:00,16.0
EVT-000621,ACC-003,Beacon Logistics,ACC-003-U019,Insight,login,2026-01-22T09:02:00,3.1
EVT-000622,ACC-003,Beacon Logistics,ACC-003-U019,Canvas,feature_use,2026-01-22T13:46:00,26.5
EVT-000623,ACC-003,Beacon Logistics,ACC-003-U004,Insight,feature_use,2026-01-23T15:39:00,28.9
EVT-000624,ACC-003,Beacon Logistics,ACC-003-U028,Canvas,export,2026-01-24T18:06:00,6.4
EVT-000625,ACC-003,Beacon Logistics,ACC-003-U026,Canvas,api_call,2026-01-26T10:01:00,1.4
EVT-000626,ACC-003,Beacon Logistics,ACC-003-U026,Insight,feature_use,2026-01-26T12:40:00,40.0
EVT-000627,ACC-003,Beacon Logistics,ACC-003-U001,Canvas,login,2026-01-26T09:27:00,34.9
EVT-000628,ACC-003,Beacon Logistics,ACC-003-U015,Canvas,login,2026-01-26T16:31:00,7.7
EVT-000629,ACC-003,Beacon Logistics,ACC-003-U025,Insight,login,2026-01-27T13:46:00,18.6
EVT-000630,ACC-003,Beacon Logistics,ACC-003-U024,Canvas,export,2026-01-27T12:20:00,5.8
EVT-000631,ACC-003,Beacon Logistics,ACC-003-U025,Canvas,login,2026-01-27T18:07:00,29.5
EVT-000632,ACC-003,Beacon Logistics,ACC-003-U020,Canvas,login,2026-01-29T13:50:00,7.9
EVT-000633,ACC-003,Beacon Logistics,ACC-003-U007,Insight,feature_use,2026-01-29T08:01:00,14.9
EVT-000634,ACC-003,Beacon Logistics,ACC-003-U016,Insight,feature_use,2026-01-29T17:57:00,12.0
EVT-000635,ACC-003,Beacon Logistics,ACC-003-U020,Canvas,api_call,2026-01-30T13:53:00,0.9
EVT-000636,ACC-003,Beacon Logistics,ACC-003-U002,Canvas,api_call,2026-02-01T11:28:00,0.4
EVT-000637,ACC-003,Beacon Logistics,ACC-003-U021,Insight,export,2026-02-01T15:21:00,1.9
EVT-000638,ACC-003,Beacon Logistics,ACC-003-U003,Insight,feature_use,2026-02-02T16:33:00,17.0
EVT-000639,ACC-003,Beacon Logistics,ACC-003-U003,Canvas,login,2026-02-02T18:57:00,19.9
EVT-000640,ACC-003,Beacon Logistics,ACC-003-U022,Canvas,api_call,2026-02-03T15:45:00,0.2
EVT-000641,ACC-003,Beacon Logistics,ACC-003-U029,Insight,export,2026-02-04T16:25:00,9.0
EVT-000642,ACC-003,Beacon Logistics,ACC-003-U029,Insight,login,2026-02-04T12:46:00,24.6
EVT-000643,ACC-003,Beacon Logistics,ACC-003-U014,Insight,login,2026-02-04T11:21:00,23.5
EVT-000644,ACC-003,Beacon Logistics,ACC-003-U018,Insight,login,2026-02-05T12:15:00,33.4
EVT-000645,ACC-003,Beacon Logistics,ACC-003-U013,Canvas,feature_use,2026-02-05T17:45:00,19.2
EVT-000646,ACC-003,Beacon Logistics,ACC-003-U019,Insight,feature_use,2026-02-05T11:37:00,17.1
EVT-000647,ACC-003,Beacon Logistics,ACC-003-U025,Insight,export,2026-02-06T14:49:00,4.6
EVT-000648,ACC-003,Beacon Logistics,ACC-003-U002,Insight,feature_use,2026-02-06T21:44:00,39.3
EVT-000649,ACC-003,Beacon Logistics,ACC-003-U027,Insight,export,2026-02-07T16:55:00,2.2
EVT-000650,ACC-003,Beacon Logistics,ACC-003-U010,Insight,login,2026-02-09T17:26:00,7.3
EVT-000651,ACC-003,Beacon Logistics,ACC-003-U014,Insight,export,2026-02-10T16:38:00,5.3
EVT-000652,ACC-003,Beacon Logistics,ACC-003-U007,Canvas,feature_use,2026-02-10T12:28:00,29.3
EVT-000653,ACC-003,Beacon Logistics,ACC-003-U007,Insight,login,2026-02-10T15:24:00,28.5
EVT-000654,ACC-003,Beacon Logistics,ACC-003-U002,Canvas,export,2026-02-11T07:42:00,5.5
EVT-000655,ACC-003,Beacon Logistics,ACC-003-U025,Canvas,invite_sent,2026-02-11T10:53:00,1.7
EVT-000656,ACC-003,Beacon Logistics,ACC-003-U023,Canvas,api_call,2026-02-11T12:02:00,1.3
EVT-000657,ACC-003,Beacon Logistics,ACC-003-U014,Canvas,login,2026-02-12T11:26:00,4.9
EVT-000658,ACC-003,Beacon Logistics,ACC-003-U006,Canvas,feature_use,2026-02-12T07:03:00,21.5
EVT-000659,ACC-003,Beacon Logistics,ACC-003-U027,Insight,login,2026-02-12T18:16:00,7.3
EVT-000660,ACC-003,Beacon Logistics,ACC-003-U003,Canvas,login,2026-02-12T14:15:00,11.5
EVT-000661,ACC-003,Beacon Logistics,ACC-003-U002,Canvas,export,2026-02-13T09:36:00,6.9
EVT-000662,ACC-003,Beacon Logistics,ACC-003-U025,Insight,api_call,2026-02-16T17:18:00,0.5
EVT-000663,ACC-003,Beacon Logistics,ACC-003-U018,Canvas,export,2026-02-16T11:25:00,6.1
EVT-000664,ACC-003,Beacon Logistics,ACC-003-U029,Canvas,export,2026-02-16T18:13:00,10.0
EVT-000665,ACC-003,Beacon Logistics,ACC-003-U011,Insight,login,2026-02-17T10:35:00,1.4
EVT-000666,ACC-003,Beacon Logistics,ACC-003-U024,Insight,login,2026-02-18T16:00:00,34.8
EVT-000667,ACC-003,Beacon Logistics,ACC-003-U006,Canvas,login,2026-02-19T15:07:00,44.3
EVT-000668,ACC-003,Beacon Logistics,ACC-003-U012,Insight,login,2026-02-19T16:43:00,9.5
EVT-000669,ACC-003,Beacon Logistics,ACC-003-U028,Canvas,feature_use,2026-02-19T09:59:00,45.5
EVT-000670,ACC-003,Beacon Logistics,ACC-003-U028,Insight,feature_use,2026-02-20T11:43:00,59.7
EVT-000671,ACC-003,Beacon Logistics,ACC-003-U011,Insight,feature_use,2026-02-20T08:46:00,32.5
EVT-000672,ACC-003,Beacon Logistics,ACC-003-U022,Canvas,login,2026-02-20T12:00:00,19.5
EVT-000673,ACC-003,Beacon Logistics,ACC-003-U026,Insight,login,2026-02-25T19:53:00,21.8
EVT-000674,ACC-003,Beacon Logistics,ACC-003-U004,Canvas,login,2026-02-27T08:20:00,3.7
EVT-000675,ACC-003,Beacon Logistics,ACC-003-U001,Insight,feature_use,2026-03-06T15:06:00,27.4
EVT-000676,ACC-003,Beacon Logistics,ACC-003-U017,Canvas,login,2026-03-08T16:37:00,1.5
EVT-000677,ACC-003,Beacon Logistics,ACC-003-U015,Canvas,feature_use,2026-03-08T12:46:00,17.6
EVT-000678,ACC-004,Prism Retail,ACC-004-U009,Canvas,feature_use,2025-12-15T08:12:00,14.5
EVT-000679,ACC-004,Prism Retail,ACC-004-U007,Canvas,feature_use,2025-12-15T14:21:00,21.9
EVT-000680,ACC-004,Prism Retail,ACC-004-U010,Canvas,api_call,2025-12-16T13:58:00,1.8
EVT-000681,ACC-004,Prism Retail,ACC-004-U015,Canvas,api_call,2025-12-17T12:52:00,0.8
EVT-000682,ACC-004,Prism Retail,ACC-004-U004,Canvas,invite_sent,2025-12-19T11:14:00,1.4
EVT-000683,ACC-004,Prism Retail,ACC-004-U007,Canvas,feature_use,2025-12-23T17:42:00,16.7
EVT-000684,ACC-004,Prism Retail,ACC-004-U012,Canvas,export,2025-12-25T12:40:00,3.9
EVT-000685,ACC-004,Prism Retail,ACC-004-U003,Canvas,login,2025-12-28T18:54:00,36.0
EVT-000686,ACC-004,Prism Retail,ACC-004-U001,Canvas,api_call,2026-01-04T10:13:00,1.0
EVT-000687,ACC-004,Prism Retail,ACC-004-U014,Canvas,login,2026-01-06T13:21:00,2.8
EVT-000688,ACC-004,Prism Retail,ACC-004-U011,Canvas,login,2026-01-09T14:05:00,23.1
EVT-000689,ACC-004,Prism Retail,ACC-004-U015,Canvas,feature_use,2026-01-12T15:17:00,49.5
EVT-000690,ACC-004,Prism Retail,ACC-004-U005,Canvas,api_call,2026-01-14T12:25:00,1.6
EVT-000691,ACC-004,Prism Retail,ACC-004-U012,Canvas,export,2026-01-14T19:55:00,9.9
EVT-000692,ACC-004,Prism Retail,ACC-004-U004,Canvas,login,2026-01-19T14:23:00,20.8
EVT-000693,ACC-004,Prism Retail,ACC-004-U001,Canvas,login,2026-01-20T16:48:00,19.7
EVT-000694,ACC-004,Prism Retail,ACC-004-U001,Canvas,feature_use,2026-01-20T08:08:00,35.4
EVT-000695,ACC-004,Prism Retail,ACC-004-U011,Canvas,login,2026-01-21T13:12:00,18.2
EVT-000696,ACC-004,Prism Retail,ACC-004-U011,Canvas,feature_use,2026-01-21T15:19:00,57.8
EVT-000697,ACC-004,Prism Retail,ACC-004-U012,Canvas,login,2026-01-22T19:18:00,4.1
EVT-000698,ACC-004,Prism Retail,ACC-004-U015,Canvas,feature_use,2026-01-26T08:57:00,30.3
EVT-000699,ACC-004,Prism Retail,ACC-004-U004,Canvas,login,2026-01-29T12:52:00,44.6
EVT-000700,ACC-004,Prism Retail,ACC-004-U004,Canvas,feature_use,2026-01-29T18:29:00,54.9
EVT-000701,ACC-004,Prism Retail,ACC-004-U010,Canvas,feature_use,2026-02-03T16:06:00,40.6
EVT-000702,ACC-004,Prism Retail,ACC-004-U002,Canvas,api_call,2026-02-06T16:07:00,0.9
EVT-000703,ACC-004,Prism Retail,ACC-004-U011,Canvas,export,2026-02-06T16:26:00,5.5
EVT-000704,ACC-004,Prism Retail,ACC-004-U008,Canvas,login,2026-02-13T16:28:00,29.9
EVT-000705,ACC-004,Prism Retail,ACC-004-U013,Canvas,api_call,2026-02-27T07:01:00,0.5
EVT-000706,ACC-004,Prism Retail,ACC-004-U013,Canvas,api_call,2026-02-27T08:56:00,1.4
EVT-000707,ACC-004,Prism Retail,ACC-004-U006,Canvas,feature_use,2026-03-03T12:27:00,56.3
EVT-000708,ACC-004,Prism Retail,ACC-004-U011,Canvas,feature_use,2026-03-06T08:52:00,29.2
EVT-000709,ACC-004,Prism Retail,ACC-004-U002,Canvas,feature_use,2026-03-08T20:06:00,37.1
EVT-000710,ACC-005,Atlas Digital,ACC-005-U031,Canvas,feature_use,2025-12-15T12:41:00,14.5
EVT-000711,ACC-005,Atlas Digital,ACC-005-U021,Canvas,api_call,2025-12-15T19:47:00,1.2
EVT-000712,ACC-005,Atlas Digital,ACC-005-U029,Canvas,login,2025-12-15T16:33:00,29.3
EVT-000713,ACC-005,Atlas Digital,ACC-005-U037,Canvas,feature_use,2025-12-15T07:54:00,19.4
EVT-000714,ACC-005,Atlas Digital,ACC-005-U016,Canvas,feature_use,2025-12-15T08:58:00,14.7
EVT-000715,ACC-005,Atlas Digital,ACC-005-U008,Canvas,api_call,2025-12-15T10:55:00,1.4
EVT-000716,ACC-005,Atlas Digital,ACC-005-U044,Canvas,login,2025-12-16T10:18:00,8.8
EVT-000717,ACC-005,Atlas Digital,ACC-005-U038,Canvas,invite_sent,2025-12-16T17:30:00,1.4
EVT-000718,ACC-005,Atlas Digital,ACC-005-U021,Canvas,feature_use,2025-12-16T12:32:00,12.6
EVT-000719,ACC-005,Atlas Digital,ACC-005-U036,Canvas,export,2025-12-16T17:01:00,8.4
EVT-000720,ACC-005,Atlas Digital,ACC-005-U028,Canvas,feature_use,2025-12-16T18:19:00,7.7
EVT-000721,ACC-005,Atlas Digital,ACC-005-U036,Canvas,feature_use,2025-12-16T12:19:00,13.0
EVT-000722,ACC-005,Atlas Digital,ACC-005-U044,Canvas,login,2025-12-17T10:58:00,20.2
EVT-000723,ACC-005,Atlas Digital,ACC-005-U043,Canvas,feature_use,2025-12-17T15:44:00,30.9
EVT-000724,ACC-005,Atlas Digital,ACC-005-U031,Canvas,api_call,2025-12-17T10:02:00,1.5
EVT-000725,ACC-005,Atlas Digital,ACC-005-U008,Canvas,feature_use,2025-12-17T16:41:00,41.6
EVT-000726,ACC-005,Atlas Digital,ACC-005-U026,Canvas,feature_use,2025-12-18T16:59:00,44.8
EVT-000727,ACC-005,Atlas Digital,ACC-005-U049,Canvas,login,2025-12-18T17:52:00,26.2
EVT-000728,ACC-005,Atlas Digital,ACC-005-U044,Canvas,export,2025-12-18T12:19:00,9.4
EVT-000729,ACC-005,Atlas Digital,ACC-005-U010,Canvas,api_call,2025-12-18T08:44:00,0.1
EVT-000730,ACC-005,Atlas Digital,ACC-005-U008,Canvas,export,2025-12-18T10:23:00,7.6
EVT-000731,ACC-005,Atlas Digital,ACC-005-U004,Canvas,feature_use,2025-12-19T15:06:00,30.2
EVT-000732,ACC-005,Atlas Digital,ACC-005-U032,Canvas,login,2025-12-19T15:50:00,43.0
EVT-000733,ACC-005,Atlas Digital,ACC-005-U012,Canvas,login,2025-12-19T12:33:00,35.8
EVT-000734,ACC-005,Atlas Digital,ACC-005-U025,Canvas,api_call,2025-12-19T11:27:00,1.0
EVT-000735,ACC-005,Atlas Digital,ACC-005-U004,Canvas,export,2025-12-19T11:15:00,4.1
EVT-000736,ACC-005,Atlas Digital,ACC-005-U043,Canvas,feature_use,2025-12-20T16:56:00,42.8
EVT-000737,ACC-005,Atlas Digital,ACC-005-U016,Canvas,feature_use,2025-12-21T06:40:00,40.6
EVT-000738,ACC-005,Atlas Digital,ACC-005-U040,Canvas,feature_use,2025-12-22T14:55:00,41.4
EVT-000739,ACC-005,Atlas Digital,ACC-005-U026,Canvas,api_call,2025-12-22T13:34:00,1.9
EVT-000740,ACC-005,Atlas Digital,ACC-005-U048,Canvas,login,2025-12-22T15:05:00,34.1
EVT-000741,ACC-005,Atlas Digital,ACC-005-U041,Canvas,invite_sent,2025-12-22T19:20:00,0.6
EVT-000742,ACC-005,Atlas Digital,ACC-005-U009,Canvas,export,2025-12-22T10:30:00,3.0
EVT-000743,ACC-005,Atlas Digital,ACC-005-U015,Canvas,export,2025-12-23T12:54:00,2.0
EVT-000744,ACC-005,Atlas Digital,ACC-005-U015,Canvas,feature_use,2025-12-23T08:34:00,3.1
EVT-000745,ACC-005,Atlas Digital,ACC-005-U006,Canvas,invite_sent,2025-12-23T12:43:00,1.9
EVT-000746,ACC-005,Atlas Digital,ACC-005-U019,Canvas,feature_use,2025-12-23T10:25:00,37.3
EVT-000747,ACC-005,Atlas Digital,ACC-005-U043,Canvas,feature_use,2025-12-23T11:14:00,49.5
EVT-000748,ACC-005,Atlas Digital,ACC-005-U053,Canvas,login,2025-12-23T16:54:00,13.5
EVT-000749,ACC-005,Atlas Digital,ACC-005-U019,Canvas,feature_use,2025-12-23T21:07:00,20.6
EVT-000750,ACC-005,Atlas Digital,ACC-005-U025,Canvas,feature_use,2025-12-24T11:44:00,33.1
EVT-000751,ACC-005,Atlas Digital,ACC-005-U054,Canvas,login,2025-12-24T17:55:00,15.2
EVT-000752,ACC-005,Atlas Digital,ACC-005-U040,Canvas,api_call,2025-12-24T13:10:00,1.4
EVT-000753,ACC-005,Atlas Digital,ACC-005-U012,Canvas,feature_use,2025-12-24T18:13:00,30.5
EVT-000754,ACC-005,Atlas Digital,ACC-005-U054,Canvas,export,2025-12-24T16:36:00,1.1
EVT-000755,ACC-005,Atlas Digital,ACC-005-U026,Canvas,export,2025-12-25T15:05:00,9.9
EVT-000756,ACC-005,Atlas Digital,ACC-005-U039,Canvas,api_call,2025-12-25T11:41:00,1.3
EVT-000757,ACC-005,Atlas Digital,ACC-005-U033,Canvas,login,2025-12-25T09:41:00,6.1
EVT-000758,ACC-005,Atlas Digital,ACC-005-U016,Canvas,login,2025-12-25T14:17:00,26.2
EVT-000759,ACC-005,Atlas Digital,ACC-005-U003,Canvas,export,2025-12-25T13:41:00,2.6
EVT-000760,ACC-005,Atlas Digital,ACC-005-U003,Canvas,login,2025-12-25T11:45:00,6.5
EVT-000761,ACC-005,Atlas Digital,ACC-005-U020,Canvas,feature_use,2025-12-25T12:52:00,42.9
EVT-000762,ACC-005,Atlas Digital,ACC-005-U006,Canvas,login,2025-12-26T11:34:00,6.5
EVT-000763,ACC-005,Atlas Digital,ACC-005-U005,Canvas,invite_sent,2025-12-26T10:02:00,3.5
EVT-000764,ACC-005,Atlas Digital,ACC-005-U039,Canvas,export,2025-12-26T14:44:00,5.0
EVT-000765,ACC-005,Atlas Digital,ACC-005-U042,Canvas,feature_use,2025-12-26T15:42:00,32.1
EVT-000766,ACC-005,Atlas Digital,ACC-005-U011,Canvas,login,2025-12-26T11:53:00,9.3
EVT-000767,ACC-005,Atlas Digital,ACC-005-U057,Canvas,feature_use,2025-12-26T11:08:00,15.3
EVT-000768,ACC-005,Atlas Digital,ACC-005-U042,Canvas,api_call,2025-12-27T10:40:00,0.4
EVT-000769,ACC-005,Atlas Digital,ACC-005-U005,Canvas,feature_use,2025-12-29T18:11:00,9.0
EVT-000770,ACC-005,Atlas Digital,ACC-005-U046,Canvas,feature_use,2025-12-29T09:22:00,49.0
EVT-000771,ACC-005,Atlas Digital,ACC-005-U024,Canvas,feature_use,2025-12-29T18:10:00,37.6
EVT-000772,ACC-005,Atlas Digital,ACC-005-U060,Canvas,login,2025-12-29T15:50:00,36.5
EVT-000773,ACC-005,Atlas Digital,ACC-005-U010,Canvas,login,2025-12-30T19:56:00,19.8
EVT-000774,ACC-005,Atlas Digital,ACC-005-U056,Canvas,feature_use,2025-12-30T19:26:00,51.9
EVT-000775,ACC-005,Atlas Digital,ACC-005-U027,Canvas,api_call,2025-12-30T09:15:00,1.3
EVT-000776,ACC-005,Atlas Digital,ACC-005-U039,Canvas,feature_use,2025-12-30T11:59:00,7.8
EVT-000777,ACC-005,Atlas Digital,ACC-005-U045,Canvas,feature_use,2025-12-31T12:24:00,57.3
EVT-000778,ACC-005,Atlas Digital,ACC-005-U031,Canvas,invite_sent,2025-12-31T15:53:00,2.0
EVT-000779,ACC-005,Atlas Digital,ACC-005-U046,Canvas,login,2025-12-31T11:00:00,22.3
EVT-000780,ACC-005,Atlas Digital,ACC-005-U042,Canvas,feature_use,2026-01-01T12:58:00,54.2
EVT-000781,ACC-005,Atlas Digital,ACC-005-U050,Canvas,login,2026-01-01T10:25:00,29.9
EVT-000782,ACC-005,Atlas Digital,ACC-005-U032,Canvas,feature_use,2026-01-01T14:17:00,53.9
EVT-000783,ACC-005,Atlas Digital,ACC-005-U026,Canvas,export,2026-01-01T09:47:00,5.0
EVT-000784,ACC-005,Atlas Digital,ACC-005-U023,Canvas,feature_use,2026-01-01T10:12:00,52.6
EVT-000785,ACC-005,Atlas Digital,ACC-005-U045,Canvas,login,2026-01-02T12:38:00,37.5
EVT-000786,ACC-005,Atlas Digital,ACC-005-U007,Canvas,feature_use,2026-01-02T13:48:00,19.5
EVT-000787,ACC-005,Atlas Digital,ACC-005-U036,Canvas,feature_use,2026-01-02T10:17:00,44.6
EVT-000788,ACC-005,Atlas Digital,ACC-005-U002,Canvas,api_call,2026-01-02T10:52:00,2.0
EVT-000789,ACC-005,Atlas Digital,ACC-005-U036,Canvas,feature_use,2026-01-02T09:46:00,47.6
EVT-000790,ACC-005,Atlas Digital,ACC-005-U013,Canvas,login,2026-01-03T21:59:00,2.7
EVT-000791,ACC-005,Atlas Digital,ACC-005-U012,Canvas,login,2026-01-03T17:24:00,9.8
EVT-000792,ACC-005,Atlas Digital,ACC-005-U027,Canvas,login,2026-01-05T14:55:00,1.6
EVT-000793,ACC-005,Atlas Digital,ACC-005-U018,Canvas,feature_use,2026-01-05T16:37:00,49.2
EVT-000794,ACC-005,Atlas Digital,ACC-005-U048,Canvas,login,2026-01-05T14:05:00,13.1
EVT-000795,ACC-005,Atlas Digital,ACC-005-U055,Canvas,login,2026-01-05T09:37:00,33.7
EVT-000796,ACC-005,Atlas Digital,ACC-005-U011,Canvas,login,2026-01-05T09:34:00,20.6
EVT-000797,ACC-005,Atlas Digital,ACC-005-U014,Canvas,feature_use,2026-01-05T16:34:00,30.0
EVT-000798,ACC-005,Atlas Digital,ACC-005-U034,Canvas,login,2026-01-06T12:49:00,34.0
EVT-000799,ACC-005,Atlas Digital,ACC-005-U008,Canvas,feature_use,2026-01-06T06:36:00,14.8
EVT-000800,ACC-005,Atlas Digital,ACC-005-U058,Canvas,api_call,2026-01-06T13:45:00,1.6
EVT-000801,ACC-005,Atlas Digital,ACC-005-U009,Canvas,feature_use,2026-01-06T16:35:00,15.6
EVT-000802,ACC-005,Atlas Digital,ACC-005-U046,Canvas,login,2026-01-06T11:40:00,24.5
EVT-000803,ACC-005,Atlas Digital,ACC-005-U043,Canvas,login,2026-01-07T14:55:00,43.8
EVT-000804,ACC-005,Atlas Digital,ACC-005-U019,Canvas,export,2026-01-07T19:16:00,7.2
EVT-000805,ACC-005,Atlas Digital,ACC-005-U048,Canvas,api_call,2026-01-07T11:37:00,0.5
EVT-000806,ACC-005,Atlas Digital,ACC-005-U036,Canvas,login,2026-01-07T16:23:00,11.2
EVT-000807,ACC-005,Atlas Digital,ACC-005-U058,Canvas,login,2026-01-07T10:55:00,9.0
EVT-000808,ACC-005,Atlas Digital,ACC-005-U040,Canvas,login,2026-01-08T11:40:00,34.9
EVT-000809,ACC-005,Atlas Digital,ACC-005-U052,Canvas,export,2026-01-08T17:34:00,1.1
EVT-000810,ACC-005,Atlas Digital,ACC-005-U001,Canvas,api_call,2026-01-08T09:48:00,0.3
EVT-000811,ACC-005,Atlas Digital,ACC-005-U058,Canvas,api_call,2026-01-08T13:15:00,0.7
EVT-000812,ACC-005,Atlas Digital,ACC-005-U012,Canvas,feature_use,2026-01-08T17:06:00,10.0
EVT-000813,ACC-005,Atlas Digital,ACC-005-U030,Canvas,login,2026-01-08T12:00:00,40.0
EVT-000814,ACC-005,Atlas Digital,ACC-005-U025,Canvas,feature_use,2026-01-09T15:09:00,37.2
EVT-000815,ACC-005,Atlas Digital,ACC-005-U003,Canvas,feature_use,2026-01-09T18:17:00,19.4
EVT-000816,ACC-005,Atlas Digital,ACC-005-U020,Canvas,export,2026-01-09T17:45:00,9.4
EVT-000817,ACC-005,Atlas Digital,ACC-005-U052,Canvas,export,2026-01-09T20:49:00,8.8
EVT-000818,ACC-005,Atlas Digital,ACC-005-U007,Canvas,feature_use,2026-01-09T16:50:00,25.3
EVT-000819,ACC-005,Atlas Digital,ACC-005-U008,Canvas,login,2026-01-09T16:09:00,19.8
EVT-000820,ACC-005,Atlas Digital,ACC-005-U002,Canvas,invite_sent,2026-01-09T12:20:00,1.3
EVT-000821,ACC-005,Atlas Digital,ACC-005-U036,Canvas,feature_use,2026-01-11T17:14:00,47.3
EVT-000822,ACC-005,Atlas Digital,ACC-005-U002,Canvas,feature_use,2026-01-12T10:09:00,36.9
EVT-000823,ACC-005,Atlas Digital,ACC-005-U056,Canvas,login,2026-01-12T14:52:00,4.4
EVT-000824,ACC-005,Atlas Digital,ACC-005-U019,Canvas,export,2026-01-12T09:33:00,5.2
EVT-000825,ACC-005,Atlas Digital,ACC-005-U048,Canvas,feature_use,2026-01-12T12:41:00,44.2
EVT-000826,ACC-005,Atlas Digital,ACC-005-U048,Canvas,login,2026-01-12T18:02:00,7.9
EVT-000827,ACC-005,Atlas Digital,ACC-005-U011,Canvas,feature_use,2026-01-13T12:24:00,40.2
EVT-000828,ACC-005,Atlas Digital,ACC-005-U036,Canvas,api_call,2026-01-13T10:06:00,1.3
EVT-000829,ACC-005,Atlas Digital,ACC-005-U026,Canvas,feature_use,2026-01-13T11:15:00,47.4
EVT-000830,ACC-005,Atlas Digital,ACC-005-U056,Canvas,feature_use,2026-01-13T14:48:00,6.7
EVT-000831,ACC-005,Atlas Digital,ACC-005-U018,Canvas,feature_use,2026-01-13T08:17:00,39.4
EVT-000832,ACC-005,Atlas Digital,ACC-005-U051,Canvas,login,2026-01-14T09:40:00,31.0
EVT-000833,ACC-005,Atlas Digital,ACC-005-U004,Canvas,api_call,2026-01-14T15:49:00,1.6
EVT-000834,ACC-005,Atlas Digital,ACC-005-U023,Canvas,feature_use,2026-01-14T11:39:00,10.5
EVT-000835,ACC-005,Atlas Digital,ACC-005-U002,Canvas,api_call,2026-01-14T12:13:00,1.6
EVT-000836,ACC-005,Atlas Digital,ACC-005-U060,Canvas,feature_use,2026-01-14T09:00:00,59.7
EVT-000837,ACC-005,Atlas Digital,ACC-005-U001,Canvas,feature_use,2026-01-14T16:05:00,58.2
EVT-000838,ACC-005,Atlas Digital,ACC-005-U028,Canvas,feature_use,2026-01-14T11:04:00,12.7
EVT-000839,ACC-005,Atlas Digital,ACC-005-U040,Canvas,login,2026-01-15T15:39:00,39.5
EVT-000840,ACC-005,Atlas Digital,ACC-005-U023,Canvas,export,2026-01-15T09:06:00,6.0
EVT-000841,ACC-005,Atlas Digital,ACC-005-U032,Canvas,login,2026-01-15T09:24:00,18.6
EVT-000842,ACC-005,Atlas Digital,ACC-005-U054,Canvas,feature_use,2026-01-15T13:52:00,29.7
EVT-000843,ACC-005,Atlas Digital,ACC-005-U054,Canvas,login,2026-01-15T18:59:00,33.2
EVT-000844,ACC-005,Atlas Digital,ACC-005-U047,Canvas,login,2026-01-15T11:38:00,15.5
EVT-000845,ACC-005,Atlas Digital,ACC-005-U058,Canvas,login,2026-01-16T18:33:00,32.3
EVT-000846,ACC-005,Atlas Digital,ACC-005-U056,Canvas,login,2026-01-16T18:27:00,3.4
EVT-000847,ACC-005,Atlas Digital,ACC-005-U044,Canvas,login,2026-01-16T12:30:00,16.4
EVT-000848,ACC-005,Atlas Digital,ACC-005-U014,Canvas,feature_use,2026-01-16T12:00:00,42.5
EVT-000849,ACC-005,Atlas Digital,ACC-005-U058,Canvas,export,2026-01-17T16:52:00,8.4
EVT-000850,ACC-005,Atlas Digital,ACC-005-U032,Canvas,invite_sent,2026-01-18T17:40:00,4.7
EVT-000851,ACC-005,Atlas Digital,ACC-005-U032,Canvas,login,2026-01-19T12:11:00,8.7
EVT-000852,ACC-005,Atlas Digital,ACC-005-U035,Canvas,feature_use,2026-01-19T15:27:00,51.2
EVT-000853,ACC-005,Atlas Digital,ACC-005-U037,Canvas,invite_sent,2026-01-19T09:41:00,4.1
EVT-000854,ACC-005,Atlas Digital,ACC-005-U041,Canvas,login,2026-01-19T15:34:00,34.0
EVT-000855,ACC-005,Atlas Digital,ACC-005-U048,Canvas,feature_use,2026-01-19T15:54:00,48.9
EVT-000856,ACC-005,Atlas Digital,ACC-005-U018,Canvas,login,2026-01-20T12:35:00,26.2
EVT-000857,ACC-005,Atlas Digital,ACC-005-U045,Canvas,feature_use,2026-01-20T08:59:00,25.4
EVT-000858,ACC-005,Atlas Digital,ACC-005-U003,Canvas,api_call,2026-01-20T16:25:00,0.8
EVT-000859,ACC-005,Atlas Digital,ACC-005-U018,Canvas,feature_use,2026-01-20T17:32:00,8.7
EVT-000860,ACC-005,Atlas Digital,ACC-005-U057,Canvas,api_call,2026-01-20T11:35:00,1.3
EVT-000861,ACC-005,Atlas Digital,ACC-005-U016,Canvas,export,2026-01-21T19:40:00,3.5
EVT-000862,ACC-005,Atlas Digital,ACC-005-U021,Canvas,login,2026-01-21T09:09:00,41.8
EVT-000863,ACC-005,Atlas Digital,ACC-005-U025,Canvas,api_call,2026-01-21T13:23:00,0.3
EVT-000864,ACC-005,Atlas Digital,ACC-005-U040,Canvas,login,2026-01-21T12:31:00,36.0
EVT-000865,ACC-005,Atlas Digital,ACC-005-U057,Canvas,export,2026-01-21T11:58:00,4.4
EVT-000866,ACC-005,Atlas Digital,ACC-005-U036,Canvas,login,2026-01-21T10:36:00,1.4
EVT-000867,ACC-005,Atlas Digital,ACC-005-U045,Canvas,feature_use,2026-01-22T11:35:00,57.3
EVT-000868,ACC-005,Atlas Digital,ACC-005-U051,Canvas,export,2026-01-22T13:25:00,5.5
EVT-000869,ACC-005,Atlas Digital,ACC-005-U060,Canvas,login,2026-01-22T18:17:00,31.2
EVT-000870,ACC-005,Atlas Digital,ACC-005-U043,Canvas,feature_use,2026-01-22T11:50:00,46.7
EVT-000871,ACC-005,Atlas Digital,ACC-005-U013,Canvas,feature_use,2026-01-22T14:17:00,28.4
EVT-000872,ACC-005,Atlas Digital,ACC-005-U003,Canvas,login,2026-01-23T09:20:00,17.4
EVT-000873,ACC-005,Atlas Digital,ACC-005-U013,Canvas,feature_use,2026-01-23T11:29:00,3.6
EVT-000874,ACC-005,Atlas Digital,ACC-005-U019,Canvas,feature_use,2026-01-23T14:33:00,25.0
EVT-000875,ACC-005,Atlas Digital,ACC-005-U029,Canvas,feature_use,2026-01-23T19:51:00,43.8
EVT-000876,ACC-005,Atlas Digital,ACC-005-U039,Canvas,export,2026-01-23T17:12:00,4.9
EVT-000877,ACC-005,Atlas Digital,ACC-005-U021,Canvas,login,2026-01-24T07:50:00,1.9
EVT-000878,ACC-005,Atlas Digital,ACC-005-U021,Canvas,api_call,2026-01-24T17:25:00,0.6
EVT-000879,ACC-005,Atlas Digital,ACC-005-U058,Canvas,export,2026-01-25T16:25:00,3.5
EVT-000880,ACC-005,Atlas Digital,ACC-005-U058,Canvas,feature_use,2026-01-25T11:29:00,5.7
EVT-000881,ACC-005,Atlas Digital,ACC-005-U002,Canvas,api_call,2026-01-25T09:14:00,1.9
EVT-000882,ACC-005,Atlas Digital,ACC-005-U053,Canvas,export,2026-01-26T10:30:00,5.7
EVT-000883,ACC-005,Atlas Digital,ACC-005-U034,Canvas,feature_use,2026-01-26T10:16:00,44.7
EVT-000884,ACC-005,Atlas Digital,ACC-005-U008,Canvas,feature_use,2026-01-26T10:41:00,50.6
EVT-000885,ACC-005,Atlas Digital,ACC-005-U001,Canvas,login,2026-01-26T10:42:00,22.8
EVT-000886,ACC-005,Atlas Digital,ACC-005-U001,Canvas,api_call,2026-01-26T09:13:00,0.5
EVT-000887,ACC-005,Atlas Digital,ACC-005-U032,Canvas,export,2026-01-26T13:09:00,3.8
EVT-000888,ACC-005,Atlas Digital,ACC-005-U041,Canvas,login,2026-01-27T11:13:00,25.2
EVT-000889,ACC-005,Atlas Digital,ACC-005-U059,Canvas,feature_use,2026-01-27T08:17:00,32.0
EVT-000890,ACC-005,Atlas Digital,ACC-005-U008,Canvas,login,2026-01-27T19:12:00,17.8
EVT-000891,ACC-005,Atlas Digital,ACC-005-U037,Canvas,feature_use,2026-01-27T13:31:00,36.9
EVT-000892,ACC-005,Atlas Digital,ACC-005-U056,Canvas,login,2026-01-27T10:07:00,3.2
EVT-000893,ACC-005,Atlas Digital,ACC-005-U018,Canvas,login,2026-01-27T11:04:00,2.6
EVT-000894,ACC-005,Atlas Digital,ACC-005-U001,Canvas,login,2026-01-28T13:21:00,1.6
EVT-000895,ACC-005,Atlas Digital,ACC-005-U040,Canvas,invite_sent,2026-01-28T10:48:00,4.5
EVT-000896,ACC-005,Atlas Digital,ACC-005-U057,Canvas,invite_sent,2026-01-28T13:15:00,3.1
EVT-000897,ACC-005,Atlas Digital,ACC-005-U022,Canvas,login,2026-01-28T15:18:00,1.8
EVT-000898,ACC-005,Atlas Digital,ACC-005-U011,Canvas,export,2026-01-28T09:51:00,8.0
EVT-000899,ACC-005,Atlas Digital,ACC-005-U036,Canvas,login,2026-01-29T18:24:00,4.9
EVT-000900,ACC-005,Atlas Digital,ACC-005-U035,Canvas,api_call,2026-01-29T18:28:00,1.4
EVT-000901,ACC-005,Atlas Digital,ACC-005-U049,Canvas,login,2026-01-29T18:25:00,30.9
EVT-000902,ACC-005,Atlas Digital,ACC-005-U015,Canvas,feature_use,2026-01-29T13:21:00,5.3
EVT-000903,ACC-005,Atlas Digital,ACC-005-U017,Canvas,export,2026-01-29T17:22:00,6.1
EVT-000904,ACC-005,Atlas Digital,ACC-005-U039,Canvas,invite_sent,2026-01-29T15:29:00,2.7
EVT-000905,ACC-005,Atlas Digital,ACC-005-U053,Canvas,export,2026-01-30T16:27:00,2.3
EVT-000906,ACC-005,Atlas Digital,ACC-005-U020,Canvas,login,2026-01-30T11:51:00,21.8
EVT-000907,ACC-005,Atlas Digital,ACC-005-U057,Canvas,feature_use,2026-01-30T18:58:00,54.5
EVT-000908,ACC-005,Atlas Digital,ACC-005-U055,Canvas,login,2026-01-30T18:51:00,20.2
EVT-000909,ACC-005,Atlas Digital,ACC-005-U005,Canvas,login,2026-01-30T10:19:00,19.3
EVT-000910,ACC-005,Atlas Digital,ACC-005-U020,Canvas,feature_use,2026-01-30T14:24:00,38.8
EVT-000911,ACC-005,Atlas Digital,ACC-005-U026,Canvas,export,2026-02-02T09:37:00,8.8
EVT-000912,ACC-005,Atlas Digital,ACC-005-U011,Canvas,export,2026-02-02T14:31:00,5.6
EVT-000913,ACC-005,Atlas Digital,ACC-005-U016,Canvas,api_call,2026-02-02T10:40:00,1.3
EVT-000914,ACC-005,Atlas Digital,ACC-005-U048,Canvas,api_call,2026-02-02T10:04:00,1.3
EVT-000915,ACC-005,Atlas Digital,ACC-005-U050,Canvas,feature_use,2026-02-02T09:13:00,9.9
EVT-000916,ACC-005,Atlas Digital,ACC-005-U020,Canvas,login,2026-02-02T12:59:00,23.3
EVT-000917,ACC-005,Atlas Digital,ACC-005-U002,Canvas,feature_use,2026-02-03T13:52:00,48.6
EVT-000918,ACC-005,Atlas Digital,ACC-005-U019,Canvas,login,2026-02-03T14:00:00,21.1
EVT-000919,ACC-005,Atlas Digital,ACC-005-U045,Canvas,feature_use,2026-02-03T15:02:00,53.9
EVT-000920,ACC-005,Atlas Digital,ACC-005-U033,Canvas,feature_use,2026-02-03T11:10:00,44.2
EVT-000921,ACC-005,Atlas Digital,ACC-005-U033,Canvas,feature_use,2026-02-03T12:04:00,43.3
EVT-000922,ACC-005,Atlas Digital,ACC-005-U043,Canvas,feature_use,2026-02-03T11:45:00,44.0
EVT-000923,ACC-005,Atlas Digital,ACC-005-U040,Canvas,export,2026-02-03T18:04:00,6.9
EVT-000924,ACC-005,Atlas Digital,ACC-005-U017,Canvas,login,2026-02-04T16:24:00,39.8
EVT-000925,ACC-005,Atlas Digital,ACC-005-U015,Canvas,login,2026-02-04T08:47:00,12.0
EVT-000926,ACC-005,Atlas Digital,ACC-005-U025,Canvas,export,2026-02-04T17:59:00,6.5
EVT-000927,ACC-005,Atlas Digital,ACC-005-U033,Canvas,login,2026-02-04T09:40:00,20.8
EVT-000928,ACC-005,Atlas Digital,ACC-005-U053,Canvas,login,2026-02-04T11:12:00,20.3
EVT-000929,ACC-005,Atlas Digital,ACC-005-U046,Canvas,api_call,2026-02-04T10:37:00,1.6
EVT-000930,ACC-005,Atlas Digital,ACC-005-U054,Canvas,login,2026-02-04T18:23:00,36.6
EVT-000931,ACC-005,Atlas Digital,ACC-005-U029,Canvas,login,2026-02-05T18:16:00,42.4
EVT-000932,ACC-005,Atlas Digital,ACC-005-U043,Canvas,login,2026-02-05T19:04:00,39.3
EVT-000933,ACC-005,Atlas Digital,ACC-005-U018,Canvas,api_call,2026-02-05T13:25:00,1.9
EVT-000934,ACC-005,Atlas Digital,ACC-005-U012,Canvas,feature_use,2026-02-05T20:41:00,56.4
EVT-000935,ACC-005,Atlas Digital,ACC-005-U005,Canvas,feature_use,2026-02-05T11:48:00,17.9
EVT-000936,ACC-005,Atlas Digital,ACC-005-U012,Canvas,login,2026-02-05T11:48:00,36.9
EVT-000937,ACC-005,Atlas Digital,ACC-005-U012,Canvas,feature_use,2026-02-05T14:39:00,48.9
EVT-000938,ACC-005,Atlas Digital,ACC-005-U047,Canvas,feature_use,2026-02-06T16:44:00,6.0
EVT-000939,ACC-005,Atlas Digital,ACC-005-U039,Canvas,export,2026-02-06T09:07:00,5.9
EVT-000940,ACC-005,Atlas Digital,ACC-005-U028,Canvas,login,2026-02-06T08:14:00,20.2
EVT-000941,ACC-005,Atlas Digital,ACC-005-U023,Canvas,login,2026-02-06T18:50:00,33.9
EVT-000942,ACC-005,Atlas Digital,ACC-005-U060,Canvas,invite_sent,2026-02-06T16:52:00,0.6
EVT-000943,ACC-005,Atlas Digital,ACC-005-U058,Canvas,feature_use,2026-02-07T09:16:00,10.0
EVT-000944,ACC-005,Atlas Digital,ACC-005-U016,Canvas,feature_use,2026-02-07T11:58:00,44.9
EVT-000945,ACC-005,Atlas Digital,ACC-005-U019,Canvas,feature_use,2026-02-08T09:22:00,33.9
EVT-000946,ACC-005,Atlas Digital,ACC-005-U058,Canvas,feature_use,2026-02-09T12:42:00,15.8
EVT-000947,ACC-005,Atlas Digital,ACC-005-U051,Canvas,export,2026-02-09T16:59:00,1.3
EVT-000948,ACC-005,Atlas Digital,ACC-005-U032,Canvas,api_call,2026-02-09T17:37:00,1.8
EVT-000949,ACC-005,Atlas Digital,ACC-005-U008,Canvas,feature_use,2026-02-09T12:27:00,50.3
EVT-000950,ACC-005,Atlas Digital,ACC-005-U006,Canvas,feature_use,2026-02-09T19:18:00,57.3
EVT-000951,ACC-005,Atlas Digital,ACC-005-U043,Canvas,feature_use,2026-02-09T16:16:00,44.0
EVT-000952,ACC-005,Atlas Digital,ACC-005-U048,Canvas,feature_use,2026-02-09T10:58:00,59.6
EVT-000953,ACC-005,Atlas Digital,ACC-005-U040,Canvas,export,2026-02-09T09:15:00,9.6
EVT-000954,ACC-005,Atlas Digital,ACC-005-U022,Canvas,login,2026-02-10T11:04:00,27.9
EVT-000955,ACC-005,Atlas Digital,ACC-005-U054,Canvas,login,2026-02-10T11:31:00,35.6
EVT-000956,ACC-005,Atlas Digital,ACC-005-U018,Canvas,feature_use,2026-02-10T15:03:00,11.4
EVT-000957,ACC-005,Atlas Digital,ACC-005-U039,Canvas,export,2026-02-10T13:28:00,2.7
EVT-000958,ACC-005,Atlas Digital,ACC-005-U048,Canvas,feature_use,2026-02-10T19:16:00,16.0
EVT-000959,ACC-005,Atlas Digital,ACC-005-U008,Canvas,export,2026-02-10T11:45:00,8.7
EVT-000960,ACC-005,Atlas Digital,ACC-005-U059,Canvas,api_call,2026-02-11T16:32:00,1.1
EVT-000961,ACC-005,Atlas Digital,ACC-005-U049,Canvas,feature_use,2026-02-11T15:09:00,36.2
EVT-000962,ACC-005,Atlas Digital,ACC-005-U047,Canvas,invite_sent,2026-02-11T21:36:00,4.8
EVT-000963,ACC-005,Atlas Digital,ACC-005-U045,Canvas,feature_use,2026-02-11T18:51:00,9.9
EVT-000964,ACC-005,Atlas Digital,ACC-005-U029,Canvas,export,2026-02-11T11:12:00,5.7
EVT-000965,ACC-005,Atlas Digital,ACC-005-U010,Canvas,feature_use,2026-02-11T20:14:00,48.5
EVT-000966,ACC-005,Atlas Digital,ACC-005-U006,Canvas,export,2026-02-11T10:46:00,2.0
EVT-000967,ACC-005,Atlas Digital,ACC-005-U015,Canvas,api_call,2026-02-12T09:16:00,0.1
EVT-000968,ACC-005,Atlas Digital,ACC-005-U034,Canvas,export,2026-02-12T08:27:00,2.1
EVT-000969,ACC-005,Atlas Digital,ACC-005-U027,Canvas,invite_sent,2026-02-12T18:58:00,1.1
EVT-000970,ACC-005,Atlas Digital,ACC-005-U019,Canvas,feature_use,2026-02-12T14:45:00,25.9
EVT-000971,ACC-005,Atlas Digital,ACC-005-U035,Canvas,feature_use,2026-02-12T11:38:00,50.0
EVT-000972,ACC-005,Atlas Digital,ACC-005-U033,Canvas,login,2026-02-12T19:58:00,41.5
EVT-000973,ACC-005,Atlas Digital,ACC-005-U021,Canvas,export,2026-02-12T16:44:00,4.9
EVT-000974,ACC-005,Atlas Digital,ACC-005-U053,Canvas,feature_use,2026-02-13T18:20:00,18.9
EVT-000975,ACC-005,Atlas Digital,ACC-005-U001,Canvas,login,2026-02-13T11:28:00,6.2
EVT-000976,ACC-005,Atlas Digital,ACC-005-U021,Canvas,login,2026-02-13T20:48:00,41.4
EVT-000977,ACC-005,Atlas Digital,ACC-005-U001,Canvas,export,2026-02-13T10:53:00,2.3
EVT-000978,ACC-005,Atlas Digital,ACC-005-U048,Canvas,login,2026-02-13T19:34:00,40.7
EVT-000979,ACC-005,Atlas Digital,ACC-005-U056,Canvas,login,2026-02-13T07:13:00,37.6
EVT-000980,ACC-005,Atlas Digital,ACC-005-U052,Canvas,export,2026-02-13T17:18:00,5.7
EVT-000981,ACC-005,Atlas Digital,ACC-005-U046,Canvas,export,2026-02-14T11:05:00,2.0
EVT-000982,ACC-005,Atlas Digital,ACC-005-U058,Canvas,feature_use,2026-02-14T11:40:00,31.9
EVT-000983,ACC-005,Atlas Digital,ACC-005-U021,Canvas,api_call,2026-02-15T10:37:00,1.3
EVT-000984,ACC-005,Atlas Digital,ACC-005-U008,Canvas,api_call,2026-02-16T18:42:00,1.7
EVT-000985,ACC-005,Atlas Digital,ACC-005-U021,Canvas,export,2026-02-16T11:30:00,4.5
EVT-000986,ACC-005,Atlas Digital,ACC-005-U014,Canvas,login,2026-02-16T18:48:00,43.4
EVT-000987,ACC-005,Atlas Digital,ACC-005-U014,Canvas,invite_sent,2026-02-16T15:07:00,2.0
EVT-000988,ACC-005,Atlas Digital,ACC-005-U052,Canvas,invite_sent,2026-02-16T11:25:00,3.5
EVT-000989,ACC-005,Atlas Digital,ACC-005-U045,Canvas,feature_use,2026-02-17T10:40:00,12.5
EVT-000990,ACC-005,Atlas Digital,ACC-005-U044,Canvas,login,2026-02-17T19:01:00,24.7
EVT-000991,ACC-005,Atlas Digital,ACC-005-U055,Canvas,export,2026-02-17T11:49:00,4.0
EVT-000992,ACC-005,Atlas Digital,ACC-005-U010,Canvas,export,2026-02-17T12:12:00,5.7
EVT-000993,ACC-005,Atlas Digital,ACC-005-U019,Canvas,api_call,2026-02-17T17:58:00,0.5
EVT-000994,ACC-005,Atlas Digital,ACC-005-U028,Canvas,feature_use,2026-02-17T10:00:00,34.5
EVT-000995,ACC-005,Atlas Digital,ACC-005-U006,Canvas,api_call,2026-02-18T17:27:00,1.7
EVT-000996,ACC-005,Atlas Digital,ACC-005-U052,Canvas,feature_use,2026-02-18T09:41:00,29.2
EVT-000997,ACC-005,Atlas Digital,ACC-005-U004,Canvas,feature_use,2026-02-18T10:26:00,27.5
EVT-000998,ACC-005,Atlas Digital,ACC-005-U054,Canvas,feature_use,2026-02-18T13:15:00,54.7
EVT-000999,ACC-005,Atlas Digital,ACC-005-U044,Canvas,invite_sent,2026-02-18T19:48:00,3.8
EVT-001000,ACC-005,Atlas Digital,ACC-005-U002,Canvas,export,2026-02-19T18:17:00,6.4
EVT-001001,ACC-005,Atlas Digital,ACC-005-U022,Canvas,feature_use,2026-02-19T15:20:00,20.8
EVT-001002,ACC-005,Atlas Digital,ACC-005-U058,Canvas,feature_use,2026-02-19T21:05:00,51.9
EVT-001003,ACC-005,Atlas Digital,ACC-005-U029,Canvas,export,2026-02-19T16:10:00,4.4
EVT-001004,ACC-005,Atlas Digital,ACC-005-U040,Canvas,login,2026-02-19T20:02:00,20.3
EVT-001005,ACC-005,Atlas Digital,ACC-005-U052,Canvas,login,2026-02-19T13:47:00,36.3
EVT-001006,ACC-005,Atlas Digital,ACC-005-U053,Canvas,feature_use,2026-02-19T12:18:00,19.9
EVT-001007,ACC-005,Atlas Digital,ACC-005-U019,Canvas,export,2026-02-20T11:03:00,5.8
EVT-001008,ACC-005,Atlas Digital,ACC-005-U051,Canvas,login,2026-02-20T18:22:00,29.0
EVT-001009,ACC-005,Atlas Digital,ACC-005-U047,Canvas,login,2026-02-20T18:37:00,37.1
EVT-001010,ACC-005,Atlas Digital,ACC-005-U039,Canvas,feature_use,2026-02-20T10:34:00,26.0
EVT-001011,ACC-005,Atlas Digital,ACC-005-U019,Canvas,feature_use,2026-02-20T10:11:00,8.9
EVT-001012,ACC-005,Atlas Digital,ACC-005-U054,Canvas,login,2026-02-20T15:24:00,24.0
EVT-001013,ACC-005,Atlas Digital,ACC-005-U031,Canvas,invite_sent,2026-02-20T15:58:00,3.8
EVT-001014,ACC-005,Atlas Digital,ACC-005-U040,Canvas,api_call,2026-02-21T13:28:00,0.2
EVT-001015,ACC-005,Atlas Digital,ACC-005-U049,Canvas,export,2026-02-22T17:20:00,4.2
EVT-001016,ACC-005,Atlas Digital,ACC-005-U016,Canvas,api_call,2026-02-22T19:40:00,1.7
EVT-001017,ACC-005,Atlas Digital,ACC-005-U024,Canvas,feature_use,2026-02-23T11:30:00,4.9
EVT-001018,ACC-005,Atlas Digital,ACC-005-U046,Canvas,invite_sent,2026-02-23T11:03:00,3.7
EVT-001019,ACC-005,Atlas Digital,ACC-005-U004,Canvas,api_call,2026-02-23T21:40:00,1.9
EVT-001020,ACC-005,Atlas Digital,ACC-005-U035,Canvas,login,2026-02-23T15:34:00,34.0
EVT-001021,ACC-005,Atlas Digital,ACC-005-U051,Canvas,feature_use,2026-02-23T16:45:00,37.9
EVT-001022,ACC-005,Atlas Digital,ACC-005-U059,Canvas,login,2026-02-23T09:28:00,37.7
EVT-001023,ACC-005,Atlas Digital,ACC-005-U029,Canvas,login,2026-02-23T20:12:00,24.9
EVT-001024,ACC-005,Atlas Digital,ACC-005-U028,Canvas,api_call,2026-02-23T11:45:00,1.7
EVT-001025,ACC-005,Atlas Digital,ACC-005-U023,Canvas,login,2026-02-24T10:05:00,41.4
EVT-001026,ACC-005,Atlas Digital,ACC-005-U050,Canvas,feature_use,2026-02-24T16:50:00,58.0
EVT-001027,ACC-005,Atlas Digital,ACC-005-U011,Canvas,feature_use,2026-02-24T18:15:00,29.2
EVT-001028,ACC-005,Atlas Digital,ACC-005-U012,Canvas,export,2026-02-24T11:24:00,7.6
EVT-001029,ACC-005,Atlas Digital,ACC-005-U006,Canvas,login,2026-02-24T12:53:00,25.9
EVT-001030,ACC-005,Atlas Digital,ACC-005-U004,Canvas,api_call,2026-02-24T11:44:00,0.4
EVT-001031,ACC-005,Atlas Digital,ACC-005-U007,Canvas,feature_use,2026-02-25T14:42:00,21.4
EVT-001032,ACC-005,Atlas Digital,ACC-005-U021,Canvas,feature_use,2026-02-25T11:57:00,9.0
EVT-001033,ACC-005,Atlas Digital,ACC-005-U023,Canvas,feature_use,2026-02-25T15:06:00,22.1
EVT-001034,ACC-005,Atlas Digital,ACC-005-U003,Canvas,feature_use,2026-02-25T10:01:00,29.6
EVT-001035,ACC-005,Atlas Digital,ACC-005-U039,Canvas,feature_use,2026-02-25T16:30:00,42.6
EVT-001036,ACC-005,Atlas Digital,ACC-005-U035,Canvas,export,2026-02-25T13:25:00,6.4
EVT-001037,ACC-005,Atlas Digital,ACC-005-U057,Canvas,invite_sent,2026-02-25T16:57:00,4.4
EVT-001038,ACC-005,Atlas Digital,ACC-005-U011,Canvas,api_call,2026-02-26T16:09:00,0.9
EVT-001039,ACC-005,Atlas Digital,ACC-005-U031,Canvas,login,2026-02-26T09:35:00,8.0
EVT-001040,ACC-005,Atlas Digital,ACC-005-U010,Canvas,api_call,2026-02-26T17:45:00,1.4
EVT-001041,ACC-005,Atlas Digital,ACC-005-U039,Canvas,feature_use,2026-02-26T19:25:00,21.1
EVT-001042,ACC-005,Atlas Digital,ACC-005-U041,Canvas,api_call,2026-02-26T12:25:00,1.5
EVT-001043,ACC-005,Atlas Digital,ACC-005-U058,Canvas,feature_use,2026-02-26T20:01:00,41.2
EVT-001044,ACC-005,Atlas Digital,ACC-005-U020,Canvas,export,2026-02-26T11:52:00,4.3
EVT-001045,ACC-005,Atlas Digital,ACC-005-U027,Canvas,login,2026-02-27T13:43:00,6.7
EVT-001046,ACC-005,Atlas Digital,ACC-005-U047,Canvas,feature_use,2026-02-27T12:49:00,57.7
EVT-001047,ACC-005,Atlas Digital,ACC-005-U042,Canvas,feature_use,2026-02-27T09:51:00,45.3
EVT-001048,ACC-005,Atlas Digital,ACC-005-U060,Canvas,export,2026-02-27T17:23:00,7.4
EVT-001049,ACC-005,Atlas Digital,ACC-005-U013,Canvas,invite_sent,2026-02-27T12:43:00,2.9
EVT-001050,ACC-005,Atlas Digital,ACC-005-U009,Canvas,login,2026-02-27T16:16:00,42.7
EVT-001051,ACC-005,Atlas Digital,ACC-005-U006,Canvas,feature_use,2026-02-27T08:55:00,29.5
EVT-001052,ACC-005,Atlas Digital,ACC-005-U035,Canvas,feature_use,2026-02-27T15:16:00,53.7
EVT-001053,ACC-005,Atlas Digital,ACC-005-U011,Canvas,export,2026-02-27T07:17:00,7.9
EVT-001054,ACC-005,Atlas Digital,ACC-005-U029,Canvas,feature_use,2026-02-28T10:34:00,25.6
EVT-001055,ACC-005,Atlas Digital,ACC-005-U040,Canvas,login,2026-03-01T09:46:00,17.4
EVT-001056,ACC-005,Atlas Digital,ACC-005-U034,Canvas,feature_use,2026-03-01T09:59:00,58.9
EVT-001057,ACC-005,Atlas Digital,ACC-005-U034,Canvas,feature_use,2026-03-01T19:16:00,4.3
EVT-001058,ACC-005,Atlas Digital,ACC-005-U051,Canvas,login,2026-03-02T20:20:00,27.4
EVT-001059,ACC-005,Atlas Digital,ACC-005-U028,Canvas,login,2026-03-02T10:39:00,32.2
EVT-001060,ACC-005,Atlas Digital,ACC-005-U024,Canvas,feature_use,2026-03-02T11:24:00,39.2
EVT-001061,ACC-005,Atlas Digital,ACC-005-U056,Canvas,feature_use,2026-03-02T17:09:00,21.2
EVT-001062,ACC-005,Atlas Digital,ACC-005-U030,Canvas,login,2026-03-02T15:16:00,31.7
EVT-001063,ACC-005,Atlas Digital,ACC-005-U041,Canvas,export,2026-03-02T09:31:00,6.1
EVT-001064,ACC-005,Atlas Digital,ACC-005-U039,Canvas,login,2026-03-02T13:19:00,33.9
EVT-001065,ACC-005,Atlas Digital,ACC-005-U024,Canvas,feature_use,2026-03-02T10:37:00,29.6
EVT-001066,ACC-005,Atlas Digital,ACC-005-U045,Canvas,login,2026-03-03T16:18:00,18.8
EVT-001067,ACC-005,Atlas Digital,ACC-005-U041,Canvas,api_call,2026-03-03T11:34:00,0.4
EVT-001068,ACC-005,Atlas Digital,ACC-005-U037,Canvas,export,2026-03-03T09:37:00,7.2
EVT-001069,ACC-005,Atlas Digital,ACC-005-U059,Canvas,feature_use,2026-03-03T15:08:00,39.3
EVT-001070,ACC-005,Atlas Digital,ACC-005-U024,Canvas,feature_use,2026-03-03T19:20:00,44.7
EVT-001071,ACC-005,Atlas Digital,ACC-005-U024,Canvas,login,2026-03-03T15:23:00,28.5
EVT-001072,ACC-005,Atlas Digital,ACC-005-U027,Canvas,feature_use,2026-03-03T17:10:00,52.2
EVT-001073,ACC-005,Atlas Digital,ACC-005-U052,Canvas,export,2026-03-03T13:45:00,3.2
EVT-001074,ACC-005,Atlas Digital,ACC-005-U018,Canvas,feature_use,2026-03-04T08:51:00,50.2
EVT-001075,ACC-005,Atlas Digital,ACC-005-U055,Canvas,feature_use,2026-03-04T13:41:00,43.8
EVT-001076,ACC-005,Atlas Digital,ACC-005-U027,Canvas,export,2026-03-04T17:48:00,1.9
EVT-001077,ACC-005,Atlas Digital,ACC-005-U023,Canvas,export,2026-03-04T15:09:00,4.3
EVT-001078,ACC-005,Atlas Digital,ACC-005-U049,Canvas,login,2026-03-04T15:04:00,5.3
EVT-001079,ACC-005,Atlas Digital,ACC-005-U028,Canvas,export,2026-03-04T11:44:00,7.8
EVT-001080,ACC-005,Atlas Digital,ACC-005-U027,Canvas,export,2026-03-04T14:38:00,7.3
EVT-001081,ACC-005,Atlas Digital,ACC-005-U021,Canvas,login,2026-03-04T10:23:00,13.7
EVT-001082,ACC-005,Atlas Digital,ACC-005-U055,Canvas,api_call,2026-03-05T10:33:00,1.0
EVT-001083,ACC-005,Atlas Digital,ACC-005-U057,Canvas,feature_use,2026-03-05T15:04:00,24.7
EVT-001084,ACC-005,Atlas Digital,ACC-005-U002,Canvas,feature_use,2026-03-05T11:49:00,15.8
EVT-001085,ACC-005,Atlas Digital,ACC-005-U059,Canvas,feature_use,2026-03-05T18:58:00,29.2
EVT-001086,ACC-005,Atlas Digital,ACC-005-U020,Canvas,export,2026-03-05T08:40:00,4.3
EVT-001087,ACC-005,Atlas Digital,ACC-005-U031,Canvas,feature_use,2026-03-05T19:54:00,18.5
EVT-001088,ACC-005,Atlas Digital,ACC-005-U027,Canvas,feature_use,2026-03-06T10:07:00,39.1
EVT-001089,ACC-005,Atlas Digital,ACC-005-U009,Canvas,feature_use,2026-03-06T14:38:00,8.7
EVT-001090,ACC-005,Atlas Digital,ACC-005-U002,Canvas,feature_use,2026-03-06T17:07:00,36.2
EVT-001091,ACC-005,Atlas Digital,ACC-005-U009,Canvas,feature_use,2026-03-06T16:00:00,39.2
EVT-001092,ACC-005,Atlas Digital,ACC-005-U050,Canvas,feature_use,2026-03-06T10:32:00,31.1
EVT-001093,ACC-005,Atlas Digital,ACC-005-U010,Canvas,invite_sent,2026-03-06T18:15:00,1.8
EVT-001094,ACC-005,Atlas Digital,ACC-005-U039,Canvas,export,2026-03-06T15:07:00,5.5
EVT-001095,ACC-005,Atlas Digital,ACC-005-U031,Canvas,api_call,2026-03-07T15:34:00,0.9
EVT-001096,ACC-005,Atlas Digital,ACC-005-U021,Canvas,export,2026-03-07T10:32:00,7.9
EVT-001097,ACC-005,Atlas Digital,ACC-005-U031,Canvas,export,2026-03-07T15:59:00,5.2
EVT-001098,ACC-005,Atlas Digital,ACC-005-U049,Canvas,feature_use,2026-03-07T10:49:00,11.8
EVT-001099,ACC-005,Atlas Digital,ACC-005-U034,Canvas,export,2026-03-08T19:30:00,3.4
EVT-001100,ACC-005,Atlas Digital,ACC-005-U060,Canvas,login,2026-03-09T11:30:00,11.7
EVT-001101,ACC-005,Atlas Digital,ACC-005-U007,Canvas,invite_sent,2026-03-09T16:24:00,4.8
EVT-001102,ACC-005,Atlas Digital,ACC-005-U035,Canvas,login,2026-03-09T12:06:00,27.7
EVT-001103,ACC-005,Atlas Digital,ACC-005-U022,Canvas,login,2026-03-09T18:07:00,17.3
EVT-001104,ACC-005,Atlas Digital,ACC-005-U011,Canvas,api_call,2026-03-09T20:46:00,0.2
EVT-001105,ACC-005,Atlas Digital,ACC-005-U017,Canvas,api_call,2026-03-09T14:35:00,1.2
EVT-001106,ACC-005,Atlas Digital,ACC-005-U023,Canvas,login,2026-03-09T16:16:00,26.2
EVT-001107,ACC-005,Atlas Digital,ACC-005-U038,Canvas,export,2026-03-09T16:55:00,2.3
EVT-001108,ACC-005,Atlas Digital,ACC-005-U009,Canvas,api_call,2026-03-09T18:11:00,0.9
EVT-001109,ACC-005,Atlas Digital,ACC-005-U024,Canvas,invite_sent,2026-03-10T13:51:00,4.0
EVT-001110,ACC-005,Atlas Digital,ACC-005-U041,Canvas,feature_use,2026-03-10T15:12:00,29.7
EVT-001111,ACC-005,Atlas Digital,ACC-005-U024,Canvas,api_call,2026-03-10T18:47:00,1.0
EVT-001112,ACC-005,Atlas Digital,ACC-005-U017,Canvas,login,2026-03-10T11:33:00,29.5
EVT-001113,ACC-005,Atlas Digital,ACC-005-U053,Canvas,feature_use,2026-03-10T15:24:00,19.7
EVT-001114,ACC-005,Atlas Digital,ACC-005-U030,Canvas,login,2026-03-10T11:14:00,19.8
EVT-001115,ACC-005,Atlas Digital,ACC-005-U010,Canvas,feature_use,2026-03-10T10:52:00,40.3
EVT-001116,ACC-005,Atlas Digital,ACC-005-U035,Canvas,login,2026-03-11T10:49:00,20.3
EVT-001117,ACC-005,Atlas Digital,ACC-005-U055,Canvas,login,2026-03-11T18:46:00,8.7
EVT-001118,ACC-005,Atlas Digital,ACC-005-U054,Canvas,login,2026-03-11T19:47:00,10.2
EVT-001119,ACC-005,Atlas Digital,ACC-005-U036,Canvas,export,2026-03-11T10:05:00,3.9
EVT-001120,ACC-005,Atlas Digital,ACC-005-U025,Canvas,feature_use,2026-03-11T19:01:00,32.0
EVT-001121,ACC-005,Atlas Digital,ACC-005-U057,Canvas,api_call,2026-03-11T17:22:00,0.9
EVT-001122,ACC-005,Atlas Digital,ACC-005-U052,Canvas,api_call,2026-03-11T17:19:00,0.9
EVT-001123,ACC-005,Atlas Digital,ACC-005-U031,Canvas,login,2026-03-12T12:23:00,10.0
EVT-001124,ACC-005,Atlas Digital,ACC-005-U012,Canvas,login,2026-03-12T07:30:00,2.1
EVT-001125,ACC-005,Atlas Digital,ACC-005-U006,Canvas,api_call,2026-03-12T12:38:00,0.2
EVT-001126,ACC-005,Atlas Digital,ACC-005-U030,Canvas,login,2026-03-12T18:05:00,1.7
EVT-001127,ACC-005,Atlas Digital,ACC-005-U014,Canvas,login,2026-03-12T20:54:00,21.9
EVT-001128,ACC-005,Atlas Digital,ACC-005-U028,Canvas,login,2026-03-12T15:19:00,27.5
EVT-001129,ACC-005,Atlas Digital,ACC-005-U040,Canvas,api_call,2026-03-12T11:34:00,0.6
EVT-001130,ACC-005,Atlas Digital,ACC-005-U052,Canvas,login,2026-03-13T17:10:00,2.5
EVT-001131,ACC-005,Atlas Digital,ACC-005-U020,Canvas,login,2026-03-13T17:12:00,22.2
EVT-001132,ACC-005,Atlas Digital,ACC-005-U058,Canvas,feature_use,2026-03-13T15:34:00,15.2
EVT-001133,ACC-005,Atlas Digital,ACC-005-U018,Canvas,export,2026-03-13T13:21:00,6.9
EVT-001134,ACC-005,Atlas Digital,ACC-005-U016,Canvas,login,2026-03-13T13:35:00,36.5
EVT-001135,ACC-005,Atlas Digital,ACC-005-U025,Canvas,export,2026-03-13T13:04:00,4.1
EVT-001136,ACC-005,Atlas Digital,ACC-005-U017,Canvas,feature_use,2026-03-13T09:14:00,58.0
EVT-001137,ACC-005,Atlas Digital,ACC-005-U023,Canvas,invite_sent,2026-03-14T10:52:00,4.9
EVT-001138,ACC-005,Atlas Digital,ACC-005-U023,Canvas,login,2026-03-14T16:12:00,30.9
EVT-001139,ACC-005,Atlas Digital,ACC-005-U028,Canvas,feature_use,2026-03-14T14:33:00,47.5
EVT-001140,ACC-006,Summit Healthcare,ACC-006-U019,Flow,api_call,2025-12-17T09:19:00,1.0
EVT-001141,ACC-006,Summit Healthcare,ACC-006-U013,Canvas,login,2025-12-17T11:59:00,25.5
EVT-001142,ACC-006,Summit Healthcare,ACC-006-U040,Flow,login,2025-12-19T11:57:00,43.4
EVT-001143,ACC-006,Summit Healthcare,ACC-006-U027,Canvas,export,2025-12-19T15:13:00,6.3
EVT-001144,ACC-006,Summit Healthcare,ACC-006-U010,Canvas,feature_use,2025-12-20T13:49:00,32.7
EVT-001145,ACC-006,Summit Healthcare,ACC-006-U039,Flow,api_call,2025-12-24T18:40:00,1.5
EVT-001146,ACC-006,Summit Healthcare,ACC-006-U028,Flow,export,2025-12-24T11:00:00,3.3
EVT-001147,ACC-006,Summit Healthcare,ACC-006-U007,Flow,login,2025-12-25T17:41:00,5.7
EVT-001148,ACC-006,Summit Healthcare,ACC-006-U038,Canvas,login,2025-12-25T11:43:00,34.6
EVT-001149,ACC-006,Summit Healthcare,ACC-006-U030,Flow,export,2025-12-26T14:01:00,1.2
EVT-001150,ACC-006,Summit Healthcare,ACC-006-U029,Canvas,login,2025-12-26T07:29:00,19.1
EVT-001151,ACC-006,Summit Healthcare,ACC-006-U006,Flow,feature_use,2025-12-30T10:24:00,31.3
EVT-001152,ACC-006,Summit Healthcare,ACC-006-U023,Flow,api_call,2025-12-30T11:28:00,1.0
EVT-001153,ACC-006,Summit Healthcare,ACC-006-U036,Canvas,login,2025-12-31T14:56:00,5.0
EVT-001154,ACC-006,Summit Healthcare,ACC-006-U033,Flow,login,2025-12-31T11:08:00,16.0
EVT-001155,ACC-006,Summit Healthcare,ACC-006-U033,Canvas,api_call,2025-12-31T18:51:00,1.5
EVT-001156,ACC-006,Summit Healthcare,ACC-006-U015,Flow,api_call,2026-01-02T14:36:00,0.9
EVT-001157,ACC-006,Summit Healthcare,ACC-006-U039,Flow,login,2026-01-02T12:36:00,23.8
EVT-001158,ACC-006,Summit Healthcare,ACC-006-U009,Canvas,export,2026-01-05T15:35:00,7.5
EVT-001159,ACC-006,Summit Healthcare,ACC-006-U016,Flow,login,2026-01-05T13:28:00,37.8
EVT-001160,ACC-006,Summit Healthcare,ACC-006-U033,Flow,login,2026-01-05T07:28:00,44.8
EVT-001161,ACC-006,Summit Healthcare,ACC-006-U017,Flow,export,2026-01-06T20:13:00,9.5
EVT-001162,ACC-006,Summit Healthcare,ACC-006-U018,Flow,api_call,2026-01-07T08:48:00,1.9
EVT-001163,ACC-006,Summit Healthcare,ACC-006-U015,Canvas,export,2026-01-07T08:26:00,1.6
EVT-001164,ACC-006,Summit Healthcare,ACC-006-U019,Flow,api_call,2026-01-08T13:54:00,0.8
EVT-001165,ACC-006,Summit Healthcare,ACC-006-U034,Canvas,export,2026-01-11T06:33:00,1.9
EVT-001166,ACC-006,Summit Healthcare,ACC-006-U002,Canvas,feature_use,2026-01-12T18:45:00,35.7
EVT-001167,ACC-006,Summit Healthcare,ACC-006-U034,Canvas,feature_use,2026-01-12T12:39:00,49.4
EVT-001168,ACC-006,Summit Healthcare,ACC-006-U020,Canvas,api_call,2026-01-12T11:22:00,0.7
EVT-001169,ACC-006,Summit Healthcare,ACC-006-U013,Flow,api_call,2026-01-13T08:15:00,1.4
EVT-001170,ACC-006,Summit Healthcare,ACC-006-U032,Canvas,login,2026-01-13T10:25:00,37.0
EVT-001171,ACC-006,Summit Healthcare,ACC-006-U015,Canvas,login,2026-01-14T12:24:00,28.6
EVT-001172,ACC-006,Summit Healthcare,ACC-006-U038,Flow,login,2026-01-14T14:39:00,5.6
EVT-001173,ACC-006,Summit Healthcare,ACC-006-U006,Canvas,feature_use,2026-01-15T13:03:00,45.1
EVT-001174,ACC-006,Summit Healthcare,ACC-006-U004,Flow,login,2026-01-15T08:52:00,43.4
EVT-001175,ACC-006,Summit Healthcare,ACC-006-U003,Canvas,export,2026-01-16T14:39:00,5.5
EVT-001176,ACC-006,Summit Healthcare,ACC-006-U033,Canvas,api_call,2026-01-16T15:59:00,0.5
EVT-001177,ACC-006,Summit Healthcare,ACC-006-U026,Flow,api_call,2026-01-18T14:55:00,0.9
EVT-001178,ACC-006,Summit Healthcare,ACC-006-U003,Canvas,api_call,2026-01-18T18:26:00,1.3
EVT-001179,ACC-006,Summit Healthcare,ACC-006-U017,Canvas,export,2026-01-19T15:07:00,3.0
EVT-001180,ACC-006,Summit Healthcare,ACC-006-U039,Flow,login,2026-01-19T10:47:00,24.6
EVT-001181,ACC-006,Summit Healthcare,ACC-006-U003,Flow,login,2026-01-20T08:30:00,23.8
EVT-001182,ACC-006,Summit Healthcare,ACC-006-U019,Canvas,login,2026-01-20T10:48:00,37.7
EVT-001183,ACC-006,Summit Healthcare,ACC-006-U005,Canvas,feature_use,2026-01-21T18:22:00,57.2
EVT-001184,ACC-006,Summit Healthcare,ACC-006-U003,Canvas,api_call,2026-01-21T12:18:00,0.2
EVT-001185,ACC-006,Summit Healthcare,ACC-006-U013,Canvas,login,2026-01-21T11:46:00,28.6
EVT-001186,ACC-006,Summit Healthcare,ACC-006-U003,Canvas,api_call,2026-01-21T10:33:00,0.2
EVT-001187,ACC-006,Summit Healthcare,ACC-006-U040,Canvas,export,2026-01-22T06:03:00,1.1
EVT-001188,ACC-006,Summit Healthcare,ACC-006-U033,Flow,export,2026-01-22T10:40:00,2.1
EVT-001189,ACC-006,Summit Healthcare,ACC-006-U034,Flow,invite_sent,2026-01-23T13:57:00,3.4
EVT-001190,ACC-006,Summit Healthcare,ACC-006-U002,Flow,feature_use,2026-01-23T09:40:00,23.5
EVT-001191,ACC-006,Summit Healthcare,ACC-006-U031,Flow,invite_sent,2026-01-23T12:01:00,4.5
EVT-001192,ACC-006,Summit Healthcare,ACC-006-U014,Flow,export,2026-01-25T12:23:00,5.0
EVT-001193,ACC-006,Summit Healthcare,ACC-006-U018,Canvas,feature_use,2026-01-26T14:28:00,29.8
EVT-001194,ACC-006,Summit Healthcare,ACC-006-U018,Flow,login,2026-01-26T14:10:00,10.6
EVT-001195,ACC-006,Summit Healthcare,ACC-006-U014,Canvas,feature_use,2026-01-27T18:08:00,29.7
EVT-001196,ACC-006,Summit Healthcare,ACC-006-U021,Flow,feature_use,2026-01-27T13:40:00,46.5
EVT-001197,ACC-006,Summit Healthcare,ACC-006-U034,Canvas,export,2026-01-27T06:55:00,1.8
EVT-001198,ACC-006,Summit Healthcare,ACC-006-U034,Flow,api_call,2026-01-27T18:12:00,0.7
EVT-001199,ACC-006,Summit Healthcare,ACC-006-U021,Flow,login,2026-01-28T13:17:00,25.3
EVT-001200,ACC-006,Summit Healthcare,ACC-006-U012,Canvas,export,2026-01-28T12:48:00,2.3
EVT-001201,ACC-006,Summit Healthcare,ACC-006-U005,Canvas,api_call,2026-01-28T13:49:00,1.0
EVT-001202,ACC-006,Summit Healthcare,ACC-006-U007,Flow,invite_sent,2026-01-30T07:20:00,4.6
EVT-001203,ACC-006,Summit Healthcare,ACC-006-U006,Canvas,feature_use,2026-01-30T11:27:00,42.9
EVT-001204,ACC-006,Summit Healthcare,ACC-006-U029,Canvas,login,2026-01-30T15:42:00,44.8
EVT-001205,ACC-006,Summit Healthcare,ACC-006-U001,Canvas,feature_use,2026-01-31T13:24:00,14.4
EVT-001206,ACC-006,Summit Healthcare,ACC-006-U027,Flow,login,2026-02-01T11:12:00,16.2
EVT-001207,ACC-006,Summit Healthcare,ACC-006-U033,Flow,login,2026-02-01T18:05:00,41.2
EVT-001208,ACC-006,Summit Healthcare,ACC-006-U021,Canvas,export,2026-02-02T18:04:00,4.1
EVT-001209,ACC-006,Summit Healthcare,ACC-006-U009,Flow,feature_use,2026-02-02T15:39:00,21.9
EVT-001210,ACC-006,Summit Healthcare,ACC-006-U002,Canvas,export,2026-02-02T16:05:00,2.8
EVT-001211,ACC-006,Summit Healthcare,ACC-006-U004,Flow,login,2026-02-03T17:03:00,30.8
EVT-001212,ACC-006,Summit Healthcare,ACC-006-U029,Canvas,feature_use,2026-02-03T20:16:00,7.5
EVT-001213,ACC-006,Summit Healthcare,ACC-006-U014,Canvas,export,2026-02-03T09:11:00,7.3
EVT-001214,ACC-006,Summit Healthcare,ACC-006-U017,Canvas,login,2026-02-03T14:38:00,29.0
EVT-001215,ACC-006,Summit Healthcare,ACC-006-U006,Flow,api_call,2026-02-04T16:27:00,0.2
EVT-001216,ACC-006,Summit Healthcare,ACC-006-U019,Flow,login,2026-02-04T09:37:00,33.7
EVT-001217,ACC-006,Summit Healthcare,ACC-006-U022,Canvas,feature_use,2026-02-04T11:22:00,44.4
EVT-001218,ACC-006,Summit Healthcare,ACC-006-U006,Flow,feature_use,2026-02-04T11:47:00,46.5
EVT-001219,ACC-006,Summit Healthcare,ACC-006-U023,Canvas,feature_use,2026-02-04T11:29:00,5.4
EVT-001220,ACC-006,Summit Healthcare,ACC-006-U013,Canvas,login,2026-02-05T10:01:00,42.6
EVT-001221,ACC-006,Summit Healthcare,ACC-006-U011,Flow,login,2026-02-05T07:25:00,15.8
EVT-001222,ACC-006,Summit Healthcare,ACC-006-U036,Flow,api_call,2026-02-05T11:12:00,1.7
EVT-001223,ACC-006,Summit Healthcare,ACC-006-U038,Flow,feature_use,2026-02-05T10:42:00,57.0
EVT-001224,ACC-006,Summit Healthcare,ACC-006-U032,Flow,export,2026-02-06T09:08:00,4.9
EVT-001225,ACC-006,Summit Healthcare,ACC-006-U033,Flow,feature_use,2026-02-06T15:08:00,24.3
EVT-001226,ACC-006,Summit Healthcare,ACC-006-U026,Flow,login,2026-02-06T12:13:00,20.7
EVT-001227,ACC-006,Summit Healthcare,ACC-006-U037,Canvas,api_call,2026-02-07T16:36:00,1.9
EVT-001228,ACC-006,Summit Healthcare,ACC-006-U031,Canvas,api_call,2026-02-07T14:56:00,0.6
EVT-001229,ACC-006,Summit Healthcare,ACC-006-U031,Flow,feature_use,2026-02-09T19:31:00,47.7
EVT-001230,ACC-006,Summit Healthcare,ACC-006-U028,Canvas,api_call,2026-02-09T19:38:00,1.3
EVT-001231,ACC-006,Summit Healthcare,ACC-006-U031,Canvas,login,2026-02-09T18:33:00,3.7
EVT-001232,ACC-006,Summit Healthcare,ACC-006-U028,Flow,feature_use,2026-02-10T14:48:00,34.7
EVT-001233,ACC-006,Summit Healthcare,ACC-006-U010,Canvas,api_call,2026-02-10T10:38:00,1.0
EVT-001234,ACC-006,Summit Healthcare,ACC-006-U027,Flow,login,2026-02-10T19:07:00,6.7
EVT-001235,ACC-006,Summit Healthcare,ACC-006-U024,Canvas,export,2026-02-11T13:59:00,7.4
EVT-001236,ACC-006,Summit Healthcare,ACC-006-U010,Canvas,login,2026-02-11T19:15:00,24.0
EVT-001237,ACC-006,Summit Healthcare,ACC-006-U010,Flow,invite_sent,2026-02-11T12:48:00,2.0
EVT-001238,ACC-006,Summit Healthcare,ACC-006-U010,Flow,feature_use,2026-02-11T12:50:00,6.5
EVT-001239,ACC-006,Summit Healthcare,ACC-006-U010,Canvas,export,2026-02-12T19:08:00,9.5
EVT-001240,ACC-006,Summit Healthcare,ACC-006-U035,Flow,feature_use,2026-02-12T15:01:00,46.1
EVT-001241,ACC-006,Summit Healthcare,ACC-006-U035,Flow,feature_use,2026-02-12T16:35:00,41.2
EVT-001242,ACC-006,Summit Healthcare,ACC-006-U036,Canvas,login,2026-02-12T10:31:00,2.6
EVT-001243,ACC-006,Summit Healthcare,ACC-006-U019,Flow,login,2026-02-13T07:38:00,13.6
EVT-001244,ACC-006,Summit Healthcare,ACC-006-U022,Flow,login,2026-02-13T12:06:00,6.0
EVT-001245,ACC-006,Summit Healthcare,ACC-006-U010,Canvas,export,2026-02-13T11:44:00,7.6
EVT-001246,ACC-006,Summit Healthcare,ACC-006-U010,Flow,feature_use,2026-02-13T15:36:00,6.1
EVT-001247,ACC-006,Summit Healthcare,ACC-006-U019,Canvas,feature_use,2026-02-13T10:11:00,20.7
EVT-001248,ACC-006,Summit Healthcare,ACC-006-U025,Canvas,api_call,2026-02-14T14:50:00,1.0
EVT-001249,ACC-006,Summit Healthcare,ACC-006-U016,Flow,api_call,2026-02-15T12:36:00,0.7
EVT-001250,ACC-006,Summit Healthcare,ACC-006-U005,Canvas,login,2026-02-15T10:27:00,10.5
EVT-001251,ACC-006,Summit Healthcare,ACC-006-U004,Flow,login,2026-02-15T07:49:00,19.4
EVT-001252,ACC-006,Summit Healthcare,ACC-006-U002,Canvas,export,2026-02-16T16:09:00,5.3
EVT-001253,ACC-006,Summit Healthcare,ACC-006-U014,Canvas,feature_use,2026-02-16T08:27:00,24.5
EVT-001254,ACC-006,Summit Healthcare,ACC-006-U004,Flow,login,2026-02-16T18:42:00,1.6
EVT-001255,ACC-006,Summit Healthcare,ACC-006-U020,Flow,export,2026-02-16T10:17:00,7.5
EVT-001256,ACC-006,Summit Healthcare,ACC-006-U003,Flow,export,2026-02-17T10:25:00,4.1
EVT-001257,ACC-006,Summit Healthcare,ACC-006-U036,Flow,invite_sent,2026-02-17T09:43:00,4.0
EVT-001258,ACC-006,Summit Healthcare,ACC-006-U039,Flow,feature_use,2026-02-17T14:56:00,27.6
EVT-001259,ACC-006,Summit Healthcare,ACC-006-U003,Flow,api_call,2026-02-17T12:34:00,1.3
EVT-001260,ACC-006,Summit Healthcare,ACC-006-U035,Canvas,api_call,2026-02-17T18:40:00,0.8
EVT-001261,ACC-006,Summit Healthcare,ACC-006-U033,Canvas,export,2026-02-18T17:31:00,7.2
EVT-001262,ACC-006,Summit Healthcare,ACC-006-U035,Flow,export,2026-02-18T14:25:00,8.2
EVT-001263,ACC-006,Summit Healthcare,ACC-006-U031,Flow,login,2026-02-18T12:48:00,16.4
EVT-001264,ACC-006,Summit Healthcare,ACC-006-U035,Canvas,feature_use,2026-02-18T17:57:00,28.9
EVT-001265,ACC-006,Summit Healthcare,ACC-006-U006,Canvas,login,2026-02-19T09:22:00,20.9
EVT-001266,ACC-006,Summit Healthcare,ACC-006-U006,Flow,login,2026-02-19T11:23:00,27.3
EVT-001267,ACC-006,Summit Healthcare,ACC-006-U016,Flow,feature_use,2026-02-19T13:39:00,36.6
EVT-001268,ACC-006,Summit Healthcare,ACC-006-U037,Canvas,export,2026-02-19T13:22:00,9.8
EVT-001269,ACC-006,Summit Healthcare,ACC-006-U016,Flow,login,2026-02-20T08:19:00,44.3
EVT-001270,ACC-006,Summit Healthcare,ACC-006-U018,Flow,login,2026-02-20T06:08:00,19.1
EVT-001271,ACC-006,Summit Healthcare,ACC-006-U022,Canvas,feature_use,2026-02-23T17:14:00,41.9
EVT-001272,ACC-006,Summit Healthcare,ACC-006-U032,Flow,api_call,2026-02-23T09:10:00,1.9
EVT-001273,ACC-006,Summit Healthcare,ACC-006-U039,Canvas,export,2026-02-23T14:28:00,9.5
EVT-001274,ACC-006,Summit Healthcare,ACC-006-U033,Flow,export,2026-02-23T16:57:00,4.9
EVT-001275,ACC-006,Summit Healthcare,ACC-006-U008,Canvas,export,2026-02-24T21:23:00,5.0
EVT-001276,ACC-006,Summit Healthcare,ACC-006-U017,Flow,feature_use,2026-02-24T15:37:00,58.3
EVT-001277,ACC-006,Summit Healthcare,ACC-006-U022,Canvas,feature_use,2026-02-24T09:08:00,16.2
EVT-001278,ACC-006,Summit Healthcare,ACC-006-U011,Canvas,login,2026-02-25T13:55:00,6.6
EVT-001279,ACC-006,Summit Healthcare,ACC-006-U033,Flow,feature_use,2026-02-25T14:15:00,59.3
EVT-001280,ACC-006,Summit Healthcare,ACC-006-U021,Flow,api_call,2026-02-25T10:16:00,0.8
EVT-001281,ACC-006,Summit Healthcare,ACC-006-U036,Canvas,export,2026-02-25T11:25:00,1.4
EVT-001282,ACC-006,Summit Healthcare,ACC-006-U010,Canvas,export,2026-02-26T16:02:00,8.0
EVT-001283,ACC-006,Summit Healthcare,ACC-006-U025,Flow,feature_use,2026-02-26T17:58:00,29.5
EVT-001284,ACC-006,Summit Healthcare,ACC-006-U028,Flow,api_call,2026-02-26T18:54:00,1.3
EVT-001285,ACC-006,Summit Healthcare,ACC-006-U018,Canvas,feature_use,2026-02-27T11:52:00,22.9
EVT-001286,ACC-006,Summit Healthcare,ACC-006-U018,Flow,login,2026-02-27T15:12:00,27.3
EVT-001287,ACC-006,Summit Healthcare,ACC-006-U010,Canvas,api_call,2026-02-27T10:43:00,1.4
EVT-001288,ACC-006,Summit Healthcare,ACC-006-U017,Flow,login,2026-02-27T13:07:00,21.4
EVT-001289,ACC-006,Summit Healthcare,ACC-006-U035,Flow,feature_use,2026-02-27T17:53:00,14.7
EVT-001290,ACC-006,Summit Healthcare,ACC-006-U018,Canvas,api_call,2026-02-27T12:25:00,1.6
EVT-001291,ACC-006,Summit Healthcare,ACC-006-U013,Flow,api_call,2026-03-01T21:37:00,1.0
EVT-001292,ACC-006,Summit Healthcare,ACC-006-U006,Flow,login,2026-03-02T16:27:00,5.2
EVT-001293,ACC-006,Summit Healthcare,ACC-006-U004,Canvas,api_call,2026-03-02T06:21:00,1.2
EVT-001294,ACC-006,Summit Healthcare,ACC-006-U012,Flow,login,2026-03-02T10:38:00,11.6
EVT-001295,ACC-006,Summit Healthcare,ACC-006-U025,Flow,api_call,2026-03-02T10:01:00,0.8
EVT-001296,ACC-006,Summit Healthcare,ACC-006-U006,Flow,export,2026-03-02T19:24:00,2.5
EVT-001297,ACC-006,Summit Healthcare,ACC-006-U016,Canvas,api_call,2026-03-03T12:09:00,0.9
EVT-001298,ACC-006,Summit Healthcare,ACC-006-U029,Flow,api_call,2026-03-03T07:48:00,1.5
EVT-001299,ACC-006,Summit Healthcare,ACC-006-U027,Canvas,api_call,2026-03-03T17:33:00,1.0
EVT-001300,ACC-006,Summit Healthcare,ACC-006-U031,Flow,login,2026-03-03T12:28:00,23.3
EVT-001301,ACC-006,Summit Healthcare,ACC-006-U025,Canvas,feature_use,2026-03-03T14:44:00,43.1
EVT-001302,ACC-006,Summit Healthcare,ACC-006-U031,Canvas,feature_use,2026-03-04T18:05:00,44.3
EVT-001303,ACC-006,Summit Healthcare,ACC-006-U013,Flow,feature_use,2026-03-04T18:16:00,18.3
EVT-001304,ACC-006,Summit Healthcare,ACC-006-U016,Canvas,login,2026-03-04T15:38:00,38.6
EVT-001305,ACC-006,Summit Healthcare,ACC-006-U001,Canvas,api_call,2026-03-04T12:48:00,2.0
EVT-001306,ACC-006,Summit Healthcare,ACC-006-U038,Canvas,export,2026-03-04T15:35:00,2.4
EVT-001307,ACC-006,Summit Healthcare,ACC-006-U011,Flow,login,2026-03-04T12:18:00,42.0
EVT-001308,ACC-006,Summit Healthcare,ACC-006-U008,Canvas,login,2026-03-05T17:11:00,5.5
EVT-001309,ACC-006,Summit Healthcare,ACC-006-U010,Canvas,export,2026-03-05T12:11:00,6.0
EVT-001310,ACC-006,Summit Healthcare,ACC-006-U011,Canvas,login,2026-03-05T17:49:00,1.4
EVT-001311,ACC-006,Summit Healthcare,ACC-006-U006,Canvas,feature_use,2026-03-05T12:10:00,54.0
EVT-001312,ACC-006,Summit Healthcare,ACC-006-U015,Flow,login,2026-03-05T17:53:00,6.8
EVT-001313,ACC-006,Summit Healthcare,ACC-006-U005,Flow,export,2026-03-06T17:25:00,6.2
EVT-001314,ACC-006,Summit Healthcare,ACC-006-U035,Flow,feature_use,2026-03-06T13:31:00,26.2
EVT-001315,ACC-006,Summit Healthcare,ACC-006-U016,Canvas,login,2026-03-06T12:19:00,27.4
EVT-001316,ACC-006,Summit Healthcare,ACC-006-U030,Flow,feature_use,2026-03-06T07:31:00,20.1
EVT-001317,ACC-006,Summit Healthcare,ACC-006-U012,Canvas,login,2026-03-06T16:28:00,35.1
EVT-001318,ACC-006,Summit Healthcare,ACC-006-U010,Canvas,feature_use,2026-03-06T10:01:00,20.2
EVT-001319,ACC-006,Summit Healthcare,ACC-006-U026,Flow,invite_sent,2026-03-07T09:40:00,1.6
EVT-001320,ACC-006,Summit Healthcare,ACC-006-U032,Flow,feature_use,2026-03-07T18:56:00,23.0
EVT-001321,ACC-006,Summit Healthcare,ACC-006-U014,Canvas,feature_use,2026-03-07T13:30:00,23.2
EVT-001322,ACC-006,Summit Healthcare,ACC-006-U027,Canvas,export,2026-03-09T16:32:00,5.9
EVT-001323,ACC-006,Summit Healthcare,ACC-006-U018,Canvas,api_call,2026-03-09T15:28:00,0.8
EVT-001324,ACC-006,Summit Healthcare,ACC-006-U028,Flow,login,2026-03-09T10:39:00,34.5
EVT-001325,ACC-006,Summit Healthcare,ACC-006-U026,Flow,feature_use,2026-03-09T11:08:00,5.4
EVT-001326,ACC-006,Summit Healthcare,ACC-006-U014,Flow,feature_use,2026-03-09T17:09:00,26.8
EVT-001327,ACC-006,Summit Healthcare,ACC-006-U020,Flow,invite_sent,2026-03-09T21:10:00,1.4
EVT-001328,ACC-006,Summit Healthcare,ACC-006-U029,Flow,api_call,2026-03-10T10:52:00,1.6
EVT-001329,ACC-006,Summit Healthcare,ACC-006-U003,Flow,feature_use,2026-03-10T13:31:00,21.7
EVT-001330,ACC-006,Summit Healthcare,ACC-006-U021,Flow,login,2026-03-10T17:16:00,27.0
EVT-001331,ACC-006,Summit Healthcare,ACC-006-U005,Canvas,feature_use,2026-03-10T10:15:00,51.1
EVT-001332,ACC-006,Summit Healthcare,ACC-006-U020,Canvas,api_call,2026-03-10T13:26:00,1.4
EVT-001333,ACC-006,Summit Healthcare,ACC-006-U021,Flow,feature_use,2026-03-10T09:10:00,21.9
EVT-001334,ACC-006,Summit Healthcare,ACC-006-U019,Flow,api_call,2026-03-10T16:59:00,1.4
EVT-001335,ACC-006,Summit Healthcare,ACC-006-U017,Flow,feature_use,2026-03-10T12:01:00,27.6
EVT-001336,ACC-006,Summit Healthcare,ACC-006-U006,Flow,api_call,2026-03-11T17:44:00,1.9
EVT-001337,ACC-006,Summit Healthcare,ACC-006-U003,Canvas,invite_sent,2026-03-11T10:08:00,0.5
EVT-001338,ACC-006,Summit Healthcare,ACC-006-U010,Flow,export,2026-03-11T16:42:00,9.3
EVT-001339,ACC-006,Summit Healthcare,ACC-006-U019,Canvas,login,2026-03-11T11:02:00,40.3
EVT-001340,ACC-006,Summit Healthcare,ACC-006-U019,Canvas,invite_sent,2026-03-11T17:12:00,3.3
EVT-001341,ACC-006,Summit Healthcare,ACC-006-U019,Flow,api_call,2026-03-12T13:18:00,0.8
EVT-001342,ACC-006,Summit Healthcare,ACC-006-U028,Flow,feature_use,2026-03-12T17:54:00,56.0
EVT-001343,ACC-006,Summit Healthcare,ACC-006-U033,Flow,login,2026-03-12T16:02:00,21.3
EVT-001344,ACC-006,Summit Healthcare,ACC-006-U032,Canvas,feature_use,2026-03-12T09:28:00,9.7
EVT-001345,ACC-006,Summit Healthcare,ACC-006-U018,Canvas,export,2026-03-12T11:20:00,3.5
EVT-001346,ACC-006,Summit Healthcare,ACC-006-U004,Canvas,export,2026-03-12T09:41:00,4.9
EVT-001347,ACC-006,Summit Healthcare,ACC-006-U034,Flow,invite_sent,2026-03-13T18:11:00,3.9
EVT-001348,ACC-006,Summit Healthcare,ACC-006-U038,Canvas,invite_sent,2026-03-13T13:21:00,2.4
EVT-001349,ACC-006,Summit Healthcare,ACC-006-U003,Canvas,api_call,2026-03-13T14:17:00,0.6
EVT-001350,ACC-006,Summit Healthcare,ACC-006-U011,Canvas,feature_use,2026-03-13T15:45:00,46.9
EVT-001351,ACC-007,Voyager Entertainment,ACC-007-U036,Canvas,feature_use,2025-12-15T15:23:00,4.0
EVT-001352,ACC-007,Voyager Entertainment,ACC-007-U103,Flow,export,2025-12-15T11:29:00,1.1
EVT-001353,ACC-007,Voyager Entertainment,ACC-007-U114,Canvas,api_call,2025-12-15T14:07:00,1.2
EVT-001354,ACC-007,Voyager Entertainment,ACC-007-U024,Canvas,feature_use,2025-12-15T14:48:00,34.6
EVT-001355,ACC-007,Voyager Entertainment,ACC-007-U103,Canvas,feature_use,2025-12-15T17:20:00,4.9
EVT-001356,ACC-007,Voyager Entertainment,ACC-007-U025,Flow,feature_use,2025-12-15T08:06:00,27.3
EVT-001357,ACC-007,Voyager Entertainment,ACC-007-U035,Flow,export,2025-12-15T16:52:00,10.0
EVT-001358,ACC-007,Voyager Entertainment,ACC-007-U085,Canvas,login,2025-12-15T20:33:00,38.4
EVT-001359,ACC-007,Voyager Entertainment,ACC-007-U045,Canvas,feature_use,2025-12-15T12:01:00,45.1
EVT-001360,ACC-007,Voyager Entertainment,ACC-007-U093,Flow,login,2025-12-15T09:33:00,5.1
EVT-001361,ACC-007,Voyager Entertainment,ACC-007-U110,Insight,api_call,2025-12-15T09:16:00,0.8
EVT-001362,ACC-007,Voyager Entertainment,ACC-007-U067,Flow,api_call,2025-12-15T10:51:00,0.4
EVT-001363,ACC-007,Voyager Entertainment,ACC-007-U114,Canvas,login,2025-12-15T16:48:00,14.7
EVT-001364,ACC-007,Voyager Entertainment,ACC-007-U032,Canvas,api_call,2025-12-15T14:44:00,1.1
EVT-001365,ACC-007,Voyager Entertainment,ACC-007-U032,Flow,api_call,2025-12-15T09:25:00,1.4
EVT-001366,ACC-007,Voyager Entertainment,ACC-007-U102,Flow,api_call,2025-12-15T15:17:00,0.9
EVT-001367,ACC-007,Voyager Entertainment,ACC-007-U098,Canvas,login,2025-12-15T14:06:00,42.8
EVT-001368,ACC-007,Voyager Entertainment,ACC-007-U103,Canvas,export,2025-12-16T15:08:00,7.6
EVT-001369,ACC-007,Voyager Entertainment,ACC-007-U091,Flow,invite_sent,2025-12-16T15:45:00,3.1
EVT-001370,ACC-007,Voyager Entertainment,ACC-007-U032,Insight,login,2025-12-16T10:09:00,5.7
EVT-001371,ACC-007,Voyager Entertainment,ACC-007-U024,Insight,feature_use,2025-12-16T12:26:00,10.0
EVT-001372,ACC-007,Voyager Entertainment,ACC-007-U038,Insight,feature_use,2025-12-16T15:54:00,18.7
EVT-001373,ACC-007,Voyager Entertainment,ACC-007-U024,Canvas,feature_use,2025-12-16T15:42:00,13.7
EVT-001374,ACC-007,Voyager Entertainment,ACC-007-U066,Flow,feature_use,2025-12-16T08:00:00,18.6
EVT-001375,ACC-007,Voyager Entertainment,ACC-007-U106,Flow,login,2025-12-16T17:47:00,35.4
EVT-001376,ACC-007,Voyager Entertainment,ACC-007-U027,Insight,login,2025-12-16T18:09:00,19.2
EVT-001377,ACC-007,Voyager Entertainment,ACC-007-U035,Flow,login,2025-12-16T13:48:00,34.8
EVT-001378,ACC-007,Voyager Entertainment,ACC-007-U013,Canvas,feature_use,2025-12-16T15:28:00,22.8
EVT-001379,ACC-007,Voyager Entertainment,ACC-007-U117,Insight,api_call,2025-12-16T19:17:00,1.7
EVT-001380,ACC-007,Voyager Entertainment,ACC-007-U073,Flow,login,2025-12-16T07:15:00,40.8
EVT-001381,ACC-007,Voyager Entertainment,ACC-007-U065,Flow,login,2025-12-16T13:59:00,42.7
EVT-001382,ACC-007,Voyager Entertainment,ACC-007-U002,Flow,export,2025-12-17T10:23:00,3.0
EVT-001383,ACC-007,Voyager Entertainment,ACC-007-U052,Canvas,login,2025-12-17T12:17:00,41.4
EVT-001384,ACC-007,Voyager Entertainment,ACC-007-U056,Insight,api_call,2025-12-17T09:59:00,1.8
EVT-001385,ACC-007,Voyager Entertainment,ACC-007-U094,Insight,login,2025-12-17T17:34:00,36.4
EVT-001386,ACC-007,Voyager Entertainment,ACC-007-U030,Canvas,login,2025-12-17T14:42:00,31.3
EVT-001387,ACC-007,Voyager Entertainment,ACC-007-U048,Flow,api_call,2025-12-17T12:21:00,0.5
EVT-001388,ACC-007,Voyager Entertainment,ACC-007-U052,Canvas,feature_use,2025-12-17T14:00:00,16.1
EVT-001389,ACC-007,Voyager Entertainment,ACC-007-U099,Insight,feature_use,2025-12-17T12:44:00,23.3
EVT-001390,ACC-007,Voyager Entertainment,ACC-007-U097,Canvas,export,2025-12-17T14:42:00,9.8
EVT-001391,ACC-007,Voyager Entertainment,ACC-007-U071,Canvas,login,2025-12-17T16:46:00,7.9
EVT-001392,ACC-007,Voyager Entertainment,ACC-007-U086,Canvas,api_call,2025-12-17T11:03:00,0.5
EVT-001393,ACC-007,Voyager Entertainment,ACC-007-U047,Flow,login,2025-12-17T09:58:00,6.9
EVT-001394,ACC-007,Voyager Entertainment,ACC-007-U068,Flow,feature_use,2025-12-17T11:43:00,53.2
EVT-001395,ACC-007,Voyager Entertainment,ACC-007-U100,Canvas,export,2025-12-17T10:24:00,8.5
EVT-001396,ACC-007,Voyager Entertainment,ACC-007-U048,Canvas,feature_use,2025-12-17T15:57:00,33.4
EVT-001397,ACC-007,Voyager Entertainment,ACC-007-U061,Canvas,login,2025-12-17T09:26:00,7.9
EVT-001398,ACC-007,Voyager Entertainment,ACC-007-U003,Flow,login,2025-12-17T11:33:00,36.8
EVT-001399,ACC-007,Voyager Entertainment,ACC-007-U084,Flow,login,2025-12-18T17:01:00,13.2
EVT-001400,ACC-007,Voyager Entertainment,ACC-007-U068,Canvas,export,2025-12-18T16:55:00,8.0
EVT-001401,ACC-007,Voyager Entertainment,ACC-007-U087,Canvas,feature_use,2025-12-18T17:37:00,46.2
EVT-001402,ACC-007,Voyager Entertainment,ACC-007-U107,Canvas,export,2025-12-18T17:28:00,5.3
EVT-001403,ACC-007,Voyager Entertainment,ACC-007-U009,Insight,feature_use,2025-12-18T16:38:00,47.9
EVT-001404,ACC-007,Voyager Entertainment,ACC-007-U087,Insight,login,2025-12-18T12:07:00,16.5
EVT-001405,ACC-007,Voyager Entertainment,ACC-007-U116,Insight,login,2025-12-18T10:34:00,13.9
EVT-001406,ACC-007,Voyager Entertainment,ACC-007-U023,Insight,export,2025-12-18T11:33:00,5.9
EVT-001407,ACC-007,Voyager Entertainment,ACC-007-U021,Canvas,login,2025-12-18T13:50:00,34.6
EVT-001408,ACC-007,Voyager Entertainment,ACC-007-U076,Flow,feature_use,2025-12-18T12:01:00,5.3
EVT-001409,ACC-007,Voyager Entertainment,ACC-007-U076,Insight,login,2025-12-18T18:24:00,30.1
EVT-001410,ACC-007,Voyager Entertainment,ACC-007-U051,Insight,feature_use,2025-12-18T13:33:00,23.6
EVT-001411,ACC-007,Voyager Entertainment,ACC-007-U079,Flow,feature_use,2025-12-18T12:51:00,10.0
EVT-001412,ACC-007,Voyager Entertainment,ACC-007-U012,Insight,login,2025-12-18T15:23:00,15.2
EVT-001413,ACC-007,Voyager Entertainment,ACC-007-U030,Canvas,export,2025-12-18T08:45:00,4.4
EVT-001414,ACC-007,Voyager Entertainment,ACC-007-U076,Insight,feature_use,2025-12-18T10:38:00,26.2
EVT-001415,ACC-007,Voyager Entertainment,ACC-007-U059,Insight,feature_use,2025-12-18T21:49:00,23.2
EVT-001416,ACC-007,Voyager Entertainment,ACC-007-U052,Canvas,invite_sent,2025-12-19T07:05:00,4.6
EVT-001417,ACC-007,Voyager Entertainment,ACC-007-U050,Flow,feature_use,2025-12-19T17:32:00,48.1
EVT-001418,ACC-007,Voyager Entertainment,ACC-007-U117,Insight,feature_use,2025-12-19T16:46:00,55.3
EVT-001419,ACC-007,Voyager Entertainment,ACC-007-U107,Flow,login,2025-12-19T13:53:00,31.7
EVT-001420,ACC-007,Voyager Entertainment,ACC-007-U096,Flow,export,2025-12-19T15:44:00,2.2
EVT-001421,ACC-007,Voyager Entertainment,ACC-007-U035,Insight,export,2025-12-19T15:03:00,1.3
EVT-001422,ACC-007,Voyager Entertainment,ACC-007-U052,Canvas,login,2025-12-19T20:52:00,10.5
EVT-001423,ACC-007,Voyager Entertainment,ACC-007-U022,Canvas,api_call,2025-12-19T11:45:00,0.6
EVT-001424,ACC-007,Voyager Entertainment,ACC-007-U120,Flow,export,2025-12-19T17:05:00,8.3
EVT-001425,ACC-007,Voyager Entertainment,ACC-007-U033,Insight,feature_use,2025-12-19T16:50:00,33.0
EVT-001426,ACC-007,Voyager Entertainment,ACC-007-U120,Insight,login,2025-12-19T10:05:00,43.9
EVT-001427,ACC-007,Voyager Entertainment,ACC-007-U075,Insight,login,2025-12-19T12:20:00,10.5
EVT-001428,ACC-007,Voyager Entertainment,ACC-007-U064,Canvas,api_call,2025-12-19T16:05:00,1.7
EVT-001429,ACC-007,Voyager Entertainment,ACC-007-U015,Insight,feature_use,2025-12-19T21:06:00,57.8
EVT-001430,ACC-007,Voyager Entertainment,ACC-007-U080,Insight,api_call,2025-12-19T16:33:00,1.6
EVT-001431,ACC-007,Voyager Entertainment,ACC-007-U015,Insight,export,2025-12-20T11:38:00,3.4
EVT-001432,ACC-007,Voyager Entertainment,ACC-007-U117,Insight,api_call,2025-12-20T18:43:00,1.8
EVT-001433,ACC-007,Voyager Entertainment,ACC-007-U106,Flow,feature_use,2025-12-20T09:03:00,48.1
EVT-001434,ACC-007,Voyager Entertainment,ACC-007-U074,Insight,feature_use,2025-12-21T10:17:00,11.4
EVT-001435,ACC-007,Voyager Entertainment,ACC-007-U038,Flow,feature_use,2025-12-21T19:44:00,8.3
EVT-001436,ACC-007,Voyager Entertainment,ACC-007-U022,Insight,login,2025-12-21T12:47:00,23.9
EVT-001437,ACC-007,Voyager Entertainment,ACC-007-U016,Flow,feature_use,2025-12-21T11:31:00,47.3
EVT-001438,ACC-007,Voyager Entertainment,ACC-007-U030,Flow,feature_use,2025-12-21T08:44:00,48.1
EVT-001439,ACC-007,Voyager Entertainment,ACC-007-U096,Insight,invite_sent,2025-12-22T14:10:00,5.0
EVT-001440,ACC-007,Voyager Entertainment,ACC-007-U119,Insight,export,2025-12-22T15:49:00,6.6
EVT-001441,ACC-007,Voyager Entertainment,ACC-007-U029,Insight,api_call,2025-12-22T15:53:00,1.8
EVT-001442,ACC-007,Voyager Entertainment,ACC-007-U069,Insight,feature_use,2025-12-22T16:43:00,37.2
EVT-001443,ACC-007,Voyager Entertainment,ACC-007-U099,Canvas,api_call,2025-12-22T13:23:00,0.7
EVT-001444,ACC-007,Voyager Entertainment,ACC-007-U110,Flow,feature_use,2025-12-22T09:36:00,35.4
EVT-001445,ACC-007,Voyager Entertainment,ACC-007-U047,Flow,login,2025-12-22T11:39:00,23.0
EVT-001446,ACC-007,Voyager Entertainment,ACC-007-U010,Canvas,api_call,2025-12-22T17:51:00,0.3
EVT-001447,ACC-007,Voyager Entertainment,ACC-007-U023,Flow,export,2025-12-22T12:36:00,8.0
EVT-001448,ACC-007,Voyager Entertainment,ACC-007-U095,Canvas,feature_use,2025-12-22T21:30:00,42.9
EVT-001449,ACC-007,Voyager Entertainment,ACC-007-U004,Flow,feature_use,2025-12-22T12:57:00,29.1
EVT-001450,ACC-007,Voyager Entertainment,ACC-007-U017,Insight,feature_use,2025-12-22T11:46:00,45.7
EVT-001451,ACC-007,Voyager Entertainment,ACC-007-U094,Insight,feature_use,2025-12-22T15:58:00,21.6
EVT-001452,ACC-007,Voyager Entertainment,ACC-007-U108,Insight,login,2025-12-22T09:57:00,42.8
EVT-001453,ACC-007,Voyager Entertainment,ACC-007-U095,Canvas,api_call,2025-12-22T17:57:00,2.0
EVT-001454,ACC-007,Voyager Entertainment,ACC-007-U072,Flow,api_call,2025-12-22T09:44:00,0.3
EVT-001455,ACC-007,Voyager Entertainment,ACC-007-U083,Insight,feature_use,2025-12-22T17:50:00,4.7
EVT-001456,ACC-007,Voyager Entertainment,ACC-007-U098,Flow,feature_use,2025-12-22T15:27:00,23.4
EVT-001457,ACC-007,Voyager Entertainment,ACC-007-U016,Insight,api_call,2025-12-23T15:03:00,1.3
EVT-001458,ACC-007,Voyager Entertainment,ACC-007-U051,Canvas,feature_use,2025-12-23T18:28:00,18.4
EVT-001459,ACC-007,Voyager Entertainment,ACC-007-U011,Insight,login,2025-12-23T16:28:00,8.1
EVT-001460,ACC-007,Voyager Entertainment,ACC-007-U088,Insight,feature_use,2025-12-23T15:38:00,52.2
EVT-001461,ACC-007,Voyager Entertainment,ACC-007-U088,Flow,login,2025-12-23T16:31:00,36.1
EVT-001462,ACC-007,Voyager Entertainment,ACC-007-U101,Flow,api_call,2025-12-23T20:36:00,1.9
EVT-001463,ACC-007,Voyager Entertainment,ACC-007-U039,Canvas,export,2025-12-23T12:33:00,3.4
EVT-001464,ACC-007,Voyager Entertainment,ACC-007-U093,Flow,login,2025-12-23T10:14:00,9.6
EVT-001465,ACC-007,Voyager Entertainment,ACC-007-U072,Canvas,invite_sent,2025-12-23T16:10:00,1.9
EVT-001466,ACC-007,Voyager Entertainment,ACC-007-U016,Flow,api_call,2025-12-23T13:59:00,0.9
EVT-001467,ACC-007,Voyager Entertainment,ACC-007-U002,Flow,login,2025-12-23T18:10:00,38.4
EVT-001468,ACC-007,Voyager Entertainment,ACC-007-U104,Canvas,feature_use,2025-12-23T09:48:00,3.0
EVT-001469,ACC-007,Voyager Entertainment,ACC-007-U026,Canvas,api_call,2025-12-23T11:29:00,2.0
EVT-001470,ACC-007,Voyager Entertainment,ACC-007-U058,Insight,feature_use,2025-12-23T09:13:00,22.7
EVT-001471,ACC-007,Voyager Entertainment,ACC-007-U043,Canvas,api_call,2025-12-23T11:37:00,1.1
EVT-001472,ACC-007,Voyager Entertainment,ACC-007-U081,Insight,invite_sent,2025-12-23T11:09:00,4.4
EVT-001473,ACC-007,Voyager Entertainment,ACC-007-U061,Canvas,feature_use,2025-12-24T14:05:00,3.1
EVT-001474,ACC-007,Voyager Entertainment,ACC-007-U079,Canvas,login,2025-12-24T11:10:00,28.7
EVT-001475,ACC-007,Voyager Entertainment,ACC-007-U031,Flow,export,2025-12-24T07:21:00,6.9
EVT-001476,ACC-007,Voyager Entertainment,ACC-007-U118,Flow,api_call,2025-12-24T12:09:00,1.4
EVT-001477,ACC-007,Voyager Entertainment,ACC-007-U037,Insight,export,2025-12-24T09:36:00,9.4
EVT-001478,ACC-007,Voyager Entertainment,ACC-007-U119,Flow,feature_use,2025-12-24T16:02:00,58.2
EVT-001479,ACC-007,Voyager Entertainment,ACC-007-U047,Insight,feature_use,2025-12-24T10:39:00,41.9
EVT-001480,ACC-007,Voyager Entertainment,ACC-007-U068,Insight,login,2025-12-24T07:10:00,25.1
EVT-001481,ACC-007,Voyager Entertainment,ACC-007-U014,Canvas,api_call,2025-12-24T19:44:00,1.6
EVT-001482,ACC-007,Voyager Entertainment,ACC-007-U010,Insight,api_call,2025-12-24T16:45:00,0.9
EVT-001483,ACC-007,Voyager Entertainment,ACC-007-U082,Insight,invite_sent,2025-12-24T11:38:00,3.4
EVT-001484,ACC-007,Voyager Entertainment,ACC-007-U054,Insight,feature_use,2025-12-24T08:05:00,34.6
EVT-001485,ACC-007,Voyager Entertainment,ACC-007-U101,Flow,feature_use,2025-12-24T13:51:00,34.1
EVT-001486,ACC-007,Voyager Entertainment,ACC-007-U006,Insight,export,2025-12-24T18:15:00,1.8
EVT-001487,ACC-007,Voyager Entertainment,ACC-007-U118,Flow,feature_use,2025-12-24T14:42:00,30.2
EVT-001488,ACC-007,Voyager Entertainment,ACC-007-U095,Canvas,api_call,2025-12-24T12:04:00,1.0
EVT-001489,ACC-007,Voyager Entertainment,ACC-007-U019,Insight,api_call,2025-12-25T10:05:00,0.7
EVT-001490,ACC-007,Voyager Entertainment,ACC-007-U047,Canvas,feature_use,2025-12-25T20:30:00,22.3
EVT-001491,ACC-007,Voyager Entertainment,ACC-007-U026,Flow,feature_use,2025-12-25T10:37:00,58.2
EVT-001492,ACC-007,Voyager Entertainment,ACC-007-U101,Insight,login,2025-12-25T16:23:00,24.3
EVT-001493,ACC-007,Voyager Entertainment,ACC-007-U056,Canvas,api_call,2025-12-25T09:45:00,1.9
EVT-001494,ACC-007,Voyager Entertainment,ACC-007-U022,Flow,feature_use,2025-12-25T13:16:00,57.2
EVT-001495,ACC-007,Voyager Entertainment,ACC-007-U016,Insight,feature_use,2025-12-25T16:49:00,37.8
EVT-001496,ACC-007,Voyager Entertainment,ACC-007-U031,Flow,login,2025-12-25T15:07:00,9.5
EVT-001497,ACC-007,Voyager Entertainment,ACC-007-U009,Insight,login,2025-12-25T18:38:00,37.6
EVT-001498,ACC-007,Voyager Entertainment,ACC-007-U030,Canvas,login,2025-12-25T16:37:00,23.9
EVT-001499,ACC-007,Voyager Entertainment,ACC-007-U068,Flow,export,2025-12-25T12:25:00,1.8
EVT-001500,ACC-007,Voyager Entertainment,ACC-007-U035,Canvas,feature_use,2025-12-25T11:20:00,28.9
EVT-001501,ACC-007,Voyager Entertainment,ACC-007-U005,Canvas,login,2025-12-25T15:13:00,8.6
EVT-001502,ACC-007,Voyager Entertainment,ACC-007-U044,Flow,export,2025-12-25T09:51:00,9.6
EVT-001503,ACC-007,Voyager Entertainment,ACC-007-U087,Flow,api_call,2025-12-25T19:17:00,0.2
EVT-001504,ACC-007,Voyager Entertainment,ACC-007-U041,Insight,api_call,2025-12-25T11:49:00,1.6
EVT-001505,ACC-007,Voyager Entertainment,ACC-007-U008,Insight,api_call,2025-12-26T17:51:00,1.8
EVT-001506,ACC-007,Voyager Entertainment,ACC-007-U065,Flow,login,2025-12-26T11:02:00,1.2
EVT-001507,ACC-007,Voyager Entertainment,ACC-007-U019,Canvas,feature_use,2025-12-26T16:43:00,27.3
EVT-001508,ACC-007,Voyager Entertainment,ACC-007-U076,Flow,feature_use,2025-12-26T13:24:00,51.5
EVT-001509,ACC-007,Voyager Entertainment,ACC-007-U087,Insight,feature_use,2025-12-26T09:54:00,43.9
EVT-001510,ACC-007,Voyager Entertainment,ACC-007-U110,Canvas,feature_use,2025-12-26T17:46:00,54.2
EVT-001511,ACC-007,Voyager Entertainment,ACC-007-U054,Insight,feature_use,2025-12-26T09:54:00,45.6
EVT-001512,ACC-007,Voyager Entertainment,ACC-007-U040,Insight,export,2025-12-26T11:04:00,9.3
EVT-001513,ACC-007,Voyager Entertainment,ACC-007-U119,Canvas,api_call,2025-12-26T14:52:00,0.4
EVT-001514,ACC-007,Voyager Entertainment,ACC-007-U111,Insight,login,2025-12-26T09:38:00,37.8
EVT-001515,ACC-007,Voyager Entertainment,ACC-007-U094,Insight,login,2025-12-26T09:24:00,14.4
EVT-001516,ACC-007,Voyager Entertainment,ACC-007-U012,Canvas,feature_use,2025-12-26T13:13:00,26.7
EVT-001517,ACC-007,Voyager Entertainment,ACC-007-U020,Flow,feature_use,2025-12-26T16:25:00,33.4
EVT-001518,ACC-007,Voyager Entertainment,ACC-007-U019,Insight,login,2025-12-26T17:57:00,21.1
EVT-001519,ACC-007,Voyager Entertainment,ACC-007-U069,Flow,feature_use,2025-12-26T20:35:00,17.8
EVT-001520,ACC-007,Voyager Entertainment,ACC-007-U003,Flow,feature_use,2025-12-26T17:02:00,24.6
EVT-001521,ACC-007,Voyager Entertainment,ACC-007-U065,Canvas,feature_use,2025-12-26T16:42:00,32.1
EVT-001522,ACC-007,Voyager Entertainment,ACC-007-U026,Insight,invite_sent,2025-12-27T18:20:00,4.8
EVT-001523,ACC-007,Voyager Entertainment,ACC-007-U051,Canvas,login,2025-12-27T18:13:00,43.0
EVT-001524,ACC-007,Voyager Entertainment,ACC-007-U117,Flow,api_call,2025-12-27T16:51:00,1.9
EVT-001525,ACC-007,Voyager Entertainment,ACC-007-U092,Insight,api_call,2025-12-27T11:35:00,0.2
EVT-001526,ACC-007,Voyager Entertainment,ACC-007-U060,Flow,login,2025-12-28T11:01:00,36.6
EVT-001527,ACC-007,Voyager Entertainment,ACC-007-U054,Flow,login,2025-12-28T17:49:00,12.2
EVT-001528,ACC-007,Voyager Entertainment,ACC-007-U072,Insight,export,2025-12-28T18:38:00,2.0
EVT-001529,ACC-007,Voyager Entertainment,ACC-007-U016,Canvas,login,2025-12-29T14:49:00,7.6
EVT-001530,ACC-007,Voyager Entertainment,ACC-007-U106,Insight,feature_use,2025-12-29T11:30:00,4.4
EVT-001531,ACC-007,Voyager Entertainment,ACC-007-U051,Insight,api_call,2025-12-29T08:52:00,1.1
EVT-001532,ACC-007,Voyager Entertainment,ACC-007-U072,Canvas,feature_use,2025-12-29T09:43:00,59.6
EVT-001533,ACC-007,Voyager Entertainment,ACC-007-U106,Flow,login,2025-12-29T09:03:00,43.6
EVT-001534,ACC-007,Voyager Entertainment,ACC-007-U030,Canvas,export,2025-12-29T10:55:00,2.0
EVT-001535,ACC-007,Voyager Entertainment,ACC-007-U035,Flow,feature_use,2025-12-29T08:38:00,40.6
EVT-001536,ACC-007,Voyager Entertainment,ACC-007-U086,Canvas,login,2025-12-29T09:11:00,18.7
EVT-001537,ACC-007,Voyager Entertainment,ACC-007-U120,Canvas,feature_use,2025-12-29T09:21:00,4.8
EVT-001538,ACC-007,Voyager Entertainment,ACC-007-U011,Insight,api_call,2025-12-29T19:12:00,1.5
EVT-001539,ACC-007,Voyager Entertainment,ACC-007-U113,Insight,export,2025-12-29T14:27:00,1.3
EVT-001540,ACC-007,Voyager Entertainment,ACC-007-U073,Flow,login,2025-12-29T10:41:00,1.6
EVT-001541,ACC-007,Voyager Entertainment,ACC-007-U014,Flow,export,2025-12-29T16:18:00,1.9
EVT-001542,ACC-007,Voyager Entertainment,ACC-007-U042,Canvas,login,2025-12-29T14:25:00,2.0
EVT-001543,ACC-007,Voyager Entertainment,ACC-007-U112,Insight,login,2025-12-29T06:42:00,15.8
EVT-001544,ACC-007,Voyager Entertainment,ACC-007-U006,Canvas,login,2025-12-29T09:53:00,13.6
EVT-001545,ACC-007,Voyager Entertainment,ACC-007-U106,Canvas,export,2025-12-29T19:46:00,4.3
EVT-001546,ACC-007,Voyager Entertainment,ACC-007-U073,Canvas,api_call,2025-12-29T06:59:00,1.5
EVT-001547,ACC-007,Voyager Entertainment,ACC-007-U001,Insight,feature_use,2025-12-30T17:39:00,27.1
EVT-001548,ACC-007,Voyager Entertainment,ACC-007-U089,Flow,feature_use,2025-12-30T21:23:00,41.6
EVT-001549,ACC-007,Voyager Entertainment,ACC-007-U102,Flow,api_call,2025-12-30T10:53:00,1.9
EVT-001550,ACC-007,Voyager Entertainment,ACC-007-U113,Canvas,api_call,2025-12-30T12:07:00,0.6
EVT-001551,ACC-007,Voyager Entertainment,ACC-007-U045,Insight,login,2025-12-30T17:07:00,6.2
EVT-001552,ACC-007,Voyager Entertainment,ACC-007-U077,Canvas,login,2025-12-30T17:35:00,41.1
EVT-001553,ACC-007,Voyager Entertainment,ACC-007-U114,Canvas,feature_use,2025-12-30T19:31:00,18.7
EVT-001554,ACC-007,Voyager Entertainment,ACC-007-U025,Flow,feature_use,2025-12-30T13:51:00,34.0
EVT-001555,ACC-007,Voyager Entertainment,ACC-007-U110,Flow,login,2025-12-30T18:06:00,27.1
EVT-001556,ACC-007,Voyager Entertainment,ACC-007-U083,Insight,login,2025-12-30T13:26:00,4.7
EVT-001557,ACC-007,Voyager Entertainment,ACC-007-U015,Canvas,login,2025-12-30T10:05:00,21.3
EVT-001558,ACC-007,Voyager Entertainment,ACC-007-U017,Flow,feature_use,2025-12-30T11:19:00,33.2
EVT-001559,ACC-007,Voyager Entertainment,ACC-007-U070,Flow,login,2025-12-30T07:36:00,32.0
EVT-001560,ACC-007,Voyager Entertainment,ACC-007-U108,Canvas,feature_use,2025-12-30T15:28:00,52.0
EVT-001561,ACC-007,Voyager Entertainment,ACC-007-U081,Insight,feature_use,2025-12-30T07:07:00,17.5
EVT-001562,ACC-007,Voyager Entertainment,ACC-007-U107,Flow,feature_use,2025-12-31T11:26:00,34.7
EVT-001563,ACC-007,Voyager Entertainment,ACC-007-U093,Canvas,login,2025-12-31T19:31:00,22.3
EVT-001564,ACC-007,Voyager Entertainment,ACC-007-U118,Insight,login,2025-12-31T10:20:00,11.3
EVT-001565,ACC-007,Voyager Entertainment,ACC-007-U041,Canvas,login,2025-12-31T13:37:00,31.3
EVT-001566,ACC-007,Voyager Entertainment,ACC-007-U070,Flow,feature_use,2025-12-31T21:28:00,55.0
EVT-001567,ACC-007,Voyager Entertainment,ACC-007-U103,Canvas,export,2025-12-31T10:27:00,9.2
EVT-001568,ACC-007,Voyager Entertainment,ACC-007-U011,Canvas,login,2025-12-31T13:57:00,3.2
EVT-001569,ACC-007,Voyager Entertainment,ACC-007-U038,Canvas,login,2025-12-31T17:42:00,19.1
EVT-001570,ACC-007,Voyager Entertainment,ACC-007-U100,Insight,api_call,2025-12-31T09:59:00,1.3
EVT-001571,ACC-007,Voyager Entertainment,ACC-007-U038,Canvas,login,2025-12-31T16:36:00,31.1
EVT-001572,ACC-007,Voyager Entertainment,ACC-007-U120,Insight,feature_use,2025-12-31T14:57:00,59.6
EVT-001573,ACC-007,Voyager Entertainment,ACC-007-U046,Canvas,login,2025-12-31T07:53:00,20.6
EVT-001574,ACC-007,Voyager Entertainment,ACC-007-U110,Insight,feature_use,2025-12-31T18:32:00,58.0
EVT-001575,ACC-007,Voyager Entertainment,ACC-007-U100,Canvas,invite_sent,2025-12-31T18:19:00,4.7
EVT-001576,ACC-007,Voyager Entertainment,ACC-007-U110,Canvas,login,2025-12-31T19:56:00,6.3
EVT-001577,ACC-007,Voyager Entertainment,ACC-007-U118,Insight,login,2026-01-01T12:40:00,27.6
EVT-001578,ACC-007,Voyager Entertainment,ACC-007-U021,Insight,feature_use,2026-01-01T16:59:00,34.2
EVT-001579,ACC-007,Voyager Entertainment,ACC-007-U015,Flow,login,2026-01-01T11:04:00,20.9
EVT-001580,ACC-007,Voyager Entertainment,ACC-007-U106,Canvas,login,2026-01-01T12:10:00,15.9
EVT-001581,ACC-007,Voyager Entertainment,ACC-007-U113,Insight,export,2026-01-01T12:34:00,8.4
EVT-001582,ACC-007,Voyager Entertainment,ACC-007-U042,Canvas,login,2026-01-01T19:49:00,43.6
EVT-001583,ACC-007,Voyager Entertainment,ACC-007-U073,Flow,feature_use,2026-01-01T13:39:00,33.4
EVT-001584,ACC-007,Voyager Entertainment,ACC-007-U074,Flow,login,2026-01-01T13:48:00,12.4
EVT-001585,ACC-007,Voyager Entertainment,ACC-007-U032,Flow,feature_use,2026-01-01T07:53:00,6.9
EVT-001586,ACC-007,Voyager Entertainment,ACC-007-U048,Canvas,login,2026-01-01T17:37:00,10.4
EVT-001587,ACC-007,Voyager Entertainment,ACC-007-U077,Flow,export,2026-01-01T15:10:00,9.9
EVT-001588,ACC-007,Voyager Entertainment,ACC-007-U025,Insight,feature_use,2026-01-01T13:26:00,16.3
EVT-001589,ACC-007,Voyager Entertainment,ACC-007-U046,Flow,login,2026-01-01T18:20:00,11.9
EVT-001590,ACC-007,Voyager Entertainment,ACC-007-U087,Insight,login,2026-01-01T17:01:00,15.6
EVT-001591,ACC-007,Voyager Entertainment,ACC-007-U041,Flow,api_call,2026-01-01T11:09:00,0.6
EVT-001592,ACC-007,Voyager Entertainment,ACC-007-U096,Canvas,feature_use,2026-01-01T15:55:00,27.4
EVT-001593,ACC-007,Voyager Entertainment,ACC-007-U012,Insight,login,2026-01-01T14:25:00,2.2
EVT-001594,ACC-007,Voyager Entertainment,ACC-007-U009,Flow,login,2026-01-02T12:46:00,21.9
EVT-001595,ACC-007,Voyager Entertainment,ACC-007-U067,Canvas,api_call,2026-01-02T16:51:00,1.1
EVT-001596,ACC-007,Voyager Entertainment,ACC-007-U065,Canvas,feature_use,2026-01-02T20:41:00,17.2
EVT-001597,ACC-007,Voyager Entertainment,ACC-007-U081,Canvas,feature_use,2026-01-02T12:03:00,17.8
EVT-001598,ACC-007,Voyager Entertainment,ACC-007-U091,Flow,login,2026-01-02T15:36:00,2.1
EVT-001599,ACC-007,Voyager Entertainment,ACC-007-U051,Canvas,login,2026-01-02T10:03:00,43.7
EVT-001600,ACC-007,Voyager Entertainment,ACC-007-U024,Flow,invite_sent,2026-01-02T11:57:00,3.6
EVT-001601,ACC-007,Voyager Entertainment,ACC-007-U061,Insight,feature_use,2026-01-02T08:50:00,31.4
EVT-001602,ACC-007,Voyager Entertainment,ACC-007-U044,Flow,login,2026-01-02T19:20:00,37.1
EVT-001603,ACC-007,Voyager Entertainment,ACC-007-U085,Flow,feature_use,2026-01-02T14:01:00,28.3
EVT-001604,ACC-007,Voyager Entertainment,ACC-007-U083,Flow,export,2026-01-02T11:14:00,3.8
EVT-001605,ACC-007,Voyager Entertainment,ACC-007-U071,Insight,api_call,2026-01-02T09:54:00,0.2
EVT-001606,ACC-007,Voyager Entertainment,ACC-007-U116,Flow,export,2026-01-02T16:54:00,8.9
EVT-001607,ACC-007,Voyager Entertainment,ACC-007-U060,Flow,feature_use,2026-01-02T09:40:00,19.5
EVT-001608,ACC-007,Voyager Entertainment,ACC-007-U101,Insight,feature_use,2026-01-02T08:44:00,16.0
EVT-001609,ACC-007,Voyager Entertainment,ACC-007-U085,Canvas,api_call,2026-01-02T09:11:00,0.3
EVT-001610,ACC-007,Voyager Entertainment,ACC-007-U058,Flow,api_call,2026-01-03T17:16:00,1.7
EVT-001611,ACC-007,Voyager Entertainment,ACC-007-U004,Insight,feature_use,2026-01-03T06:57:00,59.6
EVT-001612,ACC-007,Voyager Entertainment,ACC-007-U004,Canvas,login,2026-01-03T20:30:00,26.9
EVT-001613,ACC-007,Voyager Entertainment,ACC-007-U010,Canvas,api_call,2026-01-04T13:14:00,0.2
EVT-001614,ACC-007,Voyager Entertainment,ACC-007-U010,Flow,feature_use,2026-01-04T16:46:00,27.5
EVT-001615,ACC-007,Voyager Entertainment,ACC-007-U103,Insight,login,2026-01-04T20:40:00,25.4
EVT-001616,ACC-007,Voyager Entertainment,ACC-007-U010,Insight,api_call,2026-01-05T10:19:00,0.7
EVT-001617,ACC-007,Voyager Entertainment,ACC-007-U048,Canvas,api_call,2026-01-05T17:47:00,1.7
EVT-001618,ACC-007,Voyager Entertainment,ACC-007-U065,Insight,login,2026-01-05T12:32:00,39.4
EVT-001619,ACC-007,Voyager Entertainment,ACC-007-U018,Insight,api_call,2026-01-05T11:11:00,1.7
EVT-001620,ACC-007,Voyager Entertainment,ACC-007-U015,Flow,login,2026-01-05T11:16:00,30.5
EVT-001621,ACC-007,Voyager Entertainment,ACC-007-U083,Canvas,api_call,2026-01-05T13:23:00,0.5
EVT-001622,ACC-007,Voyager Entertainment,ACC-007-U086,Flow,feature_use,2026-01-05T16:35:00,15.4
EVT-001623,ACC-007,Voyager Entertainment,ACC-007-U065,Canvas,feature_use,2026-01-05T18:46:00,40.1
EVT-001624,ACC-007,Voyager Entertainment,ACC-007-U069,Canvas,feature_use,2026-01-05T14:32:00,10.0
EVT-001625,ACC-007,Voyager Entertainment,ACC-007-U101,Insight,login,2026-01-05T12:39:00,24.7
EVT-001626,ACC-007,Voyager Entertainment,ACC-007-U003,Insight,feature_use,2026-01-05T13:09:00,36.4
EVT-001627,ACC-007,Voyager Entertainment,ACC-007-U013,Canvas,feature_use,2026-01-05T13:44:00,59.2
EVT-001628,ACC-007,Voyager Entertainment,ACC-007-U103,Flow,login,2026-01-05T15:16:00,37.9
EVT-001629,ACC-007,Voyager Entertainment,ACC-007-U089,Canvas,feature_use,2026-01-06T13:03:00,7.8
EVT-001630,ACC-007,Voyager Entertainment,ACC-007-U059,Flow,feature_use,2026-01-06T17:41:00,45.8
EVT-001631,ACC-007,Voyager Entertainment,ACC-007-U076,Canvas,feature_use,2026-01-06T20:20:00,26.3
EVT-001632,ACC-007,Voyager Entertainment,ACC-007-U087,Canvas,login,2026-01-06T16:01:00,9.7
EVT-001633,ACC-007,Voyager Entertainment,ACC-007-U025,Flow,api_call,2026-01-06T17:17:00,0.1
EVT-001634,ACC-007,Voyager Entertainment,ACC-007-U028,Insight,feature_use,2026-01-06T09:01:00,27.9
EVT-001635,ACC-007,Voyager Entertainment,ACC-007-U096,Flow,feature_use,2026-01-06T12:17:00,54.1
EVT-001636,ACC-007,Voyager Entertainment,ACC-007-U017,Canvas,login,2026-01-06T18:19:00,29.5
EVT-001637,ACC-007,Voyager Entertainment,ACC-007-U017,Insight,login,2026-01-06T21:14:00,38.0
EVT-001638,ACC-007,Voyager Entertainment,ACC-007-U119,Canvas,api_call,2026-01-06T09:39:00,1.1
EVT-001639,ACC-007,Voyager Entertainment,ACC-007-U052,Flow,export,2026-01-06T13:00:00,5.2
EVT-001640,ACC-007,Voyager Entertainment,ACC-007-U118,Insight,export,2026-01-06T14:18:00,4.9
EVT-001641,ACC-007,Voyager Entertainment,ACC-007-U098,Canvas,feature_use,2026-01-06T14:25:00,44.4
EVT-001642,ACC-007,Voyager Entertainment,ACC-007-U067,Flow,feature_use,2026-01-06T13:34:00,47.7
EVT-001643,ACC-007,Voyager Entertainment,ACC-007-U050,Insight,feature_use,2026-01-06T14:30:00,54.2
EVT-001644,ACC-007,Voyager Entertainment,ACC-007-U043,Insight,export,2026-01-06T15:23:00,5.4
EVT-001645,ACC-007,Voyager Entertainment,ACC-007-U077,Flow,api_call,2026-01-06T12:54:00,0.9
EVT-001646,ACC-007,Voyager Entertainment,ACC-007-U063,Flow,export,2026-01-07T17:09:00,2.1
EVT-001647,ACC-007,Voyager Entertainment,ACC-007-U046,Flow,feature_use,2026-01-07T14:46:00,3.0
EVT-001648,ACC-007,Voyager Entertainment,ACC-007-U089,Canvas,feature_use,2026-01-07T16:21:00,15.5
EVT-001649,ACC-007,Voyager Entertainment,ACC-007-U036,Flow,invite_sent,2026-01-07T10:08:00,2.6
EVT-001650,ACC-007,Voyager Entertainment,ACC-007-U043,Flow,invite_sent,2026-01-07T18:39:00,2.8
EVT-001651,ACC-007,Voyager Entertainment,ACC-007-U102,Insight,api_call,2026-01-07T08:31:00,0.6
EVT-001652,ACC-007,Voyager Entertainment,ACC-007-U005,Insight,api_call,2026-01-07T10:44:00,1.7
EVT-001653,ACC-007,Voyager Entertainment,ACC-007-U060,Insight,feature_use,2026-01-07T21:04:00,8.1
EVT-001654,ACC-007,Voyager Entertainment,ACC-007-U088,Insight,api_call,2026-01-07T12:30:00,1.6
EVT-001655,ACC-007,Voyager Entertainment,ACC-007-U031,Canvas,export,2026-01-07T15:48:00,9.5
EVT-001656,ACC-007,Voyager Entertainment,ACC-007-U077,Canvas,login,2026-01-07T06:11:00,17.4
EVT-001657,ACC-007,Voyager Entertainment,ACC-007-U094,Canvas,invite_sent,2026-01-07T11:27:00,3.5
EVT-001658,ACC-007,Voyager Entertainment,ACC-007-U117,Insight,api_call,2026-01-07T10:52:00,1.5
EVT-001659,ACC-007,Voyager Entertainment,ACC-007-U107,Canvas,api_call,2026-01-07T08:29:00,0.4
EVT-001660,ACC-007,Voyager Entertainment,ACC-007-U017,Flow,feature_use,2026-01-07T06:30:00,41.8
EVT-001661,ACC-007,Voyager Entertainment,ACC-007-U120,Insight,api_call,2026-01-07T18:36:00,1.3
EVT-001662,ACC-007,Voyager Entertainment,ACC-007-U013,Canvas,feature_use,2026-01-08T17:59:00,6.0
EVT-001663,ACC-007,Voyager Entertainment,ACC-007-U105,Insight,login,2026-01-08T15:22:00,16.8
EVT-001664,ACC-007,Voyager Entertainment,ACC-007-U060,Flow,invite_sent,2026-01-08T14:46:00,1.2
EVT-001665,ACC-007,Voyager Entertainment,ACC-007-U090,Insight,login,2026-01-08T18:20:00,42.2
EVT-001666,ACC-007,Voyager Entertainment,ACC-007-U072,Canvas,feature_use,2026-01-08T16:42:00,42.9
EVT-001667,ACC-007,Voyager Entertainment,ACC-007-U068,Canvas,api_call,2026-01-08T09:06:00,0.3
EVT-001668,ACC-007,Voyager Entertainment,ACC-007-U004,Insight,api_call,2026-01-08T20:01:00,0.3
EVT-001669,ACC-007,Voyager Entertainment,ACC-007-U017,Flow,api_call,2026-01-08T12:24:00,1.4
EVT-001670,ACC-007,Voyager Entertainment,ACC-007-U019,Insight,export,2026-01-08T07:45:00,2.5
EVT-001671,ACC-007,Voyager Entertainment,ACC-007-U049,Flow,api_call,2026-01-08T18:17:00,0.7
EVT-001672,ACC-007,Voyager Entertainment,ACC-007-U060,Insight,login,2026-01-08T09:08:00,1.0
EVT-001673,ACC-007,Voyager Entertainment,ACC-007-U015,Flow,api_call,2026-01-08T18:22:00,1.6
EVT-001674,ACC-007,Voyager Entertainment,ACC-007-U103,Canvas,login,2026-01-08T17:58:00,19.4
EVT-001675,ACC-007,Voyager Entertainment,ACC-007-U019,Canvas,feature_use,2026-01-08T17:59:00,22.2
EVT-001676,ACC-007,Voyager Entertainment,ACC-007-U015,Flow,invite_sent,2026-01-08T15:16:00,3.4
EVT-001677,ACC-007,Voyager Entertainment,ACC-007-U079,Insight,api_call,2026-01-08T12:02:00,0.7
EVT-001678,ACC-007,Voyager Entertainment,ACC-007-U035,Canvas,export,2026-01-08T17:29:00,7.3
EVT-001679,ACC-007,Voyager Entertainment,ACC-007-U035,Insight,invite_sent,2026-01-09T10:00:00,2.2
EVT-001680,ACC-007,Voyager Entertainment,ACC-007-U094,Flow,feature_use,2026-01-09T17:21:00,46.2
EVT-001681,ACC-007,Voyager Entertainment,ACC-007-U010,Canvas,login,2026-01-09T17:04:00,28.8
EVT-001682,ACC-007,Voyager Entertainment,ACC-007-U081,Canvas,invite_sent,2026-01-09T09:25:00,1.9
EVT-001683,ACC-007,Voyager Entertainment,ACC-007-U093,Flow,login,2026-01-09T10:03:00,24.6
EVT-001684,ACC-007,Voyager Entertainment,ACC-007-U092,Canvas,export,2026-01-09T16:14:00,6.2
EVT-001685,ACC-007,Voyager Entertainment,ACC-007-U016,Flow,feature_use,2026-01-09T07:50:00,8.4
EVT-001686,ACC-007,Voyager Entertainment,ACC-007-U091,Insight,login,2026-01-09T12:43:00,40.4
EVT-001687,ACC-007,Voyager Entertainment,ACC-007-U096,Flow,login,2026-01-09T19:35:00,29.0
EVT-001688,ACC-007,Voyager Entertainment,ACC-007-U048,Insight,login,2026-01-09T18:07:00,1.6
EVT-001689,ACC-007,Voyager Entertainment,ACC-007-U030,Flow,feature_use,2026-01-09T09:59:00,15.5
EVT-001690,ACC-007,Voyager Entertainment,ACC-007-U077,Flow,api_call,2026-01-09T20:58:00,0.7
EVT-001691,ACC-007,Voyager Entertainment,ACC-007-U101,Flow,export,2026-01-09T14:34:00,10.0
EVT-001692,ACC-007,Voyager Entertainment,ACC-007-U025,Flow,api_call,2026-01-09T09:37:00,1.7
EVT-001693,ACC-007,Voyager Entertainment,ACC-007-U063,Flow,feature_use,2026-01-09T10:53:00,25.5
EVT-001694,ACC-007,Voyager Entertainment,ACC-007-U036,Flow,export,2026-01-09T17:56:00,8.9
EVT-001695,ACC-007,Voyager Entertainment,ACC-007-U109,Canvas,login,2026-01-10T16:10:00,36.0
EVT-001696,ACC-007,Voyager Entertainment,ACC-007-U024,Flow,api_call,2026-01-10T09:36:00,1.1
EVT-001697,ACC-007,Voyager Entertainment,ACC-007-U103,Insight,login,2026-01-10T09:06:00,17.1
EVT-001698,ACC-007,Voyager Entertainment,ACC-007-U025,Canvas,feature_use,2026-01-10T12:35:00,15.1
EVT-001699,ACC-007,Voyager Entertainment,ACC-007-U067,Insight,feature_use,2026-01-11T14:24:00,15.3
EVT-001700,ACC-007,Voyager Entertainment,ACC-007-U108,Canvas,feature_use,2026-01-11T18:51:00,36.2
EVT-001701,ACC-007,Voyager Entertainment,ACC-007-U072,Flow,feature_use,2026-01-11T18:42:00,53.3
EVT-001702,ACC-007,Voyager Entertainment,ACC-007-U013,Flow,feature_use,2026-01-12T09:34:00,54.5
EVT-001703,ACC-007,Voyager Entertainment,ACC-007-U107,Canvas,export,2026-01-12T15:38:00,7.2
EVT-001704,ACC-007,Voyager Entertainment,ACC-007-U038,Flow,export,2026-01-12T20:04:00,8.3
EVT-001705,ACC-007,Voyager Entertainment,ACC-007-U058,Flow,feature_use,2026-01-12T17:10:00,37.7
EVT-001706,ACC-007,Voyager Entertainment,ACC-007-U044,Insight,invite_sent,2026-01-12T19:01:00,1.5
EVT-001707,ACC-007,Voyager Entertainment,ACC-007-U047,Canvas,api_call,2026-01-12T17:04:00,1.5
EVT-001708,ACC-007,Voyager Entertainment,ACC-007-U073,Flow,feature_use,2026-01-12T09:55:00,11.6
EVT-001709,ACC-007,Voyager Entertainment,ACC-007-U118,Canvas,feature_use,2026-01-12T08:25:00,3.8
EVT-001710,ACC-007,Voyager Entertainment,ACC-007-U094,Flow,invite_sent,2026-01-12T20:25:00,2.4
EVT-001711,ACC-007,Voyager Entertainment,ACC-007-U013,Canvas,feature_use,2026-01-12T19:05:00,42.9
EVT-001712,ACC-007,Voyager Entertainment,ACC-007-U115,Insight,api_call,2026-01-12T08:37:00,0.8
EVT-001713,ACC-007,Voyager Entertainment,ACC-007-U026,Flow,feature_use,2026-01-12T19:25:00,5.1
EVT-001714,ACC-007,Voyager Entertainment,ACC-007-U118,Insight,feature_use,2026-01-12T16:36:00,46.9
EVT-001715,ACC-007,Voyager Entertainment,ACC-007-U112,Flow,login,2026-01-12T12:29:00,29.5
EVT-001716,ACC-007,Voyager Entertainment,ACC-007-U063,Canvas,api_call,2026-01-12T12:53:00,0.8
EVT-001717,ACC-007,Voyager Entertainment,ACC-007-U030,Canvas,login,2026-01-12T10:26:00,7.5
EVT-001718,ACC-007,Voyager Entertainment,ACC-007-U045,Flow,feature_use,2026-01-13T17:17:00,54.0
EVT-001719,ACC-007,Voyager Entertainment,ACC-007-U112,Canvas,feature_use,2026-01-13T12:30:00,16.7
EVT-001720,ACC-007,Voyager Entertainment,ACC-007-U098,Flow,feature_use,2026-01-13T16:24:00,44.5
EVT-001721,ACC-007,Voyager Entertainment,ACC-007-U090,Flow,login,2026-01-13T09:21:00,13.3
EVT-001722,ACC-007,Voyager Entertainment,ACC-007-U049,Flow,login,2026-01-13T06:21:00,31.7
EVT-001723,ACC-007,Voyager Entertainment,ACC-007-U063,Flow,feature_use,2026-01-13T10:25:00,49.4
EVT-001724,ACC-007,Voyager Entertainment,ACC-007-U025,Canvas,feature_use,2026-01-13T14:25:00,56.6
EVT-001725,ACC-007,Voyager Entertainment,ACC-007-U029,Flow,login,2026-01-13T10:29:00,38.6
EVT-001726,ACC-007,Voyager Entertainment,ACC-007-U074,Canvas,login,2026-01-13T14:07:00,35.2
EVT-001727,ACC-007,Voyager Entertainment,ACC-007-U098,Canvas,feature_use,2026-01-13T11:42:00,56.2
EVT-001728,ACC-007,Voyager Entertainment,ACC-007-U085,Insight,feature_use,2026-01-13T17:10:00,14.1
EVT-001729,ACC-007,Voyager Entertainment,ACC-007-U032,Canvas,feature_use,2026-01-13T11:45:00,21.1
EVT-001730,ACC-007,Voyager Entertainment,ACC-007-U072,Flow,feature_use,2026-01-13T16:14:00,15.5
EVT-001731,ACC-007,Voyager Entertainment,ACC-007-U013,Insight,api_call,2026-01-13T15:46:00,0.2
EVT-001732,ACC-007,Voyager Entertainment,ACC-007-U066,Flow,api_call,2026-01-13T18:09:00,1.7
EVT-001733,ACC-007,Voyager Entertainment,ACC-007-U066,Canvas,feature_use,2026-01-13T09:59:00,34.3
EVT-001734,ACC-007,Voyager Entertainment,ACC-007-U005,Insight,export,2026-01-14T10:02:00,5.4
EVT-001735,ACC-007,Voyager Entertainment,ACC-007-U004,Canvas,login,2026-01-14T11:09:00,28.4
EVT-001736,ACC-007,Voyager Entertainment,ACC-007-U093,Flow,login,2026-01-14T14:11:00,32.7
EVT-001737,ACC-007,Voyager Entertainment,ACC-007-U013,Insight,feature_use,2026-01-14T10:08:00,30.6
EVT-001738,ACC-007,Voyager Entertainment,ACC-007-U008,Insight,feature_use,2026-01-14T15:13:00,53.9
EVT-001739,ACC-007,Voyager Entertainment,ACC-007-U019,Canvas,login,2026-01-14T16:28:00,29.2
EVT-001740,ACC-007,Voyager Entertainment,ACC-007-U044,Insight,feature_use,2026-01-14T14:11:00,53.9
EVT-001741,ACC-007,Voyager Entertainment,ACC-007-U027,Flow,feature_use,2026-01-14T16:57:00,30.0
EVT-001742,ACC-007,Voyager Entertainment,ACC-007-U053,Flow,login,2026-01-14T12:32:00,11.0
EVT-001743,ACC-007,Voyager Entertainment,ACC-007-U001,Canvas,feature_use,2026-01-14T08:29:00,8.2
EVT-001744,ACC-007,Voyager Entertainment,ACC-007-U095,Insight,login,2026-01-14T17:07:00,27.7
EVT-001745,ACC-007,Voyager Entertainment,ACC-007-U012,Canvas,api_call,2026-01-14T08:00:00,0.5
EVT-001746,ACC-007,Voyager Entertainment,ACC-007-U055,Canvas,login,2026-01-14T15:52:00,5.4
EVT-001747,ACC-007,Voyager Entertainment,ACC-007-U098,Canvas,api_call,2026-01-14T14:11:00,1.2
EVT-001748,ACC-007,Voyager Entertainment,ACC-007-U034,Flow,export,2026-01-14T12:45:00,8.6
EVT-001749,ACC-007,Voyager Entertainment,ACC-007-U060,Insight,api_call,2026-01-14T13:20:00,1.6
EVT-001750,ACC-007,Voyager Entertainment,ACC-007-U005,Insight,feature_use,2026-01-15T08:46:00,23.8
EVT-001751,ACC-007,Voyager Entertainment,ACC-007-U008,Flow,login,2026-01-15T14:51:00,15.0
EVT-001752,ACC-007,Voyager Entertainment,ACC-007-U072,Insight,export,2026-01-15T12:46:00,4.3
EVT-001753,ACC-007,Voyager Entertainment,ACC-007-U052,Canvas,login,2026-01-15T15:21:00,34.7
EVT-001754,ACC-007,Voyager Entertainment,ACC-007-U036,Flow,login,2026-01-15T09:46:00,42.1
EVT-001755,ACC-007,Voyager Entertainment,ACC-007-U015,Insight,invite_sent,2026-01-15T12:31:00,3.2
EVT-001756,ACC-007,Voyager Entertainment,ACC-007-U062,Canvas,login,2026-01-15T17:01:00,36.4
EVT-001757,ACC-007,Voyager Entertainment,ACC-007-U023,Canvas,feature_use,2026-01-15T07:39:00,12.0
EVT-001758,ACC-007,Voyager Entertainment,ACC-007-U108,Canvas,login,2026-01-15T09:04:00,30.1
EVT-001759,ACC-007,Voyager Entertainment,ACC-007-U073,Insight,login,2026-01-15T18:39:00,32.5
EVT-001760,ACC-007,Voyager Entertainment,ACC-007-U035,Flow,feature_use,2026-01-15T12:36:00,39.9
EVT-001761,ACC-007,Voyager Entertainment,ACC-007-U070,Flow,login,2026-01-15T13:30:00,8.3
EVT-001762,ACC-007,Voyager Entertainment,ACC-007-U088,Canvas,export,2026-01-15T10:28:00,9.9
EVT-001763,ACC-007,Voyager Entertainment,ACC-007-U069,Insight,export,2026-01-15T11:36:00,5.1
EVT-001764,ACC-007,Voyager Entertainment,ACC-007-U042,Insight,feature_use,2026-01-15T12:15:00,40.0
EVT-001765,ACC-007,Voyager Entertainment,ACC-007-U079,Canvas,api_call,2026-01-15T18:44:00,1.4
EVT-001766,ACC-007,Voyager Entertainment,ACC-007-U117,Flow,feature_use,2026-01-16T12:07:00,57.9
EVT-001767,ACC-007,Voyager Entertainment,ACC-007-U117,Insight,feature_use,2026-01-16T12:20:00,35.5
EVT-001768,ACC-007,Voyager Entertainment,ACC-007-U112,Canvas,export,2026-01-16T16:11:00,6.3
EVT-001769,ACC-007,Voyager Entertainment,ACC-007-U070,Flow,login,2026-01-16T13:43:00,24.3
EVT-001770,ACC-007,Voyager Entertainment,ACC-007-U112,Flow,login,2026-01-16T17:39:00,44.4
EVT-001771,ACC-007,Voyager Entertainment,ACC-007-U001,Insight,feature_use,2026-01-16T14:21:00,34.9
EVT-001772,ACC-007,Voyager Entertainment,ACC-007-U038,Flow,feature_use,2026-01-16T15:15:00,19.1
EVT-001773,ACC-007,Voyager Entertainment,ACC-007-U007,Flow,export,2026-01-16T19:18:00,8.9
EVT-001774,ACC-007,Voyager Entertainment,ACC-007-U063,Flow,export,2026-01-16T17:19:00,8.1
EVT-001775,ACC-007,Voyager Entertainment,ACC-007-U038,Canvas,feature_use,2026-01-16T14:48:00,55.9
EVT-001776,ACC-007,Voyager Entertainment,ACC-007-U092,Canvas,api_call,2026-01-16T11:37:00,1.9
EVT-001777,ACC-007,Voyager Entertainment,ACC-007-U053,Flow,login,2026-01-16T18:16:00,39.8
EVT-001778,ACC-007,Voyager Entertainment,ACC-007-U081,Insight,export,2026-01-16T16:10:00,8.5
EVT-001779,ACC-007,Voyager Entertainment,ACC-007-U016,Canvas,login,2026-01-16T12:38:00,15.4
EVT-001780,ACC-007,Voyager Entertainment,ACC-007-U023,Insight,api_call,2026-01-16T15:34:00,2.0
EVT-001781,ACC-007,Voyager Entertainment,ACC-007-U021,Insight,feature_use,2026-01-17T16:26:00,19.4
EVT-001782,ACC-007,Voyager Entertainment,ACC-007-U002,Flow,feature_use,2026-01-17T17:08:00,36.4
EVT-001783,ACC-007,Voyager Entertainment,ACC-007-U099,Canvas,login,2026-01-17T14:54:00,14.3
EVT-001784,ACC-007,Voyager Entertainment,ACC-007-U051,Flow,login,2026-01-18T15:53:00,26.6
EVT-001785,ACC-007,Voyager Entertainment,ACC-007-U027,Canvas,feature_use,2026-01-18T17:59:00,27.5
EVT-001786,ACC-007,Voyager Entertainment,ACC-007-U043,Insight,login,2026-01-18T16:35:00,4.0
EVT-001787,ACC-007,Voyager Entertainment,ACC-007-U036,Flow,login,2026-01-19T16:48:00,34.1
EVT-001788,ACC-007,Voyager Entertainment,ACC-007-U021,Canvas,login,2026-01-19T09:50:00,23.9
EVT-001789,ACC-007,Voyager Entertainment,ACC-007-U104,Canvas,login,2026-01-19T12:06:00,6.9
EVT-001790,ACC-007,Voyager Entertainment,ACC-007-U040,Canvas,api_call,2026-01-19T10:16:00,0.5
EVT-001791,ACC-007,Voyager Entertainment,ACC-007-U106,Flow,feature_use,2026-01-19T09:57:00,44.8
EVT-001792,ACC-007,Voyager Entertainment,ACC-007-U012,Flow,feature_use,2026-01-19T12:27:00,49.5
EVT-001793,ACC-007,Voyager Entertainment,ACC-007-U119,Flow,feature_use,2026-01-19T17:15:00,22.8
EVT-001794,ACC-007,Voyager Entertainment,ACC-007-U029,Canvas,login,2026-01-19T08:57:00,17.3
EVT-001795,ACC-007,Voyager Entertainment,ACC-007-U095,Canvas,export,2026-01-19T11:31:00,6.0
EVT-001796,ACC-007,Voyager Entertainment,ACC-007-U086,Canvas,login,2026-01-19T18:50:00,12.9
EVT-001797,ACC-007,Voyager Entertainment,ACC-007-U038,Canvas,login,2026-01-19T08:51:00,14.0
EVT-001798,ACC-007,Voyager Entertainment,ACC-007-U112,Insight,export,2026-01-19T07:29:00,9.3
EVT-001799,ACC-007,Voyager Entertainment,ACC-007-U021,Canvas,export,2026-01-19T08:23:00,2.2
EVT-001800,ACC-007,Voyager Entertainment,ACC-007-U029,Flow,api_call,2026-01-19T18:16:00,1.5
EVT-001801,ACC-007,Voyager Entertainment,ACC-007-U111,Flow,export,2026-01-19T17:30:00,9.6
EVT-001802,ACC-007,Voyager Entertainment,ACC-007-U099,Flow,api_call,2026-01-19T15:53:00,0.9
EVT-001803,ACC-007,Voyager Entertainment,ACC-007-U076,Canvas,api_call,2026-01-19T11:34:00,0.2
EVT-001804,ACC-007,Voyager Entertainment,ACC-007-U104,Insight,api_call,2026-01-19T17:30:00,0.9
EVT-001805,ACC-007,Voyager Entertainment,ACC-007-U098,Flow,login,2026-01-20T15:16:00,30.9
EVT-001806,ACC-007,Voyager Entertainment,ACC-007-U100,Insight,feature_use,2026-01-20T18:47:00,57.6
EVT-001807,ACC-007,Voyager Entertainment,ACC-007-U112,Insight,feature_use,2026-01-20T20:18:00,14.1
EVT-001808,ACC-007,Voyager Entertainment,ACC-007-U068,Flow,api_call,2026-01-20T11:53:00,1.7
EVT-001809,ACC-007,Voyager Entertainment,ACC-007-U048,Flow,feature_use,2026-01-20T11:17:00,36.1
EVT-001810,ACC-007,Voyager Entertainment,ACC-007-U062,Canvas,api_call,2026-01-20T12:43:00,0.1
EVT-001811,ACC-007,Voyager Entertainment,ACC-007-U094,Insight,export,2026-01-20T16:20:00,1.6
EVT-001812,ACC-007,Voyager Entertainment,ACC-007-U063,Insight,feature_use,2026-01-20T16:11:00,17.7
EVT-001813,ACC-007,Voyager Entertainment,ACC-007-U096,Flow,feature_use,2026-01-20T19:38:00,14.9
EVT-001814,ACC-007,Voyager Entertainment,ACC-007-U066,Flow,login,2026-01-20T18:30:00,9.1
EVT-001815,ACC-007,Voyager Entertainment,ACC-007-U066,Canvas,login,2026-01-20T09:26:00,16.8
EVT-001816,ACC-007,Voyager Entertainment,ACC-007-U089,Flow,feature_use,2026-01-20T17:08:00,7.8
EVT-001817,ACC-007,Voyager Entertainment,ACC-007-U020,Insight,feature_use,2026-01-20T10:37:00,44.3
EVT-001818,ACC-007,Voyager Entertainment,ACC-007-U007,Canvas,login,2026-01-20T19:49:00,41.7
EVT-001819,ACC-007,Voyager Entertainment,ACC-007-U005,Canvas,login,2026-01-20T11:42:00,27.0
EVT-001820,ACC-007,Voyager Entertainment,ACC-007-U107,Flow,login,2026-01-20T15:51:00,11.8
EVT-001821,ACC-007,Voyager Entertainment,ACC-007-U065,Insight,feature_use,2026-01-20T16:42:00,50.1
EVT-001822,ACC-007,Voyager Entertainment,ACC-007-U038,Insight,feature_use,2026-01-21T12:25:00,45.0
EVT-001823,ACC-007,Voyager Entertainment,ACC-007-U104,Flow,export,2026-01-21T09:27:00,8.0
EVT-001824,ACC-007,Voyager Entertainment,ACC-007-U013,Canvas,login,2026-01-21T15:45:00,8.9
EVT-001825,ACC-007,Voyager Entertainment,ACC-007-U078,Canvas,login,2026-01-21T07:44:00,9.5
EVT-001826,ACC-007,Voyager Entertainment,ACC-007-U034,Canvas,login,2026-01-21T13:50:00,27.9
EVT-001827,ACC-007,Voyager Entertainment,ACC-007-U071,Flow,export,2026-01-21T18:36:00,9.4
EVT-001828,ACC-007,Voyager Entertainment,ACC-007-U071,Canvas,feature_use,2026-01-21T09:48:00,38.1
EVT-001829,ACC-007,Voyager Entertainment,ACC-007-U039,Insight,feature_use,2026-01-21T11:44:00,58.7
EVT-001830,ACC-007,Voyager Entertainment,ACC-007-U105,Canvas,export,2026-01-21T10:47:00,5.6
EVT-001831,ACC-007,Voyager Entertainment,ACC-007-U059,Canvas,login,2026-01-21T12:01:00,39.5
EVT-001832,ACC-007,Voyager Entertainment,ACC-007-U029,Insight,login,2026-01-21T19:47:00,1.2
EVT-001833,ACC-007,Voyager Entertainment,ACC-007-U014,Insight,feature_use,2026-01-21T10:06:00,34.0
EVT-001834,ACC-007,Voyager Entertainment,ACC-007-U098,Flow,feature_use,2026-01-21T10:15:00,21.6
EVT-001835,ACC-007,Voyager Entertainment,ACC-007-U105,Canvas,feature_use,2026-01-21T11:44:00,3.1
EVT-001836,ACC-007,Voyager Entertainment,ACC-007-U014,Flow,api_call,2026-01-21T15:36:00,1.3
EVT-001837,ACC-007,Voyager Entertainment,ACC-007-U099,Canvas,api_call,2026-01-22T10:04:00,1.6
EVT-001838,ACC-007,Voyager Entertainment,ACC-007-U035,Canvas,feature_use,2026-01-22T12:29:00,28.3
EVT-001839,ACC-007,Voyager Entertainment,ACC-007-U002,Insight,login,2026-01-22T12:54:00,43.7
EVT-001840,ACC-007,Voyager Entertainment,ACC-007-U077,Insight,login,2026-01-22T11:31:00,31.5
EVT-001841,ACC-007,Voyager Entertainment,ACC-007-U053,Insight,export,2026-01-22T17:09:00,9.9
EVT-001842,ACC-007,Voyager Entertainment,ACC-007-U013,Flow,feature_use,2026-01-22T12:24:00,57.3
EVT-001843,ACC-007,Voyager Entertainment,ACC-007-U062,Insight,api_call,2026-01-22T09:20:00,1.2
EVT-001844,ACC-007,Voyager Entertainment,ACC-007-U034,Canvas,feature_use,2026-01-22T14:10:00,31.9
EVT-001845,ACC-007,Voyager Entertainment,ACC-007-U025,Flow,login,2026-01-22T12:40:00,13.0
EVT-001846,ACC-007,Voyager Entertainment,ACC-007-U051,Flow,export,2026-01-22T14:38:00,9.0
EVT-001847,ACC-007,Voyager Entertainment,ACC-007-U069,Flow,login,2026-01-22T16:26:00,21.9
EVT-001848,ACC-007,Voyager Entertainment,ACC-007-U024,Insight,invite_sent,2026-01-22T16:36:00,1.9
EVT-001849,ACC-007,Voyager Entertainment,ACC-007-U035,Flow,feature_use,2026-01-22T14:38:00,35.1
EVT-001850,ACC-007,Voyager Entertainment,ACC-007-U031,Flow,export,2026-01-22T14:43:00,5.5
EVT-001851,ACC-007,Voyager Entertainment,ACC-007-U035,Insight,login,2026-01-22T19:12:00,13.1
EVT-001852,ACC-007,Voyager Entertainment,ACC-007-U104,Insight,api_call,2026-01-22T13:18:00,0.3
EVT-001853,ACC-007,Voyager Entertainment,ACC-007-U027,Insight,feature_use,2026-01-23T15:06:00,25.3
EVT-001854,ACC-007,Voyager Entertainment,ACC-007-U056,Insight,feature_use,2026-01-23T18:22:00,14.6
EVT-001855,ACC-007,Voyager Entertainment,ACC-007-U033,Flow,login,2026-01-23T14:52:00,12.5
EVT-001856,ACC-007,Voyager Entertainment,ACC-007-U113,Insight,export,2026-01-23T11:28:00,9.1
EVT-001857,ACC-007,Voyager Entertainment,ACC-007-U057,Canvas,feature_use,2026-01-23T16:01:00,30.4
EVT-001858,ACC-007,Voyager Entertainment,ACC-007-U068,Canvas,feature_use,2026-01-23T18:51:00,12.2
EVT-001859,ACC-007,Voyager Entertainment,ACC-007-U044,Canvas,login,2026-01-23T12:56:00,34.0
EVT-001860,ACC-007,Voyager Entertainment,ACC-007-U100,Canvas,login,2026-01-23T11:16:00,41.4
EVT-001861,ACC-007,Voyager Entertainment,ACC-007-U112,Insight,feature_use,2026-01-23T13:42:00,5.5
EVT-001862,ACC-007,Voyager Entertainment,ACC-007-U008,Flow,feature_use,2026-01-23T17:23:00,56.0
EVT-001863,ACC-007,Voyager Entertainment,ACC-007-U041,Flow,api_call,2026-01-23T17:08:00,0.8
EVT-001864,ACC-007,Voyager Entertainment,ACC-007-U038,Flow,api_call,2026-01-23T12:30:00,1.3
EVT-001865,ACC-007,Voyager Entertainment,ACC-007-U109,Flow,api_call,2026-01-23T10:54:00,1.6
EVT-001866,ACC-007,Voyager Entertainment,ACC-007-U078,Canvas,feature_use,2026-01-23T10:40:00,21.9
EVT-001867,ACC-007,Voyager Entertainment,ACC-007-U055,Insight,login,2026-01-23T11:19:00,35.9
EVT-001868,ACC-007,Voyager Entertainment,ACC-007-U053,Flow,feature_use,2026-01-23T17:23:00,19.4
EVT-001869,ACC-007,Voyager Entertainment,ACC-007-U028,Canvas,login,2026-01-24T09:11:00,12.0
EVT-001870,ACC-007,Voyager Entertainment,ACC-007-U013,Canvas,api_call,2026-01-24T10:49:00,1.6
EVT-001871,ACC-007,Voyager Entertainment,ACC-007-U071,Flow,login,2026-01-25T09:54:00,38.0
EVT-001872,ACC-007,Voyager Entertainment,ACC-007-U083,Canvas,feature_use,2026-01-25T11:23:00,58.7
EVT-001873,ACC-007,Voyager Entertainment,ACC-007-U087,Canvas,feature_use,2026-01-25T18:33:00,6.1
EVT-001874,ACC-007,Voyager Entertainment,ACC-007-U038,Canvas,feature_use,2026-01-26T11:42:00,20.4
EVT-001875,ACC-007,Voyager Entertainment,ACC-007-U106,Flow,export,2026-01-26T17:32:00,5.3
EVT-001876,ACC-007,Voyager Entertainment,ACC-007-U120,Canvas,feature_use,2026-01-26T11:43:00,52.2
EVT-001877,ACC-007,Voyager Entertainment,ACC-007-U112,Canvas,login,2026-01-26T13:47:00,39.3
EVT-001878,ACC-007,Voyager Entertainment,ACC-007-U112,Flow,export,2026-01-26T14:25:00,9.4
EVT-001879,ACC-007,Voyager Entertainment,ACC-007-U001,Canvas,invite_sent,2026-01-26T17:08:00,1.5
EVT-001880,ACC-007,Voyager Entertainment,ACC-007-U001,Insight,feature_use,2026-01-26T15:27:00,53.7
EVT-001881,ACC-007,Voyager Entertainment,ACC-007-U026,Flow,login,2026-01-26T14:01:00,26.9
EVT-001882,ACC-007,Voyager Entertainment,ACC-007-U058,Canvas,login,2026-01-26T11:14:00,27.2
EVT-001883,ACC-007,Voyager Entertainment,ACC-007-U049,Canvas,feature_use,2026-01-26T19:45:00,16.3
EVT-001884,ACC-007,Voyager Entertainment,ACC-007-U069,Canvas,login,2026-01-26T14:42:00,4.7
EVT-001885,ACC-007,Voyager Entertainment,ACC-007-U036,Flow,api_call,2026-01-26T11:17:00,0.4
EVT-001886,ACC-007,Voyager Entertainment,ACC-007-U052,Insight,login,2026-01-26T18:42:00,34.0
EVT-001887,ACC-007,Voyager Entertainment,ACC-007-U071,Insight,feature_use,2026-01-26T10:58:00,24.1
EVT-001888,ACC-007,Voyager Entertainment,ACC-007-U110,Flow,feature_use,2026-01-26T11:33:00,43.5
EVT-001889,ACC-007,Voyager Entertainment,ACC-007-U019,Insight,export,2026-01-26T08:09:00,8.6
EVT-001890,ACC-007,Voyager Entertainment,ACC-007-U062,Flow,api_call,2026-01-27T10:50:00,1.2
EVT-001891,ACC-007,Voyager Entertainment,ACC-007-U092,Canvas,feature_use,2026-01-27T16:34:00,40.4
EVT-001892,ACC-007,Voyager Entertainment,ACC-007-U096,Insight,feature_use,2026-01-27T16:42:00,45.7
EVT-001893,ACC-007,Voyager Entertainment,ACC-007-U100,Canvas,login,2026-01-27T16:07:00,18.4
EVT-001894,ACC-007,Voyager Entertainment,ACC-007-U018,Insight,login,2026-01-27T07:54:00,26.7
EVT-001895,ACC-007,Voyager Entertainment,ACC-007-U040,Canvas,api_call,2026-01-27T11:41:00,2.0
EVT-001896,ACC-007,Voyager Entertainment,ACC-007-U100,Flow,login,2026-01-27T08:03:00,32.8
EVT-001897,ACC-007,Voyager Entertainment,ACC-007-U110,Flow,api_call,2026-01-27T17:45:00,1.6
EVT-001898,ACC-007,Voyager Entertainment,ACC-007-U018,Canvas,login,2026-01-27T09:13:00,3.7
EVT-001899,ACC-007,Voyager Entertainment,ACC-007-U059,Canvas,feature_use,2026-01-27T19:50:00,54.6
EVT-001900,ACC-007,Voyager Entertainment,ACC-007-U110,Flow,login,2026-01-27T09:28:00,34.3
EVT-001901,ACC-007,Voyager Entertainment,ACC-007-U109,Canvas,export,2026-01-27T14:36:00,5.6
EVT-001902,ACC-007,Voyager Entertainment,ACC-007-U115,Canvas,feature_use,2026-01-27T08:00:00,48.5
EVT-001903,ACC-007,Voyager Entertainment,ACC-007-U083,Flow,feature_use,2026-01-27T20:53:00,58.6
EVT-001904,ACC-007,Voyager Entertainment,ACC-007-U063,Canvas,feature_use,2026-01-27T12:15:00,57.5
EVT-001905,ACC-007,Voyager Entertainment,ACC-007-U081,Insight,feature_use,2026-01-27T12:37:00,25.0
EVT-001906,ACC-007,Voyager Entertainment,ACC-007-U053,Canvas,feature_use,2026-01-28T08:31:00,35.8
EVT-001907,ACC-007,Voyager Entertainment,ACC-007-U109,Flow,export,2026-01-28T15:38:00,8.7
EVT-001908,ACC-007,Voyager Entertainment,ACC-007-U076,Insight,api_call,2026-01-28T10:34:00,1.2
EVT-001909,ACC-007,Voyager Entertainment,ACC-007-U094,Insight,feature_use,2026-01-28T18:48:00,46.6
EVT-001910,ACC-007,Voyager Entertainment,ACC-007-U042,Canvas,api_call,2026-01-28T17:21:00,0.6
EVT-001911,ACC-007,Voyager Entertainment,ACC-007-U083,Insight,api_call,2026-01-28T13:29:00,0.4
EVT-001912,ACC-007,Voyager Entertainment,ACC-007-U011,Canvas,login,2026-01-28T17:35:00,43.6
EVT-001913,ACC-007,Voyager Entertainment,ACC-007-U031,Canvas,export,2026-01-28T17:49:00,8.6
EVT-001914,ACC-007,Voyager Entertainment,ACC-007-U013,Canvas,feature_use,2026-01-28T13:33:00,14.9
EVT-001915,ACC-007,Voyager Entertainment,ACC-007-U051,Insight,feature_use,2026-01-28T12:47:00,34.3
EVT-001916,ACC-007,Voyager Entertainment,ACC-007-U027,Insight,login,2026-01-28T12:48:00,11.3
EVT-001917,ACC-007,Voyager Entertainment,ACC-007-U064,Flow,login,2026-01-28T10:00:00,12.0
EVT-001918,ACC-007,Voyager Entertainment,ACC-007-U098,Canvas,feature_use,2026-01-28T19:12:00,9.4
EVT-001919,ACC-007,Voyager Entertainment,ACC-007-U104,Insight,api_call,2026-01-28T10:08:00,1.9
EVT-001920,ACC-007,Voyager Entertainment,ACC-007-U034,Canvas,feature_use,2026-01-28T20:59:00,47.9
EVT-001921,ACC-007,Voyager Entertainment,ACC-007-U112,Flow,login,2026-01-29T12:41:00,25.0
EVT-001922,ACC-007,Voyager Entertainment,ACC-007-U119,Canvas,api_call,2026-01-29T08:38:00,0.4
EVT-001923,ACC-007,Voyager Entertainment,ACC-007-U040,Canvas,feature_use,2026-01-29T16:04:00,48.7
EVT-001924,ACC-007,Voyager Entertainment,ACC-007-U055,Flow,login,2026-01-29T14:00:00,43.2
EVT-001925,ACC-007,Voyager Entertainment,ACC-007-U117,Flow,feature_use,2026-01-29T08:31:00,20.8
EVT-001926,ACC-007,Voyager Entertainment,ACC-007-U013,Canvas,feature_use,2026-01-29T19:01:00,48.5
EVT-001927,ACC-007,Voyager Entertainment,ACC-007-U006,Canvas,feature_use,2026-01-29T16:02:00,8.1
EVT-001928,ACC-007,Voyager Entertainment,ACC-007-U025,Flow,login,2026-01-29T10:52:00,5.1
EVT-001929,ACC-007,Voyager Entertainment,ACC-007-U105,Insight,login,2026-01-29T18:41:00,23.4
EVT-001930,ACC-007,Voyager Entertainment,ACC-007-U004,Flow,login,2026-01-29T17:16:00,6.3
EVT-001931,ACC-007,Voyager Entertainment,ACC-007-U097,Insight,export,2026-01-29T17:31:00,7.7
EVT-001932,ACC-007,Voyager Entertainment,ACC-007-U058,Insight,login,2026-01-29T19:30:00,36.5
EVT-001933,ACC-007,Voyager Entertainment,ACC-007-U034,Flow,login,2026-01-29T08:09:00,11.8
EVT-001934,ACC-007,Voyager Entertainment,ACC-007-U076,Flow,login,2026-01-29T18:11:00,35.6
EVT-001935,ACC-007,Voyager Entertainment,ACC-007-U100,Canvas,login,2026-01-29T09:11:00,18.5
EVT-001936,ACC-007,Voyager Entertainment,ACC-007-U095,Insight,login,2026-01-29T19:58:00,4.6
EVT-001937,ACC-007,Voyager Entertainment,ACC-007-U087,Insight,login,2026-01-29T16:28:00,13.0
EVT-001938,ACC-007,Voyager Entertainment,ACC-007-U014,Canvas,login,2026-01-30T16:33:00,26.1
EVT-001939,ACC-007,Voyager Entertainment,ACC-007-U115,Flow,feature_use,2026-01-30T09:12:00,44.6
EVT-001940,ACC-007,Voyager Entertainment,ACC-007-U086,Canvas,login,2026-01-30T12:28:00,12.8
EVT-001941,ACC-007,Voyager Entertainment,ACC-007-U087,Insight,login,2026-01-30T19:26:00,10.9
EVT-001942,ACC-007,Voyager Entertainment,ACC-007-U074,Flow,feature_use,2026-01-30T17:10:00,11.4
EVT-001943,ACC-007,Voyager Entertainment,ACC-007-U083,Canvas,login,2026-01-30T15:47:00,33.0
EVT-001944,ACC-007,Voyager Entertainment,ACC-007-U084,Canvas,feature_use,2026-01-30T18:48:00,21.7
EVT-001945,ACC-007,Voyager Entertainment,ACC-007-U035,Canvas,login,2026-01-30T13:15:00,1.8
EVT-001946,ACC-007,Voyager Entertainment,ACC-007-U106,Insight,export,2026-01-30T10:07:00,4.6
EVT-001947,ACC-007,Voyager Entertainment,ACC-007-U008,Canvas,login,2026-01-30T16:36:00,23.9
EVT-001948,ACC-007,Voyager Entertainment,ACC-007-U041,Canvas,login,2026-01-30T06:37:00,18.9
EVT-001949,ACC-007,Voyager Entertainment,ACC-007-U041,Flow,feature_use,2026-01-30T09:15:00,45.3
EVT-001950,ACC-007,Voyager Entertainment,ACC-007-U011,Insight,feature_use,2026-01-30T16:37:00,56.2
EVT-001951,ACC-007,Voyager Entertainment,ACC-007-U028,Insight,api_call,2026-01-30T13:45:00,1.2
EVT-001952,ACC-007,Voyager Entertainment,ACC-007-U090,Canvas,feature_use,2026-01-30T16:19:00,33.9
EVT-001953,ACC-007,Voyager Entertainment,ACC-007-U002,Canvas,api_call,2026-01-30T14:30:00,1.7
EVT-001954,ACC-007,Voyager Entertainment,ACC-007-U092,Flow,login,2026-01-30T18:52:00,3.2
EVT-001955,ACC-007,Voyager Entertainment,ACC-007-U107,Insight,login,2026-01-31T16:51:00,23.1
EVT-001956,ACC-007,Voyager Entertainment,ACC-007-U013,Canvas,invite_sent,2026-01-31T11:54:00,1.4
EVT-001957,ACC-007,Voyager Entertainment,ACC-007-U042,Insight,login,2026-02-01T16:51:00,39.8
EVT-001958,ACC-007,Voyager Entertainment,ACC-007-U036,Insight,export,2026-02-01T15:09:00,9.2
EVT-001959,ACC-007,Voyager Entertainment,ACC-007-U036,Insight,login,2026-02-01T18:18:00,20.7
EVT-001960,ACC-007,Voyager Entertainment,ACC-007-U027,Canvas,invite_sent,2026-02-01T08:22:00,2.3
EVT-001961,ACC-007,Voyager Entertainment,ACC-007-U114,Flow,export,2026-02-02T11:52:00,4.9
EVT-001962,ACC-007,Voyager Entertainment,ACC-007-U091,Flow,feature_use,2026-02-02T18:41:00,5.6
EVT-001963,ACC-007,Voyager Entertainment,ACC-007-U038,Canvas,invite_sent,2026-02-02T10:40:00,2.4
EVT-001964,ACC-007,Voyager Entertainment,ACC-007-U023,Flow,api_call,2026-02-02T15:21:00,0.1
EVT-001965,ACC-007,Voyager Entertainment,ACC-007-U090,Canvas,feature_use,2026-02-02T17:13:00,44.0
EVT-001966,ACC-007,Voyager Entertainment,ACC-007-U083,Flow,api_call,2026-02-02T11:26:00,0.6
EVT-001967,ACC-007,Voyager Entertainment,ACC-007-U102,Flow,invite_sent,2026-02-02T10:20:00,2.9
EVT-001968,ACC-007,Voyager Entertainment,ACC-007-U082,Insight,export,2026-02-02T15:11:00,8.4
EVT-001969,ACC-007,Voyager Entertainment,ACC-007-U108,Flow,invite_sent,2026-02-02T17:45:00,2.8
EVT-001970,ACC-007,Voyager Entertainment,ACC-007-U112,Flow,api_call,2026-02-02T19:54:00,1.6
EVT-001971,ACC-007,Voyager Entertainment,ACC-007-U021,Flow,invite_sent,2026-02-02T15:28:00,4.8
EVT-001972,ACC-007,Voyager Entertainment,ACC-007-U093,Insight,feature_use,2026-02-02T11:39:00,51.8
EVT-001973,ACC-007,Voyager Entertainment,ACC-007-U081,Flow,feature_use,2026-02-02T10:03:00,7.6
EVT-001974,ACC-007,Voyager Entertainment,ACC-007-U017,Canvas,feature_use,2026-02-02T20:06:00,5.1
EVT-001975,ACC-007,Voyager Entertainment,ACC-007-U062,Flow,feature_use,2026-02-02T11:09:00,30.6
EVT-001976,ACC-007,Voyager Entertainment,ACC-007-U021,Canvas,feature_use,2026-02-02T10:03:00,18.5
EVT-001977,ACC-007,Voyager Entertainment,ACC-007-U120,Insight,feature_use,2026-02-03T16:33:00,20.7
EVT-001978,ACC-007,Voyager Entertainment,ACC-007-U009,Canvas,api_call,2026-02-03T09:45:00,0.6
EVT-001979,ACC-007,Voyager Entertainment,ACC-007-U062,Flow,login,2026-02-03T10:44:00,3.6
EVT-001980,ACC-007,Voyager Entertainment,ACC-007-U085,Canvas,feature_use,2026-02-03T14:38:00,34.4
EVT-001981,ACC-007,Voyager Entertainment,ACC-007-U116,Canvas,login,2026-02-03T19:13:00,13.1
EVT-001982,ACC-007,Voyager Entertainment,ACC-007-U117,Flow,api_call,2026-02-03T16:31:00,0.6
EVT-001983,ACC-007,Voyager Entertainment,ACC-007-U108,Insight,api_call,2026-02-03T14:02:00,1.5
EVT-001984,ACC-007,Voyager Entertainment,ACC-007-U033,Insight,export,2026-02-03T10:22:00,9.0
EVT-001985,ACC-007,Voyager Entertainment,ACC-007-U118,Canvas,export,2026-02-03T14:18:00,3.3
EVT-001986,ACC-007,Voyager Entertainment,ACC-007-U058,Flow,api_call,2026-02-03T12:00:00,0.7
EVT-001987,ACC-007,Voyager Entertainment,ACC-007-U094,Canvas,login,2026-02-03T11:21:00,43.2
EVT-001988,ACC-007,Voyager Entertainment,ACC-007-U053,Canvas,export,2026-02-03T18:35:00,1.2
EVT-001989,ACC-007,Voyager Entertainment,ACC-007-U053,Insight,api_call,2026-02-03T16:30:00,0.9
EVT-001990,ACC-007,Voyager Entertainment,ACC-007-U046,Flow,feature_use,2026-02-03T10:07:00,6.2
EVT-001991,ACC-007,Voyager Entertainment,ACC-007-U098,Canvas,feature_use,2026-02-03T13:49:00,34.5
EVT-001992,ACC-007,Voyager Entertainment,ACC-007-U118,Flow,invite_sent,2026-02-03T18:43:00,1.2
EVT-001993,ACC-007,Voyager Entertainment,ACC-007-U023,Canvas,login,2026-02-04T20:52:00,17.0
EVT-001994,ACC-007,Voyager Entertainment,ACC-007-U008,Flow,api_call,2026-02-04T17:44:00,0.4
EVT-001995,ACC-007,Voyager Entertainment,ACC-007-U044,Insight,feature_use,2026-02-04T09:34:00,15.7
EVT-001996,ACC-007,Voyager Entertainment,ACC-007-U114,Insight,login,2026-02-04T11:06:00,2.0
EVT-001997,ACC-007,Voyager Entertainment,ACC-007-U061,Insight,api_call,2026-02-04T07:54:00,0.2
EVT-001998,ACC-007,Voyager Entertainment,ACC-007-U096,Canvas,login,2026-02-04T08:30:00,17.2
EVT-001999,ACC-007,Voyager Entertainment,ACC-007-U078,Insight,feature_use,2026-02-04T11:45:00,25.1
EVT-002000,ACC-007,Voyager Entertainment,ACC-007-U046,Canvas,export,2026-02-04T17:14:00,9.4
EVT-002001,ACC-007,Voyager Entertainment,ACC-007-U025,Insight,login,2026-02-04T07:07:00,1.1
EVT-002002,ACC-007,Voyager Entertainment,ACC-007-U095,Flow,feature_use,2026-02-04T10:32:00,46.8
EVT-002003,ACC-007,Voyager Entertainment,ACC-007-U117,Flow,api_call,2026-02-04T13:35:00,0.3
EVT-002004,ACC-007,Voyager Entertainment,ACC-007-U118,Flow,export,2026-02-04T09:34:00,9.2
EVT-002005,ACC-007,Voyager Entertainment,ACC-007-U100,Flow,api_call,2026-02-04T09:14:00,0.7
EVT-002006,ACC-007,Voyager Entertainment,ACC-007-U004,Flow,export,2026-02-04T09:23:00,5.5
EVT-002007,ACC-007,Voyager Entertainment,ACC-007-U065,Canvas,feature_use,2026-02-04T08:42:00,56.5
EVT-002008,ACC-007,Voyager Entertainment,ACC-007-U102,Flow,login,2026-02-04T07:18:00,33.3
EVT-002009,ACC-007,Voyager Entertainment,ACC-007-U114,Flow,export,2026-02-04T12:17:00,8.6
EVT-002010,ACC-007,Voyager Entertainment,ACC-007-U022,Canvas,feature_use,2026-02-05T07:16:00,41.3
EVT-002011,ACC-007,Voyager Entertainment,ACC-007-U117,Insight,invite_sent,2026-02-05T10:03:00,3.2
EVT-002012,ACC-007,Voyager Entertainment,ACC-007-U079,Flow,export,2026-02-05T11:22:00,8.0
EVT-002013,ACC-007,Voyager Entertainment,ACC-007-U009,Insight,feature_use,2026-02-05T16:30:00,50.6
EVT-002014,ACC-007,Voyager Entertainment,ACC-007-U100,Insight,feature_use,2026-02-05T18:38:00,7.8
EVT-002015,ACC-007,Voyager Entertainment,ACC-007-U036,Flow,invite_sent,2026-02-05T11:43:00,4.0
EVT-002016,ACC-007,Voyager Entertainment,ACC-007-U061,Insight,feature_use,2026-02-05T16:32:00,28.7
EVT-002017,ACC-007,Voyager Entertainment,ACC-007-U048,Flow,feature_use,2026-02-05T10:27:00,22.3
EVT-002018,ACC-007,Voyager Entertainment,ACC-007-U008,Insight,export,2026-02-05T17:33:00,1.2
EVT-002019,ACC-007,Voyager Entertainment,ACC-007-U040,Canvas,api_call,2026-02-05T17:47:00,1.0
EVT-002020,ACC-007,Voyager Entertainment,ACC-007-U104,Flow,export,2026-02-05T16:11:00,2.6
EVT-002021,ACC-007,Voyager Entertainment,ACC-007-U082,Canvas,feature_use,2026-02-05T09:29:00,9.1
EVT-002022,ACC-007,Voyager Entertainment,ACC-007-U007,Insight,api_call,2026-02-05T09:31:00,0.9
EVT-002023,ACC-007,Voyager Entertainment,ACC-007-U016,Flow,login,2026-02-05T10:56:00,35.3
EVT-002024,ACC-007,Voyager Entertainment,ACC-007-U077,Flow,login,2026-02-05T14:36:00,12.8
EVT-002025,ACC-007,Voyager Entertainment,ACC-007-U025,Canvas,login,2026-02-05T09:27:00,8.7
EVT-002026,ACC-007,Voyager Entertainment,ACC-007-U001,Canvas,feature_use,2026-02-06T18:07:00,8.0
EVT-002027,ACC-007,Voyager Entertainment,ACC-007-U033,Canvas,feature_use,2026-02-06T20:36:00,5.7
EVT-002028,ACC-007,Voyager Entertainment,ACC-007-U057,Canvas,login,2026-02-06T12:25:00,19.9
EVT-002029,ACC-007,Voyager Entertainment,ACC-007-U095,Flow,api_call,2026-02-06T10:41:00,1.0
EVT-002030,ACC-007,Voyager Entertainment,ACC-007-U044,Flow,invite_sent,2026-02-06T11:47:00,3.1
EVT-002031,ACC-007,Voyager Entertainment,ACC-007-U007,Insight,feature_use,2026-02-06T06:54:00,28.8
EVT-002032,ACC-007,Voyager Entertainment,ACC-007-U077,Flow,feature_use,2026-02-06T16:23:00,3.2
EVT-002033,ACC-007,Voyager Entertainment,ACC-007-U029,Canvas,login,2026-02-06T15:59:00,25.0
EVT-002034,ACC-007,Voyager Entertainment,ACC-007-U102,Insight,invite_sent,2026-02-06T14:10:00,4.3
EVT-002035,ACC-007,Voyager Entertainment,ACC-007-U010,Canvas,api_call,2026-02-06T19:56:00,1.6
EVT-002036,ACC-007,Voyager Entertainment,ACC-007-U060,Insight,login,2026-02-06T14:02:00,12.4
EVT-002037,ACC-007,Voyager Entertainment,ACC-007-U101,Canvas,login,2026-02-06T19:15:00,7.9
EVT-002038,ACC-007,Voyager Entertainment,ACC-007-U070,Canvas,login,2026-02-06T11:02:00,8.4
EVT-002039,ACC-007,Voyager Entertainment,ACC-007-U087,Flow,api_call,2026-02-06T11:03:00,1.6
EVT-002040,ACC-007,Voyager Entertainment,ACC-007-U071,Insight,api_call,2026-02-06T11:21:00,0.5
EVT-002041,ACC-007,Voyager Entertainment,ACC-007-U110,Canvas,api_call,2026-02-06T17:51:00,1.2
EVT-002042,ACC-007,Voyager Entertainment,ACC-007-U065,Flow,export,2026-02-06T10:49:00,2.9
EVT-002043,ACC-007,Voyager Entertainment,ACC-007-U076,Insight,login,2026-02-07T16:25:00,35.3
EVT-002044,ACC-007,Voyager Entertainment,ACC-007-U069,Insight,feature_use,2026-02-07T08:09:00,10.6
EVT-002045,ACC-007,Voyager Entertainment,ACC-007-U017,Flow,feature_use,2026-02-07T13:37:00,7.3
EVT-002046,ACC-007,Voyager Entertainment,ACC-007-U004,Flow,login,2026-02-07T12:38:00,40.9
EVT-002047,ACC-007,Voyager Entertainment,ACC-007-U101,Flow,login,2026-02-08T19:30:00,19.6
EVT-002048,ACC-007,Voyager Entertainment,ACC-007-U102,Canvas,export,2026-02-08T18:16:00,5.6
EVT-002049,ACC-007,Voyager Entertainment,ACC-007-U076,Canvas,api_call,2026-02-08T07:39:00,0.4
EVT-002050,ACC-007,Voyager Entertainment,ACC-007-U017,Canvas,feature_use,2026-02-08T07:36:00,46.7
EVT-002051,ACC-007,Voyager Entertainment,ACC-007-U090,Canvas,export,2026-02-08T18:20:00,8.9
EVT-002052,ACC-007,Voyager Entertainment,ACC-007-U012,Flow,login,2026-02-08T09:22:00,8.3
EVT-002053,ACC-007,Voyager Entertainment,ACC-007-U034,Insight,feature_use,2026-02-09T11:27:00,58.4
EVT-002054,ACC-007,Voyager Entertainment,ACC-007-U023,Canvas,feature_use,2026-02-09T16:17:00,12.8
EVT-002055,ACC-007,Voyager Entertainment,ACC-007-U056,Flow,login,2026-02-09T10:19:00,26.7
EVT-002056,ACC-007,Voyager Entertainment,ACC-007-U017,Insight,api_call,2026-02-09T09:37:00,1.5
EVT-002057,ACC-007,Voyager Entertainment,ACC-007-U056,Canvas,feature_use,2026-02-09T18:00:00,12.8
EVT-002058,ACC-007,Voyager Entertainment,ACC-007-U039,Insight,login,2026-02-09T15:40:00,33.1
EVT-002059,ACC-007,Voyager Entertainment,ACC-007-U072,Canvas,export,2026-02-09T12:35:00,9.9
EVT-002060,ACC-007,Voyager Entertainment,ACC-007-U049,Canvas,feature_use,2026-02-09T10:00:00,17.4
EVT-002061,ACC-007,Voyager Entertainment,ACC-007-U082,Canvas,export,2026-02-09T11:18:00,3.2
EVT-002062,ACC-007,Voyager Entertainment,ACC-007-U043,Insight,login,2026-02-09T07:44:00,1.5
EVT-002063,ACC-007,Voyager Entertainment,ACC-007-U073,Flow,feature_use,2026-02-09T12:08:00,50.4
EVT-002064,ACC-007,Voyager Entertainment,ACC-007-U049,Flow,login,2026-02-09T18:52:00,41.4
EVT-002065,ACC-007,Voyager Entertainment,ACC-007-U093,Insight,feature_use,2026-02-09T08:53:00,14.1
EVT-002066,ACC-007,Voyager Entertainment,ACC-007-U106,Insight,login,2026-02-09T15:03:00,32.6
EVT-002067,ACC-007,Voyager Entertainment,ACC-007-U075,Insight,login,2026-02-09T10:39:00,17.3
EVT-002068,ACC-007,Voyager Entertainment,ACC-007-U109,Canvas,login,2026-02-09T09:37:00,37.8
EVT-002069,ACC-007,Voyager Entertainment,ACC-007-U120,Flow,invite_sent,2026-02-10T16:27:00,4.5
EVT-002070,ACC-007,Voyager Entertainment,ACC-007-U051,Flow,feature_use,2026-02-10T20:52:00,13.3
EVT-002071,ACC-007,Voyager Entertainment,ACC-007-U106,Flow,api_call,2026-02-10T17:06:00,1.0
EVT-002072,ACC-007,Voyager Entertainment,ACC-007-U018,Insight,feature_use,2026-02-10T17:31:00,59.9
EVT-002073,ACC-007,Voyager Entertainment,ACC-007-U065,Canvas,login,2026-02-10T08:10:00,31.7
EVT-002074,ACC-007,Voyager Entertainment,ACC-007-U030,Insight,login,2026-02-10T16:04:00,14.5
EVT-002075,ACC-007,Voyager Entertainment,ACC-007-U025,Canvas,login,2026-02-10T16:50:00,16.2
EVT-002076,ACC-007,Voyager Entertainment,ACC-007-U017,Insight,api_call,2026-02-10T12:48:00,1.2
EVT-002077,ACC-007,Voyager Entertainment,ACC-007-U049,Canvas,feature_use,2026-02-10T13:47:00,19.7
EVT-002078,ACC-007,Voyager Entertainment,ACC-007-U028,Flow,api_call,2026-02-10T14:02:00,0.4
EVT-002079,ACC-007,Voyager Entertainment,ACC-007-U106,Insight,feature_use,2026-02-10T12:45:00,14.3
EVT-002080,ACC-007,Voyager Entertainment,ACC-007-U074,Canvas,export,2026-02-10T06:21:00,9.8
EVT-002081,ACC-007,Voyager Entertainment,ACC-007-U091,Insight,api_call,2026-02-10T11:47:00,1.3
EVT-002082,ACC-007,Voyager Entertainment,ACC-007-U106,Insight,login,2026-02-11T12:32:00,12.7
EVT-002083,ACC-007,Voyager Entertainment,ACC-007-U065,Canvas,login,2026-02-11T12:13:00,22.3
EVT-002084,ACC-007,Voyager Entertainment,ACC-007-U036,Flow,feature_use,2026-02-11T18:35:00,48.1
EVT-002085,ACC-007,Voyager Entertainment,ACC-007-U010,Canvas,export,2026-02-11T18:30:00,4.8
EVT-002086,ACC-007,Voyager Entertainment,ACC-007-U020,Insight,login,2026-02-11T07:32:00,4.6
EVT-002087,ACC-007,Voyager Entertainment,ACC-007-U094,Insight,feature_use,2026-02-11T10:48:00,27.6
EVT-002088,ACC-007,Voyager Entertainment,ACC-007-U058,Insight,feature_use,2026-02-11T12:48:00,50.1
EVT-002089,ACC-007,Voyager Entertainment,ACC-007-U053,Insight,feature_use,2026-02-11T17:44:00,20.4
EVT-002090,ACC-007,Voyager Entertainment,ACC-007-U091,Insight,feature_use,2026-02-11T16:25:00,51.3
EVT-002091,ACC-007,Voyager Entertainment,ACC-007-U031,Insight,api_call,2026-02-11T15:54:00,1.6
EVT-002092,ACC-007,Voyager Entertainment,ACC-007-U036,Insight,feature_use,2026-02-11T09:07:00,35.5
EVT-002093,ACC-007,Voyager Entertainment,ACC-007-U061,Flow,login,2026-02-11T14:48:00,29.5
EVT-002094,ACC-007,Voyager Entertainment,ACC-007-U107,Insight,api_call,2026-02-11T12:26:00,1.4
EVT-002095,ACC-007,Voyager Entertainment,ACC-007-U030,Canvas,login,2026-02-11T08:48:00,3.7
EVT-002096,ACC-007,Voyager Entertainment,ACC-007-U055,Insight,api_call,2026-02-11T18:30:00,1.4
EVT-002097,ACC-007,Voyager Entertainment,ACC-007-U083,Insight,feature_use,2026-02-11T13:39:00,46.7
EVT-002098,ACC-007,Voyager Entertainment,ACC-007-U103,Insight,invite_sent,2026-02-11T19:31:00,4.2
EVT-002099,ACC-007,Voyager Entertainment,ACC-007-U062,Insight,login,2026-02-11T19:49:00,31.9
EVT-002100,ACC-007,Voyager Entertainment,ACC-007-U027,Flow,feature_use,2026-02-12T11:14:00,57.4
EVT-002101,ACC-007,Voyager Entertainment,ACC-007-U079,Flow,api_call,2026-02-12T17:48:00,1.1
EVT-002102,ACC-007,Voyager Entertainment,ACC-007-U059,Canvas,feature_use,2026-02-12T18:37:00,51.5
EVT-002103,ACC-007,Voyager Entertainment,ACC-007-U076,Insight,feature_use,2026-02-12T10:28:00,21.7
EVT-002104,ACC-007,Voyager Entertainment,ACC-007-U012,Canvas,feature_use,2026-02-12T20:26:00,56.4
EVT-002105,ACC-007,Voyager Entertainment,ACC-007-U015,Canvas,feature_use,2026-02-12T08:40:00,5.7
EVT-002106,ACC-007,Voyager Entertainment,ACC-007-U045,Canvas,feature_use,2026-02-12T19:04:00,54.2
EVT-002107,ACC-007,Voyager Entertainment,ACC-007-U036,Canvas,feature_use,2026-02-12T14:26:00,33.1
EVT-002108,ACC-007,Voyager Entertainment,ACC-007-U010,Canvas,export,2026-02-12T17:53:00,7.9
EVT-002109,ACC-007,Voyager Entertainment,ACC-007-U118,Flow,export,2026-02-12T17:29:00,1.3
EVT-002110,ACC-007,Voyager Entertainment,ACC-007-U076,Insight,feature_use,2026-02-12T11:36:00,36.0
EVT-002111,ACC-007,Voyager Entertainment,ACC-007-U092,Insight,feature_use,2026-02-12T09:26:00,39.0
EVT-002112,ACC-007,Voyager Entertainment,ACC-007-U045,Canvas,feature_use,2026-02-12T09:38:00,36.8
EVT-002113,ACC-007,Voyager Entertainment,ACC-007-U094,Canvas,login,2026-02-12T12:00:00,21.8
EVT-002114,ACC-007,Voyager Entertainment,ACC-007-U110,Canvas,feature_use,2026-02-12T10:07:00,50.9
EVT-002115,ACC-007,Voyager Entertainment,ACC-007-U048,Insight,feature_use,2026-02-13T18:36:00,9.8
EVT-002116,ACC-007,Voyager Entertainment,ACC-007-U009,Flow,login,2026-02-13T19:25:00,17.3
EVT-002117,ACC-007,Voyager Entertainment,ACC-007-U008,Canvas,invite_sent,2026-02-13T10:02:00,4.8
EVT-002118,ACC-007,Voyager Entertainment,ACC-007-U071,Flow,api_call,2026-02-13T15:33:00,1.2
EVT-002119,ACC-007,Voyager Entertainment,ACC-007-U008,Flow,feature_use,2026-02-13T14:36:00,10.4
EVT-002120,ACC-007,Voyager Entertainment,ACC-007-U117,Insight,api_call,2026-02-13T08:16:00,0.4
EVT-002121,ACC-007,Voyager Entertainment,ACC-007-U001,Insight,feature_use,2026-02-13T19:36:00,13.5
EVT-002122,ACC-007,Voyager Entertainment,ACC-007-U078,Canvas,login,2026-02-13T09:29:00,19.3
EVT-002123,ACC-007,Voyager Entertainment,ACC-007-U015,Insight,feature_use,2026-02-13T11:39:00,13.8
EVT-002124,ACC-007,Voyager Entertainment,ACC-007-U017,Insight,export,2026-02-13T18:38:00,2.4
EVT-002125,ACC-007,Voyager Entertainment,ACC-007-U095,Canvas,login,2026-02-13T16:55:00,34.1
EVT-002126,ACC-007,Voyager Entertainment,ACC-007-U052,Insight,feature_use,2026-02-13T12:11:00,43.5
EVT-002127,ACC-007,Voyager Entertainment,ACC-007-U104,Flow,login,2026-02-13T10:11:00,6.3
EVT-002128,ACC-007,Voyager Entertainment,ACC-007-U034,Insight,api_call,2026-02-13T18:52:00,1.6
EVT-002129,ACC-007,Voyager Entertainment,ACC-007-U039,Canvas,feature_use,2026-02-13T16:48:00,37.4
EVT-002130,ACC-007,Voyager Entertainment,ACC-007-U096,Insight,login,2026-02-14T11:59:00,2.5
EVT-002131,ACC-007,Voyager Entertainment,ACC-007-U079,Canvas,login,2026-02-14T10:51:00,6.2
EVT-002132,ACC-007,Voyager Entertainment,ACC-007-U079,Flow,feature_use,2026-02-14T17:30:00,54.4
EVT-002133,ACC-007,Voyager Entertainment,ACC-007-U052,Canvas,feature_use,2026-02-14T15:53:00,33.8
EVT-002134,ACC-007,Voyager Entertainment,ACC-007-U090,Insight,api_call,2026-02-15T15:08:00,1.2
EVT-002135,ACC-007,Voyager Entertainment,ACC-007-U004,Insight,api_call,2026-02-15T08:54:00,2.0
EVT-002136,ACC-007,Voyager Entertainment,ACC-007-U020,Flow,feature_use,2026-02-15T09:42:00,53.1
EVT-002137,ACC-007,Voyager Entertainment,ACC-007-U052,Flow,api_call,2026-02-16T15:49:00,0.6
EVT-002138,ACC-007,Voyager Entertainment,ACC-007-U085,Flow,feature_use,2026-02-16T19:26:00,28.3
EVT-002139,ACC-007,Voyager Entertainment,ACC-007-U098,Canvas,feature_use,2026-02-16T19:00:00,6.7
EVT-002140,ACC-007,Voyager Entertainment,ACC-007-U067,Flow,feature_use,2026-02-16T15:50:00,47.3
EVT-002141,ACC-007,Voyager Entertainment,ACC-007-U067,Insight,login,2026-02-16T14:49:00,41.4
EVT-002142,ACC-007,Voyager Entertainment,ACC-007-U077,Canvas,feature_use,2026-02-16T15:55:00,16.6
EVT-002143,ACC-007,Voyager Entertainment,ACC-007-U110,Insight,feature_use,2026-02-16T12:16:00,18.3
EVT-002144,ACC-007,Voyager Entertainment,ACC-007-U058,Insight,api_call,2026-02-16T11:00:00,1.2
EVT-002145,ACC-007,Voyager Entertainment,ACC-007-U102,Flow,feature_use,2026-02-16T16:06:00,7.5
EVT-002146,ACC-007,Voyager Entertainment,ACC-007-U002,Flow,login,2026-02-16T15:42:00,32.6
EVT-002147,ACC-007,Voyager Entertainment,ACC-007-U026,Canvas,feature_use,2026-02-16T12:41:00,9.7
EVT-002148,ACC-007,Voyager Entertainment,ACC-007-U048,Flow,login,2026-02-16T14:57:00,13.5
EVT-002149,ACC-007,Voyager Entertainment,ACC-007-U032,Insight,feature_use,2026-02-16T09:17:00,53.9
EVT-002150,ACC-007,Voyager Entertainment,ACC-007-U081,Canvas,feature_use,2026-02-16T14:11:00,47.9
EVT-002151,ACC-007,Voyager Entertainment,ACC-007-U056,Insight,login,2026-02-16T12:49:00,10.2
EVT-002152,ACC-007,Voyager Entertainment,ACC-007-U063,Canvas,login,2026-02-17T14:25:00,6.2
EVT-002153,ACC-007,Voyager Entertainment,ACC-007-U048,Flow,invite_sent,2026-02-17T15:10:00,4.1
EVT-002154,ACC-007,Voyager Entertainment,ACC-007-U114,Canvas,feature_use,2026-02-17T13:00:00,37.2
EVT-002155,ACC-007,Voyager Entertainment,ACC-007-U080,Flow,invite_sent,2026-02-17T11:30:00,2.1
EVT-002156,ACC-007,Voyager Entertainment,ACC-007-U071,Insight,export,2026-02-17T09:40:00,7.1
EVT-002157,ACC-007,Voyager Entertainment,ACC-007-U090,Canvas,feature_use,2026-02-17T12:04:00,6.6
EVT-002158,ACC-007,Voyager Entertainment,ACC-007-U113,Insight,feature_use,2026-02-17T11:56:00,16.9
EVT-002159,ACC-007,Voyager Entertainment,ACC-007-U045,Flow,invite_sent,2026-02-17T12:15:00,1.1
EVT-002160,ACC-007,Voyager Entertainment,ACC-007-U025,Insight,export,2026-02-17T06:14:00,4.4
EVT-002161,ACC-007,Voyager Entertainment,ACC-007-U006,Canvas,export,2026-02-17T13:01:00,1.7
EVT-002162,ACC-007,Voyager Entertainment,ACC-007-U057,Flow,feature_use,2026-02-17T12:13:00,34.7
EVT-002163,ACC-007,Voyager Entertainment,ACC-007-U007,Insight,feature_use,2026-02-17T17:25:00,21.8
EVT-002164,ACC-007,Voyager Entertainment,ACC-007-U108,Canvas,feature_use,2026-02-17T17:23:00,16.6
EVT-002165,ACC-007,Voyager Entertainment,ACC-007-U106,Canvas,export,2026-02-17T09:40:00,9.0
EVT-002166,ACC-007,Voyager Entertainment,ACC-007-U062,Flow,api_call,2026-02-17T14:00:00,1.3
EVT-002167,ACC-007,Voyager Entertainment,ACC-007-U012,Insight,login,2026-02-17T10:51:00,6.2
EVT-002168,ACC-007,Voyager Entertainment,ACC-007-U108,Insight,login,2026-02-17T07:16:00,17.1
EVT-002169,ACC-007,Voyager Entertainment,ACC-007-U060,Canvas,export,2026-02-17T13:23:00,7.9
EVT-002170,ACC-007,Voyager Entertainment,ACC-007-U102,Flow,export,2026-02-17T17:36:00,4.3
EVT-002171,ACC-007,Voyager Entertainment,ACC-007-U024,Canvas,login,2026-02-18T08:32:00,36.2
EVT-002172,ACC-007,Voyager Entertainment,ACC-007-U075,Canvas,login,2026-02-18T15:04:00,43.0
EVT-002173,ACC-007,Voyager Entertainment,ACC-007-U048,Canvas,export,2026-02-18T09:31:00,6.7
EVT-002174,ACC-007,Voyager Entertainment,ACC-007-U060,Flow,feature_use,2026-02-18T12:03:00,22.8
EVT-002175,ACC-007,Voyager Entertainment,ACC-007-U068,Canvas,login,2026-02-18T10:37:00,14.3
EVT-002176,ACC-007,Voyager Entertainment,ACC-007-U120,Flow,feature_use,2026-02-18T16:16:00,18.1
EVT-002177,ACC-007,Voyager Entertainment,ACC-007-U075,Canvas,login,2026-02-18T16:58:00,36.7
EVT-002178,ACC-007,Voyager Entertainment,ACC-007-U032,Insight,login,2026-02-18T09:59:00,32.8
EVT-002179,ACC-007,Voyager Entertainment,ACC-007-U116,Insight,api_call,2026-02-18T13:27:00,1.3
EVT-002180,ACC-007,Voyager Entertainment,ACC-007-U003,Insight,feature_use,2026-02-18T11:56:00,15.2
EVT-002181,ACC-007,Voyager Entertainment,ACC-007-U064,Insight,login,2026-02-18T16:31:00,39.8
EVT-002182,ACC-007,Voyager Entertainment,ACC-007-U029,Insight,export,2026-02-18T14:00:00,5.1
EVT-002183,ACC-007,Voyager Entertainment,ACC-007-U068,Insight,feature_use,2026-02-18T20:47:00,47.0
EVT-002184,ACC-007,Voyager Entertainment,ACC-007-U061,Flow,api_call,2026-02-18T11:54:00,0.3
EVT-002185,ACC-007,Voyager Entertainment,ACC-007-U084,Insight,login,2026-02-18T07:23:00,9.2
EVT-002186,ACC-007,Voyager Entertainment,ACC-007-U022,Flow,login,2026-02-18T17:44:00,9.3
EVT-002187,ACC-007,Voyager Entertainment,ACC-007-U087,Insight,feature_use,2026-02-18T09:36:00,47.8
EVT-002188,ACC-007,Voyager Entertainment,ACC-007-U088,Flow,login,2026-02-18T14:08:00,9.2
EVT-002189,ACC-007,Voyager Entertainment,ACC-007-U074,Canvas,export,2026-02-19T16:40:00,2.7
EVT-002190,ACC-007,Voyager Entertainment,ACC-007-U029,Canvas,feature_use,2026-02-19T10:04:00,29.6
EVT-002191,ACC-007,Voyager Entertainment,ACC-007-U043,Insight,feature_use,2026-02-19T19:25:00,57.7
EVT-002192,ACC-007,Voyager Entertainment,ACC-007-U025,Insight,feature_use,2026-02-19T12:13:00,55.8
EVT-002193,ACC-007,Voyager Entertainment,ACC-007-U040,Flow,login,2026-02-19T08:39:00,17.7
EVT-002194,ACC-007,Voyager Entertainment,ACC-007-U023,Canvas,feature_use,2026-02-19T09:18:00,48.4
EVT-002195,ACC-007,Voyager Entertainment,ACC-007-U024,Insight,api_call,2026-02-19T17:19:00,1.3
EVT-002196,ACC-007,Voyager Entertainment,ACC-007-U080,Canvas,api_call,2026-02-19T15:55:00,0.6
EVT-002197,ACC-007,Voyager Entertainment,ACC-007-U011,Flow,export,2026-02-19T10:29:00,4.3
EVT-002198,ACC-007,Voyager Entertainment,ACC-007-U043,Canvas,feature_use,2026-02-19T17:27:00,55.8
EVT-002199,ACC-007,Voyager Entertainment,ACC-007-U093,Canvas,api_call,2026-02-19T12:51:00,0.6
EVT-002200,ACC-007,Voyager Entertainment,ACC-007-U101,Insight,invite_sent,2026-02-19T17:25:00,3.4
EVT-002201,ACC-007,Voyager Entertainment,ACC-007-U033,Flow,export,2026-02-19T12:20:00,3.5
EVT-002202,ACC-007,Voyager Entertainment,ACC-007-U008,Flow,feature_use,2026-02-19T13:13:00,14.9
EVT-002203,ACC-007,Voyager Entertainment,ACC-007-U015,Insight,export,2026-02-19T16:53:00,7.1
EVT-002204,ACC-007,Voyager Entertainment,ACC-007-U009,Insight,feature_use,2026-02-20T08:42:00,40.0
EVT-002205,ACC-007,Voyager Entertainment,ACC-007-U011,Flow,login,2026-02-20T12:04:00,24.0
EVT-002206,ACC-007,Voyager Entertainment,ACC-007-U054,Insight,export,2026-02-20T12:19:00,6.2
EVT-002207,ACC-007,Voyager Entertainment,ACC-007-U083,Insight,invite_sent,2026-02-20T20:17:00,3.2
EVT-002208,ACC-007,Voyager Entertainment,ACC-007-U003,Canvas,export,2026-02-20T12:28:00,3.9
EVT-002209,ACC-007,Voyager Entertainment,ACC-007-U042,Flow,feature_use,2026-02-20T10:43:00,48.4
EVT-002210,ACC-007,Voyager Entertainment,ACC-007-U011,Canvas,invite_sent,2026-02-20T17:28:00,4.4
EVT-002211,ACC-007,Voyager Entertainment,ACC-007-U037,Canvas,feature_use,2026-02-20T17:03:00,9.8
EVT-002212,ACC-007,Voyager Entertainment,ACC-007-U074,Canvas,feature_use,2026-02-20T09:06:00,24.9
EVT-002213,ACC-007,Voyager Entertainment,ACC-007-U024,Flow,feature_use,2026-02-20T12:32:00,21.2
EVT-002214,ACC-007,Voyager Entertainment,ACC-007-U078,Flow,feature_use,2026-02-20T13:25:00,40.9
EVT-002215,ACC-007,Voyager Entertainment,ACC-007-U069,Flow,export,2026-02-20T13:06:00,4.2
EVT-002216,ACC-007,Voyager Entertainment,ACC-007-U085,Flow,feature_use,2026-02-20T06:24:00,18.7
EVT-002217,ACC-007,Voyager Entertainment,ACC-007-U012,Flow,feature_use,2026-02-20T12:33:00,47.9
EVT-002218,ACC-007,Voyager Entertainment,ACC-007-U041,Flow,export,2026-02-20T12:22:00,4.2
EVT-002219,ACC-007,Voyager Entertainment,ACC-007-U107,Flow,login,2026-02-20T10:19:00,8.7
EVT-002220,ACC-007,Voyager Entertainment,ACC-007-U113,Canvas,export,2026-02-20T13:18:00,6.3
EVT-002221,ACC-007,Voyager Entertainment,ACC-007-U070,Canvas,api_call,2026-02-20T10:26:00,1.7
EVT-002222,ACC-007,Voyager Entertainment,ACC-007-U035,Flow,login,2026-02-21T16:46:00,3.0
EVT-002223,ACC-007,Voyager Entertainment,ACC-007-U066,Insight,feature_use,2026-02-21T07:38:00,33.5
EVT-002224,ACC-007,Voyager Entertainment,ACC-007-U112,Insight,login,2026-02-21T14:37:00,12.8
EVT-002225,ACC-007,Voyager Entertainment,ACC-007-U120,Insight,login,2026-02-21T14:55:00,27.7
EVT-002226,ACC-007,Voyager Entertainment,ACC-007-U080,Flow,login,2026-02-21T21:35:00,13.0
EVT-002227,ACC-007,Voyager Entertainment,ACC-007-U112,Canvas,login,2026-02-21T11:00:00,18.1
EVT-002228,ACC-007,Voyager Entertainment,ACC-007-U113,Insight,api_call,2026-02-22T08:42:00,1.5
EVT-002229,ACC-007,Voyager Entertainment,ACC-007-U120,Canvas,login,2026-02-22T11:41:00,28.1
EVT-002230,ACC-007,Voyager Entertainment,ACC-007-U024,Canvas,login,2026-02-23T10:00:00,44.2
EVT-002231,ACC-007,Voyager Entertainment,ACC-007-U074,Flow,login,2026-02-23T15:41:00,27.0
EVT-002232,ACC-007,Voyager Entertainment,ACC-007-U079,Flow,login,2026-02-23T18:51:00,36.7
EVT-002233,ACC-007,Voyager Entertainment,ACC-007-U079,Flow,feature_use,2026-02-23T16:56:00,11.5
EVT-002234,ACC-007,Voyager Entertainment,ACC-007-U041,Flow,api_call,2026-02-23T12:35:00,1.2
EVT-002235,ACC-007,Voyager Entertainment,ACC-007-U027,Canvas,api_call,2026-02-23T10:29:00,1.9
EVT-002236,ACC-007,Voyager Entertainment,ACC-007-U006,Canvas,export,2026-02-23T15:37:00,2.1
EVT-002237,ACC-007,Voyager Entertainment,ACC-007-U046,Canvas,api_call,2026-02-23T15:36:00,0.5
EVT-002238,ACC-007,Voyager Entertainment,ACC-007-U018,Canvas,export,2026-02-23T20:20:00,8.2
EVT-002239,ACC-007,Voyager Entertainment,ACC-007-U015,Insight,feature_use,2026-02-23T08:56:00,39.4
EVT-002240,ACC-007,Voyager Entertainment,ACC-007-U117,Flow,api_call,2026-02-23T14:45:00,2.0
EVT-002241,ACC-007,Voyager Entertainment,ACC-007-U089,Canvas,feature_use,2026-02-23T13:20:00,28.4
EVT-002242,ACC-007,Voyager Entertainment,ACC-007-U059,Insight,feature_use,2026-02-23T18:34:00,59.4
EVT-002243,ACC-007,Voyager Entertainment,ACC-007-U105,Insight,export,2026-02-23T16:29:00,8.6
EVT-002244,ACC-007,Voyager Entertainment,ACC-007-U063,Canvas,feature_use,2026-02-23T13:03:00,6.7
EVT-002245,ACC-007,Voyager Entertainment,ACC-007-U084,Insight,feature_use,2026-02-23T15:45:00,32.1
EVT-002246,ACC-007,Voyager Entertainment,ACC-007-U010,Flow,feature_use,2026-02-24T17:50:00,38.0
EVT-002247,ACC-007,Voyager Entertainment,ACC-007-U024,Canvas,feature_use,2026-02-24T07:31:00,42.4
EVT-002248,ACC-007,Voyager Entertainment,ACC-007-U059,Canvas,export,2026-02-24T17:42:00,7.9
EVT-002249,ACC-007,Voyager Entertainment,ACC-007-U014,Canvas,feature_use,2026-02-24T08:54:00,22.4
EVT-002250,ACC-007,Voyager Entertainment,ACC-007-U098,Flow,export,2026-02-24T09:05:00,1.3
EVT-002251,ACC-007,Voyager Entertainment,ACC-007-U056,Flow,feature_use,2026-02-24T16:33:00,41.5
EVT-002252,ACC-007,Voyager Entertainment,ACC-007-U043,Insight,api_call,2026-02-24T11:32:00,0.6
EVT-002253,ACC-007,Voyager Entertainment,ACC-007-U039,Canvas,login,2026-02-24T08:56:00,4.4
EVT-002254,ACC-007,Voyager Entertainment,ACC-007-U116,Canvas,export,2026-02-24T16:59:00,7.3
EVT-002255,ACC-007,Voyager Entertainment,ACC-007-U015,Insight,export,2026-02-24T10:34:00,8.7
EVT-002256,ACC-007,Voyager Entertainment,ACC-007-U059,Canvas,feature_use,2026-02-24T17:49:00,45.8
EVT-002257,ACC-007,Voyager Entertainment,ACC-007-U039,Insight,login,2026-02-24T15:56:00,2.6
EVT-002258,ACC-007,Voyager Entertainment,ACC-007-U038,Insight,feature_use,2026-02-24T18:14:00,6.0
EVT-002259,ACC-007,Voyager Entertainment,ACC-007-U074,Flow,api_call,2026-02-24T11:32:00,1.3
EVT-002260,ACC-007,Voyager Entertainment,ACC-007-U111,Flow,feature_use,2026-02-24T17:01:00,30.0
EVT-002261,ACC-007,Voyager Entertainment,ACC-007-U076,Canvas,feature_use,2026-02-25T19:57:00,22.2
EVT-002262,ACC-007,Voyager Entertainment,ACC-007-U027,Canvas,feature_use,2026-02-25T14:04:00,8.4
EVT-002263,ACC-007,Voyager Entertainment,ACC-007-U040,Flow,api_call,2026-02-25T17:19:00,0.3
EVT-002264,ACC-007,Voyager Entertainment,ACC-007-U030,Insight,feature_use,2026-02-25T08:37:00,42.8
EVT-002265,ACC-007,Voyager Entertainment,ACC-007-U019,Insight,login,2026-02-25T12:01:00,22.4
EVT-002266,ACC-007,Voyager Entertainment,ACC-007-U109,Insight,api_call,2026-02-25T13:18:00,1.7
EVT-002267,ACC-007,Voyager Entertainment,ACC-007-U006,Insight,invite_sent,2026-02-25T16:01:00,4.9
EVT-002268,ACC-007,Voyager Entertainment,ACC-007-U065,Flow,invite_sent,2026-02-25T20:47:00,3.4
EVT-002269,ACC-007,Voyager Entertainment,ACC-007-U093,Insight,export,2026-02-25T16:11:00,6.3
EVT-002270,ACC-007,Voyager Entertainment,ACC-007-U041,Insight,api_call,2026-02-25T12:07:00,0.9
EVT-002271,ACC-007,Voyager Entertainment,ACC-007-U117,Insight,feature_use,2026-02-25T12:04:00,26.7
EVT-002272,ACC-007,Voyager Entertainment,ACC-007-U105,Canvas,invite_sent,2026-02-25T18:17:00,3.9
EVT-002273,ACC-007,Voyager Entertainment,ACC-007-U016,Canvas,login,2026-02-25T09:43:00,38.4
EVT-002274,ACC-007,Voyager Entertainment,ACC-007-U091,Flow,feature_use,2026-02-25T09:13:00,34.0
EVT-002275,ACC-007,Voyager Entertainment,ACC-007-U090,Flow,feature_use,2026-02-25T13:39:00,53.8
EVT-002276,ACC-007,Voyager Entertainment,ACC-007-U055,Canvas,feature_use,2026-02-25T09:09:00,28.8
EVT-002277,ACC-007,Voyager Entertainment,ACC-007-U037,Flow,login,2026-02-25T11:01:00,18.8
EVT-002278,ACC-007,Voyager Entertainment,ACC-007-U083,Canvas,login,2026-02-25T11:29:00,35.2
EVT-002279,ACC-007,Voyager Entertainment,ACC-007-U051,Flow,api_call,2026-02-25T11:55:00,0.9
EVT-002280,ACC-007,Voyager Entertainment,ACC-007-U114,Canvas,login,2026-02-25T13:08:00,17.9
EVT-002281,ACC-007,Voyager Entertainment,ACC-007-U074,Insight,feature_use,2026-02-26T11:04:00,36.6
EVT-002282,ACC-007,Voyager Entertainment,ACC-007-U021,Insight,login,2026-02-26T11:15:00,1.6
EVT-002283,ACC-007,Voyager Entertainment,ACC-007-U109,Flow,export,2026-02-26T13:03:00,4.8
EVT-002284,ACC-007,Voyager Entertainment,ACC-007-U067,Flow,feature_use,2026-02-26T16:34:00,6.4
EVT-002285,ACC-007,Voyager Entertainment,ACC-007-U047,Canvas,login,2026-02-26T09:05:00,10.1
EVT-002286,ACC-007,Voyager Entertainment,ACC-007-U095,Flow,login,2026-02-26T12:40:00,22.2
EVT-002287,ACC-007,Voyager Entertainment,ACC-007-U043,Canvas,feature_use,2026-02-26T14:06:00,34.3
EVT-002288,ACC-007,Voyager Entertainment,ACC-007-U101,Insight,export,2026-02-26T11:19:00,6.7
EVT-002289,ACC-007,Voyager Entertainment,ACC-007-U098,Flow,export,2026-02-26T12:35:00,8.6
EVT-002290,ACC-007,Voyager Entertainment,ACC-007-U049,Canvas,api_call,2026-02-26T15:15:00,1.7
EVT-002291,ACC-007,Voyager Entertainment,ACC-007-U083,Flow,api_call,2026-02-26T16:00:00,0.4
EVT-002292,ACC-007,Voyager Entertainment,ACC-007-U094,Canvas,login,2026-02-26T10:32:00,9.6
EVT-002293,ACC-007,Voyager Entertainment,ACC-007-U111,Flow,invite_sent,2026-02-26T11:44:00,3.6
EVT-002294,ACC-007,Voyager Entertainment,ACC-007-U024,Canvas,login,2026-02-27T12:49:00,9.2
EVT-002295,ACC-007,Voyager Entertainment,ACC-007-U112,Insight,feature_use,2026-02-27T10:37:00,48.2
EVT-002296,ACC-007,Voyager Entertainment,ACC-007-U057,Flow,feature_use,2026-02-27T16:46:00,18.3
EVT-002297,ACC-007,Voyager Entertainment,ACC-007-U039,Flow,login,2026-02-27T15:30:00,34.0
EVT-002298,ACC-007,Voyager Entertainment,ACC-007-U097,Flow,export,2026-02-27T15:11:00,6.0
EVT-002299,ACC-007,Voyager Entertainment,ACC-007-U071,Canvas,feature_use,2026-02-27T09:44:00,50.6
EVT-002300,ACC-007,Voyager Entertainment,ACC-007-U073,Flow,invite_sent,2026-02-27T17:36:00,2.3
EVT-002301,ACC-007,Voyager Entertainment,ACC-007-U101,Flow,feature_use,2026-02-27T19:23:00,54.1
EVT-002302,ACC-007,Voyager Entertainment,ACC-007-U097,Insight,feature_use,2026-02-27T12:19:00,38.3
EVT-002303,ACC-007,Voyager Entertainment,ACC-007-U062,Flow,feature_use,2026-02-27T10:25:00,59.6
EVT-002304,ACC-007,Voyager Entertainment,ACC-007-U039,Insight,feature_use,2026-02-27T12:17:00,19.4
EVT-002305,ACC-007,Voyager Entertainment,ACC-007-U006,Flow,export,2026-02-27T11:35:00,7.0
EVT-002306,ACC-007,Voyager Entertainment,ACC-007-U039,Insight,export,2026-02-27T09:40:00,9.3
EVT-002307,ACC-007,Voyager Entertainment,ACC-007-U047,Insight,api_call,2026-02-27T09:12:00,1.5
EVT-002308,ACC-007,Voyager Entertainment,ACC-007-U100,Flow,api_call,2026-02-27T09:30:00,0.4
EVT-002309,ACC-007,Voyager Entertainment,ACC-007-U004,Canvas,feature_use,2026-02-27T16:26:00,52.2
EVT-002310,ACC-007,Voyager Entertainment,ACC-007-U037,Insight,feature_use,2026-02-28T15:48:00,39.4
EVT-002311,ACC-007,Voyager Entertainment,ACC-007-U069,Insight,export,2026-02-28T09:55:00,1.7
EVT-002312,ACC-007,Voyager Entertainment,ACC-007-U028,Insight,api_call,2026-02-28T12:50:00,0.3
EVT-002313,ACC-007,Voyager Entertainment,ACC-007-U032,Insight,login,2026-02-28T07:01:00,21.3
EVT-002314,ACC-007,Voyager Entertainment,ACC-007-U099,Insight,login,2026-03-01T09:18:00,6.8
EVT-002315,ACC-007,Voyager Entertainment,ACC-007-U069,Canvas,feature_use,2026-03-01T16:25:00,20.0
EVT-002316,ACC-007,Voyager Entertainment,ACC-007-U022,Flow,feature_use,2026-03-01T16:53:00,50.8
EVT-002317,ACC-007,Voyager Entertainment,ACC-007-U038,Insight,feature_use,2026-03-02T09:03:00,42.4
EVT-002318,ACC-007,Voyager Entertainment,ACC-007-U027,Flow,feature_use,2026-03-02T09:16:00,15.3
EVT-002319,ACC-007,Voyager Entertainment,ACC-007-U112,Canvas,login,2026-03-02T11:41:00,1.5
EVT-002320,ACC-007,Voyager Entertainment,ACC-007-U060,Insight,export,2026-03-02T08:19:00,7.9
EVT-002321,ACC-007,Voyager Entertainment,ACC-007-U007,Canvas,api_call,2026-03-02T13:53:00,0.2
EVT-002322,ACC-007,Voyager Entertainment,ACC-007-U069,Flow,api_call,2026-03-02T14:02:00,0.9
EVT-002323,ACC-007,Voyager Entertainment,ACC-007-U027,Insight,feature_use,2026-03-02T09:54:00,17.0
EVT-002324,ACC-007,Voyager Entertainment,ACC-007-U034,Flow,feature_use,2026-03-02T11:35:00,45.3
EVT-002325,ACC-007,Voyager Entertainment,ACC-007-U053,Canvas,invite_sent,2026-03-02T10:27:00,1.4
EVT-002326,ACC-007,Voyager Entertainment,ACC-007-U097,Insight,feature_use,2026-03-02T09:53:00,59.1
EVT-002327,ACC-007,Voyager Entertainment,ACC-007-U060,Canvas,login,2026-03-02T08:20:00,24.9
EVT-002328,ACC-007,Voyager Entertainment,ACC-007-U016,Canvas,api_call,2026-03-02T17:07:00,1.8
EVT-002329,ACC-007,Voyager Entertainment,ACC-007-U065,Canvas,export,2026-03-02T15:59:00,1.9
EVT-002330,ACC-007,Voyager Entertainment,ACC-007-U050,Canvas,feature_use,2026-03-02T18:10:00,29.4
EVT-002331,ACC-007,Voyager Entertainment,ACC-007-U085,Insight,api_call,2026-03-02T09:08:00,0.3
EVT-002332,ACC-007,Voyager Entertainment,ACC-007-U049,Flow,api_call,2026-03-02T09:31:00,0.7
EVT-002333,ACC-007,Voyager Entertainment,ACC-007-U027,Insight,login,2026-03-02T17:23:00,20.2
EVT-002334,ACC-007,Voyager Entertainment,ACC-007-U047,Flow,feature_use,2026-03-03T12:23:00,40.8
EVT-002335,ACC-007,Voyager Entertainment,ACC-007-U044,Insight,login,2026-03-03T21:28:00,7.4
EVT-002336,ACC-007,Voyager Entertainment,ACC-007-U002,Insight,login,2026-03-03T12:48:00,7.9
EVT-002337,ACC-007,Voyager Entertainment,ACC-007-U106,Flow,feature_use,2026-03-03T12:00:00,4.5
EVT-002338,ACC-007,Voyager Entertainment,ACC-007-U112,Canvas,export,2026-03-03T17:41:00,1.7
EVT-002339,ACC-007,Voyager Entertainment,ACC-007-U093,Canvas,api_call,2026-03-03T17:32:00,0.1
EVT-002340,ACC-007,Voyager Entertainment,ACC-007-U081,Flow,api_call,2026-03-03T17:32:00,0.6
EVT-002341,ACC-007,Voyager Entertainment,ACC-007-U094,Canvas,api_call,2026-03-03T15:52:00,0.1
EVT-002342,ACC-007,Voyager Entertainment,ACC-007-U092,Flow,feature_use,2026-03-03T11:51:00,6.4
EVT-002343,ACC-007,Voyager Entertainment,ACC-007-U079,Flow,login,2026-03-03T13:10:00,7.2
EVT-002344,ACC-007,Voyager Entertainment,ACC-007-U104,Insight,export,2026-03-03T18:42:00,2.1
EVT-002345,ACC-007,Voyager Entertainment,ACC-007-U022,Canvas,login,2026-03-03T10:35:00,25.3
EVT-002346,ACC-007,Voyager Entertainment,ACC-007-U037,Flow,login,2026-03-03T11:09:00,13.2
EVT-002347,ACC-007,Voyager Entertainment,ACC-007-U069,Canvas,feature_use,2026-03-03T14:02:00,37.5
EVT-002348,ACC-007,Voyager Entertainment,ACC-007-U055,Flow,login,2026-03-03T14:28:00,33.0
EVT-002349,ACC-007,Voyager Entertainment,ACC-007-U070,Canvas,login,2026-03-03T09:07:00,40.2
EVT-002350,ACC-007,Voyager Entertainment,ACC-007-U015,Insight,export,2026-03-04T09:52:00,7.0
EVT-002351,ACC-007,Voyager Entertainment,ACC-007-U048,Insight,api_call,2026-03-04T19:57:00,0.9
EVT-002352,ACC-007,Voyager Entertainment,ACC-007-U006,Insight,feature_use,2026-03-04T11:21:00,35.8
EVT-002353,ACC-007,Voyager Entertainment,ACC-007-U040,Flow,invite_sent,2026-03-04T17:37:00,4.6
EVT-002354,ACC-007,Voyager Entertainment,ACC-007-U111,Flow,export,2026-03-04T16:11:00,1.2
EVT-002355,ACC-007,Voyager Entertainment,ACC-007-U111,Insight,login,2026-03-04T19:36:00,19.4
EVT-002356,ACC-007,Voyager Entertainment,ACC-007-U030,Canvas,export,2026-03-04T09:38:00,4.2
EVT-002357,ACC-007,Voyager Entertainment,ACC-007-U058,Flow,login,2026-03-04T08:21:00,3.9
EVT-002358,ACC-007,Voyager Entertainment,ACC-007-U089,Flow,login,2026-03-04T11:28:00,20.9
EVT-002359,ACC-007,Voyager Entertainment,ACC-007-U106,Canvas,feature_use,2026-03-04T12:59:00,11.2
EVT-002360,ACC-007,Voyager Entertainment,ACC-007-U063,Flow,export,2026-03-04T14:35:00,1.6
EVT-002361,ACC-007,Voyager Entertainment,ACC-007-U100,Canvas,feature_use,2026-03-04T13:12:00,39.2
EVT-002362,ACC-007,Voyager Entertainment,ACC-007-U009,Insight,feature_use,2026-03-04T15:54:00,38.0
EVT-002363,ACC-007,Voyager Entertainment,ACC-007-U066,Flow,login,2026-03-04T17:55:00,21.2
EVT-002364,ACC-007,Voyager Entertainment,ACC-007-U016,Flow,api_call,2026-03-04T13:43:00,1.6
EVT-002365,ACC-007,Voyager Entertainment,ACC-007-U016,Canvas,export,2026-03-04T10:19:00,9.1
EVT-002366,ACC-007,Voyager Entertainment,ACC-007-U057,Canvas,feature_use,2026-03-05T17:48:00,59.2
EVT-002367,ACC-007,Voyager Entertainment,ACC-007-U017,Canvas,login,2026-03-05T10:02:00,11.1
EVT-002368,ACC-007,Voyager Entertainment,ACC-007-U080,Insight,export,2026-03-05T06:09:00,8.4
EVT-002369,ACC-007,Voyager Entertainment,ACC-007-U040,Flow,login,2026-03-05T09:15:00,26.7
EVT-002370,ACC-007,Voyager Entertainment,ACC-007-U097,Canvas,login,2026-03-05T13:31:00,28.2
EVT-002371,ACC-007,Voyager Entertainment,ACC-007-U032,Insight,login,2026-03-05T07:45:00,3.6
EVT-002372,ACC-007,Voyager Entertainment,ACC-007-U113,Insight,feature_use,2026-03-05T09:53:00,8.7
EVT-002373,ACC-007,Voyager Entertainment,ACC-007-U024,Flow,export,2026-03-05T16:04:00,7.1
EVT-002374,ACC-007,Voyager Entertainment,ACC-007-U095,Insight,feature_use,2026-03-05T11:46:00,58.3
EVT-002375,ACC-007,Voyager Entertainment,ACC-007-U026,Insight,invite_sent,2026-03-05T09:00:00,4.2
EVT-002376,ACC-007,Voyager Entertainment,ACC-007-U029,Flow,export,2026-03-05T09:14:00,9.8
EVT-002377,ACC-007,Voyager Entertainment,ACC-007-U032,Flow,export,2026-03-05T18:34:00,5.2
EVT-002378,ACC-007,Voyager Entertainment,ACC-007-U044,Flow,feature_use,2026-03-05T16:53:00,19.5
EVT-002379,ACC-007,Voyager Entertainment,ACC-007-U048,Flow,login,2026-03-05T15:48:00,33.6
EVT-002380,ACC-007,Voyager Entertainment,ACC-007-U119,Canvas,export,2026-03-05T09:05:00,7.3
EVT-002381,ACC-007,Voyager Entertainment,ACC-007-U063,Flow,invite_sent,2026-03-05T12:27:00,2.4
EVT-002382,ACC-007,Voyager Entertainment,ACC-007-U041,Flow,export,2026-03-06T16:36:00,3.2
EVT-002383,ACC-007,Voyager Entertainment,ACC-007-U042,Canvas,export,2026-03-06T09:27:00,1.7
EVT-002384,ACC-007,Voyager Entertainment,ACC-007-U027,Insight,export,2026-03-06T12:39:00,5.5
EVT-002385,ACC-007,Voyager Entertainment,ACC-007-U093,Canvas,invite_sent,2026-03-06T13:16:00,3.9
EVT-002386,ACC-007,Voyager Entertainment,ACC-007-U074,Flow,export,2026-03-06T15:26:00,2.8
EVT-002387,ACC-007,Voyager Entertainment,ACC-007-U055,Insight,login,2026-03-06T18:58:00,44.4
EVT-002388,ACC-007,Voyager Entertainment,ACC-007-U107,Canvas,login,2026-03-06T11:55:00,5.3
EVT-002389,ACC-007,Voyager Entertainment,ACC-007-U023,Flow,api_call,2026-03-06T12:18:00,0.4
EVT-002390,ACC-007,Voyager Entertainment,ACC-007-U053,Flow,feature_use,2026-03-06T10:56:00,48.2
EVT-002391,ACC-007,Voyager Entertainment,ACC-007-U018,Canvas,api_call,2026-03-06T21:20:00,1.0
EVT-002392,ACC-007,Voyager Entertainment,ACC-007-U027,Canvas,invite_sent,2026-03-06T13:53:00,4.6
EVT-002393,ACC-007,Voyager Entertainment,ACC-007-U089,Insight,feature_use,2026-03-06T12:30:00,56.0
EVT-002394,ACC-007,Voyager Entertainment,ACC-007-U046,Flow,feature_use,2026-03-06T14:10:00,32.1
EVT-002395,ACC-007,Voyager Entertainment,ACC-007-U105,Flow,api_call,2026-03-06T16:53:00,1.2
EVT-002396,ACC-007,Voyager Entertainment,ACC-007-U071,Canvas,feature_use,2026-03-06T11:26:00,38.7
EVT-002397,ACC-007,Voyager Entertainment,ACC-007-U095,Canvas,feature_use,2026-03-07T10:43:00,36.3
EVT-002398,ACC-007,Voyager Entertainment,ACC-007-U071,Insight,export,2026-03-08T11:31:00,3.6
EVT-002399,ACC-007,Voyager Entertainment,ACC-007-U090,Insight,feature_use,2026-03-08T12:55:00,53.0
EVT-002400,ACC-007,Voyager Entertainment,ACC-007-U027,Insight,invite_sent,2026-03-09T11:45:00,4.6
EVT-002401,ACC-007,Voyager Entertainment,ACC-007-U079,Canvas,api_call,2026-03-09T15:48:00,0.4
EVT-002402,ACC-007,Voyager Entertainment,ACC-007-U058,Insight,api_call,2026-03-09T17:56:00,0.8
EVT-002403,ACC-007,Voyager Entertainment,ACC-007-U007,Canvas,login,2026-03-09T12:30:00,15.6
EVT-002404,ACC-007,Voyager Entertainment,ACC-007-U001,Insight,export,2026-03-09T15:34:00,9.1
EVT-002405,ACC-007,Voyager Entertainment,ACC-007-U079,Canvas,invite_sent,2026-03-09T14:48:00,3.8
EVT-002406,ACC-007,Voyager Entertainment,ACC-007-U030,Flow,login,2026-03-09T11:17:00,4.0
EVT-002407,ACC-007,Voyager Entertainment,ACC-007-U051,Canvas,feature_use,2026-03-09T13:04:00,24.9
EVT-002408,ACC-007,Voyager Entertainment,ACC-007-U054,Canvas,api_call,2026-03-09T15:06:00,0.5
EVT-002409,ACC-007,Voyager Entertainment,ACC-007-U095,Insight,feature_use,2026-03-09T13:22:00,30.2
EVT-002410,ACC-007,Voyager Entertainment,ACC-007-U049,Canvas,login,2026-03-09T07:59:00,28.5
EVT-002411,ACC-007,Voyager Entertainment,ACC-007-U114,Insight,api_call,2026-03-09T12:31:00,0.8
EVT-002412,ACC-007,Voyager Entertainment,ACC-007-U101,Insight,login,2026-03-09T18:02:00,5.0
EVT-002413,ACC-007,Voyager Entertainment,ACC-007-U083,Flow,export,2026-03-09T12:38:00,6.9
EVT-002414,ACC-007,Voyager Entertainment,ACC-007-U082,Insight,feature_use,2026-03-09T13:06:00,43.1
EVT-002415,ACC-007,Voyager Entertainment,ACC-007-U017,Canvas,login,2026-03-09T12:51:00,23.7
EVT-002416,ACC-007,Voyager Entertainment,ACC-007-U103,Canvas,login,2026-03-10T10:48:00,37.3
EVT-002417,ACC-007,Voyager Entertainment,ACC-007-U066,Flow,feature_use,2026-03-10T10:20:00,49.2
EVT-002418,ACC-007,Voyager Entertainment,ACC-007-U107,Insight,feature_use,2026-03-10T08:20:00,45.1
EVT-002419,ACC-007,Voyager Entertainment,ACC-007-U026,Insight,feature_use,2026-03-10T09:15:00,20.1
EVT-002420,ACC-007,Voyager Entertainment,ACC-007-U067,Insight,feature_use,2026-03-10T18:34:00,13.9
EVT-002421,ACC-007,Voyager Entertainment,ACC-007-U079,Flow,login,2026-03-10T06:29:00,32.8
EVT-002422,ACC-007,Voyager Entertainment,ACC-007-U069,Insight,api_call,2026-03-10T19:50:00,1.7
EVT-002423,ACC-007,Voyager Entertainment,ACC-007-U082,Flow,feature_use,2026-03-10T16:07:00,45.6
EVT-002424,ACC-007,Voyager Entertainment,ACC-007-U003,Flow,login,2026-03-10T16:41:00,6.6
EVT-002425,ACC-007,Voyager Entertainment,ACC-007-U003,Flow,login,2026-03-10T08:28:00,35.3
EVT-002426,ACC-007,Voyager Entertainment,ACC-007-U057,Canvas,login,2026-03-10T16:17:00,37.4
EVT-002427,ACC-007,Voyager Entertainment,ACC-007-U104,Canvas,login,2026-03-10T10:43:00,13.8
EVT-002428,ACC-007,Voyager Entertainment,ACC-007-U061,Flow,export,2026-03-10T17:42:00,5.4
EVT-002429,ACC-007,Voyager Entertainment,ACC-007-U030,Flow,login,2026-03-10T19:45:00,28.2
EVT-002430,ACC-007,Voyager Entertainment,ACC-007-U052,Canvas,export,2026-03-10T13:24:00,6.2
EVT-002431,ACC-007,Voyager Entertainment,ACC-007-U114,Flow,api_call,2026-03-11T10:20:00,1.8
EVT-002432,ACC-007,Voyager Entertainment,ACC-007-U091,Insight,feature_use,2026-03-11T13:05:00,14.8
EVT-002433,ACC-007,Voyager Entertainment,ACC-007-U114,Canvas,login,2026-03-11T13:05:00,26.1
EVT-002434,ACC-007,Voyager Entertainment,ACC-007-U096,Flow,login,2026-03-11T13:26:00,40.4
EVT-002435,ACC-007,Voyager Entertainment,ACC-007-U082,Flow,api_call,2026-03-11T10:09:00,1.4
EVT-002436,ACC-007,Voyager Entertainment,ACC-007-U052,Canvas,login,2026-03-11T13:08:00,44.8
EVT-002437,ACC-007,Voyager Entertainment,ACC-007-U007,Flow,feature_use,2026-03-11T09:25:00,47.4
EVT-002438,ACC-007,Voyager Entertainment,ACC-007-U046,Flow,login,2026-03-11T18:46:00,40.1
EVT-002439,ACC-007,Voyager Entertainment,ACC-007-U120,Insight,login,2026-03-11T17:44:00,1.1
EVT-002440,ACC-007,Voyager Entertainment,ACC-007-U100,Canvas,feature_use,2026-03-11T09:42:00,40.9
EVT-002441,ACC-007,Voyager Entertainment,ACC-007-U109,Canvas,feature_use,2026-03-11T14:21:00,36.6
EVT-002442,ACC-007,Voyager Entertainment,ACC-007-U080,Canvas,api_call,2026-03-11T09:41:00,1.0
EVT-002443,ACC-007,Voyager Entertainment,ACC-007-U020,Insight,login,2026-03-11T16:15:00,29.4
EVT-002444,ACC-007,Voyager Entertainment,ACC-007-U075,Flow,api_call,2026-03-11T12:45:00,1.8
EVT-002445,ACC-007,Voyager Entertainment,ACC-007-U020,Canvas,login,2026-03-11T16:37:00,3.6
EVT-002446,ACC-007,Voyager Entertainment,ACC-007-U118,Insight,login,2026-03-12T14:07:00,7.1
EVT-002447,ACC-007,Voyager Entertainment,ACC-007-U054,Canvas,export,2026-03-12T13:26:00,6.5
EVT-002448,ACC-007,Voyager Entertainment,ACC-007-U022,Insight,login,2026-03-12T12:31:00,33.1
EVT-002449,ACC-007,Voyager Entertainment,ACC-007-U096,Flow,export,2026-03-12T13:25:00,1.9
EVT-002450,ACC-007,Voyager Entertainment,ACC-007-U006,Insight,feature_use,2026-03-12T10:59:00,49.2
EVT-002451,ACC-007,Voyager Entertainment,ACC-007-U088,Flow,feature_use,2026-03-12T15:01:00,54.6
EVT-002452,ACC-007,Voyager Entertainment,ACC-007-U094,Insight,export,2026-03-12T16:10:00,8.9
EVT-002453,ACC-007,Voyager Entertainment,ACC-007-U087,Flow,login,2026-03-12T12:27:00,8.0
EVT-002454,ACC-007,Voyager Entertainment,ACC-007-U039,Insight,api_call,2026-03-12T14:44:00,1.1
EVT-002455,ACC-007,Voyager Entertainment,ACC-007-U114,Flow,feature_use,2026-03-12T12:52:00,7.9
EVT-002456,ACC-007,Voyager Entertainment,ACC-007-U012,Canvas,login,2026-03-12T14:57:00,41.3
EVT-002457,ACC-007,Voyager Entertainment,ACC-007-U110,Insight,login,2026-03-12T14:51:00,13.8
EVT-002458,ACC-007,Voyager Entertainment,ACC-007-U055,Insight,feature_use,2026-03-12T11:30:00,10.7
EVT-002459,ACC-007,Voyager Entertainment,ACC-007-U017,Flow,login,2026-03-12T14:31:00,15.2
EVT-002460,ACC-007,Voyager Entertainment,ACC-007-U066,Flow,login,2026-03-12T18:23:00,37.9
EVT-002461,ACC-007,Voyager Entertainment,ACC-007-U110,Canvas,feature_use,2026-03-12T18:59:00,55.7
EVT-002462,ACC-007,Voyager Entertainment,ACC-007-U082,Canvas,export,2026-03-12T19:24:00,2.0
EVT-002463,ACC-007,Voyager Entertainment,ACC-007-U102,Canvas,feature_use,2026-03-13T07:31:00,53.5
EVT-002464,ACC-007,Voyager Entertainment,ACC-007-U047,Canvas,api_call,2026-03-13T17:57:00,1.6
EVT-002465,ACC-007,Voyager Entertainment,ACC-007-U014,Insight,export,2026-03-13T16:36:00,2.3
EVT-002466,ACC-007,Voyager Entertainment,ACC-007-U032,Flow,login,2026-03-13T16:18:00,42.6
EVT-002467,ACC-007,Voyager Entertainment,ACC-007-U106,Insight,api_call,2026-03-13T16:05:00,1.0
EVT-002468,ACC-007,Voyager Entertainment,ACC-007-U090,Flow,feature_use,2026-03-13T14:57:00,40.8
EVT-002469,ACC-007,Voyager Entertainment,ACC-007-U002,Insight,export,2026-03-13T08:24:00,5.5
EVT-002470,ACC-007,Voyager Entertainment,ACC-007-U108,Flow,export,2026-03-13T11:23:00,4.3
EVT-002471,ACC-007,Voyager Entertainment,ACC-007-U092,Flow,feature_use,2026-03-13T12:27:00,6.7
EVT-002472,ACC-007,Voyager Entertainment,ACC-007-U061,Insight,export,2026-03-13T18:32:00,4.8
EVT-002473,ACC-007,Voyager Entertainment,ACC-007-U047,Insight,export,2026-03-13T10:18:00,3.4
EVT-002474,ACC-007,Voyager Entertainment,ACC-007-U102,Insight,api_call,2026-03-13T18:41:00,1.4
EVT-002475,ACC-007,Voyager Entertainment,ACC-007-U061,Flow,feature_use,2026-03-13T17:13:00,51.7
EVT-002476,ACC-007,Voyager Entertainment,ACC-007-U114,Flow,api_call,2026-03-13T10:01:00,1.1
EVT-002477,ACC-007,Voyager Entertainment,ACC-007-U033,Flow,invite_sent,2026-03-14T18:02:00,3.6
EVT-002478,ACC-007,Voyager Entertainment,ACC-007-U038,Canvas,export,2026-03-14T11:03:00,8.1
EVT-002479,ACC-007,Voyager Entertainment,ACC-007-U038,Insight,login,2026-03-14T11:29:00,8.7
EVT-002480,ACC-007,Voyager Entertainment,ACC-007-U047,Insight,api_call,2026-03-14T10:11:00,0.2
EVT-002481,ACC-007,Voyager Entertainment,ACC-007-U039,Insight,export,2026-03-14T16:28:00,6.1
EVT-002482,ACC-008,Ironclad Manufacturing,ACC-008-U018,Canvas,feature_use,2025-12-15T11:43:00,23.0
EVT-002483,ACC-008,Ironclad Manufacturing,ACC-008-U018,Canvas,login,2025-12-15T15:35:00,16.1
EVT-002484,ACC-008,Ironclad Manufacturing,ACC-008-U009,Canvas,api_call,2025-12-16T15:53:00,1.5
EVT-002485,ACC-008,Ironclad Manufacturing,ACC-008-U024,Canvas,login,2025-12-16T16:06:00,36.1
EVT-002486,ACC-008,Ironclad Manufacturing,ACC-008-U020,Canvas,login,2025-12-16T07:55:00,16.5
EVT-002487,ACC-008,Ironclad Manufacturing,ACC-008-U014,Canvas,feature_use,2025-12-16T17:09:00,53.4
EVT-002488,ACC-008,Ironclad Manufacturing,ACC-008-U014,Canvas,feature_use,2025-12-18T15:59:00,7.5
EVT-002489,ACC-008,Ironclad Manufacturing,ACC-008-U003,Canvas,feature_use,2025-12-19T21:08:00,25.0
EVT-002490,ACC-008,Ironclad Manufacturing,ACC-008-U024,Canvas,export,2025-12-20T09:48:00,3.3
EVT-002491,ACC-008,Ironclad Manufacturing,ACC-008-U024,Canvas,feature_use,2025-12-20T13:50:00,33.0
EVT-002492,ACC-008,Ironclad Manufacturing,ACC-008-U026,Canvas,login,2025-12-22T15:37:00,15.5
EVT-002493,ACC-008,Ironclad Manufacturing,ACC-008-U021,Canvas,feature_use,2025-12-24T17:09:00,23.9
EVT-002494,ACC-008,Ironclad Manufacturing,ACC-008-U010,Canvas,export,2025-12-24T10:08:00,3.1
EVT-002495,ACC-008,Ironclad Manufacturing,ACC-008-U029,Canvas,export,2025-12-26T13:43:00,6.3
EVT-002496,ACC-008,Ironclad Manufacturing,ACC-008-U029,Canvas,feature_use,2025-12-26T15:07:00,26.3
EVT-002497,ACC-008,Ironclad Manufacturing,ACC-008-U025,Canvas,feature_use,2025-12-27T09:39:00,51.0
EVT-002498,ACC-008,Ironclad Manufacturing,ACC-008-U009,Canvas,export,2025-12-27T17:09:00,5.4
EVT-002499,ACC-008,Ironclad Manufacturing,ACC-008-U005,Canvas,feature_use,2025-12-29T15:46:00,36.9
EVT-002500,ACC-008,Ironclad Manufacturing,ACC-008-U028,Canvas,api_call,2025-12-29T11:03:00,0.2
EVT-002501,ACC-008,Ironclad Manufacturing,ACC-008-U001,Canvas,export,2025-12-30T11:03:00,3.8
EVT-002502,ACC-008,Ironclad Manufacturing,ACC-008-U020,Canvas,export,2025-12-31T08:45:00,3.7
EVT-002503,ACC-008,Ironclad Manufacturing,ACC-008-U024,Canvas,login,2025-12-31T13:02:00,19.7
EVT-002504,ACC-008,Ironclad Manufacturing,ACC-008-U029,Canvas,api_call,2025-12-31T12:04:00,1.4
EVT-002505,ACC-008,Ironclad Manufacturing,ACC-008-U016,Canvas,feature_use,2026-01-01T08:35:00,16.5
EVT-002506,ACC-008,Ironclad Manufacturing,ACC-008-U006,Canvas,export,2026-01-01T16:24:00,1.7
EVT-002507,ACC-008,Ironclad Manufacturing,ACC-008-U035,Canvas,export,2026-01-01T10:53:00,6.7
EVT-002508,ACC-008,Ironclad Manufacturing,ACC-008-U024,Canvas,login,2026-01-02T09:16:00,2.0
EVT-002509,ACC-008,Ironclad Manufacturing,ACC-008-U010,Canvas,export,2026-01-02T18:29:00,9.7
EVT-002510,ACC-008,Ironclad Manufacturing,ACC-008-U031,Canvas,login,2026-01-02T18:01:00,25.7
EVT-002511,ACC-008,Ironclad Manufacturing,ACC-008-U012,Canvas,login,2026-01-05T15:07:00,20.6
EVT-002512,ACC-008,Ironclad Manufacturing,ACC-008-U030,Canvas,export,2026-01-05T10:22:00,8.6
EVT-002513,ACC-008,Ironclad Manufacturing,ACC-008-U013,Canvas,login,2026-01-05T17:59:00,18.7
EVT-002514,ACC-008,Ironclad Manufacturing,ACC-008-U033,Canvas,login,2026-01-06T16:18:00,29.8
EVT-002515,ACC-008,Ironclad Manufacturing,ACC-008-U016,Canvas,invite_sent,2026-01-06T17:56:00,1.9
EVT-002516,ACC-008,Ironclad Manufacturing,ACC-008-U004,Canvas,feature_use,2026-01-06T10:18:00,14.7
EVT-002517,ACC-008,Ironclad Manufacturing,ACC-008-U006,Canvas,login,2026-01-07T13:26:00,18.5
EVT-002518,ACC-008,Ironclad Manufacturing,ACC-008-U034,Canvas,login,2026-01-08T10:43:00,13.2
EVT-002519,ACC-008,Ironclad Manufacturing,ACC-008-U029,Canvas,feature_use,2026-01-08T17:48:00,15.9
EVT-002520,ACC-008,Ironclad Manufacturing,ACC-008-U011,Canvas,export,2026-01-08T19:38:00,2.3
EVT-002521,ACC-008,Ironclad Manufacturing,ACC-008-U003,Canvas,login,2026-01-09T09:10:00,20.9
EVT-002522,ACC-008,Ironclad Manufacturing,ACC-008-U013,Canvas,login,2026-01-09T09:07:00,9.5
EVT-002523,ACC-008,Ironclad Manufacturing,ACC-008-U035,Canvas,export,2026-01-09T13:43:00,8.6
EVT-002524,ACC-008,Ironclad Manufacturing,ACC-008-U035,Canvas,api_call,2026-01-09T11:39:00,1.0
EVT-002525,ACC-008,Ironclad Manufacturing,ACC-008-U035,Canvas,feature_use,2026-01-09T09:31:00,56.0
EVT-002526,ACC-008,Ironclad Manufacturing,ACC-008-U007,Canvas,invite_sent,2026-01-10T06:04:00,4.5
EVT-002527,ACC-008,Ironclad Manufacturing,ACC-008-U032,Canvas,login,2026-01-11T14:23:00,5.1
EVT-002528,ACC-008,Ironclad Manufacturing,ACC-008-U023,Canvas,feature_use,2026-01-12T14:37:00,42.3
EVT-002529,ACC-008,Ironclad Manufacturing,ACC-008-U019,Canvas,feature_use,2026-01-12T10:03:00,58.7
EVT-002530,ACC-008,Ironclad Manufacturing,ACC-008-U027,Canvas,feature_use,2026-01-12T09:31:00,3.7
EVT-002531,ACC-008,Ironclad Manufacturing,ACC-008-U016,Canvas,login,2026-01-13T17:19:00,2.6
EVT-002532,ACC-008,Ironclad Manufacturing,ACC-008-U023,Canvas,feature_use,2026-01-14T16:38:00,18.9
EVT-002533,ACC-008,Ironclad Manufacturing,ACC-008-U024,Canvas,api_call,2026-01-14T18:06:00,1.6
EVT-002534,ACC-008,Ironclad Manufacturing,ACC-008-U035,Canvas,api_call,2026-01-15T14:14:00,0.3
EVT-002535,ACC-008,Ironclad Manufacturing,ACC-008-U020,Canvas,export,2026-01-16T15:27:00,6.6
EVT-002536,ACC-008,Ironclad Manufacturing,ACC-008-U034,Canvas,api_call,2026-01-16T13:40:00,1.2
EVT-002537,ACC-008,Ironclad Manufacturing,ACC-008-U031,Canvas,invite_sent,2026-01-19T10:08:00,3.7
EVT-002538,ACC-008,Ironclad Manufacturing,ACC-008-U020,Canvas,export,2026-01-19T09:39:00,9.5
EVT-002539,ACC-008,Ironclad Manufacturing,ACC-008-U031,Canvas,feature_use,2026-01-19T10:15:00,55.0
EVT-002540,ACC-008,Ironclad Manufacturing,ACC-008-U025,Canvas,api_call,2026-01-20T06:38:00,1.5
EVT-002541,ACC-008,Ironclad Manufacturing,ACC-008-U018,Canvas,feature_use,2026-01-20T19:07:00,43.0
EVT-002542,ACC-008,Ironclad Manufacturing,ACC-008-U005,Canvas,feature_use,2026-01-21T17:08:00,21.2
EVT-002543,ACC-008,Ironclad Manufacturing,ACC-008-U019,Canvas,invite_sent,2026-01-21T15:32:00,3.6
EVT-002544,ACC-008,Ironclad Manufacturing,ACC-008-U009,Canvas,api_call,2026-01-21T17:04:00,1.4
EVT-002545,ACC-008,Ironclad Manufacturing,ACC-008-U013,Canvas,export,2026-01-22T10:34:00,6.1
EVT-002546,ACC-008,Ironclad Manufacturing,ACC-008-U016,Canvas,feature_use,2026-01-22T08:52:00,8.3
EVT-002547,ACC-008,Ironclad Manufacturing,ACC-008-U030,Canvas,api_call,2026-01-22T16:19:00,1.6
EVT-002548,ACC-008,Ironclad Manufacturing,ACC-008-U017,Canvas,invite_sent,2026-01-23T13:06:00,1.7
EVT-002549,ACC-008,Ironclad Manufacturing,ACC-008-U035,Canvas,api_call,2026-01-23T08:27:00,0.6
EVT-002550,ACC-008,Ironclad Manufacturing,ACC-008-U007,Canvas,login,2026-01-23T14:24:00,12.0
EVT-002551,ACC-008,Ironclad Manufacturing,ACC-008-U029,Canvas,feature_use,2026-01-24T20:54:00,22.8
EVT-002552,ACC-008,Ironclad Manufacturing,ACC-008-U014,Canvas,feature_use,2026-01-24T18:53:00,53.1
EVT-002553,ACC-008,Ironclad Manufacturing,ACC-008-U022,Canvas,feature_use,2026-01-24T14:27:00,49.0
EVT-002554,ACC-008,Ironclad Manufacturing,ACC-008-U029,Canvas,export,2026-01-26T12:24:00,6.5
EVT-002555,ACC-008,Ironclad Manufacturing,ACC-008-U017,Canvas,feature_use,2026-01-26T14:29:00,33.7
EVT-002556,ACC-008,Ironclad Manufacturing,ACC-008-U007,Canvas,login,2026-01-27T17:16:00,34.4
EVT-002557,ACC-008,Ironclad Manufacturing,ACC-008-U020,Canvas,feature_use,2026-01-27T11:27:00,30.4
EVT-002558,ACC-008,Ironclad Manufacturing,ACC-008-U019,Canvas,export,2026-01-27T16:27:00,1.7
EVT-002559,ACC-008,Ironclad Manufacturing,ACC-008-U031,Canvas,login,2026-01-28T18:20:00,44.0
EVT-002560,ACC-008,Ironclad Manufacturing,ACC-008-U025,Canvas,export,2026-01-28T16:50:00,4.7
EVT-002561,ACC-008,Ironclad Manufacturing,ACC-008-U022,Canvas,feature_use,2026-01-28T17:47:00,5.6
EVT-002562,ACC-008,Ironclad Manufacturing,ACC-008-U006,Canvas,export,2026-01-28T13:44:00,4.9
EVT-002563,ACC-008,Ironclad Manufacturing,ACC-008-U010,Canvas,api_call,2026-01-29T21:04:00,0.7
EVT-002564,ACC-008,Ironclad Manufacturing,ACC-008-U018,Canvas,feature_use,2026-01-29T10:47:00,19.4
EVT-002565,ACC-008,Ironclad Manufacturing,ACC-008-U028,Canvas,invite_sent,2026-01-30T10:48:00,3.2
EVT-002566,ACC-008,Ironclad Manufacturing,ACC-008-U003,Canvas,login,2026-01-30T16:29:00,39.2
EVT-002567,ACC-008,Ironclad Manufacturing,ACC-008-U034,Canvas,feature_use,2026-01-31T19:47:00,11.4
EVT-002568,ACC-008,Ironclad Manufacturing,ACC-008-U030,Canvas,api_call,2026-02-02T11:55:00,1.8
EVT-002569,ACC-008,Ironclad Manufacturing,ACC-008-U033,Canvas,feature_use,2026-02-02T15:56:00,27.4
EVT-002570,ACC-008,Ironclad Manufacturing,ACC-008-U018,Canvas,login,2026-02-02T14:44:00,18.3
EVT-002571,ACC-008,Ironclad Manufacturing,ACC-008-U031,Canvas,api_call,2026-02-03T13:16:00,0.9
EVT-002572,ACC-008,Ironclad Manufacturing,ACC-008-U032,Canvas,feature_use,2026-02-03T14:18:00,29.5
EVT-002573,ACC-008,Ironclad Manufacturing,ACC-008-U032,Canvas,api_call,2026-02-03T18:26:00,0.1
EVT-002574,ACC-008,Ironclad Manufacturing,ACC-008-U024,Canvas,login,2026-02-03T11:19:00,27.3
EVT-002575,ACC-008,Ironclad Manufacturing,ACC-008-U030,Canvas,export,2026-02-04T11:32:00,4.4
EVT-002576,ACC-008,Ironclad Manufacturing,ACC-008-U025,Canvas,export,2026-02-04T11:33:00,7.5
EVT-002577,ACC-008,Ironclad Manufacturing,ACC-008-U020,Canvas,feature_use,2026-02-04T10:12:00,22.5
EVT-002578,ACC-008,Ironclad Manufacturing,ACC-008-U033,Canvas,login,2026-02-05T16:32:00,27.4
EVT-002579,ACC-008,Ironclad Manufacturing,ACC-008-U025,Canvas,invite_sent,2026-02-05T09:56:00,0.9
EVT-002580,ACC-008,Ironclad Manufacturing,ACC-008-U024,Canvas,export,2026-02-05T19:25:00,5.0
EVT-002581,ACC-008,Ironclad Manufacturing,ACC-008-U031,Canvas,feature_use,2026-02-06T16:24:00,40.1
EVT-002582,ACC-008,Ironclad Manufacturing,ACC-008-U016,Canvas,export,2026-02-06T12:21:00,7.4
EVT-002583,ACC-008,Ironclad Manufacturing,ACC-008-U034,Canvas,login,2026-02-07T16:31:00,8.9
EVT-002584,ACC-008,Ironclad Manufacturing,ACC-008-U018,Canvas,api_call,2026-02-07T17:43:00,0.7
EVT-002585,ACC-008,Ironclad Manufacturing,ACC-008-U026,Canvas,login,2026-02-09T17:52:00,21.0
EVT-002586,ACC-008,Ironclad Manufacturing,ACC-008-U013,Canvas,login,2026-02-09T11:01:00,27.7
EVT-002587,ACC-008,Ironclad Manufacturing,ACC-008-U002,Canvas,export,2026-02-09T10:22:00,5.3
EVT-002588,ACC-008,Ironclad Manufacturing,ACC-008-U031,Canvas,login,2026-02-10T10:57:00,23.6
EVT-002589,ACC-008,Ironclad Manufacturing,ACC-008-U024,Canvas,feature_use,2026-02-10T10:39:00,7.5
EVT-002590,ACC-008,Ironclad Manufacturing,ACC-008-U017,Canvas,feature_use,2026-02-10T13:38:00,42.5
EVT-002591,ACC-008,Ironclad Manufacturing,ACC-008-U018,Canvas,api_call,2026-02-11T10:34:00,0.3
EVT-002592,ACC-008,Ironclad Manufacturing,ACC-008-U020,Canvas,export,2026-02-11T19:04:00,9.9
EVT-002593,ACC-008,Ironclad Manufacturing,ACC-008-U025,Canvas,login,2026-02-12T10:57:00,23.7
EVT-002594,ACC-008,Ironclad Manufacturing,ACC-008-U020,Canvas,login,2026-02-12T16:05:00,4.8
EVT-002595,ACC-008,Ironclad Manufacturing,ACC-008-U020,Canvas,login,2026-02-12T11:12:00,39.8
EVT-002596,ACC-008,Ironclad Manufacturing,ACC-008-U025,Canvas,feature_use,2026-02-12T08:19:00,5.2
EVT-002597,ACC-008,Ironclad Manufacturing,ACC-008-U010,Canvas,feature_use,2026-02-12T15:06:00,33.4
EVT-002598,ACC-008,Ironclad Manufacturing,ACC-008-U021,Canvas,feature_use,2026-02-13T18:17:00,38.0
EVT-002599,ACC-008,Ironclad Manufacturing,ACC-008-U029,Canvas,login,2026-02-13T09:39:00,14.5
EVT-002600,ACC-008,Ironclad Manufacturing,ACC-008-U021,Canvas,feature_use,2026-02-13T16:24:00,9.0
EVT-002601,ACC-008,Ironclad Manufacturing,ACC-008-U010,Canvas,login,2026-02-13T18:54:00,40.4
EVT-002602,ACC-008,Ironclad Manufacturing,ACC-008-U023,Canvas,feature_use,2026-02-16T15:40:00,16.1
EVT-002603,ACC-008,Ironclad Manufacturing,ACC-008-U017,Canvas,login,2026-02-16T15:03:00,6.8
EVT-002604,ACC-008,Ironclad Manufacturing,ACC-008-U019,Canvas,login,2026-02-16T15:29:00,3.1
EVT-002605,ACC-008,Ironclad Manufacturing,ACC-008-U002,Canvas,export,2026-02-17T15:33:00,2.3
EVT-002606,ACC-008,Ironclad Manufacturing,ACC-008-U003,Canvas,api_call,2026-02-17T14:11:00,0.2
EVT-002607,ACC-008,Ironclad Manufacturing,ACC-008-U007,Canvas,login,2026-02-17T17:56:00,35.5
EVT-002608,ACC-008,Ironclad Manufacturing,ACC-008-U006,Canvas,feature_use,2026-02-17T16:38:00,48.9
EVT-002609,ACC-008,Ironclad Manufacturing,ACC-008-U014,Canvas,feature_use,2026-02-18T17:14:00,23.2
EVT-002610,ACC-008,Ironclad Manufacturing,ACC-008-U033,Canvas,feature_use,2026-02-18T12:56:00,55.8
EVT-002611,ACC-008,Ironclad Manufacturing,ACC-008-U014,Canvas,feature_use,2026-02-18T20:39:00,59.0
EVT-002612,ACC-008,Ironclad Manufacturing,ACC-008-U019,Canvas,api_call,2026-02-19T14:00:00,0.3
EVT-002613,ACC-008,Ironclad Manufacturing,ACC-008-U005,Canvas,login,2026-02-19T16:16:00,6.3
EVT-002614,ACC-008,Ironclad Manufacturing,ACC-008-U032,Canvas,export,2026-02-19T19:36:00,6.0
EVT-002615,ACC-008,Ironclad Manufacturing,ACC-008-U005,Canvas,feature_use,2026-02-20T17:21:00,39.5
EVT-002616,ACC-008,Ironclad Manufacturing,ACC-008-U035,Canvas,export,2026-02-20T06:35:00,4.5
EVT-002617,ACC-008,Ironclad Manufacturing,ACC-008-U024,Canvas,api_call,2026-02-20T16:53:00,1.1
EVT-002618,ACC-008,Ironclad Manufacturing,ACC-008-U011,Canvas,export,2026-02-21T16:07:00,9.1
EVT-002619,ACC-008,Ironclad Manufacturing,ACC-008-U016,Canvas,feature_use,2026-02-23T11:20:00,18.3
EVT-002620,ACC-008,Ironclad Manufacturing,ACC-008-U001,Canvas,login,2026-02-23T15:05:00,11.2
EVT-002621,ACC-008,Ironclad Manufacturing,ACC-008-U001,Canvas,api_call,2026-02-23T16:38:00,1.4
EVT-002622,ACC-008,Ironclad Manufacturing,ACC-008-U017,Canvas,export,2026-02-24T15:50:00,8.6
EVT-002623,ACC-008,Ironclad Manufacturing,ACC-008-U013,Canvas,login,2026-02-24T15:22:00,10.9
EVT-002624,ACC-008,Ironclad Manufacturing,ACC-008-U027,Canvas,export,2026-02-24T12:56:00,8.0
EVT-002625,ACC-008,Ironclad Manufacturing,ACC-008-U018,Canvas,feature_use,2026-02-24T10:46:00,37.1
EVT-002626,ACC-008,Ironclad Manufacturing,ACC-008-U002,Canvas,feature_use,2026-02-25T17:13:00,46.3
EVT-002627,ACC-008,Ironclad Manufacturing,ACC-008-U007,Canvas,feature_use,2026-02-25T08:40:00,26.4
EVT-002628,ACC-008,Ironclad Manufacturing,ACC-008-U006,Canvas,feature_use,2026-02-25T19:51:00,42.6
EVT-002629,ACC-008,Ironclad Manufacturing,ACC-008-U006,Canvas,login,2026-02-25T10:19:00,35.9
EVT-002630,ACC-008,Ironclad Manufacturing,ACC-008-U009,Canvas,login,2026-02-25T18:28:00,38.6
EVT-002631,ACC-008,Ironclad Manufacturing,ACC-008-U028,Canvas,api_call,2026-02-26T17:25:00,1.9
EVT-002632,ACC-008,Ironclad Manufacturing,ACC-008-U034,Canvas,login,2026-02-26T16:25:00,28.7
EVT-002633,ACC-008,Ironclad Manufacturing,ACC-008-U009,Canvas,login,2026-02-26T16:52:00,31.4
EVT-002634,ACC-008,Ironclad Manufacturing,ACC-008-U021,Canvas,login,2026-02-27T10:16:00,8.0
EVT-002635,ACC-008,Ironclad Manufacturing,ACC-008-U029,Canvas,feature_use,2026-02-27T11:47:00,39.6
EVT-002636,ACC-008,Ironclad Manufacturing,ACC-008-U007,Canvas,feature_use,2026-02-27T17:53:00,37.7
EVT-002637,ACC-008,Ironclad Manufacturing,ACC-008-U001,Canvas,login,2026-02-27T14:36:00,35.4
EVT-002638,ACC-008,Ironclad Manufacturing,ACC-008-U021,Canvas,feature_use,2026-03-02T11:57:00,24.6
EVT-002639,ACC-008,Ironclad Manufacturing,ACC-008-U022,Canvas,login,2026-03-02T16:16:00,15.4
EVT-002640,ACC-008,Ironclad Manufacturing,ACC-008-U009,Canvas,login,2026-03-02T14:42:00,34.7
EVT-002641,ACC-008,Ironclad Manufacturing,ACC-008-U035,Canvas,feature_use,2026-03-02T14:09:00,26.4
EVT-002642,ACC-008,Ironclad Manufacturing,ACC-008-U026,Canvas,feature_use,2026-03-03T17:49:00,29.4
EVT-002643,ACC-008,Ironclad Manufacturing,ACC-008-U012,Canvas,login,2026-03-03T18:16:00,4.2
EVT-002644,ACC-008,Ironclad Manufacturing,ACC-008-U030,Canvas,login,2026-03-03T12:32:00,16.5
EVT-002645,ACC-008,Ironclad Manufacturing,ACC-008-U016,Canvas,login,2026-03-04T12:23:00,7.4
EVT-002646,ACC-008,Ironclad Manufacturing,ACC-008-U004,Canvas,export,2026-03-05T19:19:00,6.9
EVT-002647,ACC-008,Ironclad Manufacturing,ACC-008-U009,Canvas,feature_use,2026-03-05T10:51:00,29.5
EVT-002648,ACC-008,Ironclad Manufacturing,ACC-008-U006,Canvas,feature_use,2026-03-05T16:31:00,8.5
EVT-002649,ACC-008,Ironclad Manufacturing,ACC-008-U008,Canvas,login,2026-03-06T12:01:00,27.8
EVT-002650,ACC-008,Ironclad Manufacturing,ACC-008-U019,Canvas,feature_use,2026-03-06T15:02:00,41.6
EVT-002651,ACC-008,Ironclad Manufacturing,ACC-008-U008,Canvas,export,2026-03-06T13:50:00,9.5
EVT-002652,ACC-008,Ironclad Manufacturing,ACC-008-U028,Canvas,login,2026-03-09T10:49:00,24.5
EVT-002653,ACC-008,Ironclad Manufacturing,ACC-008-U029,Canvas,login,2026-03-09T09:12:00,16.2
EVT-002654,ACC-008,Ironclad Manufacturing,ACC-008-U014,Canvas,feature_use,2026-03-10T08:44:00,49.8
EVT-002655,ACC-008,Ironclad Manufacturing,ACC-008-U010,Canvas,login,2026-03-10T20:42:00,34.8
EVT-002656,ACC-008,Ironclad Manufacturing,ACC-008-U001,Canvas,api_call,2026-03-10T10:23:00,1.4
EVT-002657,ACC-008,Ironclad Manufacturing,ACC-008-U030,Canvas,feature_use,2026-03-10T17:32:00,11.7
EVT-002658,ACC-008,Ironclad Manufacturing,ACC-008-U020,Canvas,login,2026-03-10T12:57:00,44.6
EVT-002659,ACC-008,Ironclad Manufacturing,ACC-008-U007,Canvas,api_call,2026-03-11T17:34:00,1.2
EVT-002660,ACC-008,Ironclad Manufacturing,ACC-008-U030,Canvas,api_call,2026-03-11T17:25:00,1.6
EVT-002661,ACC-008,Ironclad Manufacturing,ACC-008-U022,Canvas,invite_sent,2026-03-11T11:58:00,3.3
EVT-002662,ACC-008,Ironclad Manufacturing,ACC-008-U011,Canvas,export,2026-03-12T10:52:00,2.3
EVT-002663,ACC-008,Ironclad Manufacturing,ACC-008-U018,Canvas,feature_use,2026-03-13T18:07:00,58.6
EVT-002664,ACC-008,Ironclad Manufacturing,ACC-008-U004,Canvas,login,2026-03-13T12:12:00,10.1
EVT-002665,ACC-009,Northstar Consulting,ACC-009-U007,Flow,login,2025-12-15T16:19:00,39.5
EVT-002666,ACC-009,Northstar Consulting,ACC-009-U015,Canvas,login,2025-12-15T10:36:00,24.9
EVT-002667,ACC-009,Northstar Consulting,ACC-009-U006,Flow,feature_use,2025-12-15T16:36:00,39.2
EVT-002668,ACC-009,Northstar Consulting,ACC-009-U031,Canvas,api_call,2025-12-15T16:38:00,0.7
EVT-002669,ACC-009,Northstar Consulting,ACC-009-U029,Canvas,feature_use,2025-12-15T17:44:00,31.1
EVT-002670,ACC-009,Northstar Consulting,ACC-009-U026,Flow,login,2025-12-16T14:07:00,20.7
EVT-002671,ACC-009,Northstar Consulting,ACC-009-U046,Flow,export,2025-12-16T13:42:00,4.6
EVT-002672,ACC-009,Northstar Consulting,ACC-009-U025,Canvas,login,2025-12-16T11:41:00,13.3
EVT-002673,ACC-009,Northstar Consulting,ACC-009-U042,Flow,export,2025-12-16T10:05:00,7.0
EVT-002674,ACC-009,Northstar Consulting,ACC-009-U045,Flow,export,2025-12-16T10:16:00,1.4
EVT-002675,ACC-009,Northstar Consulting,ACC-009-U038,Flow,export,2025-12-16T12:58:00,7.5
EVT-002676,ACC-009,Northstar Consulting,ACC-009-U043,Flow,api_call,2025-12-17T11:30:00,1.5
EVT-002677,ACC-009,Northstar Consulting,ACC-009-U048,Canvas,login,2025-12-17T19:36:00,3.3
EVT-002678,ACC-009,Northstar Consulting,ACC-009-U006,Flow,feature_use,2025-12-17T11:47:00,28.6
EVT-002679,ACC-009,Northstar Consulting,ACC-009-U029,Flow,feature_use,2025-12-17T14:29:00,11.5
EVT-002680,ACC-009,Northstar Consulting,ACC-009-U001,Flow,export,2025-12-18T10:55:00,7.6
EVT-002681,ACC-009,Northstar Consulting,ACC-009-U032,Flow,login,2025-12-18T19:50:00,23.9
EVT-002682,ACC-009,Northstar Consulting,ACC-009-U049,Canvas,login,2025-12-19T10:22:00,20.3
EVT-002683,ACC-009,Northstar Consulting,ACC-009-U030,Canvas,feature_use,2025-12-19T10:50:00,26.9
EVT-002684,ACC-009,Northstar Consulting,ACC-009-U029,Flow,feature_use,2025-12-19T18:18:00,54.4
EVT-002685,ACC-009,Northstar Consulting,ACC-009-U024,Canvas,login,2025-12-19T16:03:00,31.1
EVT-002686,ACC-009,Northstar Consulting,ACC-009-U010,Flow,api_call,2025-12-20T17:24:00,1.8
EVT-002687,ACC-009,Northstar Consulting,ACC-009-U031,Flow,login,2025-12-22T14:48:00,6.1
EVT-002688,ACC-009,Northstar Consulting,ACC-009-U018,Canvas,login,2025-12-22T19:57:00,16.9
EVT-002689,ACC-009,Northstar Consulting,ACC-009-U035,Canvas,feature_use,2025-12-22T12:19:00,58.5
EVT-002690,ACC-009,Northstar Consulting,ACC-009-U035,Flow,feature_use,2025-12-22T14:27:00,4.7
EVT-002691,ACC-009,Northstar Consulting,ACC-009-U048,Canvas,feature_use,2025-12-23T13:30:00,29.9
EVT-002692,ACC-009,Northstar Consulting,ACC-009-U012,Flow,login,2025-12-23T09:51:00,36.1
EVT-002693,ACC-009,Northstar Consulting,ACC-009-U011,Flow,login,2025-12-24T13:19:00,2.8
EVT-002694,ACC-009,Northstar Consulting,ACC-009-U026,Canvas,login,2025-12-24T15:46:00,1.9
EVT-002695,ACC-009,Northstar Consulting,ACC-009-U035,Canvas,login,2025-12-24T12:23:00,40.0
EVT-002696,ACC-009,Northstar Consulting,ACC-009-U031,Canvas,feature_use,2025-12-24T15:42:00,33.2
EVT-002697,ACC-009,Northstar Consulting,ACC-009-U026,Flow,feature_use,2025-12-25T11:34:00,46.7
EVT-002698,ACC-009,Northstar Consulting,ACC-009-U042,Canvas,login,2025-12-25T13:31:00,43.6
EVT-002699,ACC-009,Northstar Consulting,ACC-009-U030,Canvas,export,2025-12-25T13:41:00,2.9
EVT-002700,ACC-009,Northstar Consulting,ACC-009-U018,Flow,login,2025-12-25T11:28:00,4.9
EVT-002701,ACC-009,Northstar Consulting,ACC-009-U039,Canvas,feature_use,2025-12-26T08:54:00,35.6
EVT-002702,ACC-009,Northstar Consulting,ACC-009-U036,Canvas,feature_use,2025-12-26T09:14:00,44.1
EVT-002703,ACC-009,Northstar Consulting,ACC-009-U031,Canvas,invite_sent,2025-12-26T06:17:00,2.5
EVT-002704,ACC-009,Northstar Consulting,ACC-009-U028,Canvas,export,2025-12-26T13:37:00,6.3
EVT-002705,ACC-009,Northstar Consulting,ACC-009-U014,Flow,login,2025-12-27T20:57:00,27.5
EVT-002706,ACC-009,Northstar Consulting,ACC-009-U006,Flow,login,2025-12-29T15:21:00,14.5
EVT-002707,ACC-009,Northstar Consulting,ACC-009-U034,Flow,feature_use,2025-12-29T20:24:00,12.4
EVT-002708,ACC-009,Northstar Consulting,ACC-009-U050,Flow,login,2025-12-29T16:54:00,40.8
EVT-002709,ACC-009,Northstar Consulting,ACC-009-U020,Canvas,feature_use,2025-12-30T10:26:00,23.2
EVT-002710,ACC-009,Northstar Consulting,ACC-009-U042,Flow,api_call,2025-12-30T16:44:00,0.9
EVT-002711,ACC-009,Northstar Consulting,ACC-009-U010,Canvas,login,2025-12-30T09:02:00,12.5
EVT-002712,ACC-009,Northstar Consulting,ACC-009-U040,Flow,export,2025-12-30T14:05:00,3.1
EVT-002713,ACC-009,Northstar Consulting,ACC-009-U001,Flow,api_call,2025-12-30T08:06:00,1.3
EVT-002714,ACC-009,Northstar Consulting,ACC-009-U021,Flow,login,2025-12-30T19:07:00,11.6
EVT-002715,ACC-009,Northstar Consulting,ACC-009-U049,Canvas,api_call,2025-12-31T15:20:00,1.9
EVT-002716,ACC-009,Northstar Consulting,ACC-009-U035,Flow,export,2025-12-31T13:30:00,9.2
EVT-002717,ACC-009,Northstar Consulting,ACC-009-U045,Canvas,invite_sent,2025-12-31T14:50:00,1.6
EVT-002718,ACC-009,Northstar Consulting,ACC-009-U032,Canvas,feature_use,2025-12-31T16:29:00,55.0
EVT-002719,ACC-009,Northstar Consulting,ACC-009-U037,Canvas,feature_use,2026-01-01T17:45:00,30.9
EVT-002720,ACC-009,Northstar Consulting,ACC-009-U002,Flow,login,2026-01-01T16:18:00,42.3
EVT-002721,ACC-009,Northstar Consulting,ACC-009-U003,Canvas,login,2026-01-01T14:46:00,28.2
EVT-002722,ACC-009,Northstar Consulting,ACC-009-U012,Canvas,feature_use,2026-01-02T17:52:00,14.3
EVT-002723,ACC-009,Northstar Consulting,ACC-009-U014,Canvas,api_call,2026-01-02T19:14:00,0.6
EVT-002724,ACC-009,Northstar Consulting,ACC-009-U020,Flow,login,2026-01-02T15:03:00,40.5
EVT-002725,ACC-009,Northstar Consulting,ACC-009-U042,Canvas,api_call,2026-01-05T11:44:00,1.9
EVT-002726,ACC-009,Northstar Consulting,ACC-009-U030,Flow,login,2026-01-05T17:43:00,40.4
EVT-002727,ACC-009,Northstar Consulting,ACC-009-U005,Flow,feature_use,2026-01-05T14:10:00,7.1
EVT-002728,ACC-009,Northstar Consulting,ACC-009-U047,Flow,api_call,2026-01-05T10:51:00,0.4
EVT-002729,ACC-009,Northstar Consulting,ACC-009-U030,Flow,export,2026-01-05T09:15:00,1.7
EVT-002730,ACC-009,Northstar Consulting,ACC-009-U045,Canvas,invite_sent,2026-01-06T07:50:00,2.3
EVT-002731,ACC-009,Northstar Consulting,ACC-009-U022,Canvas,export,2026-01-06T17:42:00,2.2
EVT-002732,ACC-009,Northstar Consulting,ACC-009-U013,Flow,api_call,2026-01-06T10:08:00,1.5
EVT-002733,ACC-009,Northstar Consulting,ACC-009-U023,Canvas,feature_use,2026-01-06T11:18:00,56.6
EVT-002734,ACC-009,Northstar Consulting,ACC-009-U015,Canvas,feature_use,2026-01-06T12:51:00,35.1
EVT-002735,ACC-009,Northstar Consulting,ACC-009-U027,Canvas,export,2026-01-07T13:32:00,6.4
EVT-002736,ACC-009,Northstar Consulting,ACC-009-U007,Canvas,feature_use,2026-01-07T11:57:00,14.8
EVT-002737,ACC-009,Northstar Consulting,ACC-009-U002,Canvas,feature_use,2026-01-07T13:26:00,16.9
EVT-002738,ACC-009,Northstar Consulting,ACC-009-U026,Canvas,api_call,2026-01-08T20:07:00,1.5
EVT-002739,ACC-009,Northstar Consulting,ACC-009-U002,Flow,feature_use,2026-01-08T13:22:00,39.0
EVT-002740,ACC-009,Northstar Consulting,ACC-009-U025,Flow,login,2026-01-08T16:45:00,23.7
EVT-002741,ACC-009,Northstar Consulting,ACC-009-U005,Canvas,invite_sent,2026-01-08T16:38:00,1.5
EVT-002742,ACC-009,Northstar Consulting,ACC-009-U022,Flow,login,2026-01-08T20:38:00,12.2
EVT-002743,ACC-009,Northstar Consulting,ACC-009-U048,Canvas,login,2026-01-09T12:22:00,14.4
EVT-002744,ACC-009,Northstar Consulting,ACC-009-U011,Flow,api_call,2026-01-09T11:59:00,0.5
EVT-002745,ACC-009,Northstar Consulting,ACC-009-U027,Canvas,api_call,2026-01-09T10:59:00,1.3
EVT-002746,ACC-009,Northstar Consulting,ACC-009-U023,Flow,export,2026-01-10T10:43:00,5.3
EVT-002747,ACC-009,Northstar Consulting,ACC-009-U023,Canvas,feature_use,2026-01-10T13:37:00,42.2
EVT-002748,ACC-009,Northstar Consulting,ACC-009-U011,Canvas,login,2026-01-11T09:23:00,30.3
EVT-002749,ACC-009,Northstar Consulting,ACC-009-U019,Flow,feature_use,2026-01-11T21:18:00,40.5
EVT-002750,ACC-009,Northstar Consulting,ACC-009-U048,Canvas,export,2026-01-12T10:14:00,7.9
EVT-002751,ACC-009,Northstar Consulting,ACC-009-U007,Canvas,login,2026-01-12T11:20:00,26.5
EVT-002752,ACC-009,Northstar Consulting,ACC-009-U038,Flow,feature_use,2026-01-12T07:44:00,15.9
EVT-002753,ACC-009,Northstar Consulting,ACC-009-U010,Canvas,login,2026-01-13T08:14:00,6.6
EVT-002754,ACC-009,Northstar Consulting,ACC-009-U049,Canvas,feature_use,2026-01-13T12:54:00,45.4
EVT-002755,ACC-009,Northstar Consulting,ACC-009-U029,Canvas,feature_use,2026-01-13T13:47:00,40.6
EVT-002756,ACC-009,Northstar Consulting,ACC-009-U018,Flow,login,2026-01-13T15:49:00,23.7
EVT-002757,ACC-009,Northstar Consulting,ACC-009-U014,Canvas,feature_use,2026-01-14T17:51:00,37.9
EVT-002758,ACC-009,Northstar Consulting,ACC-009-U033,Flow,feature_use,2026-01-14T09:51:00,11.9
EVT-002759,ACC-009,Northstar Consulting,ACC-009-U008,Canvas,login,2026-01-14T12:46:00,24.9
EVT-002760,ACC-009,Northstar Consulting,ACC-009-U005,Canvas,api_call,2026-01-14T09:23:00,0.5
EVT-002761,ACC-009,Northstar Consulting,ACC-009-U022,Canvas,api_call,2026-01-14T18:58:00,1.7
EVT-002762,ACC-009,Northstar Consulting,ACC-009-U037,Canvas,export,2026-01-14T12:37:00,4.4
EVT-002763,ACC-009,Northstar Consulting,ACC-009-U028,Canvas,api_call,2026-01-15T12:35:00,1.5
EVT-002764,ACC-009,Northstar Consulting,ACC-009-U028,Canvas,login,2026-01-15T10:05:00,43.6
EVT-002765,ACC-009,Northstar Consulting,ACC-009-U021,Canvas,feature_use,2026-01-16T08:57:00,18.7
EVT-002766,ACC-009,Northstar Consulting,ACC-009-U011,Flow,login,2026-01-16T13:33:00,30.1
EVT-002767,ACC-009,Northstar Consulting,ACC-009-U048,Canvas,login,2026-01-16T17:22:00,5.6
EVT-002768,ACC-009,Northstar Consulting,ACC-009-U011,Flow,feature_use,2026-01-16T16:29:00,10.1
EVT-002769,ACC-009,Northstar Consulting,ACC-009-U004,Flow,login,2026-01-17T21:28:00,10.5
EVT-002770,ACC-009,Northstar Consulting,ACC-009-U045,Canvas,feature_use,2026-01-19T12:05:00,55.8
EVT-002771,ACC-009,Northstar Consulting,ACC-009-U034,Canvas,login,2026-01-19T14:41:00,44.8
EVT-002772,ACC-009,Northstar Consulting,ACC-009-U048,Flow,feature_use,2026-01-19T11:25:00,8.4
EVT-002773,ACC-009,Northstar Consulting,ACC-009-U007,Flow,api_call,2026-01-19T11:18:00,0.1
EVT-002774,ACC-009,Northstar Consulting,ACC-009-U047,Flow,feature_use,2026-01-19T14:49:00,20.1
EVT-002775,ACC-009,Northstar Consulting,ACC-009-U045,Flow,feature_use,2026-01-19T13:57:00,32.5
EVT-002776,ACC-009,Northstar Consulting,ACC-009-U050,Flow,api_call,2026-01-20T11:01:00,2.0
EVT-002777,ACC-009,Northstar Consulting,ACC-009-U001,Canvas,login,2026-01-20T19:51:00,13.9
EVT-002778,ACC-009,Northstar Consulting,ACC-009-U021,Flow,api_call,2026-01-20T11:14:00,0.9
EVT-002779,ACC-009,Northstar Consulting,ACC-009-U043,Flow,feature_use,2026-01-21T14:24:00,48.4
EVT-002780,ACC-009,Northstar Consulting,ACC-009-U030,Flow,invite_sent,2026-01-21T12:07:00,1.5
EVT-002781,ACC-009,Northstar Consulting,ACC-009-U008,Flow,feature_use,2026-01-21T09:29:00,29.0
EVT-002782,ACC-009,Northstar Consulting,ACC-009-U032,Flow,feature_use,2026-01-22T18:30:00,48.1
EVT-002783,ACC-009,Northstar Consulting,ACC-009-U047,Flow,feature_use,2026-01-22T06:23:00,4.9
EVT-002784,ACC-009,Northstar Consulting,ACC-009-U031,Canvas,feature_use,2026-01-22T11:38:00,16.1
EVT-002785,ACC-009,Northstar Consulting,ACC-009-U010,Canvas,api_call,2026-01-22T09:01:00,0.3
EVT-002786,ACC-009,Northstar Consulting,ACC-009-U012,Canvas,login,2026-01-23T16:06:00,6.8
EVT-002787,ACC-009,Northstar Consulting,ACC-009-U008,Flow,feature_use,2026-01-23T19:23:00,45.6
EVT-002788,ACC-009,Northstar Consulting,ACC-009-U042,Canvas,feature_use,2026-01-23T08:01:00,51.6
EVT-002789,ACC-009,Northstar Consulting,ACC-009-U012,Canvas,feature_use,2026-01-23T08:05:00,6.1
EVT-002790,ACC-009,Northstar Consulting,ACC-009-U036,Canvas,login,2026-01-23T09:04:00,15.4
EVT-002791,ACC-009,Northstar Consulting,ACC-009-U017,Canvas,api_call,2026-01-24T15:35:00,0.1
EVT-002792,ACC-009,Northstar Consulting,ACC-009-U021,Canvas,login,2026-01-26T21:35:00,4.2
EVT-002793,ACC-009,Northstar Consulting,ACC-009-U036,Canvas,login,2026-01-26T09:46:00,10.4
EVT-002794,ACC-009,Northstar Consulting,ACC-009-U017,Flow,login,2026-01-26T15:40:00,17.9
EVT-002795,ACC-009,Northstar Consulting,ACC-009-U012,Canvas,api_call,2026-01-26T12:48:00,0.4
EVT-002796,ACC-009,Northstar Consulting,ACC-009-U046,Flow,feature_use,2026-01-26T10:58:00,27.1
EVT-002797,ACC-009,Northstar Consulting,ACC-009-U005,Canvas,feature_use,2026-01-27T13:16:00,37.3
EVT-002798,ACC-009,Northstar Consulting,ACC-009-U029,Flow,api_call,2026-01-27T10:11:00,0.4
EVT-002799,ACC-009,Northstar Consulting,ACC-009-U029,Flow,export,2026-01-27T15:17:00,3.3
EVT-002800,ACC-009,Northstar Consulting,ACC-009-U017,Canvas,api_call,2026-01-28T11:43:00,0.7
EVT-002801,ACC-009,Northstar Consulting,ACC-009-U041,Flow,export,2026-01-28T13:30:00,2.5
EVT-002802,ACC-009,Northstar Consulting,ACC-009-U018,Canvas,login,2026-01-28T09:09:00,16.7
EVT-002803,ACC-009,Northstar Consulting,ACC-009-U038,Flow,feature_use,2026-01-29T13:58:00,16.0
EVT-002804,ACC-009,Northstar Consulting,ACC-009-U043,Canvas,feature_use,2026-01-29T13:37:00,23.5
EVT-002805,ACC-009,Northstar Consulting,ACC-009-U012,Flow,login,2026-01-29T17:16:00,43.3
EVT-002806,ACC-009,Northstar Consulting,ACC-009-U006,Flow,login,2026-01-29T08:43:00,4.8
EVT-002807,ACC-009,Northstar Consulting,ACC-009-U001,Flow,feature_use,2026-01-30T16:32:00,17.2
EVT-002808,ACC-009,Northstar Consulting,ACC-009-U018,Canvas,feature_use,2026-01-30T10:40:00,12.5
EVT-002809,ACC-009,Northstar Consulting,ACC-009-U048,Canvas,feature_use,2026-01-30T18:55:00,15.7
EVT-002810,ACC-009,Northstar Consulting,ACC-009-U028,Canvas,login,2026-01-30T16:33:00,21.8
EVT-002811,ACC-009,Northstar Consulting,ACC-009-U029,Flow,login,2026-01-31T09:04:00,1.1
EVT-002812,ACC-009,Northstar Consulting,ACC-009-U023,Canvas,feature_use,2026-01-31T13:53:00,10.9
EVT-002813,ACC-009,Northstar Consulting,ACC-009-U014,Canvas,login,2026-02-02T21:08:00,19.4
EVT-002814,ACC-009,Northstar Consulting,ACC-009-U011,Canvas,feature_use,2026-02-02T15:14:00,11.8
EVT-002815,ACC-009,Northstar Consulting,ACC-009-U041,Canvas,export,2026-02-02T18:40:00,7.1
EVT-002816,ACC-009,Northstar Consulting,ACC-009-U002,Flow,login,2026-02-03T19:24:00,12.1
EVT-002817,ACC-009,Northstar Consulting,ACC-009-U008,Flow,feature_use,2026-02-03T06:43:00,36.1
EVT-002818,ACC-009,Northstar Consulting,ACC-009-U025,Flow,login,2026-02-03T14:06:00,33.3
EVT-002819,ACC-009,Northstar Consulting,ACC-009-U047,Canvas,feature_use,2026-02-03T14:26:00,20.1
EVT-002820,ACC-009,Northstar Consulting,ACC-009-U049,Canvas,export,2026-02-04T17:35:00,2.2
EVT-002821,ACC-009,Northstar Consulting,ACC-009-U011,Flow,feature_use,2026-02-04T20:41:00,34.3
EVT-002822,ACC-009,Northstar Consulting,ACC-009-U037,Flow,login,2026-02-04T16:44:00,41.5
EVT-002823,ACC-009,Northstar Consulting,ACC-009-U049,Flow,feature_use,2026-02-04T19:47:00,26.1
EVT-002824,ACC-009,Northstar Consulting,ACC-009-U041,Canvas,feature_use,2026-02-04T09:07:00,5.7
EVT-002825,ACC-009,Northstar Consulting,ACC-009-U047,Canvas,api_call,2026-02-04T15:53:00,0.7
EVT-002826,ACC-009,Northstar Consulting,ACC-009-U009,Flow,feature_use,2026-02-04T14:25:00,34.0
EVT-002827,ACC-009,Northstar Consulting,ACC-009-U002,Canvas,feature_use,2026-02-05T12:44:00,53.9
EVT-002828,ACC-009,Northstar Consulting,ACC-009-U033,Flow,export,2026-02-05T18:02:00,4.3
EVT-002829,ACC-009,Northstar Consulting,ACC-009-U033,Flow,feature_use,2026-02-05T12:38:00,28.2
EVT-002830,ACC-009,Northstar Consulting,ACC-009-U027,Canvas,login,2026-02-05T12:37:00,9.3
EVT-002831,ACC-009,Northstar Consulting,ACC-009-U004,Canvas,login,2026-02-06T10:45:00,35.2
EVT-002832,ACC-009,Northstar Consulting,ACC-009-U023,Flow,login,2026-02-06T10:29:00,41.3
EVT-002833,ACC-009,Northstar Consulting,ACC-009-U006,Canvas,login,2026-02-06T14:33:00,23.3
EVT-002834,ACC-009,Northstar Consulting,ACC-009-U003,Canvas,login,2026-02-06T13:24:00,44.5
EVT-002835,ACC-009,Northstar Consulting,ACC-009-U039,Canvas,feature_use,2026-02-07T19:44:00,39.1
EVT-002836,ACC-009,Northstar Consulting,ACC-009-U037,Canvas,api_call,2026-02-07T10:33:00,1.7
EVT-002837,ACC-009,Northstar Consulting,ACC-009-U032,Flow,export,2026-02-09T15:41:00,3.8
EVT-002838,ACC-009,Northstar Consulting,ACC-009-U010,Flow,api_call,2026-02-09T09:02:00,0.7
EVT-002839,ACC-009,Northstar Consulting,ACC-009-U043,Canvas,feature_use,2026-02-10T16:27:00,37.5
EVT-002840,ACC-009,Northstar Consulting,ACC-009-U020,Flow,feature_use,2026-02-10T18:31:00,46.1
EVT-002841,ACC-009,Northstar Consulting,ACC-009-U015,Flow,export,2026-02-10T08:30:00,8.2
EVT-002842,ACC-009,Northstar Consulting,ACC-009-U002,Flow,invite_sent,2026-02-10T11:02:00,1.5
EVT-002843,ACC-009,Northstar Consulting,ACC-009-U049,Canvas,login,2026-02-10T15:51:00,20.5
EVT-002844,ACC-009,Northstar Consulting,ACC-009-U047,Canvas,login,2026-02-11T14:38:00,9.3
EVT-002845,ACC-009,Northstar Consulting,ACC-009-U001,Canvas,invite_sent,2026-02-11T16:46:00,2.0
EVT-002846,ACC-009,Northstar Consulting,ACC-009-U021,Canvas,login,2026-02-11T09:52:00,45.0
EVT-002847,ACC-009,Northstar Consulting,ACC-009-U030,Flow,feature_use,2026-02-11T10:44:00,12.0
EVT-002848,ACC-009,Northstar Consulting,ACC-009-U050,Flow,api_call,2026-02-12T16:20:00,1.2
EVT-002849,ACC-009,Northstar Consulting,ACC-009-U013,Flow,export,2026-02-12T08:09:00,9.9
EVT-002850,ACC-009,Northstar Consulting,ACC-009-U050,Canvas,feature_use,2026-02-13T18:10:00,26.1
EVT-002851,ACC-009,Northstar Consulting,ACC-009-U027,Canvas,export,2026-02-13T12:18:00,6.7
EVT-002852,ACC-009,Northstar Consulting,ACC-009-U018,Flow,feature_use,2026-02-13T15:59:00,23.1
EVT-002853,ACC-009,Northstar Consulting,ACC-009-U037,Flow,feature_use,2026-02-13T11:21:00,49.2
EVT-002854,ACC-009,Northstar Consulting,ACC-009-U017,Canvas,invite_sent,2026-02-13T11:00:00,1.5
EVT-002855,ACC-009,Northstar Consulting,ACC-009-U035,Canvas,feature_use,2026-02-14T10:46:00,51.9
EVT-002856,ACC-009,Northstar Consulting,ACC-009-U015,Flow,login,2026-02-16T19:43:00,32.7
EVT-002857,ACC-009,Northstar Consulting,ACC-009-U047,Canvas,login,2026-02-16T17:16:00,10.1
EVT-002858,ACC-009,Northstar Consulting,ACC-009-U012,Canvas,feature_use,2026-02-16T18:58:00,37.2
EVT-002859,ACC-009,Northstar Consulting,ACC-009-U047,Flow,login,2026-02-16T15:43:00,4.3
EVT-002860,ACC-009,Northstar Consulting,ACC-009-U038,Canvas,api_call,2026-02-17T15:28:00,1.1
EVT-002861,ACC-009,Northstar Consulting,ACC-009-U025,Canvas,feature_use,2026-02-17T11:35:00,6.1
EVT-002862,ACC-009,Northstar Consulting,ACC-009-U010,Flow,export,2026-02-17T12:10:00,5.8
EVT-002863,ACC-009,Northstar Consulting,ACC-009-U006,Canvas,login,2026-02-17T10:42:00,9.5
EVT-002864,ACC-009,Northstar Consulting,ACC-009-U038,Flow,feature_use,2026-02-18T10:52:00,42.6
EVT-002865,ACC-009,Northstar Consulting,ACC-009-U019,Canvas,feature_use,2026-02-18T14:44:00,15.4
EVT-002866,ACC-009,Northstar Consulting,ACC-009-U036,Flow,feature_use,2026-02-18T11:28:00,54.6
EVT-002867,ACC-009,Northstar Consulting,ACC-009-U034,Flow,feature_use,2026-02-18T13:55:00,30.3
EVT-002868,ACC-009,Northstar Consulting,ACC-009-U045,Flow,login,2026-02-18T13:38:00,40.8
EVT-002869,ACC-009,Northstar Consulting,ACC-009-U024,Canvas,feature_use,2026-02-18T13:50:00,11.8
EVT-002870,ACC-009,Northstar Consulting,ACC-009-U022,Canvas,export,2026-02-19T17:41:00,1.7
EVT-002871,ACC-009,Northstar Consulting,ACC-009-U022,Flow,feature_use,2026-02-19T18:53:00,29.9
EVT-002872,ACC-009,Northstar Consulting,ACC-009-U001,Canvas,login,2026-02-19T10:07:00,26.6
EVT-002873,ACC-009,Northstar Consulting,ACC-009-U043,Flow,feature_use,2026-02-20T12:02:00,54.2
EVT-002874,ACC-009,Northstar Consulting,ACC-009-U048,Flow,feature_use,2026-02-20T08:52:00,44.3
EVT-002875,ACC-009,Northstar Consulting,ACC-009-U018,Canvas,login,2026-02-20T20:37:00,10.9
EVT-002876,ACC-009,Northstar Consulting,ACC-009-U043,Flow,login,2026-02-22T14:23:00,5.7
EVT-002877,ACC-009,Northstar Consulting,ACC-009-U040,Flow,feature_use,2026-02-23T12:38:00,52.5
EVT-002878,ACC-009,Northstar Consulting,ACC-009-U001,Flow,login,2026-02-23T11:24:00,34.4
EVT-002879,ACC-009,Northstar Consulting,ACC-009-U040,Flow,export,2026-02-23T11:25:00,2.5
EVT-002880,ACC-009,Northstar Consulting,ACC-009-U041,Canvas,feature_use,2026-02-23T12:02:00,44.0
EVT-002881,ACC-009,Northstar Consulting,ACC-009-U034,Canvas,export,2026-02-24T15:25:00,5.7
EVT-002882,ACC-009,Northstar Consulting,ACC-009-U039,Canvas,login,2026-02-24T08:03:00,26.9
EVT-002883,ACC-009,Northstar Consulting,ACC-009-U040,Flow,feature_use,2026-02-24T16:43:00,12.7
EVT-002884,ACC-009,Northstar Consulting,ACC-009-U037,Flow,login,2026-02-24T14:36:00,15.6
EVT-002885,ACC-009,Northstar Consulting,ACC-009-U001,Flow,login,2026-02-24T16:20:00,12.4
EVT-002886,ACC-009,Northstar Consulting,ACC-009-U007,Flow,export,2026-02-25T11:59:00,2.8
EVT-002887,ACC-009,Northstar Consulting,ACC-009-U048,Canvas,api_call,2026-02-25T10:42:00,0.2
EVT-002888,ACC-009,Northstar Consulting,ACC-009-U048,Flow,login,2026-02-25T19:31:00,16.2
EVT-002889,ACC-009,Northstar Consulting,ACC-009-U050,Canvas,login,2026-02-25T11:52:00,38.5
EVT-002890,ACC-009,Northstar Consulting,ACC-009-U045,Flow,api_call,2026-02-25T09:39:00,1.1
EVT-002891,ACC-009,Northstar Consulting,ACC-009-U009,Flow,invite_sent,2026-02-26T09:27:00,4.5
EVT-002892,ACC-009,Northstar Consulting,ACC-009-U019,Flow,login,2026-02-26T08:17:00,15.8
EVT-002893,ACC-009,Northstar Consulting,ACC-009-U025,Canvas,feature_use,2026-02-26T12:55:00,54.1
EVT-002894,ACC-009,Northstar Consulting,ACC-009-U048,Flow,feature_use,2026-02-26T13:30:00,33.9
EVT-002895,ACC-009,Northstar Consulting,ACC-009-U030,Canvas,login,2026-02-27T13:01:00,40.4
EVT-002896,ACC-009,Northstar Consulting,ACC-009-U019,Canvas,api_call,2026-02-27T13:50:00,1.7
EVT-002897,ACC-009,Northstar Consulting,ACC-009-U040,Flow,feature_use,2026-02-27T17:22:00,27.1
EVT-002898,ACC-009,Northstar Consulting,ACC-009-U005,Canvas,api_call,2026-02-28T19:29:00,0.2
EVT-002899,ACC-009,Northstar Consulting,ACC-009-U040,Canvas,export,2026-03-01T18:15:00,5.0
EVT-002900,ACC-009,Northstar Consulting,ACC-009-U002,Canvas,login,2026-03-01T15:51:00,20.4
EVT-002901,ACC-009,Northstar Consulting,ACC-009-U047,Canvas,api_call,2026-03-02T11:56:00,0.9
EVT-002902,ACC-009,Northstar Consulting,ACC-009-U019,Flow,feature_use,2026-03-02T13:24:00,32.1
EVT-002903,ACC-009,Northstar Consulting,ACC-009-U050,Flow,feature_use,2026-03-02T11:33:00,43.4
EVT-002904,ACC-009,Northstar Consulting,ACC-009-U042,Canvas,feature_use,2026-03-02T13:21:00,34.4
EVT-002905,ACC-009,Northstar Consulting,ACC-009-U035,Canvas,api_call,2026-03-02T13:34:00,1.8
EVT-002906,ACC-009,Northstar Consulting,ACC-009-U044,Canvas,api_call,2026-03-03T18:29:00,1.1
EVT-002907,ACC-009,Northstar Consulting,ACC-009-U018,Canvas,login,2026-03-03T07:55:00,8.0
EVT-002908,ACC-009,Northstar Consulting,ACC-009-U019,Flow,feature_use,2026-03-03T09:28:00,58.9
EVT-002909,ACC-009,Northstar Consulting,ACC-009-U047,Canvas,api_call,2026-03-04T09:47:00,0.9
EVT-002910,ACC-009,Northstar Consulting,ACC-009-U048,Flow,login,2026-03-04T17:17:00,24.6
EVT-002911,ACC-009,Northstar Consulting,ACC-009-U037,Flow,api_call,2026-03-04T20:40:00,1.5
EVT-002912,ACC-009,Northstar Consulting,ACC-009-U010,Flow,login,2026-03-04T10:41:00,40.2
EVT-002913,ACC-009,Northstar Consulting,ACC-009-U012,Flow,api_call,2026-03-05T16:50:00,0.1
EVT-002914,ACC-009,Northstar Consulting,ACC-009-U014,Canvas,export,2026-03-05T11:21:00,9.7
EVT-002915,ACC-009,Northstar Consulting,ACC-009-U043,Flow,feature_use,2026-03-05T16:14:00,44.4
EVT-002916,ACC-009,Northstar Consulting,ACC-009-U015,Flow,api_call,2026-03-05T15:18:00,2.0
EVT-002917,ACC-009,Northstar Consulting,ACC-009-U046,Canvas,feature_use,2026-03-05T14:04:00,58.4
EVT-002918,ACC-009,Northstar Consulting,ACC-009-U023,Flow,feature_use,2026-03-05T12:41:00,52.3
EVT-002919,ACC-009,Northstar Consulting,ACC-009-U018,Flow,feature_use,2026-03-06T15:01:00,29.5
EVT-002920,ACC-009,Northstar Consulting,ACC-009-U030,Flow,api_call,2026-03-06T15:20:00,0.6
EVT-002921,ACC-009,Northstar Consulting,ACC-009-U005,Flow,invite_sent,2026-03-06T08:26:00,2.4
EVT-002922,ACC-009,Northstar Consulting,ACC-009-U030,Flow,login,2026-03-06T19:03:00,4.7
EVT-002923,ACC-009,Northstar Consulting,ACC-009-U001,Canvas,feature_use,2026-03-06T09:46:00,4.6
EVT-002924,ACC-009,Northstar Consulting,ACC-009-U035,Canvas,feature_use,2026-03-07T16:04:00,53.6
EVT-002925,ACC-009,Northstar Consulting,ACC-009-U049,Canvas,api_call,2026-03-07T10:29:00,0.8
EVT-002926,ACC-009,Northstar Consulting,ACC-009-U025,Canvas,feature_use,2026-03-09T12:56:00,20.1
EVT-002927,ACC-009,Northstar Consulting,ACC-009-U027,Flow,api_call,2026-03-09T15:10:00,1.2
EVT-002928,ACC-009,Northstar Consulting,ACC-009-U042,Flow,login,2026-03-09T18:09:00,38.5
EVT-002929,ACC-009,Northstar Consulting,ACC-009-U037,Canvas,api_call,2026-03-09T16:41:00,1.8
EVT-002930,ACC-009,Northstar Consulting,ACC-009-U007,Canvas,export,2026-03-10T13:24:00,7.0
EVT-002931,ACC-009,Northstar Consulting,ACC-009-U002,Flow,feature_use,2026-03-10T16:35:00,4.5
EVT-002932,ACC-009,Northstar Consulting,ACC-009-U045,Canvas,feature_use,2026-03-11T14:03:00,35.6
EVT-002933,ACC-009,Northstar Consulting,ACC-009-U023,Canvas,login,2026-03-11T14:16:00,37.0
EVT-002934,ACC-009,Northstar Consulting,ACC-009-U024,Canvas,api_call,2026-03-11T18:20:00,1.3
EVT-002935,ACC-009,Northstar Consulting,ACC-009-U042,Flow,login,2026-03-11T14:50:00,25.4
EVT-002936,ACC-009,Northstar Consulting,ACC-009-U044,Canvas,export,2026-03-11T16:14:00,7.7
EVT-002937,ACC-009,Northstar Consulting,ACC-009-U019,Flow,feature_use,2026-03-11T14:43:00,14.5
EVT-002938,ACC-009,Northstar Consulting,ACC-009-U035,Canvas,invite_sent,2026-03-12T11:54:00,0.7
EVT-002939,ACC-009,Northstar Consulting,ACC-009-U047,Canvas,login,2026-03-12T14:35:00,24.1
EVT-002940,ACC-009,Northstar Consulting,ACC-009-U002,Canvas,feature_use,2026-03-12T11:23:00,41.6
EVT-002941,ACC-009,Northstar Consulting,ACC-009-U049,Canvas,login,2026-03-12T15:55:00,26.2
EVT-002942,ACC-009,Northstar Consulting,ACC-009-U011,Canvas,feature_use,2026-03-12T10:20:00,7.0
EVT-002943,ACC-009,Northstar Consulting,ACC-009-U019,Canvas,login,2026-03-12T10:27:00,43.2
EVT-002944,ACC-009,Northstar Consulting,ACC-009-U032,Canvas,login,2026-03-13T14:27:00,36.2
EVT-002945,ACC-009,Northstar Consulting,ACC-009-U032,Flow,login,2026-03-13T13:25:00,40.4
EVT-002946,ACC-009,Northstar Consulting,ACC-009-U037,Canvas,api_call,2026-03-13T11:45:00,1.0
EVT-002947,ACC-009,Northstar Consulting,ACC-009-U045,Flow,export,2026-03-13T09:04:00,6.9
EVT-002948,ACC-009,Northstar Consulting,ACC-009-U038,Flow,export,2026-03-13T12:53:00,2.9
EVT-002949,ACC-010,Ridgeline Media,ACC-010-U041,Flow,feature_use,2025-12-15T10:28:00,22.7
EVT-002950,ACC-010,Ridgeline Media,ACC-010-U004,Flow,login,2025-12-15T13:00:00,12.4
EVT-002951,ACC-010,Ridgeline Media,ACC-010-U013,Flow,login,2025-12-15T10:05:00,35.2
EVT-002952,ACC-010,Ridgeline Media,ACC-010-U038,Flow,login,2025-12-15T11:13:00,6.0
EVT-002953,ACC-010,Ridgeline Media,ACC-010-U002,Flow,feature_use,2025-12-16T12:22:00,38.9
EVT-002954,ACC-010,Ridgeline Media,ACC-010-U020,Flow,export,2025-12-16T10:32:00,5.5
EVT-002955,ACC-010,Ridgeline Media,ACC-010-U020,Flow,feature_use,2025-12-16T11:01:00,8.1
EVT-002956,ACC-010,Ridgeline Media,ACC-010-U008,Flow,api_call,2025-12-16T15:20:00,1.4
EVT-002957,ACC-010,Ridgeline Media,ACC-010-U009,Flow,export,2025-12-17T16:47:00,7.5
EVT-002958,ACC-010,Ridgeline Media,ACC-010-U015,Flow,export,2025-12-17T12:50:00,3.1
EVT-002959,ACC-010,Ridgeline Media,ACC-010-U023,Flow,api_call,2025-12-17T07:50:00,1.3
EVT-002960,ACC-010,Ridgeline Media,ACC-010-U017,Flow,login,2025-12-17T14:05:00,35.4
EVT-002961,ACC-010,Ridgeline Media,ACC-010-U013,Flow,api_call,2025-12-18T16:11:00,0.2
EVT-002962,ACC-010,Ridgeline Media,ACC-010-U031,Flow,export,2025-12-18T18:07:00,6.2
EVT-002963,ACC-010,Ridgeline Media,ACC-010-U002,Flow,feature_use,2025-12-18T11:47:00,23.3
EVT-002964,ACC-010,Ridgeline Media,ACC-010-U039,Flow,feature_use,2025-12-18T17:47:00,19.7
EVT-002965,ACC-010,Ridgeline Media,ACC-010-U007,Flow,export,2025-12-19T10:20:00,3.9
EVT-002966,ACC-010,Ridgeline Media,ACC-010-U025,Flow,api_call,2025-12-19T14:52:00,1.5
EVT-002967,ACC-010,Ridgeline Media,ACC-010-U011,Flow,login,2025-12-19T14:45:00,33.2
EVT-002968,ACC-010,Ridgeline Media,ACC-010-U009,Flow,login,2025-12-19T13:06:00,20.6
EVT-002969,ACC-010,Ridgeline Media,ACC-010-U030,Flow,login,2025-12-22T18:24:00,7.1
EVT-002970,ACC-010,Ridgeline Media,ACC-010-U014,Flow,invite_sent,2025-12-22T17:21:00,2.6
EVT-002971,ACC-010,Ridgeline Media,ACC-010-U041,Flow,api_call,2025-12-22T08:33:00,1.5
EVT-002972,ACC-010,Ridgeline Media,ACC-010-U039,Flow,invite_sent,2025-12-23T10:48:00,4.4
EVT-002973,ACC-010,Ridgeline Media,ACC-010-U009,Flow,api_call,2025-12-23T16:55:00,0.4
EVT-002974,ACC-010,Ridgeline Media,ACC-010-U028,Flow,invite_sent,2025-12-23T15:58:00,4.2
EVT-002975,ACC-010,Ridgeline Media,ACC-010-U023,Flow,invite_sent,2025-12-23T13:46:00,1.3
EVT-002976,ACC-010,Ridgeline Media,ACC-010-U028,Flow,feature_use,2025-12-23T16:29:00,50.8
EVT-002977,ACC-010,Ridgeline Media,ACC-010-U001,Flow,export,2025-12-24T14:37:00,4.7
EVT-002978,ACC-010,Ridgeline Media,ACC-010-U042,Flow,login,2025-12-25T14:01:00,34.3
EVT-002979,ACC-010,Ridgeline Media,ACC-010-U013,Flow,api_call,2025-12-25T16:33:00,1.0
EVT-002980,ACC-010,Ridgeline Media,ACC-010-U001,Flow,api_call,2025-12-25T12:51:00,1.4
EVT-002981,ACC-010,Ridgeline Media,ACC-010-U005,Flow,login,2025-12-25T17:48:00,22.9
EVT-002982,ACC-010,Ridgeline Media,ACC-010-U007,Flow,feature_use,2025-12-25T13:17:00,53.7
EVT-002983,ACC-010,Ridgeline Media,ACC-010-U014,Flow,feature_use,2025-12-26T12:43:00,27.3
EVT-002984,ACC-010,Ridgeline Media,ACC-010-U029,Flow,export,2025-12-26T13:28:00,5.6
EVT-002985,ACC-010,Ridgeline Media,ACC-010-U022,Flow,feature_use,2025-12-26T06:58:00,35.9
EVT-002986,ACC-010,Ridgeline Media,ACC-010-U018,Flow,feature_use,2025-12-26T16:03:00,46.6
EVT-002987,ACC-010,Ridgeline Media,ACC-010-U009,Flow,feature_use,2025-12-27T12:28:00,57.3
EVT-002988,ACC-010,Ridgeline Media,ACC-010-U040,Flow,login,2025-12-27T16:29:00,41.1
EVT-002989,ACC-010,Ridgeline Media,ACC-010-U015,Flow,login,2025-12-28T13:47:00,7.5
EVT-002990,ACC-010,Ridgeline Media,ACC-010-U015,Flow,login,2025-12-28T14:30:00,16.1
EVT-002991,ACC-010,Ridgeline Media,ACC-010-U006,Flow,login,2025-12-28T17:56:00,36.1
EVT-002992,ACC-010,Ridgeline Media,ACC-010-U023,Flow,api_call,2025-12-29T17:31:00,1.7
EVT-002993,ACC-010,Ridgeline Media,ACC-010-U032,Flow,feature_use,2025-12-29T09:14:00,36.0
EVT-002994,ACC-010,Ridgeline Media,ACC-010-U015,Flow,api_call,2025-12-29T16:03:00,1.5
EVT-002995,ACC-010,Ridgeline Media,ACC-010-U027,Flow,login,2025-12-29T19:02:00,10.1
EVT-002996,ACC-010,Ridgeline Media,ACC-010-U027,Flow,login,2025-12-30T09:33:00,10.6
EVT-002997,ACC-010,Ridgeline Media,ACC-010-U031,Flow,export,2025-12-30T09:26:00,7.2
EVT-002998,ACC-010,Ridgeline Media,ACC-010-U005,Flow,feature_use,2025-12-30T15:24:00,53.9
EVT-002999,ACC-010,Ridgeline Media,ACC-010-U033,Flow,api_call,2025-12-30T11:53:00,0.8
EVT-003000,ACC-010,Ridgeline Media,ACC-010-U031,Flow,login,2025-12-30T16:50:00,22.5
EVT-003001,ACC-010,Ridgeline Media,ACC-010-U010,Flow,login,2025-12-31T18:29:00,21.1
EVT-003002,ACC-010,Ridgeline Media,ACC-010-U017,Flow,export,2025-12-31T12:15:00,1.7
EVT-003003,ACC-010,Ridgeline Media,ACC-010-U014,Flow,feature_use,2025-12-31T14:43:00,24.3
EVT-003004,ACC-010,Ridgeline Media,ACC-010-U030,Flow,login,2026-01-01T12:05:00,14.1
EVT-003005,ACC-010,Ridgeline Media,ACC-010-U028,Flow,login,2026-01-01T11:39:00,25.6
EVT-003006,ACC-010,Ridgeline Media,ACC-010-U024,Flow,login,2026-01-01T11:54:00,15.7
EVT-003007,ACC-010,Ridgeline Media,ACC-010-U017,Flow,login,2026-01-01T11:48:00,5.5
EVT-003008,ACC-010,Ridgeline Media,ACC-010-U030,Flow,api_call,2026-01-01T10:43:00,0.9
EVT-003009,ACC-010,Ridgeline Media,ACC-010-U031,Flow,login,2026-01-02T16:05:00,3.4
EVT-003010,ACC-010,Ridgeline Media,ACC-010-U039,Flow,export,2026-01-02T19:24:00,9.5
EVT-003011,ACC-010,Ridgeline Media,ACC-010-U014,Flow,export,2026-01-02T11:24:00,9.8
EVT-003012,ACC-010,Ridgeline Media,ACC-010-U042,Flow,export,2026-01-02T10:46:00,8.4
EVT-003013,ACC-010,Ridgeline Media,ACC-010-U038,Flow,feature_use,2026-01-04T12:46:00,32.6
EVT-003014,ACC-010,Ridgeline Media,ACC-010-U037,Flow,login,2026-01-05T18:49:00,19.3
EVT-003015,ACC-010,Ridgeline Media,ACC-010-U032,Flow,feature_use,2026-01-05T07:22:00,34.9
EVT-003016,ACC-010,Ridgeline Media,ACC-010-U003,Flow,export,2026-01-05T19:53:00,4.8
EVT-003017,ACC-010,Ridgeline Media,ACC-010-U031,Flow,api_call,2026-01-05T15:14:00,1.6
EVT-003018,ACC-010,Ridgeline Media,ACC-010-U040,Flow,export,2026-01-05T16:50:00,8.9
EVT-003019,ACC-010,Ridgeline Media,ACC-010-U032,Flow,login,2026-01-05T07:21:00,42.5
EVT-003020,ACC-010,Ridgeline Media,ACC-010-U012,Flow,feature_use,2026-01-05T14:28:00,59.3
EVT-003021,ACC-010,Ridgeline Media,ACC-010-U033,Flow,feature_use,2026-01-06T08:15:00,45.6
EVT-003022,ACC-010,Ridgeline Media,ACC-010-U018,Flow,export,2026-01-07T17:32:00,4.5
EVT-003023,ACC-010,Ridgeline Media,ACC-010-U012,Flow,login,2026-01-07T10:55:00,25.0
EVT-003024,ACC-010,Ridgeline Media,ACC-010-U015,Flow,feature_use,2026-01-07T06:19:00,24.8
EVT-003025,ACC-010,Ridgeline Media,ACC-010-U035,Flow,export,2026-01-08T14:26:00,9.8
EVT-003026,ACC-010,Ridgeline Media,ACC-010-U002,Flow,feature_use,2026-01-08T08:50:00,54.5
EVT-003027,ACC-010,Ridgeline Media,ACC-010-U036,Flow,feature_use,2026-01-08T10:23:00,37.3
EVT-003028,ACC-010,Ridgeline Media,ACC-010-U009,Flow,login,2026-01-09T11:29:00,13.9
EVT-003029,ACC-010,Ridgeline Media,ACC-010-U026,Flow,api_call,2026-01-09T12:58:00,1.2
EVT-003030,ACC-010,Ridgeline Media,ACC-010-U029,Flow,feature_use,2026-01-09T16:07:00,37.6
EVT-003031,ACC-010,Ridgeline Media,ACC-010-U037,Flow,api_call,2026-01-10T13:05:00,1.2
EVT-003032,ACC-010,Ridgeline Media,ACC-010-U031,Flow,feature_use,2026-01-11T09:54:00,37.8
EVT-003033,ACC-010,Ridgeline Media,ACC-010-U024,Flow,api_call,2026-01-12T13:43:00,1.7
EVT-003034,ACC-010,Ridgeline Media,ACC-010-U002,Flow,feature_use,2026-01-12T11:09:00,32.8
EVT-003035,ACC-010,Ridgeline Media,ACC-010-U039,Flow,feature_use,2026-01-12T09:44:00,25.2
EVT-003036,ACC-010,Ridgeline Media,ACC-010-U028,Flow,export,2026-01-12T16:41:00,7.7
EVT-003037,ACC-010,Ridgeline Media,ACC-010-U003,Flow,api_call,2026-01-13T09:42:00,1.4
EVT-003038,ACC-010,Ridgeline Media,ACC-010-U021,Flow,login,2026-01-13T11:55:00,9.0
EVT-003039,ACC-010,Ridgeline Media,ACC-010-U035,Flow,feature_use,2026-01-13T08:50:00,55.2
EVT-003040,ACC-010,Ridgeline Media,ACC-010-U036,Flow,api_call,2026-01-14T06:07:00,1.6
EVT-003041,ACC-010,Ridgeline Media,ACC-010-U018,Flow,export,2026-01-14T18:49:00,9.5
EVT-003042,ACC-010,Ridgeline Media,ACC-010-U019,Flow,login,2026-01-14T12:02:00,36.0
EVT-003043,ACC-010,Ridgeline Media,ACC-010-U027,Flow,export,2026-01-14T09:02:00,5.5
EVT-003044,ACC-010,Ridgeline Media,ACC-010-U023,Flow,feature_use,2026-01-15T10:39:00,36.9
EVT-003045,ACC-010,Ridgeline Media,ACC-010-U005,Flow,feature_use,2026-01-15T11:38:00,5.3
EVT-003046,ACC-010,Ridgeline Media,ACC-010-U023,Flow,feature_use,2026-01-15T15:18:00,40.9
EVT-003047,ACC-010,Ridgeline Media,ACC-010-U014,Flow,feature_use,2026-01-15T15:58:00,52.0
EVT-003048,ACC-010,Ridgeline Media,ACC-010-U019,Flow,invite_sent,2026-01-16T12:33:00,3.5
EVT-003049,ACC-010,Ridgeline Media,ACC-010-U003,Flow,login,2026-01-16T15:08:00,35.4
EVT-003050,ACC-010,Ridgeline Media,ACC-010-U029,Flow,feature_use,2026-01-17T11:33:00,46.8
EVT-003051,ACC-010,Ridgeline Media,ACC-010-U027,Flow,feature_use,2026-01-18T16:52:00,50.8
EVT-003052,ACC-010,Ridgeline Media,ACC-010-U003,Flow,login,2026-01-18T12:59:00,3.8
EVT-003053,ACC-010,Ridgeline Media,ACC-010-U030,Flow,feature_use,2026-01-19T12:06:00,53.1
EVT-003054,ACC-010,Ridgeline Media,ACC-010-U005,Flow,feature_use,2026-01-19T15:58:00,11.6
EVT-003055,ACC-010,Ridgeline Media,ACC-010-U018,Flow,login,2026-01-19T16:32:00,4.9
EVT-003056,ACC-010,Ridgeline Media,ACC-010-U012,Flow,api_call,2026-01-19T15:53:00,0.1
EVT-003057,ACC-010,Ridgeline Media,ACC-010-U030,Flow,login,2026-01-19T09:46:00,7.6
EVT-003058,ACC-010,Ridgeline Media,ACC-010-U029,Flow,export,2026-01-20T16:06:00,3.7
EVT-003059,ACC-010,Ridgeline Media,ACC-010-U038,Flow,api_call,2026-01-20T09:31:00,0.4
EVT-003060,ACC-010,Ridgeline Media,ACC-010-U009,Flow,feature_use,2026-01-20T19:51:00,40.2
EVT-003061,ACC-010,Ridgeline Media,ACC-010-U021,Flow,login,2026-01-20T20:22:00,14.7
EVT-003062,ACC-010,Ridgeline Media,ACC-010-U029,Flow,login,2026-01-21T13:40:00,34.3
EVT-003063,ACC-010,Ridgeline Media,ACC-010-U014,Flow,feature_use,2026-01-21T09:20:00,45.6
EVT-003064,ACC-010,Ridgeline Media,ACC-010-U024,Flow,feature_use,2026-01-22T12:02:00,24.6
EVT-003065,ACC-010,Ridgeline Media,ACC-010-U027,Flow,feature_use,2026-01-22T11:45:00,58.3
EVT-003066,ACC-010,Ridgeline Media,ACC-010-U006,Flow,login,2026-01-22T08:30:00,30.3
EVT-003067,ACC-010,Ridgeline Media,ACC-010-U038,Flow,login,2026-01-22T10:58:00,38.0
EVT-003068,ACC-010,Ridgeline Media,ACC-010-U009,Flow,feature_use,2026-01-23T17:05:00,9.9
EVT-003069,ACC-010,Ridgeline Media,ACC-010-U026,Flow,feature_use,2026-01-23T18:24:00,36.7
EVT-003070,ACC-010,Ridgeline Media,ACC-010-U035,Flow,export,2026-01-23T19:13:00,3.8
EVT-003071,ACC-010,Ridgeline Media,ACC-010-U024,Flow,login,2026-01-23T17:14:00,6.4
EVT-003072,ACC-010,Ridgeline Media,ACC-010-U006,Flow,feature_use,2026-01-25T12:45:00,37.2
EVT-003073,ACC-010,Ridgeline Media,ACC-010-U032,Flow,login,2026-01-26T18:32:00,20.2
EVT-003074,ACC-010,Ridgeline Media,ACC-010-U039,Flow,api_call,2026-01-26T08:58:00,1.2
EVT-003075,ACC-010,Ridgeline Media,ACC-010-U007,Flow,feature_use,2026-01-27T13:00:00,44.2
EVT-003076,ACC-010,Ridgeline Media,ACC-010-U007,Flow,login,2026-01-27T17:48:00,17.9
EVT-003077,ACC-010,Ridgeline Media,ACC-010-U001,Flow,login,2026-01-27T12:45:00,30.6
EVT-003078,ACC-010,Ridgeline Media,ACC-010-U039,Flow,api_call,2026-01-27T10:55:00,1.1
EVT-003079,ACC-010,Ridgeline Media,ACC-010-U031,Flow,feature_use,2026-01-28T12:10:00,59.9
EVT-003080,ACC-010,Ridgeline Media,ACC-010-U001,Flow,api_call,2026-01-28T19:02:00,0.9
EVT-003081,ACC-010,Ridgeline Media,ACC-010-U011,Flow,invite_sent,2026-01-28T10:41:00,0.9
EVT-003082,ACC-010,Ridgeline Media,ACC-010-U011,Flow,invite_sent,2026-01-28T16:37:00,2.8
EVT-003083,ACC-010,Ridgeline Media,ACC-010-U007,Flow,login,2026-01-28T11:55:00,23.9
EVT-003084,ACC-010,Ridgeline Media,ACC-010-U002,Flow,login,2026-01-29T09:44:00,42.8
EVT-003085,ACC-010,Ridgeline Media,ACC-010-U003,Flow,feature_use,2026-01-29T16:52:00,55.8
EVT-003086,ACC-010,Ridgeline Media,ACC-010-U001,Flow,feature_use,2026-01-29T09:15:00,17.7
EVT-003087,ACC-010,Ridgeline Media,ACC-010-U032,Flow,login,2026-01-30T14:37:00,12.3
EVT-003088,ACC-010,Ridgeline Media,ACC-010-U041,Flow,export,2026-01-30T07:35:00,10.0
EVT-003089,ACC-010,Ridgeline Media,ACC-010-U035,Flow,feature_use,2026-01-31T17:54:00,3.7
EVT-003090,ACC-010,Ridgeline Media,ACC-010-U003,Flow,login,2026-02-02T16:58:00,42.1
EVT-003091,ACC-010,Ridgeline Media,ACC-010-U012,Flow,export,2026-02-02T17:51:00,1.2
EVT-003092,ACC-010,Ridgeline Media,ACC-010-U026,Flow,feature_use,2026-02-02T10:42:00,54.6
EVT-003093,ACC-010,Ridgeline Media,ACC-010-U040,Flow,feature_use,2026-02-02T12:42:00,56.5
EVT-003094,ACC-010,Ridgeline Media,ACC-010-U012,Flow,api_call,2026-02-03T13:42:00,1.3
EVT-003095,ACC-010,Ridgeline Media,ACC-010-U015,Flow,feature_use,2026-02-03T15:10:00,41.9
EVT-003096,ACC-010,Ridgeline Media,ACC-010-U034,Flow,login,2026-02-03T11:43:00,6.1
EVT-003097,ACC-010,Ridgeline Media,ACC-010-U024,Flow,api_call,2026-02-03T13:40:00,1.0
EVT-003098,ACC-010,Ridgeline Media,ACC-010-U036,Flow,invite_sent,2026-02-04T17:58:00,2.7
EVT-003099,ACC-010,Ridgeline Media,ACC-010-U016,Flow,api_call,2026-02-04T18:54:00,1.9
EVT-003100,ACC-010,Ridgeline Media,ACC-010-U025,Flow,login,2026-02-04T10:12:00,22.8
EVT-003101,ACC-010,Ridgeline Media,ACC-010-U028,Flow,feature_use,2026-02-04T12:51:00,31.1
EVT-003102,ACC-010,Ridgeline Media,ACC-010-U002,Flow,api_call,2026-02-04T16:33:00,1.6
EVT-003103,ACC-010,Ridgeline Media,ACC-010-U041,Flow,login,2026-02-05T12:10:00,17.0
EVT-003104,ACC-010,Ridgeline Media,ACC-010-U015,Flow,login,2026-02-06T18:37:00,24.5
EVT-003105,ACC-010,Ridgeline Media,ACC-010-U021,Flow,export,2026-02-06T12:24:00,2.1
EVT-003106,ACC-010,Ridgeline Media,ACC-010-U022,Flow,export,2026-02-06T16:30:00,3.5
EVT-003107,ACC-010,Ridgeline Media,ACC-010-U015,Flow,login,2026-02-06T18:05:00,43.6
EVT-003108,ACC-010,Ridgeline Media,ACC-010-U003,Flow,feature_use,2026-02-08T10:18:00,27.6
EVT-003109,ACC-010,Ridgeline Media,ACC-010-U027,Flow,login,2026-02-08T16:50:00,19.8
EVT-003110,ACC-010,Ridgeline Media,ACC-010-U016,Flow,login,2026-02-09T08:51:00,22.5
EVT-003111,ACC-010,Ridgeline Media,ACC-010-U019,Flow,export,2026-02-09T09:19:00,6.4
EVT-003112,ACC-010,Ridgeline Media,ACC-010-U025,Flow,feature_use,2026-02-09T14:30:00,29.3
EVT-003113,ACC-010,Ridgeline Media,ACC-010-U013,Flow,invite_sent,2026-02-09T07:05:00,4.4
EVT-003114,ACC-010,Ridgeline Media,ACC-010-U024,Flow,login,2026-02-10T07:25:00,34.5
EVT-003115,ACC-010,Ridgeline Media,ACC-010-U027,Flow,feature_use,2026-02-10T08:05:00,46.1
EVT-003116,ACC-010,Ridgeline Media,ACC-010-U039,Flow,api_call,2026-02-10T10:46:00,1.2
EVT-003117,ACC-010,Ridgeline Media,ACC-010-U042,Flow,feature_use,2026-02-11T08:51:00,6.8
EVT-003118,ACC-010,Ridgeline Media,ACC-010-U034,Flow,login,2026-02-11T12:02:00,2.3
EVT-003119,ACC-010,Ridgeline Media,ACC-010-U016,Flow,invite_sent,2026-02-11T16:43:00,2.9
EVT-003120,ACC-010,Ridgeline Media,ACC-010-U042,Flow,api_call,2026-02-12T13:32:00,1.3
EVT-003121,ACC-010,Ridgeline Media,ACC-010-U020,Flow,login,2026-02-12T14:52:00,39.1
EVT-003122,ACC-010,Ridgeline Media,ACC-010-U022,Flow,export,2026-02-12T17:16:00,8.1
EVT-003123,ACC-010,Ridgeline Media,ACC-010-U014,Flow,feature_use,2026-02-13T08:47:00,38.6
EVT-003124,ACC-010,Ridgeline Media,ACC-010-U001,Flow,login,2026-02-13T08:08:00,41.1
EVT-003125,ACC-010,Ridgeline Media,ACC-010-U041,Flow,feature_use,2026-02-13T19:52:00,15.5
EVT-003126,ACC-010,Ridgeline Media,ACC-010-U016,Flow,feature_use,2026-02-14T09:22:00,39.6
EVT-003127,ACC-010,Ridgeline Media,ACC-010-U023,Flow,api_call,2026-02-14T10:10:00,1.4
EVT-003128,ACC-010,Ridgeline Media,ACC-010-U011,Flow,login,2026-02-14T15:13:00,43.9
EVT-003129,ACC-010,Ridgeline Media,ACC-010-U013,Flow,export,2026-02-15T16:24:00,7.8
EVT-003130,ACC-010,Ridgeline Media,ACC-010-U009,Flow,api_call,2026-02-15T13:07:00,0.2
EVT-003131,ACC-010,Ridgeline Media,ACC-010-U006,Flow,feature_use,2026-02-15T08:22:00,54.9
EVT-003132,ACC-010,Ridgeline Media,ACC-010-U009,Flow,feature_use,2026-02-16T10:09:00,7.8
EVT-003133,ACC-010,Ridgeline Media,ACC-010-U028,Flow,export,2026-02-16T12:17:00,8.8
EVT-003134,ACC-010,Ridgeline Media,ACC-010-U014,Flow,api_call,2026-02-16T11:55:00,0.3
EVT-003135,ACC-010,Ridgeline Media,ACC-010-U040,Flow,feature_use,2026-02-16T16:50:00,42.1
EVT-003136,ACC-010,Ridgeline Media,ACC-010-U009,Flow,feature_use,2026-02-16T08:03:00,22.3
EVT-003137,ACC-010,Ridgeline Media,ACC-010-U020,Flow,export,2026-02-17T09:16:00,5.6
EVT-003138,ACC-010,Ridgeline Media,ACC-010-U041,Flow,export,2026-02-17T18:01:00,1.4
EVT-003139,ACC-010,Ridgeline Media,ACC-010-U010,Flow,feature_use,2026-02-17T17:38:00,23.6
EVT-003140,ACC-010,Ridgeline Media,ACC-010-U031,Flow,feature_use,2026-02-18T12:56:00,52.8
EVT-003141,ACC-010,Ridgeline Media,ACC-010-U033,Flow,login,2026-02-18T17:47:00,20.7
EVT-003142,ACC-010,Ridgeline Media,ACC-010-U021,Flow,feature_use,2026-02-18T08:31:00,29.8
EVT-003143,ACC-010,Ridgeline Media,ACC-010-U014,Flow,feature_use,2026-02-19T10:28:00,4.7
EVT-003144,ACC-010,Ridgeline Media,ACC-010-U033,Flow,login,2026-02-19T07:19:00,33.3
EVT-003145,ACC-010,Ridgeline Media,ACC-010-U019,Flow,api_call,2026-02-19T13:43:00,2.0
EVT-003146,ACC-010,Ridgeline Media,ACC-010-U040,Flow,feature_use,2026-02-19T19:52:00,48.9
EVT-003147,ACC-010,Ridgeline Media,ACC-010-U014,Flow,export,2026-02-19T09:58:00,2.8
EVT-003148,ACC-010,Ridgeline Media,ACC-010-U039,Flow,export,2026-02-20T13:55:00,9.4
EVT-003149,ACC-010,Ridgeline Media,ACC-010-U029,Flow,feature_use,2026-02-20T16:22:00,34.9
EVT-003150,ACC-010,Ridgeline Media,ACC-010-U041,Flow,invite_sent,2026-02-20T09:32:00,3.8
EVT-003151,ACC-010,Ridgeline Media,ACC-010-U029,Flow,login,2026-02-20T09:58:00,4.5
EVT-003152,ACC-010,Ridgeline Media,ACC-010-U016,Flow,login,2026-02-22T19:33:00,26.3
EVT-003153,ACC-010,Ridgeline Media,ACC-010-U003,Flow,feature_use,2026-02-22T09:23:00,4.4
EVT-003154,ACC-010,Ridgeline Media,ACC-010-U012,Flow,api_call,2026-02-23T13:02:00,0.9
EVT-003155,ACC-010,Ridgeline Media,ACC-010-U024,Flow,export,2026-02-23T14:40:00,9.0
EVT-003156,ACC-010,Ridgeline Media,ACC-010-U020,Flow,export,2026-02-24T11:44:00,5.9
EVT-003157,ACC-010,Ridgeline Media,ACC-010-U011,Flow,login,2026-02-24T12:18:00,33.7
EVT-003158,ACC-010,Ridgeline Media,ACC-010-U038,Flow,login,2026-02-24T11:54:00,36.9
EVT-003159,ACC-010,Ridgeline Media,ACC-010-U029,Flow,feature_use,2026-02-24T16:48:00,34.9
EVT-003160,ACC-010,Ridgeline Media,ACC-010-U035,Flow,feature_use,2026-02-24T10:38:00,27.7
EVT-003161,ACC-010,Ridgeline Media,ACC-010-U042,Flow,login,2026-02-25T17:25:00,15.4
EVT-003162,ACC-010,Ridgeline Media,ACC-010-U039,Flow,login,2026-02-25T19:40:00,13.3
EVT-003163,ACC-010,Ridgeline Media,ACC-010-U030,Flow,api_call,2026-02-25T17:17:00,1.9
EVT-003164,ACC-010,Ridgeline Media,ACC-010-U028,Flow,login,2026-02-26T13:14:00,3.3
EVT-003165,ACC-010,Ridgeline Media,ACC-010-U028,Flow,login,2026-02-26T16:13:00,18.0
EVT-003166,ACC-010,Ridgeline Media,ACC-010-U039,Flow,feature_use,2026-02-26T18:33:00,20.1
EVT-003167,ACC-010,Ridgeline Media,ACC-010-U021,Flow,feature_use,2026-02-27T12:40:00,30.3
EVT-003168,ACC-010,Ridgeline Media,ACC-010-U026,Flow,login,2026-02-27T10:29:00,19.2
EVT-003169,ACC-010,Ridgeline Media,ACC-010-U004,Flow,feature_use,2026-02-27T12:12:00,17.6
EVT-003170,ACC-010,Ridgeline Media,ACC-010-U026,Flow,login,2026-02-27T09:43:00,3.7
EVT-003171,ACC-010,Ridgeline Media,ACC-010-U040,Flow,export,2026-03-01T17:26:00,6.9
EVT-003172,ACC-010,Ridgeline Media,ACC-010-U033,Flow,export,2026-03-02T17:42:00,2.8
EVT-003173,ACC-010,Ridgeline Media,ACC-010-U032,Flow,export,2026-03-02T10:06:00,2.2
EVT-003174,ACC-010,Ridgeline Media,ACC-010-U024,Flow,login,2026-03-02T17:39:00,44.2
EVT-003175,ACC-010,Ridgeline Media,ACC-010-U030,Flow,feature_use,2026-03-03T11:39:00,43.1
EVT-003176,ACC-010,Ridgeline Media,ACC-010-U021,Flow,invite_sent,2026-03-03T10:57:00,4.1
EVT-003177,ACC-010,Ridgeline Media,ACC-010-U038,Flow,login,2026-03-03T06:30:00,42.5
EVT-003178,ACC-010,Ridgeline Media,ACC-010-U042,Flow,login,2026-03-03T09:38:00,2.8
EVT-003179,ACC-010,Ridgeline Media,ACC-010-U010,Flow,login,2026-03-03T13:21:00,25.2
EVT-003180,ACC-010,Ridgeline Media,ACC-010-U020,Flow,api_call,2026-03-04T10:05:00,0.4
EVT-003181,ACC-010,Ridgeline Media,ACC-010-U015,Flow,feature_use,2026-03-04T16:16:00,4.3
EVT-003182,ACC-010,Ridgeline Media,ACC-010-U036,Flow,feature_use,2026-03-04T13:08:00,11.5
EVT-003183,ACC-010,Ridgeline Media,ACC-010-U041,Flow,feature_use,2026-03-05T19:49:00,21.2
EVT-003184,ACC-010,Ridgeline Media,ACC-010-U031,Flow,login,2026-03-05T17:29:00,24.0
EVT-003185,ACC-010,Ridgeline Media,ACC-010-U021,Flow,invite_sent,2026-03-05T17:36:00,2.1
EVT-003186,ACC-010,Ridgeline Media,ACC-010-U008,Flow,login,2026-03-05T11:18:00,39.1
EVT-003187,ACC-010,Ridgeline Media,ACC-010-U019,Flow,export,2026-03-06T15:43:00,8.1
EVT-003188,ACC-010,Ridgeline Media,ACC-010-U010,Flow,feature_use,2026-03-06T08:04:00,11.1
EVT-003189,ACC-010,Ridgeline Media,ACC-010-U020,Flow,login,2026-03-07T11:49:00,10.7
EVT-003190,ACC-010,Ridgeline Media,ACC-010-U002,Flow,login,2026-03-09T16:55:00,9.1
EVT-003191,ACC-010,Ridgeline Media,ACC-010-U029,Flow,feature_use,2026-03-09T17:55:00,41.8
EVT-003192,ACC-010,Ridgeline Media,ACC-010-U035,Flow,login,2026-03-09T17:23:00,29.2
EVT-003193,ACC-010,Ridgeline Media,ACC-010-U015,Flow,feature_use,2026-03-09T12:22:00,37.5
EVT-003194,ACC-010,Ridgeline Media,ACC-010-U029,Flow,feature_use,2026-03-09T19:49:00,45.2
EVT-003195,ACC-010,Ridgeline Media,ACC-010-U019,Flow,feature_use,2026-03-10T10:19:00,43.7
EVT-003196,ACC-010,Ridgeline Media,ACC-010-U016,Flow,feature_use,2026-03-10T15:59:00,43.9
EVT-003197,ACC-010,Ridgeline Media,ACC-010-U042,Flow,invite_sent,2026-03-10T10:53:00,2.0
EVT-003198,ACC-010,Ridgeline Media,ACC-010-U037,Flow,export,2026-03-11T08:35:00,8.4
EVT-003199,ACC-010,Ridgeline Media,ACC-010-U042,Flow,export,2026-03-11T14:50:00,1.2
EVT-003200,ACC-010,Ridgeline Media,ACC-010-U012,Flow,api_call,2026-03-11T08:17:00,1.2
EVT-003201,ACC-010,Ridgeline Media,ACC-010-U019,Flow,api_call,2026-03-11T13:03:00,0.2
EVT-003202,ACC-010,Ridgeline Media,ACC-010-U005,Flow,feature_use,2026-03-12T09:36:00,53.2
EVT-003203,ACC-010,Ridgeline Media,ACC-010-U033,Flow,feature_use,2026-03-12T14:25:00,47.1
EVT-003204,ACC-010,Ridgeline Media,ACC-010-U030,Flow,login,2026-03-12T10:20:00,22.6
EVT-003205,ACC-010,Ridgeline Media,ACC-010-U022,Flow,feature_use,2026-03-12T15:37:00,48.5
EVT-003206,ACC-010,Ridgeline Media,ACC-010-U034,Flow,feature_use,2026-03-13T14:35:00,13.8
EVT-003207,ACC-010,Ridgeline Media,ACC-010-U026,Flow,feature_use,2026-03-13T13:18:00,31.3
EVT-003208,ACC-010,Ridgeline Media,ACC-010-U004,Flow,feature_use,2026-03-13T20:59:00,24.3
EVT-003209,ACC-011,Clearwater Tech,ACC-011-U007,Canvas,login,2025-12-15T07:09:00,32.5
EVT-003210,ACC-011,Clearwater Tech,ACC-011-U015,Insight,feature_use,2025-12-15T10:17:00,17.8
EVT-003211,ACC-011,Clearwater Tech,ACC-011-U027,Canvas,api_call,2025-12-15T17:51:00,0.1
EVT-003212,ACC-011,Clearwater Tech,ACC-011-U049,Insight,feature_use,2025-12-15T12:57:00,39.5
EVT-003213,ACC-011,Clearwater Tech,ACC-011-U042,Canvas,invite_sent,2025-12-15T17:37:00,3.9
EVT-003214,ACC-011,Clearwater Tech,ACC-011-U056,Flow,feature_use,2025-12-15T10:19:00,57.3
EVT-003215,ACC-011,Clearwater Tech,ACC-011-U030,Canvas,export,2025-12-16T06:53:00,6.1
EVT-003216,ACC-011,Clearwater Tech,ACC-011-U064,Flow,login,2025-12-16T11:24:00,14.0
EVT-003217,ACC-011,Clearwater Tech,ACC-011-U012,Insight,api_call,2025-12-16T11:43:00,1.7
EVT-003218,ACC-011,Clearwater Tech,ACC-011-U012,Insight,export,2025-12-16T17:15:00,4.8
EVT-003219,ACC-011,Clearwater Tech,ACC-011-U046,Canvas,login,2025-12-16T16:06:00,26.4
EVT-003220,ACC-011,Clearwater Tech,ACC-011-U021,Canvas,feature_use,2025-12-16T15:47:00,7.2
EVT-003221,ACC-011,Clearwater Tech,ACC-011-U056,Insight,export,2025-12-17T09:41:00,3.9
EVT-003222,ACC-011,Clearwater Tech,ACC-011-U052,Insight,feature_use,2025-12-17T10:03:00,30.0
EVT-003223,ACC-011,Clearwater Tech,ACC-011-U018,Canvas,export,2025-12-17T10:05:00,3.7
EVT-003224,ACC-011,Clearwater Tech,ACC-011-U005,Insight,export,2025-12-17T10:37:00,6.9
EVT-003225,ACC-011,Clearwater Tech,ACC-011-U006,Insight,login,2025-12-17T06:05:00,5.8
EVT-003226,ACC-011,Clearwater Tech,ACC-011-U069,Insight,invite_sent,2025-12-17T12:36:00,3.6
EVT-003227,ACC-011,Clearwater Tech,ACC-011-U039,Insight,login,2025-12-17T12:09:00,38.6
EVT-003228,ACC-011,Clearwater Tech,ACC-011-U005,Insight,feature_use,2025-12-18T09:26:00,37.6
EVT-003229,ACC-011,Clearwater Tech,ACC-011-U059,Flow,export,2025-12-18T21:20:00,6.2
EVT-003230,ACC-011,Clearwater Tech,ACC-011-U065,Canvas,export,2025-12-18T07:06:00,6.0
EVT-003231,ACC-011,Clearwater Tech,ACC-011-U039,Canvas,login,2025-12-18T09:06:00,14.8
EVT-003232,ACC-011,Clearwater Tech,ACC-011-U034,Flow,api_call,2025-12-18T10:15:00,1.1
EVT-003233,ACC-011,Clearwater Tech,ACC-011-U028,Canvas,feature_use,2025-12-18T20:46:00,56.2
EVT-003234,ACC-011,Clearwater Tech,ACC-011-U003,Canvas,api_call,2025-12-18T18:25:00,1.8
EVT-003235,ACC-011,Clearwater Tech,ACC-011-U042,Insight,feature_use,2025-12-19T08:34:00,29.8
EVT-003236,ACC-011,Clearwater Tech,ACC-011-U064,Flow,api_call,2025-12-19T12:21:00,0.2
EVT-003237,ACC-011,Clearwater Tech,ACC-011-U017,Flow,api_call,2025-12-19T10:13:00,0.2
EVT-003238,ACC-011,Clearwater Tech,ACC-011-U021,Flow,api_call,2025-12-19T15:51:00,0.1
EVT-003239,ACC-011,Clearwater Tech,ACC-011-U064,Canvas,login,2025-12-19T20:22:00,21.3
EVT-003240,ACC-011,Clearwater Tech,ACC-011-U052,Canvas,feature_use,2025-12-19T08:47:00,19.5
EVT-003241,ACC-011,Clearwater Tech,ACC-011-U012,Insight,login,2025-12-20T17:32:00,25.3
EVT-003242,ACC-011,Clearwater Tech,ACC-011-U015,Canvas,api_call,2025-12-20T20:40:00,1.3
EVT-003243,ACC-011,Clearwater Tech,ACC-011-U036,Flow,export,2025-12-21T13:38:00,3.1
EVT-003244,ACC-011,Clearwater Tech,ACC-011-U036,Insight,login,2025-12-21T16:43:00,37.1
EVT-003245,ACC-011,Clearwater Tech,ACC-011-U060,Flow,feature_use,2025-12-22T16:26:00,31.8
EVT-003246,ACC-011,Clearwater Tech,ACC-011-U032,Canvas,login,2025-12-22T17:58:00,42.1
EVT-003247,ACC-011,Clearwater Tech,ACC-011-U070,Flow,login,2025-12-22T10:17:00,35.4
EVT-003248,ACC-011,Clearwater Tech,ACC-011-U020,Flow,login,2025-12-22T18:37:00,8.5
EVT-003249,ACC-011,Clearwater Tech,ACC-011-U001,Flow,login,2025-12-22T17:45:00,37.0
EVT-003250,ACC-011,Clearwater Tech,ACC-011-U011,Insight,feature_use,2025-12-22T11:37:00,6.8
EVT-003251,ACC-011,Clearwater Tech,ACC-011-U055,Canvas,export,2025-12-22T18:45:00,4.2
EVT-003252,ACC-011,Clearwater Tech,ACC-011-U040,Insight,login,2025-12-23T15:13:00,43.1
EVT-003253,ACC-011,Clearwater Tech,ACC-011-U015,Canvas,feature_use,2025-12-23T18:55:00,28.2
EVT-003254,ACC-011,Clearwater Tech,ACC-011-U069,Flow,api_call,2025-12-23T12:43:00,0.7
EVT-003255,ACC-011,Clearwater Tech,ACC-011-U032,Canvas,invite_sent,2025-12-23T18:28:00,1.0
EVT-003256,ACC-011,Clearwater Tech,ACC-011-U032,Insight,feature_use,2025-12-23T13:52:00,46.2
EVT-003257,ACC-011,Clearwater Tech,ACC-011-U001,Canvas,login,2025-12-23T19:15:00,27.7
EVT-003258,ACC-011,Clearwater Tech,ACC-011-U021,Insight,login,2025-12-24T12:08:00,24.9
EVT-003259,ACC-011,Clearwater Tech,ACC-011-U005,Flow,invite_sent,2025-12-24T15:30:00,0.8
EVT-003260,ACC-011,Clearwater Tech,ACC-011-U048,Flow,feature_use,2025-12-24T10:04:00,39.0
EVT-003261,ACC-011,Clearwater Tech,ACC-011-U063,Insight,feature_use,2025-12-24T18:00:00,30.3
EVT-003262,ACC-011,Clearwater Tech,ACC-011-U038,Insight,login,2025-12-24T10:19:00,1.9
EVT-003263,ACC-011,Clearwater Tech,ACC-011-U040,Flow,login,2025-12-24T11:06:00,10.0
EVT-003264,ACC-011,Clearwater Tech,ACC-011-U032,Flow,feature_use,2025-12-25T12:23:00,30.1
EVT-003265,ACC-011,Clearwater Tech,ACC-011-U001,Canvas,feature_use,2025-12-25T09:50:00,29.5
EVT-003266,ACC-011,Clearwater Tech,ACC-011-U022,Insight,feature_use,2025-12-25T14:39:00,33.4
EVT-003267,ACC-011,Clearwater Tech,ACC-011-U039,Insight,feature_use,2025-12-25T11:30:00,12.2
EVT-003268,ACC-011,Clearwater Tech,ACC-011-U024,Canvas,login,2025-12-25T10:21:00,6.1
EVT-003269,ACC-011,Clearwater Tech,ACC-011-U053,Flow,api_call,2025-12-25T09:47:00,1.6
EVT-003270,ACC-011,Clearwater Tech,ACC-011-U039,Insight,login,2025-12-25T14:43:00,6.0
EVT-003271,ACC-011,Clearwater Tech,ACC-011-U003,Flow,invite_sent,2025-12-25T12:19:00,3.1
EVT-003272,ACC-011,Clearwater Tech,ACC-011-U016,Canvas,api_call,2025-12-26T11:26:00,0.5
EVT-003273,ACC-011,Clearwater Tech,ACC-011-U012,Canvas,login,2025-12-26T13:40:00,3.4
EVT-003274,ACC-011,Clearwater Tech,ACC-011-U063,Flow,login,2025-12-26T11:03:00,25.6
EVT-003275,ACC-011,Clearwater Tech,ACC-011-U024,Flow,export,2025-12-26T11:14:00,4.1
EVT-003276,ACC-011,Clearwater Tech,ACC-011-U009,Flow,login,2025-12-26T08:48:00,34.4
EVT-003277,ACC-011,Clearwater Tech,ACC-011-U055,Insight,feature_use,2025-12-26T13:32:00,26.6
EVT-003278,ACC-011,Clearwater Tech,ACC-011-U067,Canvas,export,2025-12-27T13:04:00,6.6
EVT-003279,ACC-011,Clearwater Tech,ACC-011-U018,Canvas,login,2025-12-27T12:42:00,5.6
EVT-003280,ACC-011,Clearwater Tech,ACC-011-U002,Flow,export,2025-12-29T14:39:00,8.0
EVT-003281,ACC-011,Clearwater Tech,ACC-011-U060,Insight,api_call,2025-12-29T17:03:00,1.2
EVT-003282,ACC-011,Clearwater Tech,ACC-011-U037,Insight,export,2025-12-29T19:32:00,3.3
EVT-003283,ACC-011,Clearwater Tech,ACC-011-U039,Flow,feature_use,2025-12-29T16:59:00,36.9
EVT-003284,ACC-011,Clearwater Tech,ACC-011-U009,Insight,login,2025-12-29T14:18:00,18.8
EVT-003285,ACC-011,Clearwater Tech,ACC-011-U003,Canvas,login,2025-12-30T16:17:00,11.6
EVT-003286,ACC-011,Clearwater Tech,ACC-011-U008,Insight,api_call,2025-12-30T12:43:00,0.8
EVT-003287,ACC-011,Clearwater Tech,ACC-011-U063,Flow,login,2025-12-30T19:44:00,36.8
EVT-003288,ACC-011,Clearwater Tech,ACC-011-U050,Canvas,feature_use,2025-12-30T18:42:00,21.0
EVT-003289,ACC-011,Clearwater Tech,ACC-011-U014,Canvas,login,2025-12-30T11:40:00,37.2
EVT-003290,ACC-011,Clearwater Tech,ACC-011-U009,Flow,export,2025-12-31T12:07:00,3.8
EVT-003291,ACC-011,Clearwater Tech,ACC-011-U029,Flow,login,2025-12-31T15:39:00,31.2
EVT-003292,ACC-011,Clearwater Tech,ACC-011-U012,Insight,feature_use,2025-12-31T09:50:00,18.4
EVT-003293,ACC-011,Clearwater Tech,ACC-011-U017,Canvas,feature_use,2025-12-31T11:13:00,51.5
EVT-003294,ACC-011,Clearwater Tech,ACC-011-U051,Flow,feature_use,2025-12-31T13:46:00,11.8
EVT-003295,ACC-011,Clearwater Tech,ACC-011-U044,Insight,feature_use,2025-12-31T11:39:00,33.4
EVT-003296,ACC-011,Clearwater Tech,ACC-011-U032,Canvas,feature_use,2026-01-01T17:58:00,47.9
EVT-003297,ACC-011,Clearwater Tech,ACC-011-U068,Flow,login,2026-01-01T13:31:00,32.0
EVT-003298,ACC-011,Clearwater Tech,ACC-011-U003,Flow,login,2026-01-01T14:16:00,41.0
EVT-003299,ACC-011,Clearwater Tech,ACC-011-U064,Canvas,feature_use,2026-01-01T08:27:00,19.1
EVT-003300,ACC-011,Clearwater Tech,ACC-011-U040,Flow,feature_use,2026-01-01T18:24:00,52.8
EVT-003301,ACC-011,Clearwater Tech,ACC-011-U041,Insight,feature_use,2026-01-01T15:23:00,57.7
EVT-003302,ACC-011,Clearwater Tech,ACC-011-U004,Insight,login,2026-01-02T11:57:00,42.9
EVT-003303,ACC-011,Clearwater Tech,ACC-011-U003,Insight,feature_use,2026-01-02T15:49:00,14.5
EVT-003304,ACC-011,Clearwater Tech,ACC-011-U046,Canvas,login,2026-01-02T17:47:00,3.6
EVT-003305,ACC-011,Clearwater Tech,ACC-011-U056,Canvas,export,2026-01-02T19:16:00,6.4
EVT-003306,ACC-011,Clearwater Tech,ACC-011-U011,Canvas,feature_use,2026-01-02T10:59:00,35.7
EVT-003307,ACC-011,Clearwater Tech,ACC-011-U059,Flow,login,2026-01-02T14:16:00,38.5
EVT-003308,ACC-011,Clearwater Tech,ACC-011-U006,Insight,login,2026-01-02T11:44:00,41.8
EVT-003309,ACC-011,Clearwater Tech,ACC-011-U037,Canvas,login,2026-01-04T12:42:00,43.5
EVT-003310,ACC-011,Clearwater Tech,ACC-011-U057,Flow,feature_use,2026-01-04T18:17:00,29.3
EVT-003311,ACC-011,Clearwater Tech,ACC-011-U003,Flow,feature_use,2026-01-05T10:13:00,18.6
EVT-003312,ACC-011,Clearwater Tech,ACC-011-U046,Insight,login,2026-01-05T10:40:00,41.1
EVT-003313,ACC-011,Clearwater Tech,ACC-011-U019,Canvas,export,2026-01-05T12:13:00,2.2
EVT-003314,ACC-011,Clearwater Tech,ACC-011-U003,Insight,feature_use,2026-01-05T19:07:00,7.5
EVT-003315,ACC-011,Clearwater Tech,ACC-011-U006,Canvas,login,2026-01-05T12:10:00,1.1
EVT-003316,ACC-011,Clearwater Tech,ACC-011-U050,Flow,login,2026-01-05T10:44:00,28.6
EVT-003317,ACC-011,Clearwater Tech,ACC-011-U045,Flow,invite_sent,2026-01-05T17:50:00,3.1
EVT-003318,ACC-011,Clearwater Tech,ACC-011-U015,Canvas,feature_use,2026-01-06T18:17:00,59.4
EVT-003319,ACC-011,Clearwater Tech,ACC-011-U032,Insight,feature_use,2026-01-06T18:49:00,22.4
EVT-003320,ACC-011,Clearwater Tech,ACC-011-U012,Insight,export,2026-01-06T21:38:00,7.0
EVT-003321,ACC-011,Clearwater Tech,ACC-011-U009,Insight,login,2026-01-06T07:38:00,24.9
EVT-003322,ACC-011,Clearwater Tech,ACC-011-U046,Flow,login,2026-01-06T15:30:00,2.2
EVT-003323,ACC-011,Clearwater Tech,ACC-011-U032,Canvas,api_call,2026-01-06T14:48:00,0.3
EVT-003324,ACC-011,Clearwater Tech,ACC-011-U002,Insight,feature_use,2026-01-07T12:00:00,6.2
EVT-003325,ACC-011,Clearwater Tech,ACC-011-U011,Insight,login,2026-01-07T11:10:00,3.9
EVT-003326,ACC-011,Clearwater Tech,ACC-011-U001,Insight,login,2026-01-07T19:03:00,42.7
EVT-003327,ACC-011,Clearwater Tech,ACC-011-U040,Insight,feature_use,2026-01-07T15:33:00,27.1
EVT-003328,ACC-011,Clearwater Tech,ACC-011-U051,Flow,feature_use,2026-01-07T11:00:00,41.9
EVT-003329,ACC-011,Clearwater Tech,ACC-011-U023,Flow,api_call,2026-01-08T10:18:00,0.6
EVT-003330,ACC-011,Clearwater Tech,ACC-011-U019,Insight,api_call,2026-01-08T17:58:00,0.3
EVT-003331,ACC-011,Clearwater Tech,ACC-011-U063,Flow,login,2026-01-08T14:43:00,2.5
EVT-003332,ACC-011,Clearwater Tech,ACC-011-U056,Insight,api_call,2026-01-08T13:53:00,0.9
EVT-003333,ACC-011,Clearwater Tech,ACC-011-U008,Insight,feature_use,2026-01-08T09:48:00,18.4
EVT-003334,ACC-011,Clearwater Tech,ACC-011-U066,Canvas,invite_sent,2026-01-09T07:28:00,2.5
EVT-003335,ACC-011,Clearwater Tech,ACC-011-U012,Flow,login,2026-01-09T10:22:00,28.6
EVT-003336,ACC-011,Clearwater Tech,ACC-011-U059,Insight,api_call,2026-01-09T17:11:00,0.8
EVT-003337,ACC-011,Clearwater Tech,ACC-011-U037,Insight,api_call,2026-01-09T08:49:00,0.4
EVT-003338,ACC-011,Clearwater Tech,ACC-011-U042,Insight,invite_sent,2026-01-09T13:13:00,3.8
EVT-003339,ACC-011,Clearwater Tech,ACC-011-U016,Canvas,feature_use,2026-01-10T15:55:00,22.5
EVT-003340,ACC-011,Clearwater Tech,ACC-011-U070,Flow,export,2026-01-10T10:45:00,2.0
EVT-003341,ACC-011,Clearwater Tech,ACC-011-U062,Canvas,feature_use,2026-01-10T07:37:00,25.1
EVT-003342,ACC-011,Clearwater Tech,ACC-011-U063,Flow,login,2026-01-11T10:40:00,41.0
EVT-003343,ACC-011,Clearwater Tech,ACC-011-U029,Insight,feature_use,2026-01-12T15:54:00,40.6
EVT-003344,ACC-011,Clearwater Tech,ACC-011-U029,Canvas,feature_use,2026-01-12T12:55:00,43.0
EVT-003345,ACC-011,Clearwater Tech,ACC-011-U057,Flow,api_call,2026-01-12T17:53:00,1.4
EVT-003346,ACC-011,Clearwater Tech,ACC-011-U017,Insight,feature_use,2026-01-12T17:27:00,58.4
EVT-003347,ACC-011,Clearwater Tech,ACC-011-U049,Canvas,feature_use,2026-01-12T14:31:00,19.6
EVT-003348,ACC-011,Clearwater Tech,ACC-011-U047,Insight,login,2026-01-13T17:33:00,39.3
EVT-003349,ACC-011,Clearwater Tech,ACC-011-U061,Canvas,login,2026-01-13T07:29:00,25.8
EVT-003350,ACC-011,Clearwater Tech,ACC-011-U046,Canvas,login,2026-01-13T15:00:00,43.7
EVT-003351,ACC-011,Clearwater Tech,ACC-011-U041,Insight,login,2026-01-13T18:22:00,23.5
EVT-003352,ACC-011,Clearwater Tech,ACC-011-U064,Flow,api_call,2026-01-13T12:52:00,1.0
EVT-003353,ACC-011,Clearwater Tech,ACC-011-U014,Flow,login,2026-01-13T15:24:00,42.8
EVT-003354,ACC-011,Clearwater Tech,ACC-011-U047,Flow,api_call,2026-01-14T12:18:00,0.2
EVT-003355,ACC-011,Clearwater Tech,ACC-011-U064,Insight,feature_use,2026-01-14T09:35:00,31.2
EVT-003356,ACC-011,Clearwater Tech,ACC-011-U001,Flow,invite_sent,2026-01-14T11:17:00,2.6
EVT-003357,ACC-011,Clearwater Tech,ACC-011-U026,Canvas,login,2026-01-14T16:23:00,4.4
EVT-003358,ACC-011,Clearwater Tech,ACC-011-U011,Flow,api_call,2026-01-14T17:29:00,0.4
EVT-003359,ACC-011,Clearwater Tech,ACC-011-U043,Insight,feature_use,2026-01-14T11:03:00,47.8
EVT-003360,ACC-011,Clearwater Tech,ACC-011-U053,Insight,feature_use,2026-01-15T16:22:00,24.2
EVT-003361,ACC-011,Clearwater Tech,ACC-011-U016,Insight,feature_use,2026-01-15T11:26:00,22.6
EVT-003362,ACC-011,Clearwater Tech,ACC-011-U033,Flow,feature_use,2026-01-15T13:20:00,43.3
EVT-003363,ACC-011,Clearwater Tech,ACC-011-U054,Flow,invite_sent,2026-01-15T10:32:00,4.5
EVT-003364,ACC-011,Clearwater Tech,ACC-011-U033,Insight,api_call,2026-01-15T11:25:00,1.3
EVT-003365,ACC-011,Clearwater Tech,ACC-011-U007,Insight,feature_use,2026-01-15T15:13:00,53.0
EVT-003366,ACC-011,Clearwater Tech,ACC-011-U067,Insight,api_call,2026-01-15T18:34:00,0.8
EVT-003367,ACC-011,Clearwater Tech,ACC-011-U039,Flow,invite_sent,2026-01-16T12:36:00,2.6
EVT-003368,ACC-011,Clearwater Tech,ACC-011-U042,Canvas,api_call,2026-01-16T15:59:00,0.1
EVT-003369,ACC-011,Clearwater Tech,ACC-011-U054,Canvas,feature_use,2026-01-16T17:39:00,6.3
EVT-003370,ACC-011,Clearwater Tech,ACC-011-U020,Insight,export,2026-01-16T17:12:00,8.8
EVT-003371,ACC-011,Clearwater Tech,ACC-011-U024,Insight,feature_use,2026-01-16T09:49:00,8.7
EVT-003372,ACC-011,Clearwater Tech,ACC-011-U046,Flow,export,2026-01-17T09:21:00,2.4
EVT-003373,ACC-011,Clearwater Tech,ACC-011-U049,Insight,api_call,2026-01-19T13:54:00,1.9
EVT-003374,ACC-011,Clearwater Tech,ACC-011-U062,Canvas,login,2026-01-19T11:50:00,12.9
EVT-003375,ACC-011,Clearwater Tech,ACC-011-U039,Canvas,login,2026-01-19T13:06:00,28.3
EVT-003376,ACC-011,Clearwater Tech,ACC-011-U055,Canvas,export,2026-01-19T10:59:00,7.3
EVT-003377,ACC-011,Clearwater Tech,ACC-011-U032,Flow,feature_use,2026-01-19T13:22:00,39.7
EVT-003378,ACC-011,Clearwater Tech,ACC-011-U004,Flow,feature_use,2026-01-19T09:22:00,6.7
EVT-003379,ACC-011,Clearwater Tech,ACC-011-U016,Insight,login,2026-01-20T10:39:00,3.2
EVT-003380,ACC-011,Clearwater Tech,ACC-011-U009,Insight,login,2026-01-20T12:12:00,13.7
EVT-003381,ACC-011,Clearwater Tech,ACC-011-U044,Insight,api_call,2026-01-20T17:38:00,1.2
EVT-003382,ACC-011,Clearwater Tech,ACC-011-U014,Canvas,feature_use,2026-01-20T14:09:00,9.4
EVT-003383,ACC-011,Clearwater Tech,ACC-011-U005,Flow,feature_use,2026-01-20T17:20:00,35.3
EVT-003384,ACC-011,Clearwater Tech,ACC-011-U047,Flow,login,2026-01-21T16:36:00,37.2
EVT-003385,ACC-011,Clearwater Tech,ACC-011-U017,Insight,login,2026-01-21T15:59:00,7.5
EVT-003386,ACC-011,Clearwater Tech,ACC-011-U060,Insight,login,2026-01-21T10:56:00,28.7
EVT-003387,ACC-011,Clearwater Tech,ACC-011-U056,Flow,export,2026-01-21T10:32:00,3.2
EVT-003388,ACC-011,Clearwater Tech,ACC-011-U024,Insight,feature_use,2026-01-21T12:34:00,53.3
EVT-003389,ACC-011,Clearwater Tech,ACC-011-U041,Canvas,feature_use,2026-01-22T13:01:00,20.6
EVT-003390,ACC-011,Clearwater Tech,ACC-011-U003,Flow,login,2026-01-22T10:11:00,19.5
EVT-003391,ACC-011,Clearwater Tech,ACC-011-U031,Flow,api_call,2026-01-22T17:48:00,0.8
EVT-003392,ACC-011,Clearwater Tech,ACC-011-U042,Flow,api_call,2026-01-22T19:49:00,1.1
EVT-003393,ACC-011,Clearwater Tech,ACC-011-U025,Flow,login,2026-01-22T10:07:00,19.1
EVT-003394,ACC-011,Clearwater Tech,ACC-011-U023,Insight,login,2026-01-23T10:56:00,1.4
EVT-003395,ACC-011,Clearwater Tech,ACC-011-U051,Flow,login,2026-01-23T11:58:00,12.7
EVT-003396,ACC-011,Clearwater Tech,ACC-011-U049,Insight,login,2026-01-23T10:25:00,29.2
EVT-003397,ACC-011,Clearwater Tech,ACC-011-U066,Canvas,login,2026-01-23T19:19:00,13.5
EVT-003398,ACC-011,Clearwater Tech,ACC-011-U037,Canvas,login,2026-01-23T08:04:00,38.2
EVT-003399,ACC-011,Clearwater Tech,ACC-011-U044,Flow,login,2026-01-23T09:01:00,27.0
EVT-003400,ACC-011,Clearwater Tech,ACC-011-U026,Flow,feature_use,2026-01-23T18:42:00,11.5
EVT-003401,ACC-011,Clearwater Tech,ACC-011-U028,Insight,feature_use,2026-01-24T14:58:00,21.7
EVT-003402,ACC-011,Clearwater Tech,ACC-011-U040,Canvas,feature_use,2026-01-25T20:24:00,25.8
EVT-003403,ACC-011,Clearwater Tech,ACC-011-U002,Flow,export,2026-01-25T19:52:00,3.0
EVT-003404,ACC-011,Clearwater Tech,ACC-011-U054,Canvas,feature_use,2026-01-26T17:26:00,20.3
EVT-003405,ACC-011,Clearwater Tech,ACC-011-U034,Flow,invite_sent,2026-01-26T11:11:00,3.8
EVT-003406,ACC-011,Clearwater Tech,ACC-011-U022,Insight,export,2026-01-26T10:56:00,3.3
EVT-003407,ACC-011,Clearwater Tech,ACC-011-U014,Flow,feature_use,2026-01-26T09:19:00,5.6
EVT-003408,ACC-011,Clearwater Tech,ACC-011-U062,Canvas,feature_use,2026-01-26T18:25:00,58.9
EVT-003409,ACC-011,Clearwater Tech,ACC-011-U034,Insight,api_call,2026-01-26T16:33:00,0.8
EVT-003410,ACC-011,Clearwater Tech,ACC-011-U029,Insight,invite_sent,2026-01-26T10:57:00,1.7
EVT-003411,ACC-011,Clearwater Tech,ACC-011-U051,Canvas,export,2026-01-26T17:41:00,7.1
EVT-003412,ACC-011,Clearwater Tech,ACC-011-U044,Flow,feature_use,2026-01-27T15:39:00,47.7
EVT-003413,ACC-011,Clearwater Tech,ACC-011-U047,Canvas,export,2026-01-27T10:51:00,8.9
EVT-003414,ACC-011,Clearwater Tech,ACC-011-U011,Canvas,feature_use,2026-01-27T16:11:00,8.5
EVT-003415,ACC-011,Clearwater Tech,ACC-011-U011,Canvas,feature_use,2026-01-27T09:09:00,16.7
EVT-003416,ACC-011,Clearwater Tech,ACC-011-U036,Canvas,api_call,2026-01-27T17:40:00,0.6
EVT-003417,ACC-011,Clearwater Tech,ACC-011-U036,Insight,login,2026-01-27T14:11:00,34.8
EVT-003418,ACC-011,Clearwater Tech,ACC-011-U069,Insight,login,2026-01-28T18:53:00,21.4
EVT-003419,ACC-011,Clearwater Tech,ACC-011-U038,Canvas,api_call,2026-01-28T11:19:00,0.4
EVT-003420,ACC-011,Clearwater Tech,ACC-011-U007,Canvas,login,2026-01-28T17:58:00,10.6
EVT-003421,ACC-011,Clearwater Tech,ACC-011-U037,Flow,login,2026-01-28T11:46:00,41.2
EVT-003422,ACC-011,Clearwater Tech,ACC-011-U068,Flow,feature_use,2026-01-28T13:40:00,9.6
EVT-003423,ACC-011,Clearwater Tech,ACC-011-U032,Insight,export,2026-01-28T09:09:00,5.1
EVT-003424,ACC-011,Clearwater Tech,ACC-011-U007,Insight,login,2026-01-29T16:11:00,31.1
EVT-003425,ACC-011,Clearwater Tech,ACC-011-U059,Flow,login,2026-01-29T18:56:00,7.5
EVT-003426,ACC-011,Clearwater Tech,ACC-011-U034,Canvas,login,2026-01-29T13:22:00,5.3
EVT-003427,ACC-011,Clearwater Tech,ACC-011-U041,Canvas,feature_use,2026-01-29T10:56:00,54.6
EVT-003428,ACC-011,Clearwater Tech,ACC-011-U014,Flow,export,2026-01-29T16:25:00,1.9
EVT-003429,ACC-011,Clearwater Tech,ACC-011-U059,Insight,login,2026-01-29T20:29:00,36.3
EVT-003430,ACC-011,Clearwater Tech,ACC-011-U017,Flow,export,2026-01-29T06:20:00,9.6
EVT-003431,ACC-011,Clearwater Tech,ACC-011-U034,Flow,export,2026-01-30T11:20:00,1.0
EVT-003432,ACC-011,Clearwater Tech,ACC-011-U040,Insight,login,2026-01-30T12:14:00,41.9
EVT-003433,ACC-011,Clearwater Tech,ACC-011-U004,Insight,login,2026-01-30T13:46:00,20.9
EVT-003434,ACC-011,Clearwater Tech,ACC-011-U051,Insight,export,2026-01-30T07:28:00,3.0
EVT-003435,ACC-011,Clearwater Tech,ACC-011-U013,Flow,export,2026-01-30T11:32:00,8.5
EVT-003436,ACC-011,Clearwater Tech,ACC-011-U031,Flow,feature_use,2026-01-30T09:57:00,54.1
EVT-003437,ACC-011,Clearwater Tech,ACC-011-U008,Insight,api_call,2026-01-31T12:05:00,0.3
EVT-003438,ACC-011,Clearwater Tech,ACC-011-U022,Canvas,api_call,2026-01-31T12:12:00,0.6
EVT-003439,ACC-011,Clearwater Tech,ACC-011-U061,Flow,feature_use,2026-02-01T17:30:00,50.4
EVT-003440,ACC-011,Clearwater Tech,ACC-011-U006,Insight,login,2026-02-01T12:34:00,3.2
EVT-003441,ACC-011,Clearwater Tech,ACC-011-U012,Flow,api_call,2026-02-02T12:50:00,0.7
EVT-003442,ACC-011,Clearwater Tech,ACC-011-U016,Flow,feature_use,2026-02-02T14:21:00,54.4
EVT-003443,ACC-011,Clearwater Tech,ACC-011-U058,Flow,feature_use,2026-02-02T09:02:00,45.1
EVT-003444,ACC-011,Clearwater Tech,ACC-011-U051,Canvas,feature_use,2026-02-02T09:57:00,20.5
EVT-003445,ACC-011,Clearwater Tech,ACC-011-U037,Flow,export,2026-02-02T18:42:00,1.4
EVT-003446,ACC-011,Clearwater Tech,ACC-011-U016,Canvas,feature_use,2026-02-03T10:40:00,53.0
EVT-003447,ACC-011,Clearwater Tech,ACC-011-U070,Insight,feature_use,2026-02-03T07:44:00,42.0
EVT-003448,ACC-011,Clearwater Tech,ACC-011-U068,Canvas,api_call,2026-02-03T14:25:00,1.3
EVT-003449,ACC-011,Clearwater Tech,ACC-011-U036,Canvas,export,2026-02-03T11:24:00,8.2
EVT-003450,ACC-011,Clearwater Tech,ACC-011-U041,Insight,login,2026-02-03T13:37:00,7.0
EVT-003451,ACC-011,Clearwater Tech,ACC-011-U010,Flow,export,2026-02-03T15:08:00,4.5
EVT-003452,ACC-011,Clearwater Tech,ACC-011-U068,Flow,api_call,2026-02-04T10:55:00,2.0
EVT-003453,ACC-011,Clearwater Tech,ACC-011-U018,Canvas,feature_use,2026-02-04T13:26:00,48.6
EVT-003454,ACC-011,Clearwater Tech,ACC-011-U015,Canvas,login,2026-02-04T11:17:00,21.2
EVT-003455,ACC-011,Clearwater Tech,ACC-011-U028,Flow,export,2026-02-04T18:41:00,2.1
EVT-003456,ACC-011,Clearwater Tech,ACC-011-U011,Canvas,login,2026-02-04T09:04:00,13.8
EVT-003457,ACC-011,Clearwater Tech,ACC-011-U020,Flow,feature_use,2026-02-04T11:36:00,53.7
EVT-003458,ACC-011,Clearwater Tech,ACC-011-U042,Canvas,export,2026-02-05T13:31:00,6.6
EVT-003459,ACC-011,Clearwater Tech,ACC-011-U017,Insight,feature_use,2026-02-05T10:00:00,9.7
EVT-003460,ACC-011,Clearwater Tech,ACC-011-U023,Flow,feature_use,2026-02-05T12:41:00,9.8
EVT-003461,ACC-011,Clearwater Tech,ACC-011-U068,Insight,login,2026-02-05T18:11:00,13.2
EVT-003462,ACC-011,Clearwater Tech,ACC-011-U056,Canvas,feature_use,2026-02-05T18:10:00,29.5
EVT-003463,ACC-011,Clearwater Tech,ACC-011-U054,Canvas,export,2026-02-06T17:40:00,4.4
EVT-003464,ACC-011,Clearwater Tech,ACC-011-U018,Canvas,export,2026-02-06T14:56:00,9.2
EVT-003465,ACC-011,Clearwater Tech,ACC-011-U068,Canvas,feature_use,2026-02-06T19:40:00,31.0
EVT-003466,ACC-011,Clearwater Tech,ACC-011-U026,Flow,feature_use,2026-02-06T17:17:00,27.2
EVT-003467,ACC-011,Clearwater Tech,ACC-011-U027,Canvas,feature_use,2026-02-06T09:10:00,3.5
EVT-003468,ACC-011,Clearwater Tech,ACC-011-U060,Canvas,login,2026-02-06T09:02:00,44.6
EVT-003469,ACC-011,Clearwater Tech,ACC-011-U034,Flow,export,2026-02-06T20:10:00,2.7
EVT-003470,ACC-011,Clearwater Tech,ACC-011-U049,Insight,api_call,2026-02-08T12:56:00,1.5
EVT-003471,ACC-011,Clearwater Tech,ACC-011-U032,Flow,export,2026-02-09T10:48:00,7.3
EVT-003472,ACC-011,Clearwater Tech,ACC-011-U039,Flow,export,2026-02-09T10:14:00,6.5
EVT-003473,ACC-011,Clearwater Tech,ACC-011-U008,Flow,feature_use,2026-02-09T13:52:00,30.2
EVT-003474,ACC-011,Clearwater Tech,ACC-011-U028,Insight,feature_use,2026-02-09T12:27:00,50.4
EVT-003475,ACC-011,Clearwater Tech,ACC-011-U008,Flow,feature_use,2026-02-09T08:37:00,38.7
EVT-003476,ACC-011,Clearwater Tech,ACC-011-U067,Canvas,export,2026-02-10T09:18:00,1.8
EVT-003477,ACC-011,Clearwater Tech,ACC-011-U004,Flow,login,2026-02-10T11:41:00,7.0
EVT-003478,ACC-011,Clearwater Tech,ACC-011-U050,Canvas,feature_use,2026-02-10T09:17:00,53.0
EVT-003479,ACC-011,Clearwater Tech,ACC-011-U040,Insight,login,2026-02-10T20:38:00,23.1
EVT-003480,ACC-011,Clearwater Tech,ACC-011-U002,Flow,feature_use,2026-02-10T10:17:00,16.7
EVT-003481,ACC-011,Clearwater Tech,ACC-011-U009,Flow,export,2026-02-10T19:21:00,7.9
EVT-003482,ACC-011,Clearwater Tech,ACC-011-U014,Flow,export,2026-02-10T15:23:00,4.8
EVT-003483,ACC-011,Clearwater Tech,ACC-011-U022,Canvas,export,2026-02-11T10:55:00,4.6
EVT-003484,ACC-011,Clearwater Tech,ACC-011-U046,Canvas,login,2026-02-11T13:17:00,10.9
EVT-003485,ACC-011,Clearwater Tech,ACC-011-U033,Flow,login,2026-02-11T16:21:00,25.7
EVT-003486,ACC-011,Clearwater Tech,ACC-011-U043,Canvas,login,2026-02-11T16:30:00,19.3
EVT-003487,ACC-011,Clearwater Tech,ACC-011-U041,Canvas,api_call,2026-02-11T08:12:00,1.1
EVT-003488,ACC-011,Clearwater Tech,ACC-011-U012,Flow,export,2026-02-11T15:26:00,4.0
EVT-003489,ACC-011,Clearwater Tech,ACC-011-U051,Insight,feature_use,2026-02-12T16:39:00,19.4
EVT-003490,ACC-011,Clearwater Tech,ACC-011-U022,Flow,login,2026-02-12T12:15:00,39.9
EVT-003491,ACC-011,Clearwater Tech,ACC-011-U026,Insight,api_call,2026-02-12T13:23:00,0.5
EVT-003492,ACC-011,Clearwater Tech,ACC-011-U005,Flow,login,2026-02-12T10:41:00,29.6
EVT-003493,ACC-011,Clearwater Tech,ACC-011-U060,Canvas,export,2026-02-12T15:58:00,7.1
EVT-003494,ACC-011,Clearwater Tech,ACC-011-U054,Canvas,login,2026-02-13T14:23:00,28.5
EVT-003495,ACC-011,Clearwater Tech,ACC-011-U030,Canvas,api_call,2026-02-13T16:08:00,1.1
EVT-003496,ACC-011,Clearwater Tech,ACC-011-U063,Insight,login,2026-02-13T18:13:00,29.7
EVT-003497,ACC-011,Clearwater Tech,ACC-011-U020,Insight,export,2026-02-13T20:33:00,1.6
EVT-003498,ACC-011,Clearwater Tech,ACC-011-U049,Flow,export,2026-02-13T07:24:00,1.3
EVT-003499,ACC-011,Clearwater Tech,ACC-011-U055,Canvas,feature_use,2026-02-13T12:24:00,48.6
EVT-003500,ACC-011,Clearwater Tech,ACC-011-U040,Flow,export,2026-02-13T21:47:00,3.9
EVT-003501,ACC-011,Clearwater Tech,ACC-011-U063,Canvas,export,2026-02-14T09:44:00,3.3
EVT-003502,ACC-011,Clearwater Tech,ACC-011-U058,Flow,login,2026-02-14T11:27:00,8.7
EVT-003503,ACC-011,Clearwater Tech,ACC-011-U023,Flow,login,2026-02-16T06:16:00,37.3
EVT-003504,ACC-011,Clearwater Tech,ACC-011-U024,Flow,login,2026-02-16T20:56:00,39.4
EVT-003505,ACC-011,Clearwater Tech,ACC-011-U005,Flow,feature_use,2026-02-16T13:00:00,21.8
EVT-003506,ACC-011,Clearwater Tech,ACC-011-U024,Insight,feature_use,2026-02-16T14:22:00,46.4
EVT-003507,ACC-011,Clearwater Tech,ACC-011-U021,Canvas,api_call,2026-02-16T12:02:00,0.7
EVT-003508,ACC-011,Clearwater Tech,ACC-011-U006,Flow,api_call,2026-02-17T11:11:00,0.8
EVT-003509,ACC-011,Clearwater Tech,ACC-011-U049,Flow,login,2026-02-17T13:58:00,8.9
EVT-003510,ACC-011,Clearwater Tech,ACC-011-U052,Canvas,export,2026-02-17T13:57:00,7.8
EVT-003511,ACC-011,Clearwater Tech,ACC-011-U015,Flow,api_call,2026-02-17T15:27:00,1.9
EVT-003512,ACC-011,Clearwater Tech,ACC-011-U057,Insight,api_call,2026-02-17T11:29:00,0.2
EVT-003513,ACC-011,Clearwater Tech,ACC-011-U059,Insight,feature_use,2026-02-17T15:05:00,50.6
EVT-003514,ACC-011,Clearwater Tech,ACC-011-U068,Canvas,login,2026-02-18T16:57:00,7.4
EVT-003515,ACC-011,Clearwater Tech,ACC-011-U035,Flow,api_call,2026-02-18T14:48:00,1.8
EVT-003516,ACC-011,Clearwater Tech,ACC-011-U058,Insight,feature_use,2026-02-18T13:48:00,20.3
EVT-003517,ACC-011,Clearwater Tech,ACC-011-U033,Insight,feature_use,2026-02-18T10:36:00,26.3
EVT-003518,ACC-011,Clearwater Tech,ACC-011-U012,Canvas,login,2026-02-18T15:16:00,8.1
EVT-003519,ACC-011,Clearwater Tech,ACC-011-U014,Canvas,api_call,2026-02-19T17:11:00,0.1
EVT-003520,ACC-011,Clearwater Tech,ACC-011-U031,Canvas,feature_use,2026-02-19T13:41:00,22.9
EVT-003521,ACC-011,Clearwater Tech,ACC-011-U014,Flow,feature_use,2026-02-19T16:10:00,25.3
EVT-003522,ACC-011,Clearwater Tech,ACC-011-U069,Flow,api_call,2026-02-19T11:00:00,0.1
EVT-003523,ACC-011,Clearwater Tech,ACC-011-U045,Canvas,api_call,2026-02-19T10:13:00,0.4
EVT-003524,ACC-011,Clearwater Tech,ACC-011-U057,Insight,login,2026-02-20T10:48:00,29.9
EVT-003525,ACC-011,Clearwater Tech,ACC-011-U039,Flow,feature_use,2026-02-20T17:13:00,37.4
EVT-003526,ACC-011,Clearwater Tech,ACC-011-U016,Flow,feature_use,2026-02-20T15:39:00,16.0
EVT-003527,ACC-011,Clearwater Tech,ACC-011-U008,Flow,login,2026-02-20T10:26:00,4.2
EVT-003528,ACC-011,Clearwater Tech,ACC-011-U036,Insight,feature_use,2026-02-20T10:43:00,22.2
EVT-003529,ACC-011,Clearwater Tech,ACC-011-U064,Insight,login,2026-02-20T15:17:00,8.6
EVT-003530,ACC-011,Clearwater Tech,ACC-011-U045,Insight,feature_use,2026-02-21T12:44:00,51.2
EVT-003531,ACC-011,Clearwater Tech,ACC-011-U004,Insight,login,2026-02-22T09:54:00,35.7
EVT-003532,ACC-011,Clearwater Tech,ACC-011-U031,Insight,export,2026-02-23T16:36:00,6.9
EVT-003533,ACC-011,Clearwater Tech,ACC-011-U038,Canvas,feature_use,2026-02-23T11:49:00,35.0
EVT-003534,ACC-011,Clearwater Tech,ACC-011-U069,Canvas,export,2026-02-23T10:54:00,7.7
EVT-003535,ACC-011,Clearwater Tech,ACC-011-U029,Flow,feature_use,2026-02-23T12:25:00,49.1
EVT-003536,ACC-011,Clearwater Tech,ACC-011-U046,Insight,api_call,2026-02-23T13:27:00,1.8
EVT-003537,ACC-011,Clearwater Tech,ACC-011-U032,Insight,feature_use,2026-02-23T19:58:00,47.3
EVT-003538,ACC-011,Clearwater Tech,ACC-011-U010,Insight,api_call,2026-02-23T16:38:00,1.7
EVT-003539,ACC-011,Clearwater Tech,ACC-011-U036,Insight,login,2026-02-24T09:42:00,42.2
EVT-003540,ACC-011,Clearwater Tech,ACC-011-U070,Canvas,api_call,2026-02-24T18:45:00,1.8
EVT-003541,ACC-011,Clearwater Tech,ACC-011-U024,Insight,api_call,2026-02-24T08:00:00,0.3
EVT-003542,ACC-011,Clearwater Tech,ACC-011-U034,Insight,feature_use,2026-02-24T12:14:00,51.6
EVT-003543,ACC-011,Clearwater Tech,ACC-011-U064,Canvas,api_call,2026-02-24T12:18:00,0.5
EVT-003544,ACC-011,Clearwater Tech,ACC-011-U056,Insight,login,2026-02-24T12:30:00,40.4
EVT-003545,ACC-011,Clearwater Tech,ACC-011-U057,Insight,invite_sent,2026-02-25T09:54:00,2.4
EVT-003546,ACC-011,Clearwater Tech,ACC-011-U031,Flow,login,2026-02-25T19:51:00,5.2
EVT-003547,ACC-011,Clearwater Tech,ACC-011-U003,Flow,api_call,2026-02-25T11:31:00,0.9
EVT-003548,ACC-011,Clearwater Tech,ACC-011-U061,Canvas,export,2026-02-25T13:19:00,6.1
EVT-003549,ACC-011,Clearwater Tech,ACC-011-U001,Canvas,export,2026-02-25T17:38:00,4.5
EVT-003550,ACC-011,Clearwater Tech,ACC-011-U028,Insight,login,2026-02-25T18:42:00,2.1
EVT-003551,ACC-011,Clearwater Tech,ACC-011-U042,Canvas,feature_use,2026-02-25T19:16:00,32.6
EVT-003552,ACC-011,Clearwater Tech,ACC-011-U069,Flow,login,2026-02-26T15:41:00,30.1
EVT-003553,ACC-011,Clearwater Tech,ACC-011-U015,Flow,feature_use,2026-02-26T19:37:00,8.9
EVT-003554,ACC-011,Clearwater Tech,ACC-011-U030,Canvas,export,2026-02-26T17:00:00,6.4
EVT-003555,ACC-011,Clearwater Tech,ACC-011-U018,Canvas,export,2026-02-26T17:20:00,3.5
EVT-003556,ACC-011,Clearwater Tech,ACC-011-U005,Insight,feature_use,2026-02-26T08:43:00,49.8
EVT-003557,ACC-011,Clearwater Tech,ACC-011-U041,Canvas,login,2026-02-26T12:26:00,24.9
EVT-003558,ACC-011,Clearwater Tech,ACC-011-U056,Canvas,feature_use,2026-02-27T13:56:00,24.8
EVT-003559,ACC-011,Clearwater Tech,ACC-011-U056,Flow,login,2026-02-27T14:35:00,42.1
EVT-003560,ACC-011,Clearwater Tech,ACC-011-U035,Canvas,login,2026-02-27T09:52:00,37.3
EVT-003561,ACC-011,Clearwater Tech,ACC-011-U007,Insight,feature_use,2026-02-27T17:25:00,22.4
EVT-003562,ACC-011,Clearwater Tech,ACC-011-U059,Flow,login,2026-02-27T16:55:00,7.0
EVT-003563,ACC-011,Clearwater Tech,ACC-011-U011,Insight,feature_use,2026-02-27T18:03:00,46.5
EVT-003564,ACC-011,Clearwater Tech,ACC-011-U054,Insight,invite_sent,2026-02-27T11:28:00,5.0
EVT-003565,ACC-011,Clearwater Tech,ACC-011-U031,Canvas,feature_use,2026-02-27T18:15:00,38.6
EVT-003566,ACC-011,Clearwater Tech,ACC-011-U008,Insight,login,2026-02-28T13:59:00,34.4
EVT-003567,ACC-011,Clearwater Tech,ACC-011-U054,Canvas,export,2026-03-01T10:22:00,3.8
EVT-003568,ACC-011,Clearwater Tech,ACC-011-U057,Flow,feature_use,2026-03-02T12:02:00,19.4
EVT-003569,ACC-011,Clearwater Tech,ACC-011-U007,Flow,login,2026-03-02T17:34:00,19.2
EVT-003570,ACC-011,Clearwater Tech,ACC-011-U023,Insight,feature_use,2026-03-02T10:04:00,31.7
EVT-003571,ACC-011,Clearwater Tech,ACC-011-U016,Insight,login,2026-03-02T16:11:00,20.1
EVT-003572,ACC-011,Clearwater Tech,ACC-011-U021,Flow,feature_use,2026-03-02T08:58:00,57.3
EVT-003573,ACC-011,Clearwater Tech,ACC-011-U007,Flow,export,2026-03-02T12:44:00,9.1
EVT-003574,ACC-011,Clearwater Tech,ACC-011-U056,Canvas,feature_use,2026-03-03T16:24:00,40.9
EVT-003575,ACC-011,Clearwater Tech,ACC-011-U054,Canvas,export,2026-03-03T18:24:00,7.2
EVT-003576,ACC-011,Clearwater Tech,ACC-011-U034,Flow,invite_sent,2026-03-03T12:51:00,1.6
EVT-003577,ACC-011,Clearwater Tech,ACC-011-U018,Canvas,feature_use,2026-03-03T15:22:00,4.4
EVT-003578,ACC-011,Clearwater Tech,ACC-011-U009,Flow,feature_use,2026-03-03T16:44:00,46.2
EVT-003579,ACC-011,Clearwater Tech,ACC-011-U054,Flow,login,2026-03-04T15:20:00,38.1
EVT-003580,ACC-011,Clearwater Tech,ACC-011-U063,Canvas,login,2026-03-04T18:22:00,1.2
EVT-003581,ACC-011,Clearwater Tech,ACC-011-U023,Canvas,login,2026-03-04T10:09:00,40.8
EVT-003582,ACC-011,Clearwater Tech,ACC-011-U038,Flow,login,2026-03-04T18:00:00,30.4
EVT-003583,ACC-011,Clearwater Tech,ACC-011-U033,Flow,feature_use,2026-03-04T19:23:00,46.0
EVT-003584,ACC-011,Clearwater Tech,ACC-011-U017,Canvas,feature_use,2026-03-04T14:27:00,48.2
EVT-003585,ACC-011,Clearwater Tech,ACC-011-U063,Flow,login,2026-03-05T10:54:00,18.5
EVT-003586,ACC-011,Clearwater Tech,ACC-011-U035,Flow,login,2026-03-05T16:57:00,21.6
EVT-003587,ACC-011,Clearwater Tech,ACC-011-U064,Insight,export,2026-03-05T10:56:00,3.1
EVT-003588,ACC-011,Clearwater Tech,ACC-011-U052,Flow,feature_use,2026-03-05T17:50:00,32.4
EVT-003589,ACC-011,Clearwater Tech,ACC-011-U026,Flow,feature_use,2026-03-05T12:15:00,39.0
EVT-003590,ACC-011,Clearwater Tech,ACC-011-U019,Canvas,export,2026-03-06T06:19:00,1.9
EVT-003591,ACC-011,Clearwater Tech,ACC-011-U067,Canvas,login,2026-03-06T16:47:00,33.2
EVT-003592,ACC-011,Clearwater Tech,ACC-011-U005,Insight,export,2026-03-06T18:57:00,1.5
EVT-003593,ACC-011,Clearwater Tech,ACC-011-U033,Flow,feature_use,2026-03-06T09:16:00,4.0
EVT-003594,ACC-011,Clearwater Tech,ACC-011-U068,Canvas,feature_use,2026-03-06T09:52:00,39.1
EVT-003595,ACC-011,Clearwater Tech,ACC-011-U004,Flow,invite_sent,2026-03-07T10:52:00,4.4
EVT-003596,ACC-011,Clearwater Tech,ACC-011-U016,Flow,feature_use,2026-03-09T10:51:00,21.1
EVT-003597,ACC-011,Clearwater Tech,ACC-011-U010,Canvas,feature_use,2026-03-09T14:10:00,48.6
EVT-003598,ACC-011,Clearwater Tech,ACC-011-U053,Insight,login,2026-03-09T16:32:00,1.3
EVT-003599,ACC-011,Clearwater Tech,ACC-011-U032,Canvas,feature_use,2026-03-09T08:37:00,40.3
EVT-003600,ACC-011,Clearwater Tech,ACC-011-U048,Canvas,login,2026-03-09T12:00:00,20.4
EVT-003601,ACC-011,Clearwater Tech,ACC-011-U044,Canvas,feature_use,2026-03-09T11:02:00,27.5
EVT-003602,ACC-011,Clearwater Tech,ACC-011-U049,Flow,login,2026-03-10T19:43:00,34.4
EVT-003603,ACC-011,Clearwater Tech,ACC-011-U026,Canvas,feature_use,2026-03-10T10:38:00,25.4
EVT-003604,ACC-011,Clearwater Tech,ACC-011-U024,Insight,login,2026-03-10T14:22:00,38.1
EVT-003605,ACC-011,Clearwater Tech,ACC-011-U032,Insight,login,2026-03-10T07:26:00,10.9
EVT-003606,ACC-011,Clearwater Tech,ACC-011-U048,Flow,api_call,2026-03-10T12:15:00,0.6
EVT-003607,ACC-011,Clearwater Tech,ACC-011-U017,Insight,export,2026-03-11T16:30:00,6.1
EVT-003608,ACC-011,Clearwater Tech,ACC-011-U060,Flow,api_call,2026-03-11T06:12:00,1.7
EVT-003609,ACC-011,Clearwater Tech,ACC-011-U002,Flow,feature_use,2026-03-11T13:17:00,41.7
EVT-003610,ACC-011,Clearwater Tech,ACC-011-U057,Flow,export,2026-03-11T10:18:00,5.4
EVT-003611,ACC-011,Clearwater Tech,ACC-011-U021,Insight,feature_use,2026-03-11T06:08:00,24.5
EVT-003612,ACC-011,Clearwater Tech,ACC-011-U022,Flow,feature_use,2026-03-11T11:56:00,6.3
EVT-003613,ACC-011,Clearwater Tech,ACC-011-U028,Flow,feature_use,2026-03-12T13:28:00,43.4
EVT-003614,ACC-011,Clearwater Tech,ACC-011-U067,Canvas,export,2026-03-12T14:35:00,4.9
EVT-003615,ACC-011,Clearwater Tech,ACC-011-U019,Canvas,export,2026-03-12T10:30:00,1.9
EVT-003616,ACC-011,Clearwater Tech,ACC-011-U001,Flow,feature_use,2026-03-12T15:04:00,17.9
EVT-003617,ACC-011,Clearwater Tech,ACC-011-U023,Flow,login,2026-03-12T11:39:00,18.0
EVT-003618,ACC-011,Clearwater Tech,ACC-011-U017,Flow,login,2026-03-13T19:02:00,34.5
EVT-003619,ACC-011,Clearwater Tech,ACC-011-U041,Flow,feature_use,2026-03-13T11:52:00,6.9
EVT-003620,ACC-011,Clearwater Tech,ACC-011-U019,Flow,feature_use,2026-03-13T10:24:00,56.9
EVT-003621,ACC-011,Clearwater Tech,ACC-011-U047,Canvas,export,2026-03-13T10:21:00,8.0
EVT-003622,ACC-011,Clearwater Tech,ACC-011-U050,Canvas,api_call,2026-03-13T18:46:00,0.9
EVT-003623,ACC-011,Clearwater Tech,ACC-011-U052,Canvas,api_call,2026-03-13T16:18:00,1.1
EVT-003624,ACC-011,Clearwater Tech,ACC-011-U009,Insight,export,2026-03-13T11:39:00,9.7
EVT-003625,ACC-011,Clearwater Tech,ACC-011-U023,Canvas,login,2026-03-13T18:51:00,38.6
EVT-003626,ACC-012,Horizon Pharma,ACC-012-U027,Canvas,login,2025-12-15T14:41:00,22.6
EVT-003627,ACC-012,Horizon Pharma,ACC-012-U047,Canvas,api_call,2025-12-15T14:43:00,0.4
EVT-003628,ACC-012,Horizon Pharma,ACC-012-U010,Canvas,feature_use,2025-12-15T15:18:00,26.0
EVT-003629,ACC-012,Horizon Pharma,ACC-012-U023,Canvas,export,2025-12-16T10:45:00,8.5
EVT-003630,ACC-012,Horizon Pharma,ACC-012-U023,Canvas,export,2025-12-16T08:46:00,1.0
EVT-003631,ACC-012,Horizon Pharma,ACC-012-U013,Canvas,export,2025-12-16T08:15:00,4.3
EVT-003632,ACC-012,Horizon Pharma,ACC-012-U016,Canvas,login,2025-12-16T19:02:00,19.6
EVT-003633,ACC-012,Horizon Pharma,ACC-012-U054,Canvas,feature_use,2025-12-17T11:17:00,50.0
EVT-003634,ACC-012,Horizon Pharma,ACC-012-U048,Canvas,export,2025-12-18T15:30:00,1.0
EVT-003635,ACC-012,Horizon Pharma,ACC-012-U016,Canvas,export,2025-12-18T19:10:00,3.3
EVT-003636,ACC-012,Horizon Pharma,ACC-012-U031,Canvas,invite_sent,2025-12-18T11:12:00,0.8
EVT-003637,ACC-012,Horizon Pharma,ACC-012-U033,Canvas,export,2025-12-18T13:09:00,8.6
EVT-003638,ACC-012,Horizon Pharma,ACC-012-U013,Canvas,feature_use,2025-12-18T18:36:00,59.5
EVT-003639,ACC-012,Horizon Pharma,ACC-012-U014,Canvas,api_call,2025-12-19T09:22:00,0.9
EVT-003640,ACC-012,Horizon Pharma,ACC-012-U019,Canvas,invite_sent,2025-12-19T20:14:00,2.3
EVT-003641,ACC-012,Horizon Pharma,ACC-012-U033,Canvas,feature_use,2025-12-19T12:56:00,20.6
EVT-003642,ACC-012,Horizon Pharma,ACC-012-U002,Canvas,feature_use,2025-12-19T11:51:00,6.1
EVT-003643,ACC-012,Horizon Pharma,ACC-012-U039,Canvas,invite_sent,2025-12-19T10:39:00,0.7
EVT-003644,ACC-012,Horizon Pharma,ACC-012-U030,Canvas,export,2025-12-19T16:44:00,2.0
EVT-003645,ACC-012,Horizon Pharma,ACC-012-U023,Canvas,login,2025-12-20T10:49:00,39.1
EVT-003646,ACC-012,Horizon Pharma,ACC-012-U040,Canvas,login,2025-12-22T08:21:00,43.5
EVT-003647,ACC-012,Horizon Pharma,ACC-012-U051,Canvas,login,2025-12-22T16:28:00,10.8
EVT-003648,ACC-012,Horizon Pharma,ACC-012-U040,Canvas,login,2025-12-22T12:26:00,15.6
EVT-003649,ACC-012,Horizon Pharma,ACC-012-U024,Canvas,feature_use,2025-12-23T18:15:00,37.0
EVT-003650,ACC-012,Horizon Pharma,ACC-012-U040,Canvas,login,2025-12-23T10:42:00,17.8
EVT-003651,ACC-012,Horizon Pharma,ACC-012-U047,Canvas,feature_use,2025-12-23T16:37:00,30.5
EVT-003652,ACC-012,Horizon Pharma,ACC-012-U021,Canvas,export,2025-12-23T18:12:00,4.3
EVT-003653,ACC-012,Horizon Pharma,ACC-012-U035,Canvas,feature_use,2025-12-23T17:11:00,15.4
EVT-003654,ACC-012,Horizon Pharma,ACC-012-U043,Canvas,api_call,2025-12-24T12:21:00,1.6
EVT-003655,ACC-012,Horizon Pharma,ACC-012-U034,Canvas,api_call,2025-12-24T15:16:00,0.3
EVT-003656,ACC-012,Horizon Pharma,ACC-012-U003,Canvas,login,2025-12-24T09:00:00,30.8
EVT-003657,ACC-012,Horizon Pharma,ACC-012-U018,Canvas,feature_use,2025-12-24T14:28:00,9.2
EVT-003658,ACC-012,Horizon Pharma,ACC-012-U013,Canvas,login,2025-12-24T14:42:00,38.0
EVT-003659,ACC-012,Horizon Pharma,ACC-012-U021,Canvas,feature_use,2025-12-25T10:18:00,18.3
EVT-003660,ACC-012,Horizon Pharma,ACC-012-U038,Canvas,feature_use,2025-12-25T17:07:00,4.9
EVT-003661,ACC-012,Horizon Pharma,ACC-012-U038,Canvas,feature_use,2025-12-25T16:21:00,58.9
EVT-003662,ACC-012,Horizon Pharma,ACC-012-U021,Canvas,api_call,2025-12-25T08:11:00,1.2
EVT-003663,ACC-012,Horizon Pharma,ACC-012-U033,Canvas,feature_use,2025-12-26T12:10:00,52.2
EVT-003664,ACC-012,Horizon Pharma,ACC-012-U050,Canvas,api_call,2025-12-26T13:35:00,0.6
EVT-003665,ACC-012,Horizon Pharma,ACC-012-U037,Canvas,feature_use,2025-12-26T12:55:00,51.3
EVT-003666,ACC-012,Horizon Pharma,ACC-012-U029,Canvas,login,2025-12-26T16:16:00,10.9
EVT-003667,ACC-012,Horizon Pharma,ACC-012-U008,Canvas,feature_use,2025-12-26T11:45:00,58.2
EVT-003668,ACC-012,Horizon Pharma,ACC-012-U027,Canvas,invite_sent,2025-12-27T17:19:00,3.3
EVT-003669,ACC-012,Horizon Pharma,ACC-012-U037,Canvas,api_call,2025-12-29T12:16:00,1.9
EVT-003670,ACC-012,Horizon Pharma,ACC-012-U050,Canvas,login,2025-12-29T15:54:00,33.8
EVT-003671,ACC-012,Horizon Pharma,ACC-012-U036,Canvas,feature_use,2025-12-29T19:33:00,20.8
EVT-003672,ACC-012,Horizon Pharma,ACC-012-U021,Canvas,login,2025-12-29T11:09:00,36.9
EVT-003673,ACC-012,Horizon Pharma,ACC-012-U012,Canvas,feature_use,2025-12-29T14:32:00,23.1
EVT-003674,ACC-012,Horizon Pharma,ACC-012-U040,Canvas,feature_use,2025-12-30T09:13:00,54.6
EVT-003675,ACC-012,Horizon Pharma,ACC-012-U009,Canvas,invite_sent,2025-12-30T13:35:00,3.4
EVT-003676,ACC-012,Horizon Pharma,ACC-012-U006,Canvas,login,2025-12-30T19:54:00,43.3
EVT-003677,ACC-012,Horizon Pharma,ACC-012-U028,Canvas,login,2025-12-30T09:01:00,21.0
EVT-003678,ACC-012,Horizon Pharma,ACC-012-U039,Canvas,feature_use,2025-12-30T18:08:00,23.7
EVT-003679,ACC-012,Horizon Pharma,ACC-012-U012,Canvas,api_call,2025-12-31T13:47:00,0.9
EVT-003680,ACC-012,Horizon Pharma,ACC-012-U014,Canvas,feature_use,2025-12-31T16:45:00,39.2
EVT-003681,ACC-012,Horizon Pharma,ACC-012-U030,Canvas,export,2025-12-31T06:14:00,1.6
EVT-003682,ACC-012,Horizon Pharma,ACC-012-U002,Canvas,login,2025-12-31T14:25:00,21.6
EVT-003683,ACC-012,Horizon Pharma,ACC-012-U012,Canvas,feature_use,2026-01-01T13:16:00,46.9
EVT-003684,ACC-012,Horizon Pharma,ACC-012-U052,Canvas,export,2026-01-01T21:42:00,1.4
EVT-003685,ACC-012,Horizon Pharma,ACC-012-U050,Canvas,login,2026-01-01T18:33:00,5.4
EVT-003686,ACC-012,Horizon Pharma,ACC-012-U046,Canvas,feature_use,2026-01-02T17:43:00,57.3
EVT-003687,ACC-012,Horizon Pharma,ACC-012-U022,Canvas,feature_use,2026-01-02T15:03:00,16.8
EVT-003688,ACC-012,Horizon Pharma,ACC-012-U034,Canvas,feature_use,2026-01-02T12:42:00,7.6
EVT-003689,ACC-012,Horizon Pharma,ACC-012-U029,Canvas,feature_use,2026-01-03T13:27:00,46.4
EVT-003690,ACC-012,Horizon Pharma,ACC-012-U038,Canvas,export,2026-01-03T10:36:00,1.7
EVT-003691,ACC-012,Horizon Pharma,ACC-012-U027,Canvas,export,2026-01-03T17:08:00,4.0
EVT-003692,ACC-012,Horizon Pharma,ACC-012-U042,Canvas,export,2026-01-03T12:14:00,4.0
EVT-003693,ACC-012,Horizon Pharma,ACC-012-U014,Canvas,feature_use,2026-01-04T18:37:00,14.2
EVT-003694,ACC-012,Horizon Pharma,ACC-012-U014,Canvas,login,2026-01-04T19:56:00,43.2
EVT-003695,ACC-012,Horizon Pharma,ACC-012-U010,Canvas,feature_use,2026-01-05T11:16:00,21.4
EVT-003696,ACC-012,Horizon Pharma,ACC-012-U051,Canvas,feature_use,2026-01-05T09:44:00,25.7
EVT-003697,ACC-012,Horizon Pharma,ACC-012-U038,Canvas,export,2026-01-05T16:40:00,1.1
EVT-003698,ACC-012,Horizon Pharma,ACC-012-U009,Canvas,api_call,2026-01-05T15:30:00,0.6
EVT-003699,ACC-012,Horizon Pharma,ACC-012-U051,Canvas,api_call,2026-01-05T14:25:00,1.5
EVT-003700,ACC-012,Horizon Pharma,ACC-012-U012,Canvas,feature_use,2026-01-06T16:52:00,17.3
EVT-003701,ACC-012,Horizon Pharma,ACC-012-U013,Canvas,export,2026-01-06T13:30:00,7.9
EVT-003702,ACC-012,Horizon Pharma,ACC-012-U038,Canvas,login,2026-01-06T11:41:00,4.1
EVT-003703,ACC-012,Horizon Pharma,ACC-012-U026,Canvas,feature_use,2026-01-07T18:47:00,48.2
EVT-003704,ACC-012,Horizon Pharma,ACC-012-U039,Canvas,login,2026-01-07T11:14:00,42.2
EVT-003705,ACC-012,Horizon Pharma,ACC-012-U046,Canvas,feature_use,2026-01-07T10:47:00,40.4
EVT-003706,ACC-012,Horizon Pharma,ACC-012-U029,Canvas,login,2026-01-07T12:54:00,34.3
EVT-003707,ACC-012,Horizon Pharma,ACC-012-U003,Canvas,export,2026-01-07T11:28:00,9.0
EVT-003708,ACC-012,Horizon Pharma,ACC-012-U040,Canvas,feature_use,2026-01-07T07:35:00,21.3
EVT-003709,ACC-012,Horizon Pharma,ACC-012-U036,Canvas,login,2026-01-08T16:37:00,26.5
EVT-003710,ACC-012,Horizon Pharma,ACC-012-U025,Canvas,feature_use,2026-01-08T12:25:00,50.7
EVT-003711,ACC-012,Horizon Pharma,ACC-012-U042,Canvas,login,2026-01-08T12:45:00,18.3
EVT-003712,ACC-012,Horizon Pharma,ACC-012-U034,Canvas,feature_use,2026-01-08T11:28:00,7.4
EVT-003713,ACC-012,Horizon Pharma,ACC-012-U006,Canvas,api_call,2026-01-08T17:54:00,1.9
EVT-003714,ACC-012,Horizon Pharma,ACC-012-U031,Canvas,feature_use,2026-01-09T16:30:00,36.3
EVT-003715,ACC-012,Horizon Pharma,ACC-012-U020,Canvas,export,2026-01-09T12:48:00,9.3
EVT-003716,ACC-012,Horizon Pharma,ACC-012-U044,Canvas,feature_use,2026-01-09T10:52:00,43.1
EVT-003717,ACC-012,Horizon Pharma,ACC-012-U037,Canvas,feature_use,2026-01-10T17:26:00,14.1
EVT-003718,ACC-012,Horizon Pharma,ACC-012-U011,Canvas,feature_use,2026-01-11T09:38:00,7.8
EVT-003719,ACC-012,Horizon Pharma,ACC-012-U012,Canvas,export,2026-01-12T18:11:00,5.9
EVT-003720,ACC-012,Horizon Pharma,ACC-012-U015,Canvas,export,2026-01-12T09:54:00,4.2
EVT-003721,ACC-012,Horizon Pharma,ACC-012-U022,Canvas,login,2026-01-12T10:51:00,33.0
EVT-003722,ACC-012,Horizon Pharma,ACC-012-U014,Canvas,feature_use,2026-01-12T12:42:00,56.8
EVT-003723,ACC-012,Horizon Pharma,ACC-012-U027,Canvas,login,2026-01-12T11:02:00,13.2
EVT-003724,ACC-012,Horizon Pharma,ACC-012-U022,Canvas,api_call,2026-01-12T16:59:00,0.6
EVT-003725,ACC-012,Horizon Pharma,ACC-012-U042,Canvas,export,2026-01-12T14:59:00,1.4
EVT-003726,ACC-012,Horizon Pharma,ACC-012-U007,Canvas,feature_use,2026-01-13T17:18:00,50.3
EVT-003727,ACC-012,Horizon Pharma,ACC-012-U042,Canvas,login,2026-01-13T11:28:00,10.6
EVT-003728,ACC-012,Horizon Pharma,ACC-012-U053,Canvas,export,2026-01-13T10:30:00,4.7
EVT-003729,ACC-012,Horizon Pharma,ACC-012-U039,Canvas,login,2026-01-13T16:58:00,39.1
EVT-003730,ACC-012,Horizon Pharma,ACC-012-U019,Canvas,feature_use,2026-01-13T09:00:00,38.1
EVT-003731,ACC-012,Horizon Pharma,ACC-012-U004,Canvas,feature_use,2026-01-14T16:59:00,35.6
EVT-003732,ACC-012,Horizon Pharma,ACC-012-U008,Canvas,feature_use,2026-01-14T16:31:00,8.3
EVT-003733,ACC-012,Horizon Pharma,ACC-012-U046,Canvas,feature_use,2026-01-14T15:41:00,23.8
EVT-003734,ACC-012,Horizon Pharma,ACC-012-U017,Canvas,feature_use,2026-01-14T13:38:00,49.0
EVT-003735,ACC-012,Horizon Pharma,ACC-012-U038,Canvas,api_call,2026-01-14T12:15:00,1.8
EVT-003736,ACC-012,Horizon Pharma,ACC-012-U032,Canvas,invite_sent,2026-01-14T17:38:00,1.7
EVT-003737,ACC-012,Horizon Pharma,ACC-012-U020,Canvas,feature_use,2026-01-15T15:54:00,36.8
EVT-003738,ACC-012,Horizon Pharma,ACC-012-U052,Canvas,export,2026-01-15T08:49:00,8.3
EVT-003739,ACC-012,Horizon Pharma,ACC-012-U005,Canvas,feature_use,2026-01-15T11:47:00,3.7
EVT-003740,ACC-012,Horizon Pharma,ACC-012-U022,Canvas,login,2026-01-15T12:02:00,15.2
EVT-003741,ACC-012,Horizon Pharma,ACC-012-U033,Canvas,feature_use,2026-01-15T18:18:00,18.8
EVT-003742,ACC-012,Horizon Pharma,ACC-012-U013,Canvas,api_call,2026-01-15T13:08:00,1.5
EVT-003743,ACC-012,Horizon Pharma,ACC-012-U044,Canvas,login,2026-01-15T08:48:00,39.9
EVT-003744,ACC-012,Horizon Pharma,ACC-012-U025,Canvas,feature_use,2026-01-16T10:37:00,56.5
EVT-003745,ACC-012,Horizon Pharma,ACC-012-U025,Canvas,login,2026-01-16T13:15:00,29.2
EVT-003746,ACC-012,Horizon Pharma,ACC-012-U049,Canvas,feature_use,2026-01-16T15:31:00,35.4
EVT-003747,ACC-012,Horizon Pharma,ACC-012-U034,Canvas,invite_sent,2026-01-16T16:43:00,4.1
EVT-003748,ACC-012,Horizon Pharma,ACC-012-U042,Canvas,invite_sent,2026-01-16T12:08:00,3.5
EVT-003749,ACC-012,Horizon Pharma,ACC-012-U039,Canvas,feature_use,2026-01-17T15:09:00,43.5
EVT-003750,ACC-012,Horizon Pharma,ACC-012-U011,Canvas,feature_use,2026-01-18T13:20:00,9.9
EVT-003751,ACC-012,Horizon Pharma,ACC-012-U024,Canvas,feature_use,2026-01-19T15:23:00,15.4
EVT-003752,ACC-012,Horizon Pharma,ACC-012-U036,Canvas,export,2026-01-19T11:51:00,9.8
EVT-003753,ACC-012,Horizon Pharma,ACC-012-U054,Canvas,feature_use,2026-01-19T10:49:00,26.7
EVT-003754,ACC-012,Horizon Pharma,ACC-012-U041,Canvas,feature_use,2026-01-19T14:50:00,34.2
EVT-003755,ACC-012,Horizon Pharma,ACC-012-U038,Canvas,feature_use,2026-01-19T19:14:00,56.8
EVT-003756,ACC-012,Horizon Pharma,ACC-012-U012,Canvas,login,2026-01-19T16:10:00,44.1
EVT-003757,ACC-012,Horizon Pharma,ACC-012-U055,Canvas,feature_use,2026-01-20T11:22:00,59.8
EVT-003758,ACC-012,Horizon Pharma,ACC-012-U048,Canvas,export,2026-01-20T11:06:00,7.8
EVT-003759,ACC-012,Horizon Pharma,ACC-012-U007,Canvas,api_call,2026-01-20T15:28:00,1.5
EVT-003760,ACC-012,Horizon Pharma,ACC-012-U022,Canvas,feature_use,2026-01-20T08:21:00,3.7
EVT-003761,ACC-012,Horizon Pharma,ACC-012-U002,Canvas,login,2026-01-20T11:20:00,24.8
EVT-003762,ACC-012,Horizon Pharma,ACC-012-U048,Canvas,login,2026-01-20T11:23:00,22.3
EVT-003763,ACC-012,Horizon Pharma,ACC-012-U014,Canvas,login,2026-01-21T07:17:00,29.5
EVT-003764,ACC-012,Horizon Pharma,ACC-012-U053,Canvas,login,2026-01-21T17:21:00,2.8
EVT-003765,ACC-012,Horizon Pharma,ACC-012-U046,Canvas,api_call,2026-01-21T09:40:00,1.2
EVT-003766,ACC-012,Horizon Pharma,ACC-012-U011,Canvas,feature_use,2026-01-21T15:02:00,53.8
EVT-003767,ACC-012,Horizon Pharma,ACC-012-U014,Canvas,feature_use,2026-01-21T10:27:00,20.5
EVT-003768,ACC-012,Horizon Pharma,ACC-012-U001,Canvas,api_call,2026-01-21T15:13:00,0.5
EVT-003769,ACC-012,Horizon Pharma,ACC-012-U024,Canvas,login,2026-01-21T10:23:00,7.2
EVT-003770,ACC-012,Horizon Pharma,ACC-012-U053,Canvas,feature_use,2026-01-22T09:00:00,51.0
EVT-003771,ACC-012,Horizon Pharma,ACC-012-U054,Canvas,export,2026-01-22T14:28:00,1.5
EVT-003772,ACC-012,Horizon Pharma,ACC-012-U012,Canvas,feature_use,2026-01-22T14:07:00,3.8
EVT-003773,ACC-012,Horizon Pharma,ACC-012-U045,Canvas,invite_sent,2026-01-22T09:57:00,4.6
EVT-003774,ACC-012,Horizon Pharma,ACC-012-U007,Canvas,api_call,2026-01-22T12:06:00,1.1
EVT-003775,ACC-012,Horizon Pharma,ACC-012-U042,Canvas,feature_use,2026-01-22T10:16:00,8.8
EVT-003776,ACC-012,Horizon Pharma,ACC-012-U018,Canvas,feature_use,2026-01-23T10:48:00,16.2
EVT-003777,ACC-012,Horizon Pharma,ACC-012-U047,Canvas,login,2026-01-23T18:11:00,19.7
EVT-003778,ACC-012,Horizon Pharma,ACC-012-U016,Canvas,login,2026-01-23T10:05:00,41.0
EVT-003779,ACC-012,Horizon Pharma,ACC-012-U036,Canvas,login,2026-01-23T16:23:00,12.7
EVT-003780,ACC-012,Horizon Pharma,ACC-012-U007,Canvas,login,2026-01-23T15:32:00,43.6
EVT-003781,ACC-012,Horizon Pharma,ACC-012-U050,Canvas,export,2026-01-23T20:16:00,3.6
EVT-003782,ACC-012,Horizon Pharma,ACC-012-U015,Canvas,api_call,2026-01-23T17:35:00,1.9
EVT-003783,ACC-012,Horizon Pharma,ACC-012-U009,Canvas,api_call,2026-01-24T11:11:00,1.5
EVT-003784,ACC-012,Horizon Pharma,ACC-012-U036,Canvas,login,2026-01-24T11:43:00,36.3
EVT-003785,ACC-012,Horizon Pharma,ACC-012-U017,Canvas,login,2026-01-25T11:24:00,7.8
EVT-003786,ACC-012,Horizon Pharma,ACC-012-U020,Canvas,login,2026-01-25T16:53:00,42.6
EVT-003787,ACC-012,Horizon Pharma,ACC-012-U053,Canvas,feature_use,2026-01-26T10:39:00,42.5
EVT-003788,ACC-012,Horizon Pharma,ACC-012-U010,Canvas,feature_use,2026-01-26T16:09:00,9.0
EVT-003789,ACC-012,Horizon Pharma,ACC-012-U017,Canvas,login,2026-01-26T10:26:00,11.9
EVT-003790,ACC-012,Horizon Pharma,ACC-012-U052,Canvas,feature_use,2026-01-26T12:27:00,44.1
EVT-003791,ACC-012,Horizon Pharma,ACC-012-U004,Canvas,feature_use,2026-01-26T16:34:00,51.1
EVT-003792,ACC-012,Horizon Pharma,ACC-012-U047,Canvas,export,2026-01-26T09:36:00,6.3
EVT-003793,ACC-012,Horizon Pharma,ACC-012-U026,Canvas,feature_use,2026-01-26T09:26:00,14.1
EVT-003794,ACC-012,Horizon Pharma,ACC-012-U028,Canvas,feature_use,2026-01-26T20:53:00,31.2
EVT-003795,ACC-012,Horizon Pharma,ACC-012-U003,Canvas,api_call,2026-01-27T13:12:00,1.2
EVT-003796,ACC-012,Horizon Pharma,ACC-012-U053,Canvas,export,2026-01-27T15:56:00,8.2
EVT-003797,ACC-012,Horizon Pharma,ACC-012-U046,Canvas,login,2026-01-27T14:00:00,18.7
EVT-003798,ACC-012,Horizon Pharma,ACC-012-U022,Canvas,feature_use,2026-01-27T18:55:00,33.7
EVT-003799,ACC-012,Horizon Pharma,ACC-012-U028,Canvas,invite_sent,2026-01-27T11:49:00,0.8
EVT-003800,ACC-012,Horizon Pharma,ACC-012-U029,Canvas,feature_use,2026-01-27T13:16:00,8.4
EVT-003801,ACC-012,Horizon Pharma,ACC-012-U017,Canvas,feature_use,2026-01-27T15:49:00,7.8
EVT-003802,ACC-012,Horizon Pharma,ACC-012-U009,Canvas,login,2026-01-28T17:56:00,39.1
EVT-003803,ACC-012,Horizon Pharma,ACC-012-U002,Canvas,feature_use,2026-01-28T18:04:00,43.4
EVT-003804,ACC-012,Horizon Pharma,ACC-012-U016,Canvas,feature_use,2026-01-28T19:33:00,13.5
EVT-003805,ACC-012,Horizon Pharma,ACC-012-U021,Canvas,api_call,2026-01-28T13:26:00,0.2
EVT-003806,ACC-012,Horizon Pharma,ACC-012-U024,Canvas,export,2026-01-28T17:59:00,6.0
EVT-003807,ACC-012,Horizon Pharma,ACC-012-U010,Canvas,login,2026-01-28T10:12:00,20.5
EVT-003808,ACC-012,Horizon Pharma,ACC-012-U015,Canvas,login,2026-01-29T10:07:00,8.4
EVT-003809,ACC-012,Horizon Pharma,ACC-012-U003,Canvas,login,2026-01-29T10:08:00,35.5
EVT-003810,ACC-012,Horizon Pharma,ACC-012-U050,Canvas,export,2026-01-29T16:16:00,2.6
EVT-003811,ACC-012,Horizon Pharma,ACC-012-U044,Canvas,login,2026-01-29T15:35:00,30.5
EVT-003812,ACC-012,Horizon Pharma,ACC-012-U026,Canvas,export,2026-01-29T10:05:00,4.3
EVT-003813,ACC-012,Horizon Pharma,ACC-012-U029,Canvas,export,2026-01-29T11:34:00,4.2
EVT-003814,ACC-012,Horizon Pharma,ACC-012-U030,Canvas,feature_use,2026-01-29T17:11:00,38.9
EVT-003815,ACC-012,Horizon Pharma,ACC-012-U016,Canvas,export,2026-01-30T21:45:00,7.9
EVT-003816,ACC-012,Horizon Pharma,ACC-012-U053,Canvas,login,2026-01-30T09:48:00,10.2
EVT-003817,ACC-012,Horizon Pharma,ACC-012-U001,Canvas,feature_use,2026-01-30T09:05:00,18.1
EVT-003818,ACC-012,Horizon Pharma,ACC-012-U038,Canvas,login,2026-01-30T15:58:00,40.0
EVT-003819,ACC-012,Horizon Pharma,ACC-012-U044,Canvas,login,2026-01-30T12:11:00,38.4
EVT-003820,ACC-012,Horizon Pharma,ACC-012-U055,Canvas,export,2026-01-30T21:47:00,2.9
EVT-003821,ACC-012,Horizon Pharma,ACC-012-U035,Canvas,export,2026-01-30T19:14:00,4.6
EVT-003822,ACC-012,Horizon Pharma,ACC-012-U005,Canvas,api_call,2026-02-02T16:24:00,1.9
EVT-003823,ACC-012,Horizon Pharma,ACC-012-U009,Canvas,login,2026-02-02T16:01:00,19.2
EVT-003824,ACC-012,Horizon Pharma,ACC-012-U053,Canvas,feature_use,2026-02-02T12:28:00,58.1
EVT-003825,ACC-012,Horizon Pharma,ACC-012-U012,Canvas,login,2026-02-02T14:23:00,30.2
EVT-003826,ACC-012,Horizon Pharma,ACC-012-U009,Canvas,feature_use,2026-02-02T09:31:00,13.9
EVT-003827,ACC-012,Horizon Pharma,ACC-012-U004,Canvas,login,2026-02-02T11:29:00,44.3
EVT-003828,ACC-012,Horizon Pharma,ACC-012-U021,Canvas,feature_use,2026-02-02T17:06:00,44.5
EVT-003829,ACC-012,Horizon Pharma,ACC-012-U017,Canvas,feature_use,2026-02-03T10:00:00,49.4
EVT-003830,ACC-012,Horizon Pharma,ACC-012-U055,Canvas,api_call,2026-02-03T18:29:00,0.9
EVT-003831,ACC-012,Horizon Pharma,ACC-012-U006,Canvas,login,2026-02-03T08:06:00,29.6
EVT-003832,ACC-012,Horizon Pharma,ACC-012-U051,Canvas,login,2026-02-03T09:33:00,10.8
EVT-003833,ACC-012,Horizon Pharma,ACC-012-U047,Canvas,login,2026-02-03T19:30:00,42.3
EVT-003834,ACC-012,Horizon Pharma,ACC-012-U003,Canvas,invite_sent,2026-02-03T07:04:00,2.4
EVT-003835,ACC-012,Horizon Pharma,ACC-012-U032,Canvas,login,2026-02-04T08:27:00,42.9
EVT-003836,ACC-012,Horizon Pharma,ACC-012-U018,Canvas,export,2026-02-04T12:32:00,8.2
EVT-003837,ACC-012,Horizon Pharma,ACC-012-U008,Canvas,login,2026-02-04T19:38:00,23.8
EVT-003838,ACC-012,Horizon Pharma,ACC-012-U020,Canvas,feature_use,2026-02-04T09:17:00,22.3
EVT-003839,ACC-012,Horizon Pharma,ACC-012-U016,Canvas,feature_use,2026-02-04T16:18:00,6.7
EVT-003840,ACC-012,Horizon Pharma,ACC-012-U016,Canvas,feature_use,2026-02-04T10:27:00,46.4
EVT-003841,ACC-012,Horizon Pharma,ACC-012-U042,Canvas,invite_sent,2026-02-05T16:20:00,1.7
EVT-003842,ACC-012,Horizon Pharma,ACC-012-U052,Canvas,feature_use,2026-02-05T10:17:00,50.8
EVT-003843,ACC-012,Horizon Pharma,ACC-012-U045,Canvas,invite_sent,2026-02-05T17:30:00,4.2
EVT-003844,ACC-012,Horizon Pharma,ACC-012-U015,Canvas,export,2026-02-05T09:27:00,5.3
EVT-003845,ACC-012,Horizon Pharma,ACC-012-U013,Canvas,login,2026-02-05T17:04:00,42.9
EVT-003846,ACC-012,Horizon Pharma,ACC-012-U011,Canvas,login,2026-02-05T17:13:00,44.3
EVT-003847,ACC-012,Horizon Pharma,ACC-012-U016,Canvas,feature_use,2026-02-06T10:56:00,25.6
EVT-003848,ACC-012,Horizon Pharma,ACC-012-U029,Canvas,login,2026-02-06T09:38:00,42.4
EVT-003849,ACC-012,Horizon Pharma,ACC-012-U003,Canvas,login,2026-02-06T16:57:00,31.4
EVT-003850,ACC-012,Horizon Pharma,ACC-012-U016,Canvas,export,2026-02-06T18:39:00,5.6
EVT-003851,ACC-012,Horizon Pharma,ACC-012-U002,Canvas,feature_use,2026-02-06T09:07:00,48.5
EVT-003852,ACC-012,Horizon Pharma,ACC-012-U022,Canvas,login,2026-02-07T13:22:00,18.2
EVT-003853,ACC-012,Horizon Pharma,ACC-012-U008,Canvas,feature_use,2026-02-07T16:27:00,22.6
EVT-003854,ACC-012,Horizon Pharma,ACC-012-U030,Canvas,feature_use,2026-02-08T10:12:00,43.4
EVT-003855,ACC-012,Horizon Pharma,ACC-012-U052,Canvas,login,2026-02-08T10:58:00,22.6
EVT-003856,ACC-012,Horizon Pharma,ACC-012-U035,Canvas,feature_use,2026-02-09T16:14:00,48.6
EVT-003857,ACC-012,Horizon Pharma,ACC-012-U028,Canvas,export,2026-02-09T10:37:00,2.6
EVT-003858,ACC-012,Horizon Pharma,ACC-012-U035,Canvas,login,2026-02-09T15:27:00,23.9
EVT-003859,ACC-012,Horizon Pharma,ACC-012-U039,Canvas,feature_use,2026-02-09T11:06:00,7.8
EVT-003860,ACC-012,Horizon Pharma,ACC-012-U039,Canvas,export,2026-02-09T07:21:00,1.5
EVT-003861,ACC-012,Horizon Pharma,ACC-012-U050,Canvas,api_call,2026-02-09T10:16:00,1.4
EVT-003862,ACC-012,Horizon Pharma,ACC-012-U046,Canvas,feature_use,2026-02-10T20:35:00,59.1
EVT-003863,ACC-012,Horizon Pharma,ACC-012-U024,Canvas,feature_use,2026-02-10T10:07:00,12.7
EVT-003864,ACC-012,Horizon Pharma,ACC-012-U029,Canvas,login,2026-02-10T13:39:00,29.6
EVT-003865,ACC-012,Horizon Pharma,ACC-012-U012,Canvas,login,2026-02-10T10:59:00,5.7
EVT-003866,ACC-012,Horizon Pharma,ACC-012-U046,Canvas,api_call,2026-02-11T07:20:00,1.8
EVT-003867,ACC-012,Horizon Pharma,ACC-012-U045,Canvas,feature_use,2026-02-11T13:54:00,56.8
EVT-003868,ACC-012,Horizon Pharma,ACC-012-U042,Canvas,feature_use,2026-02-11T09:32:00,8.8
EVT-003869,ACC-012,Horizon Pharma,ACC-012-U046,Canvas,feature_use,2026-02-11T13:20:00,45.5
EVT-003870,ACC-012,Horizon Pharma,ACC-012-U002,Canvas,login,2026-02-12T16:13:00,40.2
EVT-003871,ACC-012,Horizon Pharma,ACC-012-U023,Canvas,login,2026-02-12T08:27:00,35.7
EVT-003872,ACC-012,Horizon Pharma,ACC-012-U018,Canvas,invite_sent,2026-02-12T11:14:00,3.2
EVT-003873,ACC-012,Horizon Pharma,ACC-012-U052,Canvas,feature_use,2026-02-12T17:16:00,44.4
EVT-003874,ACC-012,Horizon Pharma,ACC-012-U047,Canvas,feature_use,2026-02-12T20:00:00,38.5
EVT-003875,ACC-012,Horizon Pharma,ACC-012-U049,Canvas,feature_use,2026-02-12T07:06:00,40.2
EVT-003876,ACC-012,Horizon Pharma,ACC-012-U011,Canvas,feature_use,2026-02-13T11:57:00,37.5
EVT-003877,ACC-012,Horizon Pharma,ACC-012-U031,Canvas,api_call,2026-02-13T15:07:00,1.9
EVT-003878,ACC-012,Horizon Pharma,ACC-012-U034,Canvas,api_call,2026-02-13T18:47:00,2.0
EVT-003879,ACC-012,Horizon Pharma,ACC-012-U052,Canvas,feature_use,2026-02-13T17:38:00,30.2
EVT-003880,ACC-012,Horizon Pharma,ACC-012-U004,Canvas,feature_use,2026-02-13T11:58:00,58.6
EVT-003881,ACC-012,Horizon Pharma,ACC-012-U028,Canvas,feature_use,2026-02-13T17:54:00,46.0
EVT-003882,ACC-012,Horizon Pharma,ACC-012-U050,Canvas,login,2026-02-15T08:40:00,14.8
EVT-003883,ACC-012,Horizon Pharma,ACC-012-U006,Canvas,invite_sent,2026-02-15T18:42:00,4.6
EVT-003884,ACC-012,Horizon Pharma,ACC-012-U027,Canvas,feature_use,2026-02-16T08:16:00,4.1
EVT-003885,ACC-012,Horizon Pharma,ACC-012-U049,Canvas,invite_sent,2026-02-16T13:00:00,2.1
EVT-003886,ACC-012,Horizon Pharma,ACC-012-U027,Canvas,login,2026-02-16T07:45:00,13.9
EVT-003887,ACC-012,Horizon Pharma,ACC-012-U055,Canvas,api_call,2026-02-16T13:33:00,0.6
EVT-003888,ACC-012,Horizon Pharma,ACC-012-U049,Canvas,login,2026-02-16T17:22:00,43.6
EVT-003889,ACC-012,Horizon Pharma,ACC-012-U048,Canvas,export,2026-02-17T14:07:00,4.4
EVT-003890,ACC-012,Horizon Pharma,ACC-012-U048,Canvas,feature_use,2026-02-17T09:01:00,20.6
EVT-003891,ACC-012,Horizon Pharma,ACC-012-U013,Canvas,export,2026-02-17T15:43:00,3.3
EVT-003892,ACC-012,Horizon Pharma,ACC-012-U009,Canvas,api_call,2026-02-17T16:46:00,1.0
EVT-003893,ACC-012,Horizon Pharma,ACC-012-U033,Canvas,api_call,2026-02-17T17:06:00,1.7
EVT-003894,ACC-012,Horizon Pharma,ACC-012-U054,Canvas,export,2026-02-17T16:10:00,9.0
EVT-003895,ACC-012,Horizon Pharma,ACC-012-U018,Canvas,login,2026-02-18T08:05:00,40.4
EVT-003896,ACC-012,Horizon Pharma,ACC-012-U003,Canvas,api_call,2026-02-18T11:47:00,1.3
EVT-003897,ACC-012,Horizon Pharma,ACC-012-U046,Canvas,export,2026-02-18T14:45:00,9.4
EVT-003898,ACC-012,Horizon Pharma,ACC-012-U026,Canvas,export,2026-02-18T14:45:00,3.9
EVT-003899,ACC-012,Horizon Pharma,ACC-012-U003,Canvas,api_call,2026-02-18T13:58:00,0.7
EVT-003900,ACC-012,Horizon Pharma,ACC-012-U044,Canvas,login,2026-02-18T15:24:00,1.2
EVT-003901,ACC-012,Horizon Pharma,ACC-012-U008,Canvas,feature_use,2026-02-19T17:29:00,35.1
EVT-003902,ACC-012,Horizon Pharma,ACC-012-U016,Canvas,login,2026-02-19T12:28:00,24.7
EVT-003903,ACC-012,Horizon Pharma,ACC-012-U002,Canvas,feature_use,2026-02-19T12:03:00,42.6
EVT-003904,ACC-012,Horizon Pharma,ACC-012-U014,Canvas,feature_use,2026-02-19T18:10:00,37.3
EVT-003905,ACC-012,Horizon Pharma,ACC-012-U035,Canvas,export,2026-02-20T15:52:00,7.6
EVT-003906,ACC-012,Horizon Pharma,ACC-012-U038,Canvas,login,2026-02-20T11:28:00,14.3
EVT-003907,ACC-012,Horizon Pharma,ACC-012-U001,Canvas,api_call,2026-02-20T11:22:00,2.0
EVT-003908,ACC-012,Horizon Pharma,ACC-012-U035,Canvas,api_call,2026-02-20T18:08:00,1.0
EVT-003909,ACC-012,Horizon Pharma,ACC-012-U029,Canvas,export,2026-02-20T19:16:00,4.2
EVT-003910,ACC-012,Horizon Pharma,ACC-012-U044,Canvas,login,2026-02-20T15:39:00,37.6
EVT-003911,ACC-012,Horizon Pharma,ACC-012-U025,Canvas,feature_use,2026-02-21T16:41:00,44.8
EVT-003912,ACC-012,Horizon Pharma,ACC-012-U018,Canvas,api_call,2026-02-23T12:27:00,0.1
EVT-003913,ACC-012,Horizon Pharma,ACC-012-U028,Canvas,export,2026-02-23T13:43:00,2.7
EVT-003914,ACC-012,Horizon Pharma,ACC-012-U011,Canvas,feature_use,2026-02-23T16:52:00,39.6
EVT-003915,ACC-012,Horizon Pharma,ACC-012-U028,Canvas,login,2026-02-23T08:30:00,16.9
EVT-003916,ACC-012,Horizon Pharma,ACC-012-U021,Canvas,api_call,2026-02-23T10:31:00,0.9
EVT-003917,ACC-012,Horizon Pharma,ACC-012-U005,Canvas,feature_use,2026-02-24T13:30:00,37.9
EVT-003918,ACC-012,Horizon Pharma,ACC-012-U002,Canvas,login,2026-02-24T08:33:00,22.0
EVT-003919,ACC-012,Horizon Pharma,ACC-012-U044,Canvas,login,2026-02-24T11:47:00,38.4
EVT-003920,ACC-012,Horizon Pharma,ACC-012-U022,Canvas,login,2026-02-24T13:14:00,42.7
EVT-003921,ACC-012,Horizon Pharma,ACC-012-U009,Canvas,feature_use,2026-02-24T16:17:00,43.8
EVT-003922,ACC-012,Horizon Pharma,ACC-012-U040,Canvas,api_call,2026-02-25T09:05:00,1.2
EVT-003923,ACC-012,Horizon Pharma,ACC-012-U005,Canvas,login,2026-02-25T10:52:00,9.3
EVT-003924,ACC-012,Horizon Pharma,ACC-012-U030,Canvas,invite_sent,2026-02-25T12:27:00,3.2
EVT-003925,ACC-012,Horizon Pharma,ACC-012-U007,Canvas,feature_use,2026-02-25T10:59:00,17.5
EVT-003926,ACC-012,Horizon Pharma,ACC-012-U052,Canvas,api_call,2026-02-26T09:50:00,1.0
EVT-003927,ACC-012,Horizon Pharma,ACC-012-U013,Canvas,feature_use,2026-02-26T12:22:00,49.4
EVT-003928,ACC-012,Horizon Pharma,ACC-012-U053,Canvas,feature_use,2026-02-26T12:38:00,12.0
EVT-003929,ACC-012,Horizon Pharma,ACC-012-U044,Canvas,api_call,2026-02-26T11:49:00,1.3
EVT-003930,ACC-012,Horizon Pharma,ACC-012-U018,Canvas,api_call,2026-02-27T11:28:00,0.3
EVT-003931,ACC-012,Horizon Pharma,ACC-012-U043,Canvas,feature_use,2026-02-27T19:24:00,52.4
EVT-003932,ACC-012,Horizon Pharma,ACC-012-U016,Canvas,api_call,2026-02-27T16:31:00,0.6
EVT-003933,ACC-012,Horizon Pharma,ACC-012-U051,Canvas,export,2026-02-27T07:01:00,1.5
EVT-003934,ACC-012,Horizon Pharma,ACC-012-U004,Canvas,feature_use,2026-03-01T11:25:00,55.6
EVT-003935,ACC-012,Horizon Pharma,ACC-012-U045,Canvas,feature_use,2026-03-01T10:13:00,7.5
EVT-003936,ACC-012,Horizon Pharma,ACC-012-U053,Canvas,api_call,2026-03-02T06:06:00,2.0
EVT-003937,ACC-012,Horizon Pharma,ACC-012-U042,Canvas,login,2026-03-02T17:30:00,10.4
EVT-003938,ACC-012,Horizon Pharma,ACC-012-U018,Canvas,login,2026-03-02T06:42:00,40.0
EVT-003939,ACC-012,Horizon Pharma,ACC-012-U024,Canvas,feature_use,2026-03-02T17:35:00,7.4
EVT-003940,ACC-012,Horizon Pharma,ACC-012-U030,Canvas,api_call,2026-03-02T16:57:00,0.4
EVT-003941,ACC-012,Horizon Pharma,ACC-012-U020,Canvas,invite_sent,2026-03-02T10:24:00,2.4
EVT-003942,ACC-012,Horizon Pharma,ACC-012-U022,Canvas,api_call,2026-03-03T14:20:00,1.4
EVT-003943,ACC-012,Horizon Pharma,ACC-012-U043,Canvas,login,2026-03-03T13:38:00,43.4
EVT-003944,ACC-012,Horizon Pharma,ACC-012-U029,Canvas,export,2026-03-03T11:59:00,7.3
EVT-003945,ACC-012,Horizon Pharma,ACC-012-U011,Canvas,export,2026-03-04T12:07:00,7.2
EVT-003946,ACC-012,Horizon Pharma,ACC-012-U013,Canvas,feature_use,2026-03-04T09:33:00,17.7
EVT-003947,ACC-012,Horizon Pharma,ACC-012-U027,Canvas,export,2026-03-04T09:35:00,2.0
EVT-003948,ACC-012,Horizon Pharma,ACC-012-U018,Canvas,feature_use,2026-03-04T14:04:00,24.0
EVT-003949,ACC-012,Horizon Pharma,ACC-012-U011,Canvas,export,2026-03-04T11:31:00,8.8
EVT-003950,ACC-012,Horizon Pharma,ACC-012-U032,Canvas,feature_use,2026-03-04T12:20:00,45.1
EVT-003951,ACC-012,Horizon Pharma,ACC-012-U004,Canvas,invite_sent,2026-03-05T12:16:00,4.5
EVT-003952,ACC-012,Horizon Pharma,ACC-012-U005,Canvas,login,2026-03-05T08:46:00,7.3
EVT-003953,ACC-012,Horizon Pharma,ACC-012-U003,Canvas,login,2026-03-05T18:28:00,39.5
EVT-003954,ACC-012,Horizon Pharma,ACC-012-U041,Canvas,feature_use,2026-03-05T12:04:00,3.6
EVT-003955,ACC-012,Horizon Pharma,ACC-012-U017,Canvas,feature_use,2026-03-05T09:59:00,35.9
EVT-003956,ACC-012,Horizon Pharma,ACC-012-U012,Canvas,export,2026-03-06T06:57:00,5.8
EVT-003957,ACC-012,Horizon Pharma,ACC-012-U050,Canvas,feature_use,2026-03-06T11:23:00,13.2
EVT-003958,ACC-012,Horizon Pharma,ACC-012-U021,Canvas,feature_use,2026-03-06T12:30:00,33.2
EVT-003959,ACC-012,Horizon Pharma,ACC-012-U006,Canvas,feature_use,2026-03-06T15:38:00,30.8
EVT-003960,ACC-012,Horizon Pharma,ACC-012-U026,Canvas,feature_use,2026-03-09T09:34:00,26.1
EVT-003961,ACC-012,Horizon Pharma,ACC-012-U013,Canvas,login,2026-03-09T14:02:00,1.6
EVT-003962,ACC-012,Horizon Pharma,ACC-012-U035,Canvas,feature_use,2026-03-09T17:54:00,40.5
EVT-003963,ACC-012,Horizon Pharma,ACC-012-U034,Canvas,export,2026-03-09T12:15:00,7.6
EVT-003964,ACC-012,Horizon Pharma,ACC-012-U007,Canvas,login,2026-03-09T11:22:00,17.4
EVT-003965,ACC-012,Horizon Pharma,ACC-012-U019,Canvas,feature_use,2026-03-09T18:48:00,25.3
EVT-003966,ACC-012,Horizon Pharma,ACC-012-U035,Canvas,login,2026-03-10T19:01:00,25.2
EVT-003967,ACC-012,Horizon Pharma,ACC-012-U004,Canvas,login,2026-03-10T17:29:00,20.3
EVT-003968,ACC-012,Horizon Pharma,ACC-012-U026,Canvas,api_call,2026-03-10T13:12:00,1.7
EVT-003969,ACC-012,Horizon Pharma,ACC-012-U051,Canvas,api_call,2026-03-10T20:40:00,1.5
EVT-003970,ACC-012,Horizon Pharma,ACC-012-U005,Canvas,feature_use,2026-03-10T13:15:00,33.8
EVT-003971,ACC-012,Horizon Pharma,ACC-012-U047,Canvas,invite_sent,2026-03-10T11:03:00,3.9
EVT-003972,ACC-012,Horizon Pharma,ACC-012-U024,Canvas,login,2026-03-11T09:41:00,21.7
EVT-003973,ACC-012,Horizon Pharma,ACC-012-U031,Canvas,login,2026-03-11T11:07:00,21.0
EVT-003974,ACC-012,Horizon Pharma,ACC-012-U035,Canvas,export,2026-03-11T11:40:00,7.9
EVT-003975,ACC-012,Horizon Pharma,ACC-012-U042,Canvas,api_call,2026-03-11T19:58:00,1.1
EVT-003976,ACC-012,Horizon Pharma,ACC-012-U016,Canvas,login,2026-03-11T14:49:00,10.2
EVT-003977,ACC-012,Horizon Pharma,ACC-012-U047,Canvas,api_call,2026-03-12T11:16:00,0.3
EVT-003978,ACC-012,Horizon Pharma,ACC-012-U029,Canvas,login,2026-03-12T13:43:00,20.3
EVT-003979,ACC-012,Horizon Pharma,ACC-012-U003,Canvas,login,2026-03-12T10:55:00,16.9
EVT-003980,ACC-012,Horizon Pharma,ACC-012-U052,Canvas,api_call,2026-03-12T09:01:00,1.3
EVT-003981,ACC-012,Horizon Pharma,ACC-012-U046,Canvas,api_call,2026-03-12T07:45:00,0.3
EVT-003982,ACC-012,Horizon Pharma,ACC-012-U001,Canvas,login,2026-03-12T20:47:00,41.7
EVT-003983,ACC-012,Horizon Pharma,ACC-012-U049,Canvas,api_call,2026-03-13T12:03:00,1.2
EVT-003984,ACC-012,Horizon Pharma,ACC-012-U049,Canvas,login,2026-03-13T12:09:00,36.7
EVT-003985,ACC-012,Horizon Pharma,ACC-012-U045,Canvas,login,2026-03-13T17:39:00,10.0
EVT-003986,ACC-012,Horizon Pharma,ACC-012-U039,Canvas,feature_use,2026-03-13T17:36:00,33.5
EVT-003987,ACC-012,Horizon Pharma,ACC-012-U031,Canvas,feature_use,2026-03-13T10:19:00,19.4
EVT-003988,ACC-012,Horizon Pharma,ACC-012-U045,Canvas,export,2026-03-14T17:23:00,6.4
EVT-003989,ACC-013,Sterling Partners,ACC-013-U012,Insight,feature_use,2025-12-16T12:49:00,55.9
EVT-003990,ACC-013,Sterling Partners,ACC-013-U016,Insight,feature_use,2025-12-16T11:42:00,11.9
EVT-003991,ACC-013,Sterling Partners,ACC-013-U004,Insight,api_call,2025-12-19T16:08:00,1.0
EVT-003992,ACC-013,Sterling Partners,ACC-013-U013,Canvas,login,2025-12-20T13:01:00,30.5
EVT-003993,ACC-013,Sterling Partners,ACC-013-U002,Insight,export,2025-12-20T08:59:00,4.7
EVT-003994,ACC-013,Sterling Partners,ACC-013-U001,Canvas,feature_use,2025-12-24T16:18:00,28.1
EVT-003995,ACC-013,Sterling Partners,ACC-013-U003,Canvas,login,2025-12-25T20:10:00,5.9
EVT-003996,ACC-013,Sterling Partners,ACC-013-U010,Canvas,export,2025-12-25T15:39:00,1.4
EVT-003997,ACC-013,Sterling Partners,ACC-013-U013,Canvas,export,2025-12-27T12:26:00,4.0
EVT-003998,ACC-013,Sterling Partners,ACC-013-U006,Insight,login,2025-12-29T17:25:00,15.7
EVT-003999,ACC-013,Sterling Partners,ACC-013-U003,Canvas,feature_use,2025-12-29T08:29:00,35.6
EVT-004000,ACC-013,Sterling Partners,ACC-013-U006,Canvas,feature_use,2025-12-30T09:33:00,47.1
EVT-004001,ACC-013,Sterling Partners,ACC-013-U014,Insight,export,2025-12-30T14:42:00,9.4
EVT-004002,ACC-013,Sterling Partners,ACC-013-U017,Insight,api_call,2026-01-01T08:23:00,2.0
EVT-004003,ACC-013,Sterling Partners,ACC-013-U016,Insight,feature_use,2026-01-05T17:04:00,5.1
EVT-004004,ACC-013,Sterling Partners,ACC-013-U007,Insight,feature_use,2026-01-06T16:02:00,20.7
EVT-004005,ACC-013,Sterling Partners,ACC-013-U003,Insight,api_call,2026-01-07T10:52:00,1.3
EVT-004006,ACC-013,Sterling Partners,ACC-013-U002,Insight,login,2026-01-07T11:43:00,32.4
EVT-004007,ACC-013,Sterling Partners,ACC-013-U005,Insight,invite_sent,2026-01-12T10:19:00,4.6
EVT-004008,ACC-013,Sterling Partners,ACC-013-U017,Insight,feature_use,2026-01-12T15:58:00,55.3
EVT-004009,ACC-013,Sterling Partners,ACC-013-U005,Canvas,login,2026-01-13T10:23:00,19.1
EVT-004010,ACC-013,Sterling Partners,ACC-013-U008,Canvas,export,2026-01-13T19:34:00,9.8
EVT-004011,ACC-013,Sterling Partners,ACC-013-U003,Insight,login,2026-01-14T13:50:00,35.7
EVT-004012,ACC-013,Sterling Partners,ACC-013-U018,Canvas,export,2026-01-16T14:19:00,9.8
EVT-004013,ACC-013,Sterling Partners,ACC-013-U002,Insight,api_call,2026-01-18T15:48:00,0.3
EVT-004014,ACC-013,Sterling Partners,ACC-013-U002,Insight,api_call,2026-01-18T17:50:00,1.0
EVT-004015,ACC-013,Sterling Partners,ACC-013-U018,Insight,feature_use,2026-01-21T09:08:00,10.5
EVT-004016,ACC-013,Sterling Partners,ACC-013-U015,Insight,feature_use,2026-01-21T13:49:00,57.7
EVT-004017,ACC-013,Sterling Partners,ACC-013-U010,Insight,export,2026-01-22T16:14:00,8.5
EVT-004018,ACC-013,Sterling Partners,ACC-013-U018,Insight,api_call,2026-01-22T09:09:00,0.8
EVT-004019,ACC-013,Sterling Partners,ACC-013-U001,Insight,login,2026-01-22T08:55:00,12.7
EVT-004020,ACC-013,Sterling Partners,ACC-013-U011,Insight,login,2026-01-23T14:50:00,42.1
EVT-004021,ACC-013,Sterling Partners,ACC-013-U014,Insight,feature_use,2026-01-23T10:44:00,45.3
EVT-004022,ACC-013,Sterling Partners,ACC-013-U001,Canvas,feature_use,2026-01-27T19:46:00,38.4
EVT-004023,ACC-013,Sterling Partners,ACC-013-U017,Insight,api_call,2026-01-27T10:28:00,0.8
EVT-004024,ACC-013,Sterling Partners,ACC-013-U005,Insight,feature_use,2026-01-29T13:21:00,32.5
EVT-004025,ACC-013,Sterling Partners,ACC-013-U002,Canvas,feature_use,2026-01-29T17:12:00,38.4
EVT-004026,ACC-013,Sterling Partners,ACC-013-U008,Insight,invite_sent,2026-01-31T09:10:00,4.5
EVT-004027,ACC-013,Sterling Partners,ACC-013-U004,Insight,api_call,2026-02-02T17:53:00,0.9
EVT-004028,ACC-013,Sterling Partners,ACC-013-U017,Canvas,export,2026-02-03T11:31:00,2.9
EVT-004029,ACC-013,Sterling Partners,ACC-013-U014,Canvas,feature_use,2026-02-06T19:14:00,39.3
EVT-004030,ACC-013,Sterling Partners,ACC-013-U014,Insight,login,2026-02-06T06:57:00,28.0
EVT-004031,ACC-013,Sterling Partners,ACC-013-U006,Insight,login,2026-02-08T12:11:00,38.1
EVT-004032,ACC-013,Sterling Partners,ACC-013-U005,Insight,login,2026-02-09T12:28:00,29.9
EVT-004033,ACC-013,Sterling Partners,ACC-013-U004,Canvas,export,2026-02-09T15:16:00,3.8
EVT-004034,ACC-013,Sterling Partners,ACC-013-U013,Insight,export,2026-02-10T06:36:00,6.0
EVT-004035,ACC-013,Sterling Partners,ACC-013-U013,Insight,feature_use,2026-02-10T17:28:00,40.9
EVT-004036,ACC-013,Sterling Partners,ACC-013-U011,Insight,feature_use,2026-02-10T12:20:00,3.3
EVT-004037,ACC-013,Sterling Partners,ACC-013-U007,Canvas,invite_sent,2026-02-13T08:17:00,3.7
EVT-004038,ACC-013,Sterling Partners,ACC-013-U008,Canvas,invite_sent,2026-02-14T12:29:00,2.3
EVT-004039,ACC-013,Sterling Partners,ACC-013-U009,Insight,feature_use,2026-02-14T15:49:00,26.9
EVT-004040,ACC-013,Sterling Partners,ACC-013-U005,Insight,export,2026-02-17T17:53:00,6.7
EVT-004041,ACC-013,Sterling Partners,ACC-013-U005,Insight,invite_sent,2026-02-17T17:57:00,2.0
EVT-004042,ACC-013,Sterling Partners,ACC-013-U015,Insight,export,2026-02-18T18:26:00,1.6
EVT-004043,ACC-013,Sterling Partners,ACC-013-U002,Canvas,feature_use,2026-02-19T14:14:00,9.9
EVT-004044,ACC-013,Sterling Partners,ACC-013-U016,Insight,feature_use,2026-02-20T10:38:00,27.6
EVT-004045,ACC-013,Sterling Partners,ACC-013-U001,Insight,export,2026-02-23T14:32:00,5.1
EVT-004046,ACC-013,Sterling Partners,ACC-013-U007,Insight,feature_use,2026-02-24T10:16:00,27.6
EVT-004047,ACC-013,Sterling Partners,ACC-013-U007,Canvas,api_call,2026-02-24T18:02:00,0.5
EVT-004048,ACC-013,Sterling Partners,ACC-013-U003,Insight,export,2026-02-27T19:41:00,4.7
EVT-004049,ACC-013,Sterling Partners,ACC-013-U002,Canvas,export,2026-03-01T14:40:00,4.4
EVT-004050,ACC-013,Sterling Partners,ACC-013-U016,Insight,login,2026-03-02T16:24:00,33.0
EVT-004051,ACC-013,Sterling Partners,ACC-013-U018,Canvas,export,2026-03-03T14:21:00,7.1
EVT-004052,ACC-013,Sterling Partners,ACC-013-U010,Canvas,feature_use,2026-03-05T13:57:00,50.1
EVT-004053,ACC-013,Sterling Partners,ACC-013-U016,Insight,api_call,2026-03-05T15:55:00,0.9
EVT-004054,ACC-013,Sterling Partners,ACC-013-U010,Canvas,login,2026-03-05T15:53:00,34.4
EVT-004055,ACC-013,Sterling Partners,ACC-013-U008,Insight,feature_use,2026-03-06T15:16:00,19.0
EVT-004056,ACC-013,Sterling Partners,ACC-013-U010,Canvas,export,2026-03-09T15:40:00,7.2
EVT-004057,ACC-013,Sterling Partners,ACC-013-U006,Canvas,login,2026-03-10T14:02:00,17.0
EVT-004058,ACC-013,Sterling Partners,ACC-013-U013,Insight,feature_use,2026-03-11T10:32:00,51.5
EVT-004059,ACC-013,Sterling Partners,ACC-013-U018,Canvas,login,2026-03-12T06:07:00,24.0
EVT-004060,ACC-013,Sterling Partners,ACC-013-U012,Canvas,login,2026-03-14T13:00:00,42.1
EVT-004061,ACC-013,Sterling Partners,ACC-013-U018,Insight,login,2026-03-14T18:52:00,21.4
EVT-004062,ACC-014,Apex Marketing,ACC-014-U012,Flow,login,2025-12-15T10:14:00,1.3
EVT-004063,ACC-014,Apex Marketing,ACC-014-U026,Canvas,login,2025-12-15T17:20:00,32.2
EVT-004064,ACC-014,Apex Marketing,ACC-014-U018,Flow,feature_use,2025-12-16T14:55:00,45.7
EVT-004065,ACC-014,Apex Marketing,ACC-014-U013,Canvas,export,2025-12-16T10:40:00,8.9
EVT-004066,ACC-014,Apex Marketing,ACC-014-U018,Flow,export,2025-12-16T13:23:00,4.4
EVT-004067,ACC-014,Apex Marketing,ACC-014-U018,Canvas,api_call,2025-12-16T09:12:00,0.4
EVT-004068,ACC-014,Apex Marketing,ACC-014-U002,Flow,api_call,2025-12-17T18:48:00,0.9
EVT-004069,ACC-014,Apex Marketing,ACC-014-U032,Flow,login,2025-12-17T10:28:00,22.5
EVT-004070,ACC-014,Apex Marketing,ACC-014-U010,Canvas,feature_use,2025-12-17T15:54:00,52.1
EVT-004071,ACC-014,Apex Marketing,ACC-014-U021,Canvas,feature_use,2025-12-17T14:47:00,33.8
EVT-004072,ACC-014,Apex Marketing,ACC-014-U024,Flow,feature_use,2025-12-18T11:24:00,12.0
EVT-004073,ACC-014,Apex Marketing,ACC-014-U025,Canvas,login,2025-12-18T18:13:00,24.8
EVT-004074,ACC-014,Apex Marketing,ACC-014-U004,Flow,feature_use,2025-12-19T12:54:00,5.1
EVT-004075,ACC-014,Apex Marketing,ACC-014-U004,Canvas,feature_use,2025-12-19T09:37:00,7.0
EVT-004076,ACC-014,Apex Marketing,ACC-014-U002,Canvas,feature_use,2025-12-19T13:44:00,13.6
EVT-004077,ACC-014,Apex Marketing,ACC-014-U035,Canvas,feature_use,2025-12-22T18:29:00,8.2
EVT-004078,ACC-014,Apex Marketing,ACC-014-U035,Flow,login,2025-12-23T10:27:00,6.0
EVT-004079,ACC-014,Apex Marketing,ACC-014-U024,Flow,api_call,2025-12-23T14:14:00,0.5
EVT-004080,ACC-014,Apex Marketing,ACC-014-U026,Canvas,export,2025-12-23T17:14:00,5.5
EVT-004081,ACC-014,Apex Marketing,ACC-014-U003,Canvas,login,2025-12-24T16:17:00,24.1
EVT-004082,ACC-014,Apex Marketing,ACC-014-U006,Canvas,feature_use,2025-12-24T16:14:00,43.7
EVT-004083,ACC-014,Apex Marketing,ACC-014-U003,Canvas,login,2025-12-24T15:28:00,18.0
EVT-004084,ACC-014,Apex Marketing,ACC-014-U017,Canvas,feature_use,2025-12-25T14:05:00,20.9
EVT-004085,ACC-014,Apex Marketing,ACC-014-U014,Flow,feature_use,2025-12-25T12:01:00,12.5
EVT-004086,ACC-014,Apex Marketing,ACC-014-U029,Canvas,api_call,2025-12-26T18:04:00,0.1
EVT-004087,ACC-014,Apex Marketing,ACC-014-U027,Canvas,export,2025-12-26T12:40:00,1.6
EVT-004088,ACC-014,Apex Marketing,ACC-014-U005,Canvas,api_call,2025-12-27T14:54:00,1.3
EVT-004089,ACC-014,Apex Marketing,ACC-014-U005,Flow,login,2025-12-28T17:02:00,32.0
EVT-004090,ACC-014,Apex Marketing,ACC-014-U023,Canvas,login,2025-12-29T10:08:00,18.7
EVT-004091,ACC-014,Apex Marketing,ACC-014-U007,Canvas,login,2025-12-29T14:24:00,38.1
EVT-004092,ACC-014,Apex Marketing,ACC-014-U019,Flow,login,2025-12-29T12:04:00,39.7
EVT-004093,ACC-014,Apex Marketing,ACC-014-U033,Canvas,feature_use,2025-12-30T14:43:00,14.5
EVT-004094,ACC-014,Apex Marketing,ACC-014-U005,Flow,feature_use,2025-12-30T08:50:00,16.5
EVT-004095,ACC-014,Apex Marketing,ACC-014-U018,Flow,login,2025-12-31T11:05:00,17.6
EVT-004096,ACC-014,Apex Marketing,ACC-014-U030,Flow,feature_use,2026-01-01T15:03:00,45.3
EVT-004097,ACC-014,Apex Marketing,ACC-014-U016,Canvas,export,2026-01-01T07:13:00,9.2
EVT-004098,ACC-014,Apex Marketing,ACC-014-U018,Canvas,login,2026-01-01T09:33:00,44.0
EVT-004099,ACC-014,Apex Marketing,ACC-014-U026,Flow,feature_use,2026-01-02T15:42:00,53.5
EVT-004100,ACC-014,Apex Marketing,ACC-014-U026,Flow,export,2026-01-05T16:47:00,7.5
EVT-004101,ACC-014,Apex Marketing,ACC-014-U030,Canvas,export,2026-01-05T12:18:00,6.2
EVT-004102,ACC-014,Apex Marketing,ACC-014-U011,Canvas,login,2026-01-05T14:22:00,14.1
EVT-004103,ACC-014,Apex Marketing,ACC-014-U007,Canvas,feature_use,2026-01-06T19:39:00,8.3
EVT-004104,ACC-014,Apex Marketing,ACC-014-U004,Canvas,login,2026-01-06T13:16:00,3.5
EVT-004105,ACC-014,Apex Marketing,ACC-014-U015,Flow,feature_use,2026-01-06T10:00:00,11.6
EVT-004106,ACC-014,Apex Marketing,ACC-014-U033,Flow,login,2026-01-06T12:10:00,3.6
EVT-004107,ACC-014,Apex Marketing,ACC-014-U015,Flow,api_call,2026-01-07T11:02:00,1.0
EVT-004108,ACC-014,Apex Marketing,ACC-014-U022,Flow,login,2026-01-07T15:22:00,44.0
EVT-004109,ACC-014,Apex Marketing,ACC-014-U009,Canvas,feature_use,2026-01-07T15:13:00,28.4
EVT-004110,ACC-014,Apex Marketing,ACC-014-U013,Flow,feature_use,2026-01-08T17:24:00,29.4
EVT-004111,ACC-014,Apex Marketing,ACC-014-U028,Flow,api_call,2026-01-08T18:03:00,1.2
EVT-004112,ACC-014,Apex Marketing,ACC-014-U017,Flow,export,2026-01-09T10:43:00,2.0
EVT-004113,ACC-014,Apex Marketing,ACC-014-U012,Flow,feature_use,2026-01-10T14:07:00,35.2
EVT-004114,ACC-014,Apex Marketing,ACC-014-U024,Canvas,login,2026-01-12T13:50:00,20.0
EVT-004115,ACC-014,Apex Marketing,ACC-014-U008,Canvas,export,2026-01-12T14:41:00,8.8
EVT-004116,ACC-014,Apex Marketing,ACC-014-U008,Flow,feature_use,2026-01-13T09:19:00,59.3
EVT-004117,ACC-014,Apex Marketing,ACC-014-U037,Flow,export,2026-01-13T14:19:00,5.2
EVT-004118,ACC-014,Apex Marketing,ACC-014-U030,Canvas,invite_sent,2026-01-14T13:02:00,4.8
EVT-004119,ACC-014,Apex Marketing,ACC-014-U030,Canvas,feature_use,2026-01-14T11:25:00,59.3
EVT-004120,ACC-014,Apex Marketing,ACC-014-U013,Canvas,api_call,2026-01-14T15:19:00,0.6
EVT-004121,ACC-014,Apex Marketing,ACC-014-U023,Canvas,api_call,2026-01-15T15:37:00,1.6
EVT-004122,ACC-014,Apex Marketing,ACC-014-U026,Flow,export,2026-01-15T11:55:00,2.4
EVT-004123,ACC-014,Apex Marketing,ACC-014-U031,Flow,export,2026-01-15T16:13:00,5.0
EVT-004124,ACC-014,Apex Marketing,ACC-014-U018,Canvas,feature_use,2026-01-15T20:33:00,6.8
EVT-004125,ACC-014,Apex Marketing,ACC-014-U037,Canvas,login,2026-01-16T18:48:00,24.7
EVT-004126,ACC-014,Apex Marketing,ACC-014-U014,Flow,feature_use,2026-01-16T19:59:00,19.0
EVT-004127,ACC-014,Apex Marketing,ACC-014-U024,Flow,api_call,2026-01-16T19:12:00,1.0
EVT-004128,ACC-014,Apex Marketing,ACC-014-U024,Canvas,feature_use,2026-01-19T18:50:00,58.2
EVT-004129,ACC-014,Apex Marketing,ACC-014-U036,Canvas,feature_use,2026-01-19T16:42:00,38.4
EVT-004130,ACC-014,Apex Marketing,ACC-014-U013,Flow,login,2026-01-19T16:35:00,18.7
EVT-004131,ACC-014,Apex Marketing,ACC-014-U014,Canvas,login,2026-01-20T16:37:00,41.1
EVT-004132,ACC-014,Apex Marketing,ACC-014-U037,Canvas,feature_use,2026-01-20T10:49:00,3.4
EVT-004133,ACC-014,Apex Marketing,ACC-014-U008,Canvas,api_call,2026-01-21T13:08:00,1.9
EVT-004134,ACC-014,Apex Marketing,ACC-014-U026,Flow,api_call,2026-01-21T09:04:00,1.6
EVT-004135,ACC-014,Apex Marketing,ACC-014-U013,Canvas,api_call,2026-01-22T13:25:00,1.0
EVT-004136,ACC-014,Apex Marketing,ACC-014-U006,Canvas,feature_use,2026-01-23T10:32:00,33.6
EVT-004137,ACC-014,Apex Marketing,ACC-014-U006,Flow,feature_use,2026-01-23T15:21:00,15.6
EVT-004138,ACC-014,Apex Marketing,ACC-014-U006,Canvas,export,2026-01-23T19:50:00,9.0
EVT-004139,ACC-014,Apex Marketing,ACC-014-U038,Flow,feature_use,2026-01-23T11:36:00,32.5
EVT-004140,ACC-014,Apex Marketing,ACC-014-U003,Flow,login,2026-01-25T11:51:00,30.9
EVT-004141,ACC-014,Apex Marketing,ACC-014-U034,Canvas,login,2026-01-26T21:56:00,20.3
EVT-004142,ACC-014,Apex Marketing,ACC-014-U002,Canvas,invite_sent,2026-01-26T12:18:00,1.4
EVT-004143,ACC-014,Apex Marketing,ACC-014-U034,Flow,feature_use,2026-01-26T10:52:00,21.8
EVT-004144,ACC-014,Apex Marketing,ACC-014-U029,Flow,export,2026-01-26T10:51:00,5.3
EVT-004145,ACC-014,Apex Marketing,ACC-014-U029,Flow,feature_use,2026-01-27T09:26:00,30.0
EVT-004146,ACC-014,Apex Marketing,ACC-014-U011,Flow,api_call,2026-01-28T09:39:00,0.8
EVT-004147,ACC-014,Apex Marketing,ACC-014-U025,Flow,feature_use,2026-01-28T13:43:00,26.6
EVT-004148,ACC-014,Apex Marketing,ACC-014-U011,Flow,api_call,2026-01-29T15:09:00,0.8
EVT-004149,ACC-014,Apex Marketing,ACC-014-U019,Flow,api_call,2026-01-29T11:37:00,0.4
EVT-004150,ACC-014,Apex Marketing,ACC-014-U033,Flow,login,2026-01-30T15:52:00,7.9
EVT-004151,ACC-014,Apex Marketing,ACC-014-U019,Flow,feature_use,2026-02-02T13:33:00,23.8
EVT-004152,ACC-014,Apex Marketing,ACC-014-U019,Canvas,feature_use,2026-02-02T20:43:00,34.6
EVT-004153,ACC-014,Apex Marketing,ACC-014-U001,Flow,api_call,2026-02-03T12:51:00,1.7
EVT-004154,ACC-014,Apex Marketing,ACC-014-U026,Flow,login,2026-02-03T12:01:00,4.5
EVT-004155,ACC-014,Apex Marketing,ACC-014-U021,Flow,login,2026-02-03T14:44:00,17.5
EVT-004156,ACC-014,Apex Marketing,ACC-014-U026,Canvas,login,2026-02-03T15:56:00,11.1
EVT-004157,ACC-014,Apex Marketing,ACC-014-U017,Canvas,api_call,2026-02-04T17:19:00,1.1
EVT-004158,ACC-014,Apex Marketing,ACC-014-U009,Flow,feature_use,2026-02-04T16:54:00,5.9
EVT-004159,ACC-014,Apex Marketing,ACC-014-U001,Canvas,login,2026-02-05T09:36:00,33.7
EVT-004160,ACC-014,Apex Marketing,ACC-014-U004,Flow,feature_use,2026-02-05T10:47:00,52.4
EVT-004161,ACC-014,Apex Marketing,ACC-014-U019,Canvas,feature_use,2026-02-05T11:04:00,42.2
EVT-004162,ACC-014,Apex Marketing,ACC-014-U003,Canvas,export,2026-02-05T17:20:00,3.5
EVT-004163,ACC-014,Apex Marketing,ACC-014-U038,Flow,feature_use,2026-02-06T20:28:00,52.2
EVT-004164,ACC-014,Apex Marketing,ACC-014-U002,Flow,login,2026-02-06T11:15:00,35.7
EVT-004165,ACC-014,Apex Marketing,ACC-014-U030,Flow,feature_use,2026-02-08T12:07:00,21.7
EVT-004166,ACC-014,Apex Marketing,ACC-014-U002,Canvas,export,2026-02-09T11:34:00,4.5
EVT-004167,ACC-014,Apex Marketing,ACC-014-U025,Flow,api_call,2026-02-09T14:38:00,1.2
EVT-004168,ACC-014,Apex Marketing,ACC-014-U020,Flow,feature_use,2026-02-09T18:19:00,16.2
EVT-004169,ACC-014,Apex Marketing,ACC-014-U003,Flow,feature_use,2026-02-10T09:35:00,22.6
EVT-004170,ACC-014,Apex Marketing,ACC-014-U027,Canvas,login,2026-02-10T13:41:00,15.7
EVT-004171,ACC-014,Apex Marketing,ACC-014-U035,Canvas,export,2026-02-11T15:23:00,1.2
EVT-004172,ACC-014,Apex Marketing,ACC-014-U011,Flow,feature_use,2026-02-11T16:22:00,3.0
EVT-004173,ACC-014,Apex Marketing,ACC-014-U004,Canvas,login,2026-02-11T15:53:00,29.8
EVT-004174,ACC-014,Apex Marketing,ACC-014-U034,Flow,export,2026-02-12T17:26:00,7.6
EVT-004175,ACC-014,Apex Marketing,ACC-014-U026,Flow,api_call,2026-02-12T16:25:00,1.6
EVT-004176,ACC-014,Apex Marketing,ACC-014-U036,Canvas,login,2026-02-12T09:51:00,42.3
EVT-004177,ACC-014,Apex Marketing,ACC-014-U034,Canvas,feature_use,2026-02-12T13:19:00,49.7
EVT-004178,ACC-014,Apex Marketing,ACC-014-U032,Canvas,login,2026-02-13T10:57:00,21.5
EVT-004179,ACC-014,Apex Marketing,ACC-014-U034,Canvas,api_call,2026-02-13T17:39:00,1.4
EVT-004180,ACC-014,Apex Marketing,ACC-014-U008,Flow,api_call,2026-02-13T06:01:00,0.4
EVT-004181,ACC-014,Apex Marketing,ACC-014-U026,Canvas,feature_use,2026-02-16T20:05:00,32.5
EVT-004182,ACC-014,Apex Marketing,ACC-014-U037,Flow,feature_use,2026-02-16T19:36:00,55.3
EVT-004183,ACC-014,Apex Marketing,ACC-014-U021,Canvas,login,2026-02-16T12:53:00,37.5
EVT-004184,ACC-014,Apex Marketing,ACC-014-U003,Canvas,login,2026-02-17T11:40:00,4.4
EVT-004185,ACC-014,Apex Marketing,ACC-014-U002,Flow,export,2026-02-18T15:27:00,4.7
EVT-004186,ACC-014,Apex Marketing,ACC-014-U032,Flow,api_call,2026-02-19T13:32:00,1.3
EVT-004187,ACC-014,Apex Marketing,ACC-014-U012,Canvas,export,2026-02-19T11:45:00,10.0
EVT-004188,ACC-014,Apex Marketing,ACC-014-U006,Flow,api_call,2026-02-19T16:49:00,0.6
EVT-004189,ACC-014,Apex Marketing,ACC-014-U009,Flow,login,2026-02-20T15:42:00,3.6
EVT-004190,ACC-014,Apex Marketing,ACC-014-U009,Canvas,login,2026-02-20T16:49:00,42.7
EVT-004191,ACC-014,Apex Marketing,ACC-014-U025,Flow,login,2026-02-20T11:50:00,20.3
EVT-004192,ACC-014,Apex Marketing,ACC-014-U003,Canvas,login,2026-02-20T12:14:00,24.5
EVT-004193,ACC-014,Apex Marketing,ACC-014-U038,Canvas,login,2026-02-21T16:46:00,44.6
EVT-004194,ACC-014,Apex Marketing,ACC-014-U018,Canvas,feature_use,2026-02-21T08:30:00,56.2
EVT-004195,ACC-014,Apex Marketing,ACC-014-U024,Flow,feature_use,2026-02-23T17:46:00,24.2
EVT-004196,ACC-014,Apex Marketing,ACC-014-U017,Canvas,export,2026-02-24T17:43:00,5.8
EVT-004197,ACC-014,Apex Marketing,ACC-014-U025,Flow,feature_use,2026-02-24T17:15:00,44.4
EVT-004198,ACC-014,Apex Marketing,ACC-014-U038,Flow,login,2026-02-25T10:06:00,10.2
EVT-004199,ACC-014,Apex Marketing,ACC-014-U006,Flow,feature_use,2026-02-25T11:50:00,28.8
EVT-004200,ACC-014,Apex Marketing,ACC-014-U038,Flow,api_call,2026-02-26T10:31:00,1.8
EVT-004201,ACC-014,Apex Marketing,ACC-014-U022,Canvas,login,2026-02-26T17:52:00,14.1
EVT-004202,ACC-014,Apex Marketing,ACC-014-U028,Flow,api_call,2026-02-27T09:40:00,1.8
EVT-004203,ACC-014,Apex Marketing,ACC-014-U028,Flow,export,2026-02-27T08:01:00,3.5
EVT-004204,ACC-014,Apex Marketing,ACC-014-U030,Canvas,feature_use,2026-02-27T12:08:00,28.2
EVT-004205,ACC-014,Apex Marketing,ACC-014-U013,Canvas,feature_use,2026-03-02T09:31:00,40.8
EVT-004206,ACC-014,Apex Marketing,ACC-014-U032,Canvas,login,2026-03-02T12:47:00,44.6
EVT-004207,ACC-014,Apex Marketing,ACC-014-U009,Canvas,login,2026-03-03T17:01:00,21.2
EVT-004208,ACC-014,Apex Marketing,ACC-014-U037,Flow,feature_use,2026-03-03T17:46:00,49.2
EVT-004209,ACC-014,Apex Marketing,ACC-014-U003,Canvas,export,2026-03-03T16:49:00,5.1
EVT-004210,ACC-014,Apex Marketing,ACC-014-U011,Flow,export,2026-03-04T20:53:00,9.4
EVT-004211,ACC-014,Apex Marketing,ACC-014-U026,Canvas,export,2026-03-04T13:34:00,9.5
EVT-004212,ACC-014,Apex Marketing,ACC-014-U008,Flow,login,2026-03-04T14:18:00,34.9
EVT-004213,ACC-014,Apex Marketing,ACC-014-U019,Canvas,login,2026-03-04T07:39:00,39.6
EVT-004214,ACC-014,Apex Marketing,ACC-014-U038,Canvas,feature_use,2026-03-05T17:09:00,8.9
EVT-004215,ACC-014,Apex Marketing,ACC-014-U038,Canvas,login,2026-03-05T13:05:00,36.6
EVT-004216,ACC-014,Apex Marketing,ACC-014-U014,Canvas,invite_sent,2026-03-05T15:55:00,4.8
EVT-004217,ACC-014,Apex Marketing,ACC-014-U035,Flow,invite_sent,2026-03-06T16:59:00,3.6
EVT-004218,ACC-014,Apex Marketing,ACC-014-U034,Canvas,login,2026-03-06T09:25:00,6.9
EVT-004219,ACC-014,Apex Marketing,ACC-014-U018,Flow,api_call,2026-03-09T12:36:00,1.7
EVT-004220,ACC-014,Apex Marketing,ACC-014-U008,Flow,login,2026-03-10T12:14:00,28.6
EVT-004221,ACC-014,Apex Marketing,ACC-014-U038,Canvas,export,2026-03-10T07:16:00,7.7
EVT-004222,ACC-014,Apex Marketing,ACC-014-U022,Flow,export,2026-03-10T15:50:00,9.7
EVT-004223,ACC-014,Apex Marketing,ACC-014-U011,Canvas,login,2026-03-11T16:05:00,35.2
EVT-004224,ACC-014,Apex Marketing,ACC-014-U023,Canvas,api_call,2026-03-11T17:43:00,2.0
EVT-004225,ACC-014,Apex Marketing,ACC-014-U007,Flow,login,2026-03-11T13:20:00,33.3
EVT-004226,ACC-014,Apex Marketing,ACC-014-U017,Flow,feature_use,2026-03-12T19:31:00,42.5
EVT-004227,ACC-014,Apex Marketing,ACC-014-U037,Canvas,login,2026-03-12T18:16:00,7.4
EVT-004228,ACC-014,Apex Marketing,ACC-014-U013,Flow,feature_use,2026-03-12T17:31:00,11.2
EVT-004229,ACC-014,Apex Marketing,ACC-014-U024,Canvas,feature_use,2026-03-13T16:02:00,12.6
EVT-004230,ACC-014,Apex Marketing,ACC-014-U006,Flow,feature_use,2026-03-13T09:08:00,33.0
EVT-004231,ACC-014,Apex Marketing,ACC-014-U001,Flow,api_call,2026-03-13T17:11:00,0.5
EVT-004232,ACC-015,Cobalt Aerospace,ACC-015-U054,Flow,feature_use,2025-12-15T10:53:00,59.7
EVT-004233,ACC-015,Cobalt Aerospace,ACC-015-U018,Insight,api_call,2025-12-16T18:00:00,0.6
EVT-004234,ACC-015,Cobalt Aerospace,ACC-015-U052,Flow,login,2025-12-17T15:24:00,5.3
EVT-004235,ACC-015,Cobalt Aerospace,ACC-015-U045,Flow,feature_use,2025-12-18T15:35:00,49.8
EVT-004236,ACC-015,Cobalt Aerospace,ACC-015-U022,Insight,login,2025-12-22T17:47:00,43.8
EVT-004237,ACC-015,Cobalt Aerospace,ACC-015-U047,Insight,login,2025-12-23T14:10:00,34.6
EVT-004238,ACC-015,Cobalt Aerospace,ACC-015-U014,Flow,login,2025-12-24T20:04:00,16.3
EVT-004239,ACC-015,Cobalt Aerospace,ACC-015-U001,Insight,feature_use,2025-12-25T19:42:00,51.4
EVT-004240,ACC-015,Cobalt Aerospace,ACC-015-U052,Flow,login,2025-12-25T17:19:00,24.7
EVT-004241,ACC-015,Cobalt Aerospace,ACC-015-U001,Insight,api_call,2025-12-25T14:57:00,0.5
EVT-004242,ACC-015,Cobalt Aerospace,ACC-015-U052,Flow,feature_use,2025-12-25T11:38:00,18.4
EVT-004243,ACC-015,Cobalt Aerospace,ACC-015-U051,Insight,feature_use,2025-12-26T19:57:00,29.0
EVT-004244,ACC-015,Cobalt Aerospace,ACC-015-U036,Insight,feature_use,2025-12-29T14:42:00,18.5
EVT-004245,ACC-015,Cobalt Aerospace,ACC-015-U023,Insight,api_call,2025-12-29T11:27:00,1.9
EVT-004246,ACC-015,Cobalt Aerospace,ACC-015-U003,Insight,export,2025-12-30T15:44:00,5.6
EVT-004247,ACC-015,Cobalt Aerospace,ACC-015-U037,Flow,feature_use,2025-12-30T14:51:00,18.0
EVT-004248,ACC-015,Cobalt Aerospace,ACC-015-U020,Insight,feature_use,2025-12-31T08:02:00,36.5
EVT-004249,ACC-015,Cobalt Aerospace,ACC-015-U041,Flow,login,2025-12-31T13:25:00,41.1
EVT-004250,ACC-015,Cobalt Aerospace,ACC-015-U018,Insight,feature_use,2025-12-31T18:42:00,4.3
EVT-004251,ACC-015,Cobalt Aerospace,ACC-015-U012,Canvas,feature_use,2026-01-01T17:48:00,31.4
EVT-004252,ACC-015,Cobalt Aerospace,ACC-015-U043,Flow,feature_use,2026-01-01T18:08:00,11.4
EVT-004253,ACC-015,Cobalt Aerospace,ACC-015-U036,Canvas,login,2026-01-03T14:08:00,31.6
EVT-004254,ACC-015,Cobalt Aerospace,ACC-015-U018,Flow,api_call,2026-01-03T10:39:00,0.6
EVT-004255,ACC-015,Cobalt Aerospace,ACC-015-U028,Flow,export,2026-01-03T20:22:00,1.0
EVT-004256,ACC-015,Cobalt Aerospace,ACC-015-U029,Insight,login,2026-01-04T15:23:00,19.7
EVT-004257,ACC-015,Cobalt Aerospace,ACC-015-U054,Flow,feature_use,2026-01-05T18:03:00,16.8
EVT-004258,ACC-015,Cobalt Aerospace,ACC-015-U032,Flow,feature_use,2026-01-05T14:39:00,41.2
EVT-004259,ACC-015,Cobalt Aerospace,ACC-015-U042,Flow,feature_use,2026-01-06T13:52:00,41.5
EVT-004260,ACC-015,Cobalt Aerospace,ACC-015-U027,Canvas,login,2026-01-06T10:20:00,7.8
EVT-004261,ACC-015,Cobalt Aerospace,ACC-015-U031,Insight,api_call,2026-01-07T19:23:00,0.8
EVT-004262,ACC-015,Cobalt Aerospace,ACC-015-U016,Flow,login,2026-01-07T14:24:00,23.4
EVT-004263,ACC-015,Cobalt Aerospace,ACC-015-U031,Flow,api_call,2026-01-08T09:02:00,1.1
EVT-004264,ACC-015,Cobalt Aerospace,ACC-015-U047,Canvas,login,2026-01-08T12:16:00,16.5
EVT-004265,ACC-015,Cobalt Aerospace,ACC-015-U013,Insight,api_call,2026-01-12T17:33:00,1.3
EVT-004266,ACC-015,Cobalt Aerospace,ACC-015-U037,Canvas,api_call,2026-01-14T11:39:00,1.3
EVT-004267,ACC-015,Cobalt Aerospace,ACC-015-U007,Flow,api_call,2026-01-14T16:05:00,1.8
EVT-004268,ACC-015,Cobalt Aerospace,ACC-015-U035,Insight,login,2026-01-16T11:43:00,5.4
EVT-004269,ACC-015,Cobalt Aerospace,ACC-015-U014,Canvas,feature_use,2026-01-19T16:33:00,45.0
EVT-004270,ACC-015,Cobalt Aerospace,ACC-015-U046,Flow,feature_use,2026-01-19T11:43:00,58.2
EVT-004271,ACC-015,Cobalt Aerospace,ACC-015-U047,Insight,export,2026-01-20T07:20:00,6.8
EVT-004272,ACC-015,Cobalt Aerospace,ACC-015-U027,Insight,login,2026-01-20T07:20:00,44.7
EVT-004273,ACC-015,Cobalt Aerospace,ACC-015-U041,Insight,export,2026-01-21T12:20:00,9.5
EVT-004274,ACC-015,Cobalt Aerospace,ACC-015-U055,Insight,api_call,2026-01-23T16:48:00,0.3
EVT-004275,ACC-015,Cobalt Aerospace,ACC-015-U007,Flow,feature_use,2026-01-23T10:23:00,12.8
EVT-004276,ACC-015,Cobalt Aerospace,ACC-015-U052,Flow,feature_use,2026-01-26T12:08:00,32.3
EVT-004277,ACC-015,Cobalt Aerospace,ACC-015-U022,Insight,login,2026-01-26T13:40:00,10.0
EVT-004278,ACC-015,Cobalt Aerospace,ACC-015-U018,Insight,invite_sent,2026-01-28T12:13:00,4.5
EVT-004279,ACC-015,Cobalt Aerospace,ACC-015-U024,Flow,login,2026-02-03T18:16:00,21.7
EVT-004280,ACC-015,Cobalt Aerospace,ACC-015-U021,Canvas,feature_use,2026-02-04T12:33:00,3.2
EVT-004281,ACC-015,Cobalt Aerospace,ACC-015-U047,Flow,feature_use,2026-02-04T10:03:00,39.2
EVT-004282,ACC-015,Cobalt Aerospace,ACC-015-U005,Flow,login,2026-02-04T14:57:00,17.5
EVT-004283,ACC-015,Cobalt Aerospace,ACC-015-U038,Canvas,feature_use,2026-02-05T11:13:00,11.8
EVT-004284,ACC-015,Cobalt Aerospace,ACC-015-U053,Flow,feature_use,2026-02-05T14:02:00,25.2
EVT-004285,ACC-015,Cobalt Aerospace,ACC-015-U030,Insight,invite_sent,2026-02-06T12:36:00,2.3
EVT-004286,ACC-015,Cobalt Aerospace,ACC-015-U054,Insight,feature_use,2026-02-09T12:37:00,33.5
EVT-004287,ACC-015,Cobalt Aerospace,ACC-015-U040,Insight,export,2026-02-09T10:18:00,2.2
EVT-004288,ACC-015,Cobalt Aerospace,ACC-015-U005,Canvas,api_call,2026-02-10T17:30:00,1.7
EVT-004289,ACC-015,Cobalt Aerospace,ACC-015-U054,Insight,login,2026-02-11T17:35:00,3.2
EVT-004290,ACC-015,Cobalt Aerospace,ACC-015-U007,Flow,login,2026-02-12T15:59:00,34.9
EVT-004291,ACC-015,Cobalt Aerospace,ACC-015-U011,Flow,login,2026-02-16T13:06:00,26.8
EVT-004292,ACC-015,Cobalt Aerospace,ACC-015-U011,Insight,login,2026-02-17T13:26:00,33.4
EVT-004293,ACC-015,Cobalt Aerospace,ACC-015-U039,Flow,api_call,2026-02-20T16:21:00,1.8
EVT-004294,ACC-015,Cobalt Aerospace,ACC-015-U050,Flow,api_call,2026-02-20T08:47:00,0.4
EVT-004295,ACC-015,Cobalt Aerospace,ACC-015-U038,Flow,api_call,2026-02-21T14:45:00,1.4
EVT-004296,ACC-015,Cobalt Aerospace,ACC-015-U033,Canvas,invite_sent,2026-02-23T17:12:00,4.8
EVT-004297,ACC-015,Cobalt Aerospace,ACC-015-U032,Canvas,api_call,2026-02-25T21:19:00,1.4
EVT-004298,ACC-015,Cobalt Aerospace,ACC-015-U043,Insight,feature_use,2026-02-27T12:10:00,5.0
EVT-004299,ACC-015,Cobalt Aerospace,ACC-015-U013,Canvas,export,2026-03-01T15:37:00,5.0
EVT-004300,ACC-015,Cobalt Aerospace,ACC-015-U003,Insight,export,2026-03-02T13:36:00,4.1
EVT-004301,ACC-015,Cobalt Aerospace,ACC-015-U027,Insight,api_call,2026-03-04T11:43:00,1.1
EVT-004302,ACC-015,Cobalt Aerospace,ACC-015-U005,Flow,feature_use,2026-03-04T11:47:00,38.9
EVT-004303,ACC-015,Cobalt Aerospace,ACC-015-U052,Canvas,export,2026-03-06T17:42:00,4.3
EVT-004304,ACC-015,Cobalt Aerospace,ACC-015-U017,Flow,feature_use,2026-03-10T12:17:00,17.2
EVT-004305,ACC-015,Cobalt Aerospace,ACC-015-U002,Flow,api_call,2026-03-10T10:45:00,0.7
EVT-004306,ACC-015,Cobalt Aerospace,ACC-015-U009,Canvas,export,2026-03-11T17:53:00,9.2
EVT-004307,ACC-015,Cobalt Aerospace,ACC-015-U015,Flow,login,2026-03-11T17:17:00,7.6
EVT-004308,ACC-015,Cobalt Aerospace,ACC-015-U027,Canvas,export,2026-03-12T18:47:00,1.3
EVT-004309,ACC-015,Cobalt Aerospace,ACC-015-U005,Canvas,export,2026-03-12T16:11:00,9.5
EVT-004310,ACC-015,Cobalt Aerospace,ACC-015-U054,Canvas,feature_use,2026-03-13T15:18:00,40.1
EVT-004311,ACC-015,Cobalt Aerospace,ACC-015-U011,Canvas,feature_use,2026-03-14T07:33:00,40.6
EVT-004312,ACC-016,Driftwood Media,ACC-016-U007,Flow,api_call,2025-12-15T16:30:00,0.3
EVT-004313,ACC-016,Driftwood Media,ACC-016-U005,Canvas,login,2025-12-15T08:03:00,12.3
EVT-004314,ACC-016,Driftwood Media,ACC-016-U001,Canvas,login,2025-12-16T11:56:00,43.1
EVT-004315,ACC-016,Driftwood Media,ACC-016-U006,Canvas,login,2025-12-16T08:54:00,3.6
EVT-004316,ACC-016,Driftwood Media,ACC-016-U003,Flow,feature_use,2025-12-17T12:51:00,46.9
EVT-004317,ACC-016,Driftwood Media,ACC-016-U012,Flow,login,2025-12-18T19:30:00,32.7
EVT-004318,ACC-016,Driftwood Media,ACC-016-U012,Canvas,login,2025-12-18T14:07:00,35.3
EVT-004319,ACC-016,Driftwood Media,ACC-016-U021,Flow,login,2025-12-18T16:11:00,4.5
EVT-004320,ACC-016,Driftwood Media,ACC-016-U007,Flow,api_call,2025-12-18T16:39:00,0.6
EVT-004321,ACC-016,Driftwood Media,ACC-016-U004,Canvas,feature_use,2025-12-19T09:09:00,31.5
EVT-004322,ACC-016,Driftwood Media,ACC-016-U013,Flow,login,2025-12-19T14:19:00,33.3
EVT-004323,ACC-016,Driftwood Media,ACC-016-U020,Canvas,feature_use,2025-12-21T17:26:00,56.9
EVT-004324,ACC-016,Driftwood Media,ACC-016-U019,Canvas,login,2025-12-22T15:07:00,27.2
EVT-004325,ACC-016,Driftwood Media,ACC-016-U025,Canvas,feature_use,2025-12-23T18:39:00,36.7
EVT-004326,ACC-016,Driftwood Media,ACC-016-U023,Flow,login,2025-12-23T16:52:00,9.4
EVT-004327,ACC-016,Driftwood Media,ACC-016-U009,Canvas,api_call,2025-12-24T08:49:00,0.2
EVT-004328,ACC-016,Driftwood Media,ACC-016-U013,Canvas,export,2025-12-24T17:12:00,5.2
EVT-004329,ACC-016,Driftwood Media,ACC-016-U002,Flow,feature_use,2025-12-24T13:42:00,31.4
EVT-004330,ACC-016,Driftwood Media,ACC-016-U001,Canvas,login,2025-12-25T21:29:00,34.5
EVT-004331,ACC-016,Driftwood Media,ACC-016-U019,Canvas,feature_use,2025-12-26T09:51:00,58.6
EVT-004332,ACC-016,Driftwood Media,ACC-016-U008,Canvas,export,2025-12-26T17:25:00,4.4
EVT-004333,ACC-016,Driftwood Media,ACC-016-U014,Canvas,feature_use,2025-12-27T10:01:00,3.1
EVT-004334,ACC-016,Driftwood Media,ACC-016-U022,Flow,api_call,2025-12-28T12:49:00,0.5
EVT-004335,ACC-016,Driftwood Media,ACC-016-U002,Canvas,export,2025-12-29T07:41:00,4.1
EVT-004336,ACC-016,Driftwood Media,ACC-016-U019,Canvas,feature_use,2025-12-30T14:32:00,42.4
EVT-004337,ACC-016,Driftwood Media,ACC-016-U020,Canvas,feature_use,2025-12-31T16:38:00,24.2
EVT-004338,ACC-016,Driftwood Media,ACC-016-U016,Canvas,feature_use,2025-12-31T09:40:00,8.3
EVT-004339,ACC-016,Driftwood Media,ACC-016-U020,Canvas,api_call,2026-01-01T12:36:00,0.3
EVT-004340,ACC-016,Driftwood Media,ACC-016-U012,Canvas,export,2026-01-02T17:22:00,1.9
EVT-004341,ACC-016,Driftwood Media,ACC-016-U023,Canvas,api_call,2026-01-02T08:34:00,1.3
EVT-004342,ACC-016,Driftwood Media,ACC-016-U014,Flow,feature_use,2026-01-04T12:23:00,23.5
EVT-004343,ACC-016,Driftwood Media,ACC-016-U007,Flow,api_call,2026-01-04T10:42:00,1.8
EVT-004344,ACC-016,Driftwood Media,ACC-016-U023,Canvas,api_call,2026-01-06T09:49:00,0.6
EVT-004345,ACC-016,Driftwood Media,ACC-016-U012,Flow,login,2026-01-07T09:01:00,18.6
EVT-004346,ACC-016,Driftwood Media,ACC-016-U015,Flow,login,2026-01-07T14:17:00,12.7
EVT-004347,ACC-016,Driftwood Media,ACC-016-U019,Canvas,feature_use,2026-01-08T11:41:00,4.1
EVT-004348,ACC-016,Driftwood Media,ACC-016-U024,Canvas,export,2026-01-08T17:33:00,1.2
EVT-004349,ACC-016,Driftwood Media,ACC-016-U017,Flow,api_call,2026-01-09T15:57:00,1.8
EVT-004350,ACC-016,Driftwood Media,ACC-016-U012,Canvas,export,2026-01-09T11:12:00,5.0
EVT-004351,ACC-016,Driftwood Media,ACC-016-U025,Canvas,feature_use,2026-01-09T14:35:00,13.0
EVT-004352,ACC-016,Driftwood Media,ACC-016-U004,Flow,feature_use,2026-01-12T16:06:00,28.2
EVT-004353,ACC-016,Driftwood Media,ACC-016-U025,Flow,feature_use,2026-01-14T13:38:00,3.3
EVT-004354,ACC-016,Driftwood Media,ACC-016-U025,Canvas,login,2026-01-14T18:55:00,17.6
EVT-004355,ACC-016,Driftwood Media,ACC-016-U020,Canvas,feature_use,2026-01-15T16:58:00,21.8
EVT-004356,ACC-016,Driftwood Media,ACC-016-U011,Flow,export,2026-01-15T07:14:00,6.6
EVT-004357,ACC-016,Driftwood Media,ACC-016-U004,Flow,invite_sent,2026-01-16T16:50:00,1.1
EVT-004358,ACC-016,Driftwood Media,ACC-016-U021,Canvas,login,2026-01-16T18:55:00,25.5
EVT-004359,ACC-016,Driftwood Media,ACC-016-U009,Canvas,api_call,2026-01-19T21:51:00,0.6
EVT-004360,ACC-016,Driftwood Media,ACC-016-U003,Canvas,feature_use,2026-01-20T18:19:00,31.0
EVT-004361,ACC-016,Driftwood Media,ACC-016-U021,Canvas,export,2026-01-21T12:27:00,8.2
EVT-004362,ACC-016,Driftwood Media,ACC-016-U025,Flow,api_call,2026-01-21T08:20:00,0.7
EVT-004363,ACC-016,Driftwood Media,ACC-016-U002,Canvas,invite_sent,2026-01-22T09:22:00,2.6
EVT-004364,ACC-016,Driftwood Media,ACC-016-U021,Flow,export,2026-01-22T11:26:00,2.3
EVT-004365,ACC-016,Driftwood Media,ACC-016-U003,Flow,feature_use,2026-01-23T15:47:00,42.6
EVT-004366,ACC-016,Driftwood Media,ACC-016-U008,Flow,login,2026-01-23T08:55:00,34.5
EVT-004367,ACC-016,Driftwood Media,ACC-016-U022,Canvas,login,2026-01-23T16:38:00,30.5
EVT-004368,ACC-016,Driftwood Media,ACC-016-U015,Flow,login,2026-01-26T11:30:00,6.9
EVT-004369,ACC-016,Driftwood Media,ACC-016-U011,Flow,feature_use,2026-01-26T12:42:00,53.5
EVT-004370,ACC-016,Driftwood Media,ACC-016-U008,Canvas,feature_use,2026-01-28T11:15:00,23.6
EVT-004371,ACC-016,Driftwood Media,ACC-016-U011,Flow,feature_use,2026-01-28T15:54:00,12.7
EVT-004372,ACC-016,Driftwood Media,ACC-016-U013,Flow,feature_use,2026-01-30T14:53:00,42.4
EVT-004373,ACC-016,Driftwood Media,ACC-016-U012,Canvas,login,2026-02-02T16:14:00,43.8
EVT-004374,ACC-016,Driftwood Media,ACC-016-U022,Flow,login,2026-02-03T17:03:00,38.3
EVT-004375,ACC-016,Driftwood Media,ACC-016-U023,Flow,api_call,2026-02-03T06:44:00,1.1
EVT-004376,ACC-016,Driftwood Media,ACC-016-U020,Canvas,feature_use,2026-02-04T10:57:00,28.7
EVT-004377,ACC-016,Driftwood Media,ACC-016-U006,Canvas,feature_use,2026-02-05T10:50:00,34.3
EVT-004378,ACC-016,Driftwood Media,ACC-016-U015,Canvas,feature_use,2026-02-05T17:25:00,26.2
EVT-004379,ACC-016,Driftwood Media,ACC-016-U019,Flow,api_call,2026-02-09T12:19:00,1.5
EVT-004380,ACC-016,Driftwood Media,ACC-016-U009,Flow,api_call,2026-02-13T11:42:00,0.3
EVT-004381,ACC-016,Driftwood Media,ACC-016-U020,Flow,feature_use,2026-02-13T13:23:00,11.0
EVT-004382,ACC-016,Driftwood Media,ACC-016-U016,Canvas,invite_sent,2026-02-13T14:03:00,5.0
EVT-004383,ACC-016,Driftwood Media,ACC-016-U012,Canvas,api_call,2026-02-16T14:52:00,1.9
EVT-004384,ACC-016,Driftwood Media,ACC-016-U024,Flow,login,2026-02-16T14:00:00,5.1
EVT-004385,ACC-016,Driftwood Media,ACC-016-U020,Flow,login,2026-02-17T12:18:00,9.6
EVT-004386,ACC-016,Driftwood Media,ACC-016-U006,Canvas,login,2026-02-18T16:28:00,42.7
EVT-004387,ACC-016,Driftwood Media,ACC-016-U005,Canvas,login,2026-02-20T11:59:00,3.9
EVT-004388,ACC-016,Driftwood Media,ACC-016-U016,Flow,feature_use,2026-02-20T18:12:00,25.1
EVT-004389,ACC-016,Driftwood Media,ACC-016-U014,Flow,feature_use,2026-02-20T17:14:00,32.4
EVT-004390,ACC-016,Driftwood Media,ACC-016-U004,Flow,api_call,2026-02-23T11:55:00,1.6
EVT-004391,ACC-016,Driftwood Media,ACC-016-U025,Flow,invite_sent,2026-02-24T17:21:00,3.4
EVT-004392,ACC-016,Driftwood Media,ACC-016-U019,Flow,feature_use,2026-02-24T18:03:00,30.5
EVT-004393,ACC-016,Driftwood Media,ACC-016-U014,Canvas,invite_sent,2026-02-27T16:54:00,0.7
EVT-004394,ACC-016,Driftwood Media,ACC-016-U022,Canvas,api_call,2026-02-27T20:17:00,0.7
EVT-004395,ACC-016,Driftwood Media,ACC-016-U007,Canvas,feature_use,2026-03-01T13:12:00,55.2
EVT-004396,ACC-016,Driftwood Media,ACC-016-U011,Canvas,feature_use,2026-03-02T21:39:00,51.0
EVT-004397,ACC-016,Driftwood Media,ACC-016-U006,Canvas,login,2026-03-02T13:26:00,13.9
EVT-004398,ACC-016,Driftwood Media,ACC-016-U001,Flow,api_call,2026-03-03T16:21:00,0.1
EVT-004399,ACC-016,Driftwood Media,ACC-016-U001,Flow,api_call,2026-03-04T09:00:00,1.0
EVT-004400,ACC-016,Driftwood Media,ACC-016-U012,Flow,login,2026-03-04T10:12:00,6.1
EVT-004401,ACC-016,Driftwood Media,ACC-016-U022,Flow,login,2026-03-04T11:27:00,36.0
EVT-004402,ACC-016,Driftwood Media,ACC-016-U021,Flow,login,2026-03-05T11:22:00,39.9
EVT-004403,ACC-016,Driftwood Media,ACC-016-U011,Canvas,login,2026-03-10T14:09:00,44.8
EVT-004404,ACC-016,Driftwood Media,ACC-016-U013,Canvas,login,2026-03-10T15:33:00,35.9
EVT-004405,ACC-016,Driftwood Media,ACC-016-U024,Canvas,login,2026-03-11T16:09:00,21.7
EVT-004406,ACC-016,Driftwood Media,ACC-016-U002,Flow,login,2026-03-12T14:51:00,21.2
EVT-004407,ACC-016,Driftwood Media,ACC-016-U002,Canvas,login,2026-03-13T12:31:00,38.2
EVT-004408,ACC-016,Driftwood Media,ACC-016-U024,Canvas,login,2026-03-13T17:19:00,13.2
EVT-004409,ACC-016,Driftwood Media,ACC-016-U004,Canvas,export,2026-03-14T13:06:00,7.0
EVT-004410,ACC-016,Driftwood Media,ACC-016-U024,Flow,export,2026-03-14T11:15:00,2.5
EVT-004411,ACC-017,Evergreen Education,ACC-017-U004,Insight,api_call,2025-12-15T16:47:00,1.2
EVT-004412,ACC-017,Evergreen Education,ACC-017-U016,Insight,feature_use,2025-12-15T11:22:00,8.2
EVT-004413,ACC-017,Evergreen Education,ACC-017-U003,Canvas,login,2025-12-16T11:33:00,14.4
EVT-004414,ACC-017,Evergreen Education,ACC-017-U003,Canvas,feature_use,2025-12-16T10:57:00,6.4
EVT-004415,ACC-017,Evergreen Education,ACC-017-U008,Insight,feature_use,2025-12-17T20:06:00,9.3
EVT-004416,ACC-017,Evergreen Education,ACC-017-U004,Insight,invite_sent,2025-12-17T09:23:00,4.4
EVT-004417,ACC-017,Evergreen Education,ACC-017-U002,Canvas,login,2025-12-18T11:19:00,13.4
EVT-004418,ACC-017,Evergreen Education,ACC-017-U007,Canvas,login,2025-12-18T13:43:00,21.5
EVT-004419,ACC-017,Evergreen Education,ACC-017-U020,Insight,login,2025-12-19T13:39:00,14.5
EVT-004420,ACC-017,Evergreen Education,ACC-017-U020,Canvas,feature_use,2025-12-23T15:18:00,54.9
EVT-004421,ACC-017,Evergreen Education,ACC-017-U016,Insight,login,2025-12-24T12:36:00,43.1
EVT-004422,ACC-017,Evergreen Education,ACC-017-U012,Canvas,feature_use,2025-12-24T10:35:00,54.9
EVT-004423,ACC-017,Evergreen Education,ACC-017-U015,Insight,login,2025-12-25T14:33:00,6.0
EVT-004424,ACC-017,Evergreen Education,ACC-017-U015,Insight,api_call,2025-12-25T09:31:00,1.6
EVT-004425,ACC-017,Evergreen Education,ACC-017-U007,Insight,login,2025-12-26T09:25:00,18.7
EVT-004426,ACC-017,Evergreen Education,ACC-017-U005,Insight,feature_use,2025-12-26T16:18:00,32.0
EVT-004427,ACC-017,Evergreen Education,ACC-017-U015,Insight,login,2025-12-29T16:52:00,3.7
EVT-004428,ACC-017,Evergreen Education,ACC-017-U008,Canvas,feature_use,2025-12-30T08:19:00,27.4
EVT-004429,ACC-017,Evergreen Education,ACC-017-U022,Insight,feature_use,2026-01-01T18:44:00,10.1
EVT-004430,ACC-017,Evergreen Education,ACC-017-U022,Canvas,api_call,2026-01-02T11:49:00,1.6
EVT-004431,ACC-017,Evergreen Education,ACC-017-U011,Insight,export,2026-01-02T15:01:00,6.4
EVT-004432,ACC-017,Evergreen Education,ACC-017-U008,Canvas,feature_use,2026-01-02T08:19:00,28.2
EVT-004433,ACC-017,Evergreen Education,ACC-017-U004,Canvas,feature_use,2026-01-05T12:44:00,34.6
EVT-004434,ACC-017,Evergreen Education,ACC-017-U019,Insight,feature_use,2026-01-06T15:19:00,11.9
EVT-004435,ACC-017,Evergreen Education,ACC-017-U007,Canvas,login,2026-01-07T11:36:00,1.2
EVT-004436,ACC-017,Evergreen Education,ACC-017-U017,Canvas,feature_use,2026-01-07T10:03:00,24.4
EVT-004437,ACC-017,Evergreen Education,ACC-017-U017,Insight,login,2026-01-08T21:07:00,26.2
EVT-004438,ACC-017,Evergreen Education,ACC-017-U019,Insight,feature_use,2026-01-08T15:50:00,50.8
EVT-004439,ACC-017,Evergreen Education,ACC-017-U017,Canvas,feature_use,2026-01-08T16:02:00,3.1
EVT-004440,ACC-017,Evergreen Education,ACC-017-U004,Insight,login,2026-01-09T09:57:00,40.9
EVT-004441,ACC-017,Evergreen Education,ACC-017-U004,Insight,feature_use,2026-01-13T09:17:00,23.2
EVT-004442,ACC-017,Evergreen Education,ACC-017-U006,Insight,feature_use,2026-01-14T14:16:00,12.5
EVT-004443,ACC-017,Evergreen Education,ACC-017-U016,Canvas,login,2026-01-15T20:44:00,35.0
EVT-004444,ACC-017,Evergreen Education,ACC-017-U017,Insight,login,2026-01-16T09:13:00,42.1
EVT-004445,ACC-017,Evergreen Education,ACC-017-U009,Insight,login,2026-01-19T12:16:00,31.0
EVT-004446,ACC-017,Evergreen Education,ACC-017-U003,Canvas,login,2026-01-20T13:08:00,26.9
EVT-004447,ACC-017,Evergreen Education,ACC-017-U010,Canvas,login,2026-01-21T12:48:00,27.9
EVT-004448,ACC-017,Evergreen Education,ACC-017-U002,Insight,login,2026-01-21T08:50:00,26.8
EVT-004449,ACC-017,Evergreen Education,ACC-017-U020,Canvas,api_call,2026-01-22T20:17:00,1.7
EVT-004450,ACC-017,Evergreen Education,ACC-017-U015,Canvas,api_call,2026-01-23T12:15:00,0.7
EVT-004451,ACC-017,Evergreen Education,ACC-017-U011,Canvas,export,2026-01-23T08:07:00,5.4
EVT-004452,ACC-017,Evergreen Education,ACC-017-U004,Canvas,export,2026-01-24T19:04:00,2.6
EVT-004453,ACC-017,Evergreen Education,ACC-017-U013,Canvas,login,2026-01-25T09:22:00,38.3
EVT-004454,ACC-017,Evergreen Education,ACC-017-U011,Canvas,export,2026-01-26T19:53:00,8.8
EVT-004455,ACC-017,Evergreen Education,ACC-017-U014,Canvas,invite_sent,2026-01-27T13:46:00,1.8
EVT-004456,ACC-017,Evergreen Education,ACC-017-U014,Insight,feature_use,2026-01-27T15:22:00,25.4
EVT-004457,ACC-017,Evergreen Education,ACC-017-U009,Insight,feature_use,2026-01-28T07:11:00,16.6
EVT-004458,ACC-017,Evergreen Education,ACC-017-U017,Insight,invite_sent,2026-01-28T10:26:00,0.6
EVT-004459,ACC-017,Evergreen Education,ACC-017-U010,Insight,invite_sent,2026-01-30T15:55:00,3.7
EVT-004460,ACC-017,Evergreen Education,ACC-017-U019,Insight,api_call,2026-01-31T09:15:00,1.5
EVT-004461,ACC-017,Evergreen Education,ACC-017-U022,Insight,login,2026-02-03T12:11:00,10.1
EVT-004462,ACC-017,Evergreen Education,ACC-017-U011,Canvas,feature_use,2026-02-04T09:45:00,16.3
EVT-004463,ACC-017,Evergreen Education,ACC-017-U005,Insight,feature_use,2026-02-05T16:11:00,36.0
EVT-004464,ACC-017,Evergreen Education,ACC-017-U011,Insight,feature_use,2026-02-08T19:21:00,44.1
EVT-004465,ACC-017,Evergreen Education,ACC-017-U011,Canvas,login,2026-02-09T15:29:00,40.4
EVT-004466,ACC-017,Evergreen Education,ACC-017-U019,Canvas,export,2026-02-09T16:34:00,2.1
EVT-004467,ACC-017,Evergreen Education,ACC-017-U010,Insight,invite_sent,2026-02-10T20:29:00,4.0
EVT-004468,ACC-017,Evergreen Education,ACC-017-U022,Canvas,login,2026-02-11T11:45:00,13.1
EVT-004469,ACC-017,Evergreen Education,ACC-017-U007,Insight,export,2026-02-11T10:42:00,8.6
EVT-004470,ACC-017,Evergreen Education,ACC-017-U021,Insight,login,2026-02-11T20:18:00,30.9
EVT-004471,ACC-017,Evergreen Education,ACC-017-U015,Insight,login,2026-02-13T15:55:00,23.6
EVT-004472,ACC-017,Evergreen Education,ACC-017-U004,Canvas,login,2026-02-15T19:34:00,8.8
EVT-004473,ACC-017,Evergreen Education,ACC-017-U008,Insight,feature_use,2026-02-16T11:13:00,45.0
EVT-004474,ACC-017,Evergreen Education,ACC-017-U003,Insight,login,2026-02-17T16:55:00,28.6
EVT-004475,ACC-017,Evergreen Education,ACC-017-U020,Canvas,export,2026-02-18T12:34:00,2.3
EVT-004476,ACC-017,Evergreen Education,ACC-017-U008,Insight,feature_use,2026-02-18T08:59:00,34.4
EVT-004477,ACC-017,Evergreen Education,ACC-017-U020,Insight,feature_use,2026-02-18T14:36:00,9.8
EVT-004478,ACC-017,Evergreen Education,ACC-017-U003,Canvas,api_call,2026-02-19T16:21:00,0.7
EVT-004479,ACC-017,Evergreen Education,ACC-017-U021,Canvas,login,2026-02-19T12:50:00,23.8
EVT-004480,ACC-017,Evergreen Education,ACC-017-U003,Insight,feature_use,2026-02-19T12:27:00,19.6
EVT-004481,ACC-017,Evergreen Education,ACC-017-U021,Insight,api_call,2026-02-19T10:28:00,0.7
EVT-004482,ACC-017,Evergreen Education,ACC-017-U013,Insight,login,2026-02-20T18:23:00,27.6
EVT-004483,ACC-017,Evergreen Education,ACC-017-U015,Insight,api_call,2026-02-21T12:49:00,1.4
EVT-004484,ACC-017,Evergreen Education,ACC-017-U004,Canvas,invite_sent,2026-02-21T20:54:00,2.4
EVT-004485,ACC-017,Evergreen Education,ACC-017-U012,Insight,export,2026-02-23T11:56:00,5.4
EVT-004486,ACC-017,Evergreen Education,ACC-017-U008,Canvas,login,2026-02-24T12:18:00,37.9
EVT-004487,ACC-017,Evergreen Education,ACC-017-U016,Canvas,feature_use,2026-02-25T09:59:00,8.1
EVT-004488,ACC-017,Evergreen Education,ACC-017-U004,Insight,feature_use,2026-02-27T17:12:00,54.0
EVT-004489,ACC-017,Evergreen Education,ACC-017-U007,Insight,feature_use,2026-02-27T14:56:00,9.2
EVT-004490,ACC-017,Evergreen Education,ACC-017-U008,Insight,feature_use,2026-02-28T17:36:00,25.3
EVT-004491,ACC-017,Evergreen Education,ACC-017-U009,Insight,login,2026-03-01T13:06:00,18.8
EVT-004492,ACC-017,Evergreen Education,ACC-017-U007,Insight,invite_sent,2026-03-02T18:51:00,3.2
EVT-004493,ACC-017,Evergreen Education,ACC-017-U003,Insight,export,2026-03-02T11:49:00,5.7
EVT-004494,ACC-017,Evergreen Education,ACC-017-U014,Insight,feature_use,2026-03-03T16:19:00,42.9
EVT-004495,ACC-017,Evergreen Education,ACC-017-U005,Insight,login,2026-03-05T19:23:00,14.6
EVT-004496,ACC-017,Evergreen Education,ACC-017-U001,Canvas,invite_sent,2026-03-06T15:28:00,4.1
EVT-004497,ACC-017,Evergreen Education,ACC-017-U018,Insight,feature_use,2026-03-06T06:01:00,41.0
EVT-004498,ACC-017,Evergreen Education,ACC-017-U009,Insight,export,2026-03-06T09:54:00,9.7
EVT-004499,ACC-017,Evergreen Education,ACC-017-U012,Canvas,export,2026-03-08T08:09:00,1.6
EVT-004500,ACC-017,Evergreen Education,ACC-017-U001,Canvas,login,2026-03-09T11:16:00,33.4
EVT-004501,ACC-017,Evergreen Education,ACC-017-U019,Insight,feature_use,2026-03-10T07:39:00,42.6
EVT-004502,ACC-017,Evergreen Education,ACC-017-U013,Canvas,login,2026-03-11T16:54:00,42.5
EVT-004503,ACC-017,Evergreen Education,ACC-017-U014,Insight,api_call,2026-03-11T11:36:00,1.7
EVT-004504,ACC-017,Evergreen Education,ACC-017-U016,Canvas,export,2026-03-11T17:35:00,6.1
EVT-004505,ACC-017,Evergreen Education,ACC-017-U002,Insight,api_call,2026-03-12T12:47:00,0.2
EVT-004506,ACC-018,Flux Dynamics,ACC-018-U047,Canvas,feature_use,2025-12-15T09:46:00,6.2
EVT-004507,ACC-018,Flux Dynamics,ACC-018-U044,Canvas,invite_sent,2025-12-15T10:46:00,3.6
EVT-004508,ACC-018,Flux Dynamics,ACC-018-U041,Flow,feature_use,2025-12-15T09:49:00,37.9
EVT-004509,ACC-018,Flux Dynamics,ACC-018-U045,Insight,api_call,2025-12-15T21:15:00,1.2
EVT-004510,ACC-018,Flux Dynamics,ACC-018-U020,Canvas,invite_sent,2025-12-15T06:17:00,1.4
EVT-004511,ACC-018,Flux Dynamics,ACC-018-U025,Insight,login,2025-12-15T09:48:00,29.2
EVT-004512,ACC-018,Flux Dynamics,ACC-018-U027,Flow,feature_use,2025-12-16T15:11:00,50.6
EVT-004513,ACC-018,Flux Dynamics,ACC-018-U022,Canvas,feature_use,2025-12-16T09:13:00,26.8
EVT-004514,ACC-018,Flux Dynamics,ACC-018-U028,Flow,feature_use,2025-12-16T11:11:00,53.8
EVT-004515,ACC-018,Flux Dynamics,ACC-018-U035,Flow,api_call,2025-12-16T08:10:00,0.9
EVT-004516,ACC-018,Flux Dynamics,ACC-018-U025,Insight,login,2025-12-16T14:55:00,40.4
EVT-004517,ACC-018,Flux Dynamics,ACC-018-U016,Canvas,export,2025-12-16T18:48:00,5.5
EVT-004518,ACC-018,Flux Dynamics,ACC-018-U006,Flow,api_call,2025-12-16T16:58:00,1.5
EVT-004519,ACC-018,Flux Dynamics,ACC-018-U023,Flow,feature_use,2025-12-17T17:26:00,52.8
EVT-004520,ACC-018,Flux Dynamics,ACC-018-U038,Flow,login,2025-12-17T12:24:00,39.4
EVT-004521,ACC-018,Flux Dynamics,ACC-018-U031,Insight,feature_use,2025-12-17T14:50:00,51.3
EVT-004522,ACC-018,Flux Dynamics,ACC-018-U014,Insight,feature_use,2025-12-17T16:40:00,50.8
EVT-004523,ACC-018,Flux Dynamics,ACC-018-U015,Canvas,feature_use,2025-12-17T17:32:00,47.6
EVT-004524,ACC-018,Flux Dynamics,ACC-018-U013,Canvas,export,2025-12-17T09:29:00,1.9
EVT-004525,ACC-018,Flux Dynamics,ACC-018-U023,Canvas,api_call,2025-12-18T13:37:00,0.7
EVT-004526,ACC-018,Flux Dynamics,ACC-018-U028,Flow,feature_use,2025-12-18T09:43:00,21.0
EVT-004527,ACC-018,Flux Dynamics,ACC-018-U038,Flow,login,2025-12-18T14:15:00,34.2
EVT-004528,ACC-018,Flux Dynamics,ACC-018-U023,Insight,feature_use,2025-12-18T21:14:00,54.2
EVT-004529,ACC-018,Flux Dynamics,ACC-018-U018,Canvas,login,2025-12-19T14:15:00,13.6
EVT-004530,ACC-018,Flux Dynamics,ACC-018-U005,Flow,api_call,2025-12-19T15:06:00,1.2
EVT-004531,ACC-018,Flux Dynamics,ACC-018-U043,Canvas,feature_use,2025-12-19T15:48:00,3.2
EVT-004532,ACC-018,Flux Dynamics,ACC-018-U015,Insight,export,2025-12-19T09:41:00,6.7
EVT-004533,ACC-018,Flux Dynamics,ACC-018-U009,Insight,invite_sent,2025-12-19T17:23:00,0.8
EVT-004534,ACC-018,Flux Dynamics,ACC-018-U024,Canvas,login,2025-12-20T07:32:00,14.2
EVT-004535,ACC-018,Flux Dynamics,ACC-018-U014,Canvas,api_call,2025-12-20T15:26:00,0.5
EVT-004536,ACC-018,Flux Dynamics,ACC-018-U017,Flow,feature_use,2025-12-20T14:11:00,50.5
EVT-004537,ACC-018,Flux Dynamics,ACC-018-U039,Flow,export,2025-12-21T20:54:00,9.8
EVT-004538,ACC-018,Flux Dynamics,ACC-018-U017,Flow,export,2025-12-22T14:54:00,7.2
EVT-004539,ACC-018,Flux Dynamics,ACC-018-U002,Canvas,feature_use,2025-12-22T09:23:00,50.8
EVT-004540,ACC-018,Flux Dynamics,ACC-018-U024,Insight,export,2025-12-22T14:27:00,9.0
EVT-004541,ACC-018,Flux Dynamics,ACC-018-U029,Insight,feature_use,2025-12-22T09:00:00,31.3
EVT-004542,ACC-018,Flux Dynamics,ACC-018-U026,Insight,login,2025-12-22T15:01:00,36.8
EVT-004543,ACC-018,Flux Dynamics,ACC-018-U031,Insight,feature_use,2025-12-23T15:54:00,38.9
EVT-004544,ACC-018,Flux Dynamics,ACC-018-U008,Canvas,export,2025-12-23T13:20:00,3.1
EVT-004545,ACC-018,Flux Dynamics,ACC-018-U039,Canvas,login,2025-12-23T10:05:00,12.7
EVT-004546,ACC-018,Flux Dynamics,ACC-018-U018,Canvas,export,2025-12-23T16:09:00,8.9
EVT-004547,ACC-018,Flux Dynamics,ACC-018-U026,Insight,feature_use,2025-12-23T10:47:00,37.3
EVT-004548,ACC-018,Flux Dynamics,ACC-018-U001,Flow,export,2025-12-23T08:32:00,6.5
EVT-004549,ACC-018,Flux Dynamics,ACC-018-U046,Canvas,export,2025-12-23T16:53:00,2.5
EVT-004550,ACC-018,Flux Dynamics,ACC-018-U045,Canvas,login,2025-12-24T15:32:00,35.4
EVT-004551,ACC-018,Flux Dynamics,ACC-018-U021,Canvas,login,2025-12-24T13:45:00,34.7
EVT-004552,ACC-018,Flux Dynamics,ACC-018-U004,Insight,api_call,2025-12-24T19:14:00,1.3
EVT-004553,ACC-018,Flux Dynamics,ACC-018-U044,Insight,export,2025-12-24T13:17:00,3.1
EVT-004554,ACC-018,Flux Dynamics,ACC-018-U017,Flow,login,2025-12-25T19:00:00,5.1
EVT-004555,ACC-018,Flux Dynamics,ACC-018-U031,Flow,login,2025-12-25T19:52:00,23.6
EVT-004556,ACC-018,Flux Dynamics,ACC-018-U006,Flow,login,2025-12-25T15:27:00,37.9
EVT-004557,ACC-018,Flux Dynamics,ACC-018-U017,Insight,feature_use,2025-12-25T17:24:00,22.3
EVT-004558,ACC-018,Flux Dynamics,ACC-018-U032,Insight,login,2025-12-25T10:46:00,34.3
EVT-004559,ACC-018,Flux Dynamics,ACC-018-U029,Canvas,feature_use,2025-12-25T10:16:00,8.7
EVT-004560,ACC-018,Flux Dynamics,ACC-018-U043,Flow,export,2025-12-26T09:06:00,3.8
EVT-004561,ACC-018,Flux Dynamics,ACC-018-U026,Flow,feature_use,2025-12-26T14:16:00,35.4
EVT-004562,ACC-018,Flux Dynamics,ACC-018-U015,Flow,login,2025-12-26T11:26:00,13.5
EVT-004563,ACC-018,Flux Dynamics,ACC-018-U020,Flow,feature_use,2025-12-26T11:20:00,6.9
EVT-004564,ACC-018,Flux Dynamics,ACC-018-U006,Flow,login,2025-12-26T16:34:00,40.0
EVT-004565,ACC-018,Flux Dynamics,ACC-018-U005,Flow,feature_use,2025-12-26T18:39:00,52.3
EVT-004566,ACC-018,Flux Dynamics,ACC-018-U036,Flow,export,2025-12-27T13:16:00,6.6
EVT-004567,ACC-018,Flux Dynamics,ACC-018-U015,Flow,login,2025-12-28T10:10:00,7.7
EVT-004568,ACC-018,Flux Dynamics,ACC-018-U007,Insight,api_call,2025-12-29T15:35:00,1.2
EVT-004569,ACC-018,Flux Dynamics,ACC-018-U043,Flow,api_call,2025-12-29T19:10:00,0.5
EVT-004570,ACC-018,Flux Dynamics,ACC-018-U034,Canvas,feature_use,2025-12-29T10:40:00,55.2
EVT-004571,ACC-018,Flux Dynamics,ACC-018-U030,Flow,feature_use,2025-12-29T18:50:00,55.9
EVT-004572,ACC-018,Flux Dynamics,ACC-018-U047,Flow,api_call,2025-12-29T09:38:00,0.4
EVT-004573,ACC-018,Flux Dynamics,ACC-018-U012,Flow,api_call,2025-12-29T14:22:00,1.5
EVT-004574,ACC-018,Flux Dynamics,ACC-018-U027,Insight,feature_use,2025-12-29T13:45:00,42.3
EVT-004575,ACC-018,Flux Dynamics,ACC-018-U016,Canvas,feature_use,2025-12-29T17:38:00,55.0
EVT-004576,ACC-018,Flux Dynamics,ACC-018-U013,Canvas,login,2025-12-30T10:40:00,13.2
EVT-004577,ACC-018,Flux Dynamics,ACC-018-U012,Canvas,feature_use,2025-12-30T16:48:00,7.6
EVT-004578,ACC-018,Flux Dynamics,ACC-018-U005,Canvas,login,2025-12-30T09:41:00,9.5
EVT-004579,ACC-018,Flux Dynamics,ACC-018-U035,Canvas,export,2025-12-30T15:48:00,6.9
EVT-004580,ACC-018,Flux Dynamics,ACC-018-U001,Flow,login,2025-12-30T17:47:00,23.1
EVT-004581,ACC-018,Flux Dynamics,ACC-018-U018,Flow,login,2025-12-30T18:10:00,7.0
EVT-004582,ACC-018,Flux Dynamics,ACC-018-U010,Canvas,login,2025-12-31T13:32:00,35.1
EVT-004583,ACC-018,Flux Dynamics,ACC-018-U002,Flow,login,2025-12-31T17:03:00,18.9
EVT-004584,ACC-018,Flux Dynamics,ACC-018-U039,Insight,login,2025-12-31T11:01:00,17.4
EVT-004585,ACC-018,Flux Dynamics,ACC-018-U003,Canvas,feature_use,2025-12-31T09:55:00,25.2
EVT-004586,ACC-018,Flux Dynamics,ACC-018-U029,Canvas,api_call,2026-01-01T09:37:00,1.9
EVT-004587,ACC-018,Flux Dynamics,ACC-018-U048,Insight,login,2026-01-01T20:30:00,18.9
EVT-004588,ACC-018,Flux Dynamics,ACC-018-U006,Flow,api_call,2026-01-01T14:33:00,0.3
EVT-004589,ACC-018,Flux Dynamics,ACC-018-U007,Insight,api_call,2026-01-01T16:03:00,1.9
EVT-004590,ACC-018,Flux Dynamics,ACC-018-U002,Flow,login,2026-01-01T12:24:00,20.4
EVT-004591,ACC-018,Flux Dynamics,ACC-018-U033,Insight,login,2026-01-01T10:22:00,32.8
EVT-004592,ACC-018,Flux Dynamics,ACC-018-U003,Canvas,feature_use,2026-01-01T17:51:00,21.6
EVT-004593,ACC-018,Flux Dynamics,ACC-018-U034,Flow,export,2026-01-02T12:44:00,2.1
EVT-004594,ACC-018,Flux Dynamics,ACC-018-U047,Flow,login,2026-01-02T12:00:00,14.4
EVT-004595,ACC-018,Flux Dynamics,ACC-018-U039,Flow,invite_sent,2026-01-02T10:09:00,2.0
EVT-004596,ACC-018,Flux Dynamics,ACC-018-U011,Flow,login,2026-01-03T08:17:00,20.8
EVT-004597,ACC-018,Flux Dynamics,ACC-018-U045,Flow,login,2026-01-03T19:59:00,38.0
EVT-004598,ACC-018,Flux Dynamics,ACC-018-U039,Canvas,export,2026-01-03T17:51:00,2.7
EVT-004599,ACC-018,Flux Dynamics,ACC-018-U020,Insight,export,2026-01-05T11:32:00,4.3
EVT-004600,ACC-018,Flux Dynamics,ACC-018-U023,Flow,login,2026-01-05T14:23:00,12.6
EVT-004601,ACC-018,Flux Dynamics,ACC-018-U036,Insight,feature_use,2026-01-05T13:08:00,46.4
EVT-004602,ACC-018,Flux Dynamics,ACC-018-U026,Insight,login,2026-01-05T14:03:00,8.1
EVT-004603,ACC-018,Flux Dynamics,ACC-018-U040,Canvas,feature_use,2026-01-05T13:25:00,12.6
EVT-004604,ACC-018,Flux Dynamics,ACC-018-U047,Insight,invite_sent,2026-01-05T13:03:00,4.5
EVT-004605,ACC-018,Flux Dynamics,ACC-018-U020,Canvas,login,2026-01-06T07:00:00,40.6
EVT-004606,ACC-018,Flux Dynamics,ACC-018-U033,Insight,export,2026-01-06T12:39:00,9.7
EVT-004607,ACC-018,Flux Dynamics,ACC-018-U006,Canvas,feature_use,2026-01-06T14:31:00,48.7
EVT-004608,ACC-018,Flux Dynamics,ACC-018-U008,Flow,login,2026-01-06T10:36:00,10.0
EVT-004609,ACC-018,Flux Dynamics,ACC-018-U048,Flow,login,2026-01-06T07:18:00,31.1
EVT-004610,ACC-018,Flux Dynamics,ACC-018-U030,Flow,login,2026-01-06T15:30:00,43.5
EVT-004611,ACC-018,Flux Dynamics,ACC-018-U016,Flow,feature_use,2026-01-07T13:44:00,34.5
EVT-004612,ACC-018,Flux Dynamics,ACC-018-U015,Flow,login,2026-01-07T20:51:00,29.0
EVT-004613,ACC-018,Flux Dynamics,ACC-018-U032,Flow,feature_use,2026-01-07T11:59:00,12.7
EVT-004614,ACC-018,Flux Dynamics,ACC-018-U043,Canvas,login,2026-01-07T15:58:00,43.7
EVT-004615,ACC-018,Flux Dynamics,ACC-018-U043,Canvas,export,2026-01-08T09:44:00,2.2
EVT-004616,ACC-018,Flux Dynamics,ACC-018-U025,Insight,api_call,2026-01-08T19:02:00,1.8
EVT-004617,ACC-018,Flux Dynamics,ACC-018-U024,Canvas,api_call,2026-01-08T18:53:00,0.2
EVT-004618,ACC-018,Flux Dynamics,ACC-018-U001,Insight,api_call,2026-01-08T14:50:00,1.5
EVT-004619,ACC-018,Flux Dynamics,ACC-018-U014,Insight,feature_use,2026-01-08T12:29:00,3.3
EVT-004620,ACC-018,Flux Dynamics,ACC-018-U008,Canvas,api_call,2026-01-09T18:09:00,1.0
EVT-004621,ACC-018,Flux Dynamics,ACC-018-U013,Flow,api_call,2026-01-09T14:20:00,1.6
EVT-004622,ACC-018,Flux Dynamics,ACC-018-U013,Canvas,invite_sent,2026-01-09T18:10:00,3.7
EVT-004623,ACC-018,Flux Dynamics,ACC-018-U003,Insight,export,2026-01-09T18:53:00,8.1
EVT-004624,ACC-018,Flux Dynamics,ACC-018-U033,Insight,feature_use,2026-01-09T13:22:00,21.9
EVT-004625,ACC-018,Flux Dynamics,ACC-018-U038,Flow,feature_use,2026-01-12T10:03:00,31.4
EVT-004626,ACC-018,Flux Dynamics,ACC-018-U044,Flow,feature_use,2026-01-12T16:58:00,16.1
EVT-004627,ACC-018,Flux Dynamics,ACC-018-U016,Flow,feature_use,2026-01-12T17:11:00,28.6
EVT-004628,ACC-018,Flux Dynamics,ACC-018-U033,Flow,login,2026-01-12T17:38:00,7.9
EVT-004629,ACC-018,Flux Dynamics,ACC-018-U017,Canvas,feature_use,2026-01-13T10:53:00,45.5
EVT-004630,ACC-018,Flux Dynamics,ACC-018-U005,Insight,api_call,2026-01-13T10:59:00,1.0
EVT-004631,ACC-018,Flux Dynamics,ACC-018-U038,Canvas,api_call,2026-01-13T12:20:00,1.6
EVT-004632,ACC-018,Flux Dynamics,ACC-018-U017,Insight,feature_use,2026-01-13T13:19:00,19.5
EVT-004633,ACC-018,Flux Dynamics,ACC-018-U004,Insight,export,2026-01-13T12:19:00,3.6
EVT-004634,ACC-018,Flux Dynamics,ACC-018-U033,Canvas,invite_sent,2026-01-14T13:46:00,4.0
EVT-004635,ACC-018,Flux Dynamics,ACC-018-U043,Flow,api_call,2026-01-14T15:19:00,1.6
EVT-004636,ACC-018,Flux Dynamics,ACC-018-U044,Insight,login,2026-01-14T17:14:00,1.2
EVT-004637,ACC-018,Flux Dynamics,ACC-018-U034,Insight,feature_use,2026-01-14T10:51:00,3.0
EVT-004638,ACC-018,Flux Dynamics,ACC-018-U026,Flow,feature_use,2026-01-14T15:57:00,7.2
EVT-004639,ACC-018,Flux Dynamics,ACC-018-U044,Insight,export,2026-01-15T18:28:00,4.4
EVT-004640,ACC-018,Flux Dynamics,ACC-018-U013,Insight,feature_use,2026-01-15T12:47:00,24.0
EVT-004641,ACC-018,Flux Dynamics,ACC-018-U042,Canvas,login,2026-01-15T08:41:00,36.3
EVT-004642,ACC-018,Flux Dynamics,ACC-018-U042,Insight,api_call,2026-01-15T15:54:00,0.2
EVT-004643,ACC-018,Flux Dynamics,ACC-018-U008,Flow,login,2026-01-15T13:14:00,2.6
EVT-004644,ACC-018,Flux Dynamics,ACC-018-U001,Canvas,export,2026-01-15T14:09:00,4.0
EVT-004645,ACC-018,Flux Dynamics,ACC-018-U007,Insight,api_call,2026-01-16T10:50:00,0.4
EVT-004646,ACC-018,Flux Dynamics,ACC-018-U015,Insight,invite_sent,2026-01-16T12:07:00,1.7
EVT-004647,ACC-018,Flux Dynamics,ACC-018-U026,Canvas,feature_use,2026-01-16T18:32:00,14.5
EVT-004648,ACC-018,Flux Dynamics,ACC-018-U009,Insight,login,2026-01-16T16:08:00,22.9
EVT-004649,ACC-018,Flux Dynamics,ACC-018-U008,Insight,export,2026-01-16T18:55:00,8.5
EVT-004650,ACC-018,Flux Dynamics,ACC-018-U043,Flow,api_call,2026-01-17T13:37:00,0.4
EVT-004651,ACC-018,Flux Dynamics,ACC-018-U011,Flow,api_call,2026-01-19T12:11:00,2.0
EVT-004652,ACC-018,Flux Dynamics,ACC-018-U038,Canvas,feature_use,2026-01-19T18:46:00,48.7
EVT-004653,ACC-018,Flux Dynamics,ACC-018-U035,Canvas,export,2026-01-19T09:22:00,6.7
EVT-004654,ACC-018,Flux Dynamics,ACC-018-U015,Canvas,feature_use,2026-01-19T10:40:00,52.1
EVT-004655,ACC-018,Flux Dynamics,ACC-018-U017,Flow,export,2026-01-19T17:42:00,5.1
EVT-004656,ACC-018,Flux Dynamics,ACC-018-U038,Canvas,login,2026-01-19T11:33:00,16.8
EVT-004657,ACC-018,Flux Dynamics,ACC-018-U018,Canvas,feature_use,2026-01-20T11:43:00,6.9
EVT-004658,ACC-018,Flux Dynamics,ACC-018-U013,Flow,api_call,2026-01-20T15:05:00,1.4
EVT-004659,ACC-018,Flux Dynamics,ACC-018-U007,Flow,export,2026-01-20T18:49:00,3.5
EVT-004660,ACC-018,Flux Dynamics,ACC-018-U014,Flow,feature_use,2026-01-20T13:39:00,44.1
EVT-004661,ACC-018,Flux Dynamics,ACC-018-U033,Flow,login,2026-01-20T17:27:00,35.3
EVT-004662,ACC-018,Flux Dynamics,ACC-018-U005,Canvas,login,2026-01-20T09:35:00,27.4
EVT-004663,ACC-018,Flux Dynamics,ACC-018-U048,Insight,feature_use,2026-01-21T11:26:00,52.1
EVT-004664,ACC-018,Flux Dynamics,ACC-018-U023,Insight,login,2026-01-21T18:05:00,5.4
EVT-004665,ACC-018,Flux Dynamics,ACC-018-U046,Flow,export,2026-01-21T11:01:00,7.4
EVT-004666,ACC-018,Flux Dynamics,ACC-018-U022,Flow,export,2026-01-21T13:25:00,2.1
EVT-004667,ACC-018,Flux Dynamics,ACC-018-U027,Insight,login,2026-01-21T10:14:00,44.0
EVT-004668,ACC-018,Flux Dynamics,ACC-018-U036,Flow,feature_use,2026-01-22T17:48:00,47.6
EVT-004669,ACC-018,Flux Dynamics,ACC-018-U001,Flow,export,2026-01-22T11:41:00,5.2
EVT-004670,ACC-018,Flux Dynamics,ACC-018-U001,Flow,api_call,2026-01-22T16:50:00,1.7
EVT-004671,ACC-018,Flux Dynamics,ACC-018-U013,Canvas,feature_use,2026-01-22T10:48:00,8.5
EVT-004672,ACC-018,Flux Dynamics,ACC-018-U043,Flow,login,2026-01-22T18:45:00,35.6
EVT-004673,ACC-018,Flux Dynamics,ACC-018-U012,Canvas,api_call,2026-01-23T15:23:00,0.9
EVT-004674,ACC-018,Flux Dynamics,ACC-018-U042,Insight,login,2026-01-23T20:31:00,18.0
EVT-004675,ACC-018,Flux Dynamics,ACC-018-U025,Canvas,feature_use,2026-01-23T10:17:00,17.8
EVT-004676,ACC-018,Flux Dynamics,ACC-018-U028,Insight,export,2026-01-23T14:33:00,3.3
EVT-004677,ACC-018,Flux Dynamics,ACC-018-U021,Insight,feature_use,2026-01-24T10:56:00,25.1
EVT-004678,ACC-018,Flux Dynamics,ACC-018-U006,Canvas,feature_use,2026-01-25T10:53:00,35.8
EVT-004679,ACC-018,Flux Dynamics,ACC-018-U008,Insight,feature_use,2026-01-25T09:26:00,52.9
EVT-004680,ACC-018,Flux Dynamics,ACC-018-U046,Canvas,login,2026-01-25T09:47:00,24.1
EVT-004681,ACC-018,Flux Dynamics,ACC-018-U029,Canvas,api_call,2026-01-26T13:18:00,1.6
EVT-004682,ACC-018,Flux Dynamics,ACC-018-U017,Canvas,login,2026-01-26T16:50:00,15.4
EVT-004683,ACC-018,Flux Dynamics,ACC-018-U014,Flow,export,2026-01-26T10:51:00,4.8
EVT-004684,ACC-018,Flux Dynamics,ACC-018-U039,Flow,feature_use,2026-01-26T12:23:00,57.3
EVT-004685,ACC-018,Flux Dynamics,ACC-018-U033,Canvas,api_call,2026-01-26T11:48:00,1.8
EVT-004686,ACC-018,Flux Dynamics,ACC-018-U011,Flow,login,2026-01-27T21:26:00,21.8
EVT-004687,ACC-018,Flux Dynamics,ACC-018-U033,Insight,invite_sent,2026-01-27T12:41:00,2.5
EVT-004688,ACC-018,Flux Dynamics,ACC-018-U004,Flow,feature_use,2026-01-27T16:34:00,21.0
EVT-004689,ACC-018,Flux Dynamics,ACC-018-U025,Canvas,feature_use,2026-01-27T21:13:00,53.7
EVT-004690,ACC-018,Flux Dynamics,ACC-018-U048,Insight,export,2026-01-27T09:21:00,2.0
EVT-004691,ACC-018,Flux Dynamics,ACC-018-U021,Flow,feature_use,2026-01-27T19:17:00,56.5
EVT-004692,ACC-018,Flux Dynamics,ACC-018-U045,Flow,export,2026-01-28T13:44:00,6.8
EVT-004693,ACC-018,Flux Dynamics,ACC-018-U003,Insight,login,2026-01-28T09:27:00,39.0
EVT-004694,ACC-018,Flux Dynamics,ACC-018-U035,Flow,api_call,2026-01-28T16:39:00,0.4
EVT-004695,ACC-018,Flux Dynamics,ACC-018-U036,Flow,api_call,2026-01-28T16:45:00,0.8
EVT-004696,ACC-018,Flux Dynamics,ACC-018-U003,Canvas,api_call,2026-01-28T15:55:00,1.7
EVT-004697,ACC-018,Flux Dynamics,ACC-018-U020,Insight,login,2026-01-28T12:43:00,44.1
EVT-004698,ACC-018,Flux Dynamics,ACC-018-U042,Insight,login,2026-01-29T10:46:00,39.8
EVT-004699,ACC-018,Flux Dynamics,ACC-018-U007,Canvas,login,2026-01-29T12:25:00,30.2
EVT-004700,ACC-018,Flux Dynamics,ACC-018-U038,Flow,export,2026-01-29T19:59:00,1.9
EVT-004701,ACC-018,Flux Dynamics,ACC-018-U043,Insight,export,2026-01-30T09:34:00,8.2
EVT-004702,ACC-018,Flux Dynamics,ACC-018-U038,Canvas,export,2026-01-30T19:25:00,7.0
EVT-004703,ACC-018,Flux Dynamics,ACC-018-U021,Insight,invite_sent,2026-01-30T14:19:00,4.9
EVT-004704,ACC-018,Flux Dynamics,ACC-018-U020,Canvas,login,2026-01-30T12:51:00,9.2
EVT-004705,ACC-018,Flux Dynamics,ACC-018-U003,Canvas,feature_use,2026-01-30T18:58:00,59.8
EVT-004706,ACC-018,Flux Dynamics,ACC-018-U048,Flow,login,2026-01-30T10:46:00,13.0
EVT-004707,ACC-018,Flux Dynamics,ACC-018-U015,Insight,feature_use,2026-01-31T10:40:00,27.9
EVT-004708,ACC-018,Flux Dynamics,ACC-018-U022,Insight,login,2026-01-31T11:40:00,2.3
EVT-004709,ACC-018,Flux Dynamics,ACC-018-U028,Flow,feature_use,2026-02-01T16:28:00,11.2
EVT-004710,ACC-018,Flux Dynamics,ACC-018-U010,Canvas,feature_use,2026-02-02T18:19:00,21.9
EVT-004711,ACC-018,Flux Dynamics,ACC-018-U010,Canvas,api_call,2026-02-02T20:28:00,0.6
EVT-004712,ACC-018,Flux Dynamics,ACC-018-U025,Canvas,feature_use,2026-02-02T18:51:00,17.3
EVT-004713,ACC-018,Flux Dynamics,ACC-018-U006,Insight,login,2026-02-02T11:40:00,4.4
EVT-004714,ACC-018,Flux Dynamics,ACC-018-U021,Flow,login,2026-02-02T12:51:00,39.9
EVT-004715,ACC-018,Flux Dynamics,ACC-018-U009,Canvas,login,2026-02-03T18:59:00,3.7
EVT-004716,ACC-018,Flux Dynamics,ACC-018-U033,Insight,feature_use,2026-02-03T18:44:00,7.6
EVT-004717,ACC-018,Flux Dynamics,ACC-018-U037,Canvas,feature_use,2026-02-03T13:17:00,25.4
EVT-004718,ACC-018,Flux Dynamics,ACC-018-U047,Flow,login,2026-02-03T18:34:00,19.7
EVT-004719,ACC-018,Flux Dynamics,ACC-018-U011,Canvas,feature_use,2026-02-04T12:10:00,35.9
EVT-004720,ACC-018,Flux Dynamics,ACC-018-U003,Flow,feature_use,2026-02-04T13:54:00,13.4
EVT-004721,ACC-018,Flux Dynamics,ACC-018-U042,Canvas,login,2026-02-04T10:34:00,43.7
EVT-004722,ACC-018,Flux Dynamics,ACC-018-U005,Insight,feature_use,2026-02-04T20:18:00,5.3
EVT-004723,ACC-018,Flux Dynamics,ACC-018-U008,Flow,api_call,2026-02-04T14:42:00,0.7
EVT-004724,ACC-018,Flux Dynamics,ACC-018-U024,Flow,feature_use,2026-02-05T18:56:00,43.2
EVT-004725,ACC-018,Flux Dynamics,ACC-018-U012,Canvas,login,2026-02-05T16:26:00,7.3
EVT-004726,ACC-018,Flux Dynamics,ACC-018-U013,Canvas,login,2026-02-05T10:09:00,23.2
EVT-004727,ACC-018,Flux Dynamics,ACC-018-U033,Flow,invite_sent,2026-02-05T11:08:00,2.2
EVT-004728,ACC-018,Flux Dynamics,ACC-018-U033,Flow,feature_use,2026-02-05T16:23:00,45.9
EVT-004729,ACC-018,Flux Dynamics,ACC-018-U036,Flow,feature_use,2026-02-06T13:48:00,51.2
EVT-004730,ACC-018,Flux Dynamics,ACC-018-U017,Flow,login,2026-02-06T14:38:00,21.2
EVT-004731,ACC-018,Flux Dynamics,ACC-018-U039,Insight,feature_use,2026-02-06T18:50:00,16.9
EVT-004732,ACC-018,Flux Dynamics,ACC-018-U035,Insight,export,2026-02-06T10:12:00,3.2
EVT-004733,ACC-018,Flux Dynamics,ACC-018-U023,Flow,api_call,2026-02-06T10:46:00,1.2
EVT-004734,ACC-018,Flux Dynamics,ACC-018-U028,Canvas,api_call,2026-02-07T10:09:00,0.8
EVT-004735,ACC-018,Flux Dynamics,ACC-018-U018,Canvas,feature_use,2026-02-09T12:28:00,54.2
EVT-004736,ACC-018,Flux Dynamics,ACC-018-U047,Insight,invite_sent,2026-02-09T14:26:00,4.1
EVT-004737,ACC-018,Flux Dynamics,ACC-018-U033,Insight,export,2026-02-09T13:34:00,7.3
EVT-004738,ACC-018,Flux Dynamics,ACC-018-U009,Insight,login,2026-02-09T12:58:00,29.7
EVT-004739,ACC-018,Flux Dynamics,ACC-018-U018,Insight,api_call,2026-02-09T14:13:00,1.2
EVT-004740,ACC-018,Flux Dynamics,ACC-018-U041,Flow,login,2026-02-09T08:27:00,22.4
EVT-004741,ACC-018,Flux Dynamics,ACC-018-U014,Canvas,api_call,2026-02-10T10:29:00,1.9
EVT-004742,ACC-018,Flux Dynamics,ACC-018-U014,Canvas,feature_use,2026-02-10T16:51:00,22.8
EVT-004743,ACC-018,Flux Dynamics,ACC-018-U014,Insight,export,2026-02-10T07:08:00,3.9
EVT-004744,ACC-018,Flux Dynamics,ACC-018-U046,Canvas,feature_use,2026-02-10T11:49:00,43.6
EVT-004745,ACC-018,Flux Dynamics,ACC-018-U011,Canvas,feature_use,2026-02-10T18:27:00,49.3
EVT-004746,ACC-018,Flux Dynamics,ACC-018-U003,Insight,api_call,2026-02-10T17:17:00,1.2
EVT-004747,ACC-018,Flux Dynamics,ACC-018-U034,Insight,login,2026-02-10T18:39:00,15.4
EVT-004748,ACC-018,Flux Dynamics,ACC-018-U021,Flow,export,2026-02-11T21:59:00,1.8
EVT-004749,ACC-018,Flux Dynamics,ACC-018-U047,Canvas,api_call,2026-02-11T13:08:00,0.1
EVT-004750,ACC-018,Flux Dynamics,ACC-018-U007,Flow,export,2026-02-11T13:26:00,8.7
EVT-004751,ACC-018,Flux Dynamics,ACC-018-U048,Insight,feature_use,2026-02-11T12:36:00,53.9
EVT-004752,ACC-018,Flux Dynamics,ACC-018-U047,Insight,export,2026-02-11T09:22:00,9.1
EVT-004753,ACC-018,Flux Dynamics,ACC-018-U047,Insight,feature_use,2026-02-11T06:59:00,36.9
EVT-004754,ACC-018,Flux Dynamics,ACC-018-U004,Canvas,feature_use,2026-02-12T20:19:00,58.4
EVT-004755,ACC-018,Flux Dynamics,ACC-018-U048,Canvas,login,2026-02-12T14:23:00,36.3
EVT-004756,ACC-018,Flux Dynamics,ACC-018-U032,Flow,feature_use,2026-02-12T10:03:00,37.2
EVT-004757,ACC-018,Flux Dynamics,ACC-018-U036,Insight,login,2026-02-12T11:58:00,20.1
EVT-004758,ACC-018,Flux Dynamics,ACC-018-U005,Flow,login,2026-02-12T15:27:00,33.5
EVT-004759,ACC-018,Flux Dynamics,ACC-018-U009,Insight,login,2026-02-12T17:13:00,37.9
EVT-004760,ACC-018,Flux Dynamics,ACC-018-U002,Insight,login,2026-02-13T09:22:00,16.9
EVT-004761,ACC-018,Flux Dynamics,ACC-018-U032,Flow,feature_use,2026-02-13T19:47:00,6.0
EVT-004762,ACC-018,Flux Dynamics,ACC-018-U033,Insight,login,2026-02-13T08:44:00,29.7
EVT-004763,ACC-018,Flux Dynamics,ACC-018-U026,Insight,invite_sent,2026-02-13T11:39:00,3.1
EVT-004764,ACC-018,Flux Dynamics,ACC-018-U019,Insight,invite_sent,2026-02-13T07:55:00,1.7
EVT-004765,ACC-018,Flux Dynamics,ACC-018-U010,Insight,api_call,2026-02-13T11:19:00,1.7
EVT-004766,ACC-018,Flux Dynamics,ACC-018-U032,Insight,feature_use,2026-02-14T08:25:00,33.2
EVT-004767,ACC-018,Flux Dynamics,ACC-018-U044,Insight,login,2026-02-16T14:15:00,36.4
EVT-004768,ACC-018,Flux Dynamics,ACC-018-U012,Canvas,api_call,2026-02-16T11:29:00,0.7
EVT-004769,ACC-018,Flux Dynamics,ACC-018-U001,Insight,api_call,2026-02-16T10:55:00,0.2
EVT-004770,ACC-018,Flux Dynamics,ACC-018-U001,Canvas,export,2026-02-16T14:59:00,7.9
EVT-004771,ACC-018,Flux Dynamics,ACC-018-U016,Flow,api_call,2026-02-16T09:08:00,0.1
EVT-004772,ACC-018,Flux Dynamics,ACC-018-U028,Flow,api_call,2026-02-16T08:48:00,0.6
EVT-004773,ACC-018,Flux Dynamics,ACC-018-U038,Flow,invite_sent,2026-02-17T13:49:00,1.6
EVT-004774,ACC-018,Flux Dynamics,ACC-018-U020,Canvas,login,2026-02-17T17:47:00,18.0
EVT-004775,ACC-018,Flux Dynamics,ACC-018-U037,Canvas,feature_use,2026-02-17T09:23:00,18.1
EVT-004776,ACC-018,Flux Dynamics,ACC-018-U040,Flow,feature_use,2026-02-17T14:26:00,54.2
EVT-004777,ACC-018,Flux Dynamics,ACC-018-U001,Insight,login,2026-02-17T11:35:00,30.0
EVT-004778,ACC-018,Flux Dynamics,ACC-018-U042,Canvas,invite_sent,2026-02-18T19:45:00,2.5
EVT-004779,ACC-018,Flux Dynamics,ACC-018-U029,Flow,feature_use,2026-02-18T09:18:00,44.3
EVT-004780,ACC-018,Flux Dynamics,ACC-018-U018,Insight,api_call,2026-02-18T15:53:00,0.3
EVT-004781,ACC-018,Flux Dynamics,ACC-018-U042,Canvas,invite_sent,2026-02-18T12:56:00,1.7
EVT-004782,ACC-018,Flux Dynamics,ACC-018-U038,Insight,feature_use,2026-02-19T14:10:00,23.1
EVT-004783,ACC-018,Flux Dynamics,ACC-018-U032,Canvas,login,2026-02-19T17:14:00,41.6
EVT-004784,ACC-018,Flux Dynamics,ACC-018-U040,Insight,login,2026-02-19T10:27:00,19.8
EVT-004785,ACC-018,Flux Dynamics,ACC-018-U042,Insight,api_call,2026-02-19T09:41:00,1.3
EVT-004786,ACC-018,Flux Dynamics,ACC-018-U036,Flow,feature_use,2026-02-20T11:29:00,30.1
EVT-004787,ACC-018,Flux Dynamics,ACC-018-U042,Insight,export,2026-02-20T16:14:00,5.0
EVT-004788,ACC-018,Flux Dynamics,ACC-018-U027,Insight,api_call,2026-02-20T13:24:00,1.5
EVT-004789,ACC-018,Flux Dynamics,ACC-018-U020,Insight,export,2026-02-20T14:56:00,8.8
EVT-004790,ACC-018,Flux Dynamics,ACC-018-U036,Flow,feature_use,2026-02-20T19:59:00,22.4
EVT-004791,ACC-018,Flux Dynamics,ACC-018-U001,Flow,feature_use,2026-02-21T12:39:00,4.6
EVT-004792,ACC-018,Flux Dynamics,ACC-018-U001,Canvas,feature_use,2026-02-21T16:22:00,26.9
EVT-004793,ACC-018,Flux Dynamics,ACC-018-U038,Canvas,export,2026-02-23T17:42:00,1.4
EVT-004794,ACC-018,Flux Dynamics,ACC-018-U044,Flow,feature_use,2026-02-23T11:13:00,9.7
EVT-004795,ACC-018,Flux Dynamics,ACC-018-U033,Flow,export,2026-02-23T10:06:00,4.1
EVT-004796,ACC-018,Flux Dynamics,ACC-018-U001,Flow,feature_use,2026-02-23T12:43:00,8.5
EVT-004797,ACC-018,Flux Dynamics,ACC-018-U010,Flow,export,2026-02-23T09:56:00,3.7
EVT-004798,ACC-018,Flux Dynamics,ACC-018-U009,Canvas,login,2026-02-23T20:17:00,19.7
EVT-004799,ACC-018,Flux Dynamics,ACC-018-U048,Insight,feature_use,2026-02-23T08:31:00,14.5
EVT-004800,ACC-018,Flux Dynamics,ACC-018-U013,Canvas,feature_use,2026-02-24T09:55:00,27.3
EVT-004801,ACC-018,Flux Dynamics,ACC-018-U040,Insight,login,2026-02-24T13:04:00,40.4
EVT-004802,ACC-018,Flux Dynamics,ACC-018-U018,Insight,feature_use,2026-02-24T13:10:00,11.0
EVT-004803,ACC-018,Flux Dynamics,ACC-018-U023,Insight,api_call,2026-02-24T14:29:00,1.7
EVT-004804,ACC-018,Flux Dynamics,ACC-018-U005,Flow,export,2026-02-24T10:00:00,4.5
EVT-004805,ACC-018,Flux Dynamics,ACC-018-U036,Canvas,export,2026-02-24T06:22:00,4.4
EVT-004806,ACC-018,Flux Dynamics,ACC-018-U037,Insight,feature_use,2026-02-24T09:32:00,5.7
EVT-004807,ACC-018,Flux Dynamics,ACC-018-U011,Canvas,feature_use,2026-02-25T18:16:00,50.0
EVT-004808,ACC-018,Flux Dynamics,ACC-018-U028,Canvas,invite_sent,2026-02-25T11:13:00,4.2
EVT-004809,ACC-018,Flux Dynamics,ACC-018-U040,Canvas,export,2026-02-25T09:43:00,8.6
EVT-004810,ACC-018,Flux Dynamics,ACC-018-U048,Insight,feature_use,2026-02-25T12:40:00,19.9
EVT-004811,ACC-018,Flux Dynamics,ACC-018-U019,Canvas,export,2026-02-25T15:29:00,6.5
EVT-004812,ACC-018,Flux Dynamics,ACC-018-U037,Canvas,login,2026-02-26T16:36:00,6.6
EVT-004813,ACC-018,Flux Dynamics,ACC-018-U044,Canvas,login,2026-02-26T10:54:00,23.9
EVT-004814,ACC-018,Flux Dynamics,ACC-018-U013,Insight,api_call,2026-02-26T15:20:00,0.5
EVT-004815,ACC-018,Flux Dynamics,ACC-018-U010,Flow,feature_use,2026-02-26T14:09:00,54.6
EVT-004816,ACC-018,Flux Dynamics,ACC-018-U019,Canvas,feature_use,2026-02-26T13:11:00,18.9
EVT-004817,ACC-018,Flux Dynamics,ACC-018-U043,Canvas,feature_use,2026-02-27T11:04:00,41.8
EVT-004818,ACC-018,Flux Dynamics,ACC-018-U025,Flow,export,2026-02-27T17:18:00,2.9
EVT-004819,ACC-018,Flux Dynamics,ACC-018-U002,Flow,login,2026-02-27T16:14:00,23.3
EVT-004820,ACC-018,Flux Dynamics,ACC-018-U006,Insight,invite_sent,2026-02-27T09:09:00,3.0
EVT-004821,ACC-018,Flux Dynamics,ACC-018-U003,Flow,login,2026-02-27T10:21:00,28.4
EVT-004822,ACC-018,Flux Dynamics,ACC-018-U035,Flow,login,2026-03-01T16:26:00,16.7
EVT-004823,ACC-018,Flux Dynamics,ACC-018-U048,Flow,login,2026-03-02T19:26:00,44.0
EVT-004824,ACC-018,Flux Dynamics,ACC-018-U032,Canvas,feature_use,2026-03-02T21:08:00,26.5
EVT-004825,ACC-018,Flux Dynamics,ACC-018-U003,Flow,login,2026-03-02T13:21:00,9.9
EVT-004826,ACC-018,Flux Dynamics,ACC-018-U027,Canvas,login,2026-03-02T15:31:00,6.5
EVT-004827,ACC-018,Flux Dynamics,ACC-018-U008,Canvas,api_call,2026-03-03T12:36:00,1.7
EVT-004828,ACC-018,Flux Dynamics,ACC-018-U026,Canvas,login,2026-03-03T09:18:00,31.9
EVT-004829,ACC-018,Flux Dynamics,ACC-018-U032,Flow,login,2026-03-03T19:46:00,43.5
EVT-004830,ACC-018,Flux Dynamics,ACC-018-U019,Flow,feature_use,2026-03-03T12:56:00,12.2
EVT-004831,ACC-018,Flux Dynamics,ACC-018-U012,Canvas,feature_use,2026-03-03T20:37:00,19.2
EVT-004832,ACC-018,Flux Dynamics,ACC-018-U026,Insight,login,2026-03-04T06:09:00,31.6
EVT-004833,ACC-018,Flux Dynamics,ACC-018-U017,Canvas,feature_use,2026-03-04T17:20:00,9.4
EVT-004834,ACC-018,Flux Dynamics,ACC-018-U010,Canvas,api_call,2026-03-04T10:13:00,1.9
EVT-004835,ACC-018,Flux Dynamics,ACC-018-U031,Canvas,api_call,2026-03-04T13:52:00,0.2
EVT-004836,ACC-018,Flux Dynamics,ACC-018-U010,Flow,invite_sent,2026-03-04T17:59:00,2.8
EVT-004837,ACC-018,Flux Dynamics,ACC-018-U027,Insight,api_call,2026-03-04T08:24:00,0.6
EVT-004838,ACC-018,Flux Dynamics,ACC-018-U007,Insight,feature_use,2026-03-05T11:33:00,13.8
EVT-004839,ACC-018,Flux Dynamics,ACC-018-U015,Canvas,login,2026-03-05T09:36:00,8.1
EVT-004840,ACC-018,Flux Dynamics,ACC-018-U011,Flow,login,2026-03-05T11:55:00,5.5
EVT-004841,ACC-018,Flux Dynamics,ACC-018-U005,Canvas,feature_use,2026-03-05T16:48:00,39.6
EVT-004842,ACC-018,Flux Dynamics,ACC-018-U035,Canvas,feature_use,2026-03-05T08:36:00,41.9
EVT-004843,ACC-018,Flux Dynamics,ACC-018-U040,Flow,login,2026-03-05T16:18:00,43.4
EVT-004844,ACC-018,Flux Dynamics,ACC-018-U010,Insight,export,2026-03-06T11:38:00,2.6
EVT-004845,ACC-018,Flux Dynamics,ACC-018-U035,Flow,login,2026-03-06T10:34:00,13.7
EVT-004846,ACC-018,Flux Dynamics,ACC-018-U004,Flow,login,2026-03-06T09:43:00,28.7
EVT-004847,ACC-018,Flux Dynamics,ACC-018-U016,Insight,export,2026-03-06T17:25:00,8.4
EVT-004848,ACC-018,Flux Dynamics,ACC-018-U005,Insight,feature_use,2026-03-06T12:52:00,38.7
EVT-004849,ACC-018,Flux Dynamics,ACC-018-U037,Flow,export,2026-03-07T12:59:00,7.9
EVT-004850,ACC-018,Flux Dynamics,ACC-018-U036,Canvas,export,2026-03-07T14:31:00,5.8
EVT-004851,ACC-018,Flux Dynamics,ACC-018-U039,Flow,api_call,2026-03-08T17:20:00,0.3
EVT-004852,ACC-018,Flux Dynamics,ACC-018-U025,Canvas,feature_use,2026-03-09T09:14:00,5.0
EVT-004853,ACC-018,Flux Dynamics,ACC-018-U009,Canvas,login,2026-03-09T18:21:00,9.8
EVT-004854,ACC-018,Flux Dynamics,ACC-018-U031,Insight,api_call,2026-03-09T12:16:00,0.9
EVT-004855,ACC-018,Flux Dynamics,ACC-018-U007,Canvas,login,2026-03-09T08:06:00,40.9
EVT-004856,ACC-018,Flux Dynamics,ACC-018-U032,Canvas,feature_use,2026-03-09T15:34:00,31.7
EVT-004857,ACC-018,Flux Dynamics,ACC-018-U011,Canvas,feature_use,2026-03-10T18:12:00,26.9
EVT-004858,ACC-018,Flux Dynamics,ACC-018-U047,Canvas,export,2026-03-10T10:32:00,3.7
EVT-004859,ACC-018,Flux Dynamics,ACC-018-U007,Insight,login,2026-03-10T11:13:00,7.1
EVT-004860,ACC-018,Flux Dynamics,ACC-018-U043,Flow,feature_use,2026-03-10T10:45:00,21.3
EVT-004861,ACC-018,Flux Dynamics,ACC-018-U012,Flow,export,2026-03-10T16:38:00,6.1
EVT-004862,ACC-018,Flux Dynamics,ACC-018-U037,Insight,login,2026-03-11T12:21:00,39.9
EVT-004863,ACC-018,Flux Dynamics,ACC-018-U029,Canvas,feature_use,2026-03-11T15:12:00,11.1
EVT-004864,ACC-018,Flux Dynamics,ACC-018-U041,Flow,feature_use,2026-03-11T17:43:00,17.4
EVT-004865,ACC-018,Flux Dynamics,ACC-018-U001,Canvas,feature_use,2026-03-11T12:52:00,37.5
EVT-004866,ACC-018,Flux Dynamics,ACC-018-U010,Flow,api_call,2026-03-11T19:46:00,0.4
EVT-004867,ACC-018,Flux Dynamics,ACC-018-U021,Canvas,api_call,2026-03-11T19:43:00,0.9
EVT-004868,ACC-018,Flux Dynamics,ACC-018-U008,Insight,feature_use,2026-03-12T09:28:00,10.7
EVT-004869,ACC-018,Flux Dynamics,ACC-018-U021,Canvas,feature_use,2026-03-12T17:07:00,26.8
EVT-004870,ACC-018,Flux Dynamics,ACC-018-U001,Insight,feature_use,2026-03-12T14:39:00,19.9
EVT-004871,ACC-018,Flux Dynamics,ACC-018-U025,Insight,feature_use,2026-03-12T13:27:00,20.6
EVT-004872,ACC-018,Flux Dynamics,ACC-018-U025,Flow,export,2026-03-12T14:37:00,8.2
EVT-004873,ACC-018,Flux Dynamics,ACC-018-U002,Flow,feature_use,2026-03-13T17:56:00,13.9
EVT-004874,ACC-018,Flux Dynamics,ACC-018-U006,Flow,export,2026-03-13T16:52:00,9.6
EVT-004875,ACC-018,Flux Dynamics,ACC-018-U033,Canvas,login,2026-03-13T10:53:00,7.0
EVT-004876,ACC-018,Flux Dynamics,ACC-018-U030,Canvas,api_call,2026-03-13T19:40:00,1.3
EVT-004877,ACC-018,Flux Dynamics,ACC-018-U035,Insight,api_call,2026-03-13T15:37:00,0.3
EVT-004878,ACC-018,Flux Dynamics,ACC-018-U037,Canvas,feature_use,2026-03-13T08:13:00,11.4
EVT-004879,ACC-018,Flux Dynamics,ACC-018-U001,Flow,export,2026-03-13T10:34:00,2.4
EVT-004880,ACC-018,Flux Dynamics,ACC-018-U034,Canvas,login,2026-03-13T10:48:00,6.3
EVT-004881,ACC-018,Flux Dynamics,ACC-018-U032,Insight,feature_use,2026-03-13T14:42:00,48.3
EVT-004882,ACC-019,Pinnacle Sports,ACC-019-U003,Flow,login,2025-12-15T11:56:00,15.4
EVT-004883,ACC-019,Pinnacle Sports,ACC-019-U019,Canvas,feature_use,2025-12-15T12:20:00,7.8
EVT-004884,ACC-019,Pinnacle Sports,ACC-019-U008,Canvas,invite_sent,2025-12-15T11:49:00,1.0
EVT-004885,ACC-019,Pinnacle Sports,ACC-019-U010,Flow,feature_use,2025-12-15T17:06:00,31.5
EVT-004886,ACC-019,Pinnacle Sports,ACC-019-U011,Canvas,api_call,2025-12-16T13:58:00,1.1
EVT-004887,ACC-019,Pinnacle Sports,ACC-019-U007,Canvas,login,2025-12-16T09:49:00,17.9
EVT-004888,ACC-019,Pinnacle Sports,ACC-019-U011,Canvas,api_call,2025-12-17T11:14:00,1.4
EVT-004889,ACC-019,Pinnacle Sports,ACC-019-U021,Flow,feature_use,2025-12-17T08:28:00,24.8
EVT-004890,ACC-019,Pinnacle Sports,ACC-019-U026,Canvas,api_call,2025-12-18T19:14:00,0.5
EVT-004891,ACC-019,Pinnacle Sports,ACC-019-U016,Canvas,api_call,2025-12-19T16:44:00,0.5
EVT-004892,ACC-019,Pinnacle Sports,ACC-019-U017,Canvas,api_call,2025-12-20T10:17:00,0.7
EVT-004893,ACC-019,Pinnacle Sports,ACC-019-U003,Canvas,login,2025-12-22T08:06:00,16.8
EVT-004894,ACC-019,Pinnacle Sports,ACC-019-U015,Flow,feature_use,2025-12-23T12:50:00,18.3
EVT-004895,ACC-019,Pinnacle Sports,ACC-019-U023,Canvas,export,2025-12-23T19:33:00,9.8
EVT-004896,ACC-019,Pinnacle Sports,ACC-019-U026,Flow,login,2025-12-24T09:59:00,17.3
EVT-004897,ACC-019,Pinnacle Sports,ACC-019-U026,Flow,export,2025-12-24T17:49:00,2.5
EVT-004898,ACC-019,Pinnacle Sports,ACC-019-U007,Flow,login,2025-12-26T17:50:00,31.7
EVT-004899,ACC-019,Pinnacle Sports,ACC-019-U025,Flow,feature_use,2025-12-29T13:21:00,25.2
EVT-004900,ACC-019,Pinnacle Sports,ACC-019-U014,Canvas,invite_sent,2025-12-29T09:59:00,4.2
EVT-004901,ACC-019,Pinnacle Sports,ACC-019-U011,Canvas,api_call,2025-12-30T10:46:00,1.8
EVT-004902,ACC-019,Pinnacle Sports,ACC-019-U025,Flow,login,2025-12-31T16:44:00,20.0
EVT-004903,ACC-019,Pinnacle Sports,ACC-019-U009,Canvas,export,2025-12-31T10:09:00,8.4
EVT-004904,ACC-019,Pinnacle Sports,ACC-019-U005,Canvas,login,2026-01-01T06:15:00,1.6
EVT-004905,ACC-019,Pinnacle Sports,ACC-019-U007,Flow,feature_use,2026-01-01T16:57:00,20.6
EVT-004906,ACC-019,Pinnacle Sports,ACC-019-U001,Canvas,feature_use,2026-01-02T09:58:00,37.8
EVT-004907,ACC-019,Pinnacle Sports,ACC-019-U013,Canvas,export,2026-01-04T11:48:00,4.8
EVT-004908,ACC-019,Pinnacle Sports,ACC-019-U007,Flow,api_call,2026-01-05T10:26:00,1.0
EVT-004909,ACC-019,Pinnacle Sports,ACC-019-U015,Flow,api_call,2026-01-05T15:39:00,1.6
EVT-004910,ACC-019,Pinnacle Sports,ACC-019-U021,Flow,export,2026-01-06T12:50:00,5.3
EVT-004911,ACC-019,Pinnacle Sports,ACC-019-U009,Flow,feature_use,2026-01-06T11:10:00,22.3
EVT-004912,ACC-019,Pinnacle Sports,ACC-019-U015,Flow,api_call,2026-01-06T14:51:00,1.1
EVT-004913,ACC-019,Pinnacle Sports,ACC-019-U014,Flow,feature_use,2026-01-06T16:55:00,57.8
EVT-004914,ACC-019,Pinnacle Sports,ACC-019-U001,Canvas,login,2026-01-07T17:50:00,37.8
EVT-004915,ACC-019,Pinnacle Sports,ACC-019-U015,Flow,login,2026-01-07T16:34:00,44.3
EVT-004916,ACC-019,Pinnacle Sports,ACC-019-U020,Canvas,api_call,2026-01-07T11:11:00,0.7
EVT-004917,ACC-019,Pinnacle Sports,ACC-019-U027,Flow,feature_use,2026-01-07T10:22:00,42.2
EVT-004918,ACC-019,Pinnacle Sports,ACC-019-U010,Flow,feature_use,2026-01-08T11:57:00,40.4
EVT-004919,ACC-019,Pinnacle Sports,ACC-019-U022,Canvas,api_call,2026-01-08T19:02:00,2.0
EVT-004920,ACC-019,Pinnacle Sports,ACC-019-U024,Flow,login,2026-01-08T14:06:00,27.5
EVT-004921,ACC-019,Pinnacle Sports,ACC-019-U002,Flow,export,2026-01-11T13:25:00,2.5
EVT-004922,ACC-019,Pinnacle Sports,ACC-019-U022,Canvas,export,2026-01-12T09:27:00,3.7
EVT-004923,ACC-019,Pinnacle Sports,ACC-019-U016,Flow,export,2026-01-12T18:46:00,1.4
EVT-004924,ACC-019,Pinnacle Sports,ACC-019-U022,Canvas,feature_use,2026-01-13T10:01:00,4.2
EVT-004925,ACC-019,Pinnacle Sports,ACC-019-U006,Canvas,feature_use,2026-01-13T16:01:00,43.4
EVT-004926,ACC-019,Pinnacle Sports,ACC-019-U020,Flow,feature_use,2026-01-14T18:59:00,30.1
EVT-004927,ACC-019,Pinnacle Sports,ACC-019-U017,Flow,api_call,2026-01-14T17:17:00,0.7
EVT-004928,ACC-019,Pinnacle Sports,ACC-019-U001,Flow,feature_use,2026-01-14T15:35:00,11.9
EVT-004929,ACC-019,Pinnacle Sports,ACC-019-U012,Flow,feature_use,2026-01-15T09:44:00,20.1
EVT-004930,ACC-019,Pinnacle Sports,ACC-019-U010,Canvas,login,2026-01-15T10:24:00,20.7
EVT-004931,ACC-019,Pinnacle Sports,ACC-019-U020,Canvas,feature_use,2026-01-16T12:16:00,30.4
EVT-004932,ACC-019,Pinnacle Sports,ACC-019-U017,Canvas,login,2026-01-16T13:31:00,25.6
EVT-004933,ACC-019,Pinnacle Sports,ACC-019-U014,Flow,feature_use,2026-01-19T11:58:00,43.7
EVT-004934,ACC-019,Pinnacle Sports,ACC-019-U018,Canvas,feature_use,2026-01-19T15:53:00,43.1
EVT-004935,ACC-019,Pinnacle Sports,ACC-019-U016,Flow,feature_use,2026-01-19T10:52:00,19.9
EVT-004936,ACC-019,Pinnacle Sports,ACC-019-U018,Canvas,export,2026-01-20T13:40:00,3.1
EVT-004937,ACC-019,Pinnacle Sports,ACC-019-U008,Flow,feature_use,2026-01-20T17:27:00,33.3
EVT-004938,ACC-019,Pinnacle Sports,ACC-019-U028,Flow,feature_use,2026-01-20T15:27:00,9.2
EVT-004939,ACC-019,Pinnacle Sports,ACC-019-U015,Flow,feature_use,2026-01-21T10:19:00,52.4
EVT-004940,ACC-019,Pinnacle Sports,ACC-019-U014,Canvas,login,2026-01-21T18:21:00,18.0
EVT-004941,ACC-019,Pinnacle Sports,ACC-019-U026,Flow,export,2026-01-21T19:59:00,6.1
EVT-004942,ACC-019,Pinnacle Sports,ACC-019-U013,Canvas,login,2026-01-22T13:02:00,13.2
EVT-004943,ACC-019,Pinnacle Sports,ACC-019-U019,Flow,feature_use,2026-01-22T17:21:00,42.1
EVT-004944,ACC-019,Pinnacle Sports,ACC-019-U016,Canvas,login,2026-01-23T16:04:00,44.7
EVT-004945,ACC-019,Pinnacle Sports,ACC-019-U007,Canvas,feature_use,2026-01-23T16:16:00,36.1
EVT-004946,ACC-019,Pinnacle Sports,ACC-019-U005,Canvas,feature_use,2026-01-23T06:17:00,32.2
EVT-004947,ACC-019,Pinnacle Sports,ACC-019-U015,Flow,feature_use,2026-01-25T18:12:00,30.0
EVT-004948,ACC-019,Pinnacle Sports,ACC-019-U015,Canvas,feature_use,2026-01-26T10:03:00,29.6
EVT-004949,ACC-019,Pinnacle Sports,ACC-019-U005,Flow,login,2026-01-27T18:15:00,14.2
EVT-004950,ACC-019,Pinnacle Sports,ACC-019-U014,Canvas,export,2026-01-27T17:43:00,7.2
EVT-004951,ACC-019,Pinnacle Sports,ACC-019-U010,Flow,export,2026-01-28T15:32:00,9.9
EVT-004952,ACC-019,Pinnacle Sports,ACC-019-U018,Canvas,login,2026-01-28T08:18:00,23.4
EVT-004953,ACC-019,Pinnacle Sports,ACC-019-U019,Flow,export,2026-01-28T10:00:00,2.5
EVT-004954,ACC-019,Pinnacle Sports,ACC-019-U006,Flow,feature_use,2026-01-28T15:48:00,24.2
EVT-004955,ACC-019,Pinnacle Sports,ACC-019-U006,Flow,feature_use,2026-01-29T13:27:00,17.6
EVT-004956,ACC-019,Pinnacle Sports,ACC-019-U024,Canvas,login,2026-01-29T17:13:00,3.7
EVT-004957,ACC-019,Pinnacle Sports,ACC-019-U026,Canvas,feature_use,2026-01-30T11:21:00,53.5
EVT-004958,ACC-019,Pinnacle Sports,ACC-019-U023,Flow,feature_use,2026-01-30T10:58:00,10.9
EVT-004959,ACC-019,Pinnacle Sports,ACC-019-U026,Canvas,login,2026-01-30T12:32:00,42.9
EVT-004960,ACC-019,Pinnacle Sports,ACC-019-U016,Canvas,export,2026-01-30T10:30:00,2.5
EVT-004961,ACC-019,Pinnacle Sports,ACC-019-U009,Flow,login,2026-01-31T18:29:00,19.2
EVT-004962,ACC-019,Pinnacle Sports,ACC-019-U005,Canvas,api_call,2026-01-31T18:52:00,0.7
EVT-004963,ACC-019,Pinnacle Sports,ACC-019-U004,Flow,login,2026-02-02T11:46:00,36.4
EVT-004964,ACC-019,Pinnacle Sports,ACC-019-U014,Canvas,feature_use,2026-02-02T12:18:00,18.9
EVT-004965,ACC-019,Pinnacle Sports,ACC-019-U012,Canvas,export,2026-02-02T17:00:00,8.3
EVT-004966,ACC-019,Pinnacle Sports,ACC-019-U027,Canvas,feature_use,2026-02-03T10:47:00,25.2
EVT-004967,ACC-019,Pinnacle Sports,ACC-019-U022,Canvas,login,2026-02-03T17:59:00,35.4
EVT-004968,ACC-019,Pinnacle Sports,ACC-019-U008,Canvas,feature_use,2026-02-03T12:47:00,27.8
EVT-004969,ACC-019,Pinnacle Sports,ACC-019-U013,Canvas,feature_use,2026-02-04T14:50:00,11.2
EVT-004970,ACC-019,Pinnacle Sports,ACC-019-U025,Canvas,login,2026-02-04T09:59:00,4.4
EVT-004971,ACC-019,Pinnacle Sports,ACC-019-U005,Canvas,export,2026-02-04T08:55:00,9.6
EVT-004972,ACC-019,Pinnacle Sports,ACC-019-U002,Flow,feature_use,2026-02-05T12:53:00,7.0
EVT-004973,ACC-019,Pinnacle Sports,ACC-019-U002,Canvas,login,2026-02-05T10:51:00,39.0
EVT-004974,ACC-019,Pinnacle Sports,ACC-019-U010,Flow,api_call,2026-02-05T09:07:00,1.3
EVT-004975,ACC-019,Pinnacle Sports,ACC-019-U011,Canvas,login,2026-02-06T10:27:00,42.7
EVT-004976,ACC-019,Pinnacle Sports,ACC-019-U016,Canvas,api_call,2026-02-06T09:19:00,0.8
EVT-004977,ACC-019,Pinnacle Sports,ACC-019-U028,Flow,login,2026-02-06T19:08:00,37.2
EVT-004978,ACC-019,Pinnacle Sports,ACC-019-U010,Flow,export,2026-02-09T16:16:00,9.4
EVT-004979,ACC-019,Pinnacle Sports,ACC-019-U014,Canvas,login,2026-02-09T11:01:00,32.4
EVT-004980,ACC-019,Pinnacle Sports,ACC-019-U027,Canvas,api_call,2026-02-09T16:28:00,0.3
EVT-004981,ACC-019,Pinnacle Sports,ACC-019-U015,Canvas,feature_use,2026-02-10T15:34:00,44.2
EVT-004982,ACC-019,Pinnacle Sports,ACC-019-U006,Canvas,login,2026-02-10T16:10:00,19.8
EVT-004983,ACC-019,Pinnacle Sports,ACC-019-U002,Flow,feature_use,2026-02-11T17:05:00,27.0
EVT-004984,ACC-019,Pinnacle Sports,ACC-019-U007,Canvas,login,2026-02-11T14:54:00,40.0
EVT-004985,ACC-019,Pinnacle Sports,ACC-019-U013,Flow,invite_sent,2026-02-12T12:58:00,3.4
EVT-004986,ACC-019,Pinnacle Sports,ACC-019-U001,Canvas,login,2026-02-12T16:40:00,15.1
EVT-004987,ACC-019,Pinnacle Sports,ACC-019-U019,Canvas,api_call,2026-02-13T15:34:00,1.0
EVT-004988,ACC-019,Pinnacle Sports,ACC-019-U018,Canvas,login,2026-02-14T14:15:00,9.7
EVT-004989,ACC-019,Pinnacle Sports,ACC-019-U016,Flow,login,2026-02-16T13:02:00,38.0
EVT-004990,ACC-019,Pinnacle Sports,ACC-019-U010,Canvas,feature_use,2026-02-16T08:18:00,14.0
EVT-004991,ACC-019,Pinnacle Sports,ACC-019-U021,Flow,feature_use,2026-02-17T18:38:00,51.4
EVT-004992,ACC-019,Pinnacle Sports,ACC-019-U018,Canvas,feature_use,2026-02-17T09:27:00,4.3
EVT-004993,ACC-019,Pinnacle Sports,ACC-019-U018,Flow,login,2026-02-17T12:55:00,43.7
EVT-004994,ACC-019,Pinnacle Sports,ACC-019-U018,Canvas,feature_use,2026-02-18T07:31:00,49.1
EVT-004995,ACC-019,Pinnacle Sports,ACC-019-U025,Flow,login,2026-02-19T15:34:00,21.9
EVT-004996,ACC-019,Pinnacle Sports,ACC-019-U021,Canvas,feature_use,2026-02-20T16:03:00,22.6
EVT-004997,ACC-019,Pinnacle Sports,ACC-019-U014,Canvas,export,2026-02-20T08:44:00,4.1
EVT-004998,ACC-019,Pinnacle Sports,ACC-019-U001,Flow,feature_use,2026-02-20T19:16:00,38.7
EVT-004999,ACC-019,Pinnacle Sports,ACC-019-U001,Flow,feature_use,2026-02-20T17:32:00,44.0
EVT-005000,ACC-019,Pinnacle Sports,ACC-019-U023,Flow,api_call,2026-02-20T14:34:00,0.7
EVT-005001,ACC-019,Pinnacle Sports,ACC-019-U028,Canvas,login,2026-02-22T17:40:00,22.9
EVT-005002,ACC-019,Pinnacle Sports,ACC-019-U017,Canvas,login,2026-02-23T18:27:00,41.3
EVT-005003,ACC-019,Pinnacle Sports,ACC-019-U003,Flow,feature_use,2026-02-23T21:06:00,28.9
EVT-005004,ACC-019,Pinnacle Sports,ACC-019-U025,Canvas,feature_use,2026-02-23T06:50:00,39.4
EVT-005005,ACC-019,Pinnacle Sports,ACC-019-U003,Canvas,login,2026-02-24T18:53:00,33.0
EVT-005006,ACC-019,Pinnacle Sports,ACC-019-U016,Flow,export,2026-02-25T11:04:00,9.6
EVT-005007,ACC-019,Pinnacle Sports,ACC-019-U005,Flow,feature_use,2026-02-25T09:57:00,35.7
EVT-005008,ACC-019,Pinnacle Sports,ACC-019-U020,Canvas,login,2026-02-25T11:48:00,18.5
EVT-005009,ACC-019,Pinnacle Sports,ACC-019-U012,Canvas,login,2026-02-27T15:37:00,18.7
EVT-005010,ACC-019,Pinnacle Sports,ACC-019-U017,Flow,export,2026-02-27T14:10:00,6.2
EVT-005011,ACC-019,Pinnacle Sports,ACC-019-U024,Flow,feature_use,2026-03-02T16:50:00,30.5
EVT-005012,ACC-019,Pinnacle Sports,ACC-019-U011,Canvas,login,2026-03-02T08:52:00,21.3
EVT-005013,ACC-019,Pinnacle Sports,ACC-019-U010,Canvas,api_call,2026-03-03T12:35:00,1.5
EVT-005014,ACC-019,Pinnacle Sports,ACC-019-U001,Flow,login,2026-03-04T21:13:00,43.8
EVT-005015,ACC-019,Pinnacle Sports,ACC-019-U011,Canvas,login,2026-03-04T11:51:00,1.1
EVT-005016,ACC-019,Pinnacle Sports,ACC-019-U021,Canvas,export,2026-03-04T18:10:00,5.6
EVT-005017,ACC-019,Pinnacle Sports,ACC-019-U008,Canvas,feature_use,2026-03-05T16:53:00,44.7
EVT-005018,ACC-019,Pinnacle Sports,ACC-019-U018,Canvas,feature_use,2026-03-05T15:05:00,13.7
EVT-005019,ACC-019,Pinnacle Sports,ACC-019-U016,Flow,login,2026-03-05T15:36:00,14.5
EVT-005020,ACC-019,Pinnacle Sports,ACC-019-U008,Flow,feature_use,2026-03-05T06:34:00,51.5
EVT-005021,ACC-019,Pinnacle Sports,ACC-019-U016,Canvas,feature_use,2026-03-06T20:54:00,50.3
EVT-005022,ACC-019,Pinnacle Sports,ACC-019-U010,Flow,login,2026-03-06T15:49:00,42.1
EVT-005023,ACC-019,Pinnacle Sports,ACC-019-U023,Canvas,login,2026-03-09T15:51:00,15.7
EVT-005024,ACC-019,Pinnacle Sports,ACC-019-U006,Flow,login,2026-03-10T18:24:00,2.5
EVT-005025,ACC-019,Pinnacle Sports,ACC-019-U006,Canvas,feature_use,2026-03-10T19:30:00,19.8
EVT-005026,ACC-019,Pinnacle Sports,ACC-019-U008,Canvas,feature_use,2026-03-11T11:39:00,59.3
EVT-005027,ACC-019,Pinnacle Sports,ACC-019-U009,Flow,export,2026-03-11T07:12:00,4.7
EVT-005028,ACC-019,Pinnacle Sports,ACC-019-U011,Canvas,login,2026-03-11T11:25:00,19.1
EVT-005029,ACC-019,Pinnacle Sports,ACC-019-U021,Canvas,feature_use,2026-03-12T11:01:00,16.2
EVT-005030,ACC-019,Pinnacle Sports,ACC-019-U016,Canvas,login,2026-03-13T14:27:00,38.7
EVT-005031,ACC-019,Pinnacle Sports,ACC-019-U022,Canvas,export,2026-03-13T11:01:00,3.8
EVT-005032,ACC-019,Pinnacle Sports,ACC-019-U007,Canvas,export,2026-03-13T11:48:00,2.8
EVT-005033,ACC-020,Crestline Analytics,ACC-020-U031,Flow,login,2025-12-15T11:24:00,29.6
EVT-005034,ACC-020,Crestline Analytics,ACC-020-U031,Flow,api_call,2025-12-15T10:08:00,0.3
EVT-005035,ACC-020,Crestline Analytics,ACC-020-U045,Insight,login,2025-12-15T17:18:00,24.0
EVT-005036,ACC-020,Crestline Analytics,ACC-020-U009,Insight,login,2025-12-16T09:33:00,16.1
EVT-005037,ACC-020,Crestline Analytics,ACC-020-U006,Insight,api_call,2025-12-16T13:39:00,1.1
EVT-005038,ACC-020,Crestline Analytics,ACC-020-U028,Insight,login,2025-12-17T14:14:00,12.8
EVT-005039,ACC-020,Crestline Analytics,ACC-020-U039,Insight,login,2025-12-17T12:58:00,42.8
EVT-005040,ACC-020,Crestline Analytics,ACC-020-U019,Insight,feature_use,2025-12-17T11:08:00,55.6
EVT-005041,ACC-020,Crestline Analytics,ACC-020-U042,Flow,export,2025-12-17T07:27:00,7.0
EVT-005042,ACC-020,Crestline Analytics,ACC-020-U041,Flow,feature_use,2025-12-17T09:27:00,43.7
EVT-005043,ACC-020,Crestline Analytics,ACC-020-U032,Flow,login,2025-12-18T14:46:00,34.1
EVT-005044,ACC-020,Crestline Analytics,ACC-020-U046,Flow,feature_use,2025-12-18T13:32:00,4.2
EVT-005045,ACC-020,Crestline Analytics,ACC-020-U012,Flow,login,2025-12-18T17:22:00,2.6
EVT-005046,ACC-020,Crestline Analytics,ACC-020-U029,Flow,login,2025-12-18T14:49:00,31.9
EVT-005047,ACC-020,Crestline Analytics,ACC-020-U006,Insight,api_call,2025-12-19T17:53:00,1.2
EVT-005048,ACC-020,Crestline Analytics,ACC-020-U026,Flow,feature_use,2025-12-19T17:42:00,37.9
EVT-005049,ACC-020,Crestline Analytics,ACC-020-U046,Flow,login,2025-12-19T10:53:00,35.8
EVT-005050,ACC-020,Crestline Analytics,ACC-020-U014,Insight,login,2025-12-19T15:30:00,1.2
EVT-005051,ACC-020,Crestline Analytics,ACC-020-U015,Flow,export,2025-12-20T12:20:00,1.4
EVT-005052,ACC-020,Crestline Analytics,ACC-020-U003,Insight,feature_use,2025-12-20T18:35:00,31.9
EVT-005053,ACC-020,Crestline Analytics,ACC-020-U044,Flow,export,2025-12-21T17:26:00,2.3
EVT-005054,ACC-020,Crestline Analytics,ACC-020-U039,Flow,feature_use,2025-12-22T15:51:00,42.7
EVT-005055,ACC-020,Crestline Analytics,ACC-020-U017,Flow,export,2025-12-22T14:27:00,2.3
EVT-005056,ACC-020,Crestline Analytics,ACC-020-U018,Flow,feature_use,2025-12-23T17:47:00,8.0
EVT-005057,ACC-020,Crestline Analytics,ACC-020-U010,Flow,login,2025-12-23T12:14:00,9.3
EVT-005058,ACC-020,Crestline Analytics,ACC-020-U020,Flow,login,2025-12-23T10:17:00,42.1
EVT-005059,ACC-020,Crestline Analytics,ACC-020-U024,Flow,login,2025-12-24T13:32:00,40.6
EVT-005060,ACC-020,Crestline Analytics,ACC-020-U011,Insight,feature_use,2025-12-24T18:39:00,37.1
EVT-005061,ACC-020,Crestline Analytics,ACC-020-U024,Insight,feature_use,2025-12-24T09:13:00,36.1
EVT-005062,ACC-020,Crestline Analytics,ACC-020-U014,Flow,feature_use,2025-12-25T19:36:00,47.1
EVT-005063,ACC-020,Crestline Analytics,ACC-020-U009,Insight,login,2025-12-25T15:32:00,23.6
EVT-005064,ACC-020,Crestline Analytics,ACC-020-U008,Insight,feature_use,2025-12-25T17:04:00,40.8
EVT-005065,ACC-020,Crestline Analytics,ACC-020-U043,Flow,feature_use,2025-12-25T12:35:00,52.7
EVT-005066,ACC-020,Crestline Analytics,ACC-020-U004,Flow,feature_use,2025-12-26T10:57:00,43.0
EVT-005067,ACC-020,Crestline Analytics,ACC-020-U017,Flow,feature_use,2025-12-26T16:24:00,36.6
EVT-005068,ACC-020,Crestline Analytics,ACC-020-U004,Insight,login,2025-12-26T16:45:00,41.3
EVT-005069,ACC-020,Crestline Analytics,ACC-020-U042,Insight,feature_use,2025-12-26T17:36:00,22.2
EVT-005070,ACC-020,Crestline Analytics,ACC-020-U008,Flow,login,2025-12-27T15:23:00,5.6
EVT-005071,ACC-020,Crestline Analytics,ACC-020-U018,Flow,api_call,2025-12-27T14:53:00,2.0
EVT-005072,ACC-020,Crestline Analytics,ACC-020-U018,Insight,feature_use,2025-12-27T11:17:00,44.3
EVT-005073,ACC-020,Crestline Analytics,ACC-020-U023,Insight,api_call,2025-12-28T12:45:00,1.5
EVT-005074,ACC-020,Crestline Analytics,ACC-020-U016,Insight,feature_use,2025-12-29T13:27:00,32.9
EVT-005075,ACC-020,Crestline Analytics,ACC-020-U007,Flow,invite_sent,2025-12-29T11:33:00,1.3
EVT-005076,ACC-020,Crestline Analytics,ACC-020-U008,Insight,api_call,2025-12-30T17:22:00,1.9
EVT-005077,ACC-020,Crestline Analytics,ACC-020-U005,Insight,api_call,2025-12-30T09:21:00,0.7
EVT-005078,ACC-020,Crestline Analytics,ACC-020-U030,Insight,api_call,2025-12-30T17:28:00,1.1
EVT-005079,ACC-020,Crestline Analytics,ACC-020-U010,Insight,login,2025-12-30T10:54:00,18.2
EVT-005080,ACC-020,Crestline Analytics,ACC-020-U005,Flow,invite_sent,2025-12-30T17:45:00,0.8
EVT-005081,ACC-020,Crestline Analytics,ACC-020-U030,Flow,export,2025-12-30T07:19:00,6.3
EVT-005082,ACC-020,Crestline Analytics,ACC-020-U024,Insight,feature_use,2025-12-31T19:15:00,13.4
EVT-005083,ACC-020,Crestline Analytics,ACC-020-U042,Insight,feature_use,2025-12-31T06:58:00,36.8
EVT-005084,ACC-020,Crestline Analytics,ACC-020-U030,Flow,login,2025-12-31T12:03:00,6.8
EVT-005085,ACC-020,Crestline Analytics,ACC-020-U029,Insight,feature_use,2025-12-31T11:43:00,27.8
EVT-005086,ACC-020,Crestline Analytics,ACC-020-U045,Insight,feature_use,2026-01-01T10:50:00,50.8
EVT-005087,ACC-020,Crestline Analytics,ACC-020-U014,Flow,login,2026-01-01T11:08:00,29.9
EVT-005088,ACC-020,Crestline Analytics,ACC-020-U015,Flow,login,2026-01-01T20:35:00,44.4
EVT-005089,ACC-020,Crestline Analytics,ACC-020-U007,Flow,login,2026-01-01T09:40:00,35.1
EVT-005090,ACC-020,Crestline Analytics,ACC-020-U045,Flow,invite_sent,2026-01-02T14:29:00,4.7
EVT-005091,ACC-020,Crestline Analytics,ACC-020-U007,Flow,export,2026-01-02T11:59:00,8.0
EVT-005092,ACC-020,Crestline Analytics,ACC-020-U020,Flow,feature_use,2026-01-02T09:09:00,35.1
EVT-005093,ACC-020,Crestline Analytics,ACC-020-U017,Insight,login,2026-01-02T13:04:00,42.9
EVT-005094,ACC-020,Crestline Analytics,ACC-020-U007,Flow,api_call,2026-01-04T16:57:00,0.3
EVT-005095,ACC-020,Crestline Analytics,ACC-020-U030,Insight,feature_use,2026-01-05T18:47:00,53.3
EVT-005096,ACC-020,Crestline Analytics,ACC-020-U013,Insight,login,2026-01-05T12:06:00,9.9
EVT-005097,ACC-020,Crestline Analytics,ACC-020-U017,Insight,login,2026-01-05T10:23:00,7.0
EVT-005098,ACC-020,Crestline Analytics,ACC-020-U030,Insight,export,2026-01-05T20:28:00,2.1
EVT-005099,ACC-020,Crestline Analytics,ACC-020-U029,Flow,api_call,2026-01-06T12:47:00,1.3
EVT-005100,ACC-020,Crestline Analytics,ACC-020-U009,Flow,login,2026-01-06T19:39:00,14.9
EVT-005101,ACC-020,Crestline Analytics,ACC-020-U009,Insight,export,2026-01-06T17:39:00,1.1
EVT-005102,ACC-020,Crestline Analytics,ACC-020-U032,Flow,login,2026-01-07T15:02:00,15.6
EVT-005103,ACC-020,Crestline Analytics,ACC-020-U043,Insight,api_call,2026-01-07T13:25:00,1.8
EVT-005104,ACC-020,Crestline Analytics,ACC-020-U045,Insight,login,2026-01-07T17:22:00,9.8
EVT-005105,ACC-020,Crestline Analytics,ACC-020-U028,Insight,export,2026-01-07T13:45:00,2.6
EVT-005106,ACC-020,Crestline Analytics,ACC-020-U035,Insight,feature_use,2026-01-08T11:36:00,25.7
EVT-005107,ACC-020,Crestline Analytics,ACC-020-U035,Flow,feature_use,2026-01-08T12:48:00,8.7
EVT-005108,ACC-020,Crestline Analytics,ACC-020-U039,Flow,api_call,2026-01-08T11:15:00,1.6
EVT-005109,ACC-020,Crestline Analytics,ACC-020-U023,Insight,login,2026-01-09T15:19:00,35.7
EVT-005110,ACC-020,Crestline Analytics,ACC-020-U021,Insight,feature_use,2026-01-09T12:39:00,47.8
EVT-005111,ACC-020,Crestline Analytics,ACC-020-U044,Insight,invite_sent,2026-01-09T11:07:00,0.9
EVT-005112,ACC-020,Crestline Analytics,ACC-020-U001,Flow,login,2026-01-12T15:35:00,28.3
EVT-005113,ACC-020,Crestline Analytics,ACC-020-U009,Flow,api_call,2026-01-12T10:25:00,1.3
EVT-005114,ACC-020,Crestline Analytics,ACC-020-U015,Insight,login,2026-01-12T11:13:00,32.4
EVT-005115,ACC-020,Crestline Analytics,ACC-020-U043,Insight,login,2026-01-13T13:22:00,2.6
EVT-005116,ACC-020,Crestline Analytics,ACC-020-U006,Flow,login,2026-01-13T20:21:00,6.9
EVT-005117,ACC-020,Crestline Analytics,ACC-020-U014,Insight,login,2026-01-13T19:48:00,21.7
EVT-005118,ACC-020,Crestline Analytics,ACC-020-U014,Flow,export,2026-01-13T10:14:00,8.9
EVT-005119,ACC-020,Crestline Analytics,ACC-020-U045,Flow,invite_sent,2026-01-13T18:26:00,1.9
EVT-005120,ACC-020,Crestline Analytics,ACC-020-U029,Flow,api_call,2026-01-14T17:41:00,2.0
EVT-005121,ACC-020,Crestline Analytics,ACC-020-U031,Insight,feature_use,2026-01-14T09:03:00,14.7
EVT-005122,ACC-020,Crestline Analytics,ACC-020-U025,Flow,login,2026-01-14T15:14:00,26.3
EVT-005123,ACC-020,Crestline Analytics,ACC-020-U006,Flow,export,2026-01-14T16:10:00,2.7
EVT-005124,ACC-020,Crestline Analytics,ACC-020-U044,Insight,api_call,2026-01-14T12:58:00,1.6
EVT-005125,ACC-020,Crestline Analytics,ACC-020-U030,Insight,login,2026-01-14T17:25:00,36.1
EVT-005126,ACC-020,Crestline Analytics,ACC-020-U028,Insight,login,2026-01-15T14:37:00,30.3
EVT-005127,ACC-020,Crestline Analytics,ACC-020-U031,Insight,api_call,2026-01-16T07:40:00,0.7
EVT-005128,ACC-020,Crestline Analytics,ACC-020-U024,Insight,feature_use,2026-01-16T09:46:00,13.5
EVT-005129,ACC-020,Crestline Analytics,ACC-020-U043,Insight,invite_sent,2026-01-16T13:01:00,3.9
EVT-005130,ACC-020,Crestline Analytics,ACC-020-U042,Insight,feature_use,2026-01-16T09:51:00,15.9
EVT-005131,ACC-020,Crestline Analytics,ACC-020-U032,Insight,login,2026-01-19T10:20:00,14.7
EVT-005132,ACC-020,Crestline Analytics,ACC-020-U033,Flow,export,2026-01-19T19:55:00,4.8
EVT-005133,ACC-020,Crestline Analytics,ACC-020-U010,Insight,api_call,2026-01-19T10:28:00,1.9
EVT-005134,ACC-020,Crestline Analytics,ACC-020-U004,Insight,feature_use,2026-01-19T11:08:00,31.3
EVT-005135,ACC-020,Crestline Analytics,ACC-020-U004,Flow,api_call,2026-01-19T17:54:00,1.4
EVT-005136,ACC-020,Crestline Analytics,ACC-020-U030,Flow,export,2026-01-20T10:52:00,8.8
EVT-005137,ACC-020,Crestline Analytics,ACC-020-U031,Insight,feature_use,2026-01-20T11:49:00,39.1
EVT-005138,ACC-020,Crestline Analytics,ACC-020-U031,Insight,invite_sent,2026-01-20T15:55:00,1.7
EVT-005139,ACC-020,Crestline Analytics,ACC-020-U034,Insight,export,2026-01-21T15:14:00,8.6
EVT-005140,ACC-020,Crestline Analytics,ACC-020-U034,Insight,feature_use,2026-01-21T09:06:00,39.5
EVT-005141,ACC-020,Crestline Analytics,ACC-020-U009,Flow,export,2026-01-21T11:29:00,9.0
EVT-005142,ACC-020,Crestline Analytics,ACC-020-U013,Insight,api_call,2026-01-21T09:21:00,1.0
EVT-005143,ACC-020,Crestline Analytics,ACC-020-U036,Insight,feature_use,2026-01-22T14:20:00,20.1
EVT-005144,ACC-020,Crestline Analytics,ACC-020-U005,Flow,login,2026-01-22T10:05:00,33.5
EVT-005145,ACC-020,Crestline Analytics,ACC-020-U027,Flow,api_call,2026-01-22T15:51:00,0.2
EVT-005146,ACC-020,Crestline Analytics,ACC-020-U034,Flow,export,2026-01-22T14:49:00,8.1
EVT-005147,ACC-020,Crestline Analytics,ACC-020-U006,Flow,export,2026-01-23T16:11:00,1.5
EVT-005148,ACC-020,Crestline Analytics,ACC-020-U041,Insight,api_call,2026-01-23T11:49:00,1.1
EVT-005149,ACC-020,Crestline Analytics,ACC-020-U022,Flow,feature_use,2026-01-23T13:37:00,4.4
EVT-005150,ACC-020,Crestline Analytics,ACC-020-U042,Insight,feature_use,2026-01-23T12:46:00,47.8
EVT-005151,ACC-020,Crestline Analytics,ACC-020-U022,Insight,feature_use,2026-01-24T11:50:00,9.2
EVT-005152,ACC-020,Crestline Analytics,ACC-020-U001,Flow,feature_use,2026-01-25T17:49:00,11.5
EVT-005153,ACC-020,Crestline Analytics,ACC-020-U044,Flow,export,2026-01-25T12:01:00,5.7
EVT-005154,ACC-020,Crestline Analytics,ACC-020-U016,Flow,feature_use,2026-01-26T19:09:00,18.9
EVT-005155,ACC-020,Crestline Analytics,ACC-020-U021,Flow,feature_use,2026-01-26T12:58:00,10.5
EVT-005156,ACC-020,Crestline Analytics,ACC-020-U046,Insight,login,2026-01-27T17:08:00,24.8
EVT-005157,ACC-020,Crestline Analytics,ACC-020-U039,Flow,login,2026-01-27T07:40:00,31.1
EVT-005158,ACC-020,Crestline Analytics,ACC-020-U043,Insight,feature_use,2026-01-27T13:50:00,27.0
EVT-005159,ACC-020,Crestline Analytics,ACC-020-U040,Flow,export,2026-01-28T10:09:00,2.3
EVT-005160,ACC-020,Crestline Analytics,ACC-020-U010,Insight,login,2026-01-28T18:56:00,12.8
EVT-005161,ACC-020,Crestline Analytics,ACC-020-U010,Insight,login,2026-01-29T09:32:00,23.4
EVT-005162,ACC-020,Crestline Analytics,ACC-020-U042,Flow,login,2026-01-29T09:41:00,41.3
EVT-005163,ACC-020,Crestline Analytics,ACC-020-U017,Insight,api_call,2026-01-29T16:43:00,1.4
EVT-005164,ACC-020,Crestline Analytics,ACC-020-U002,Insight,login,2026-01-30T10:55:00,10.6
EVT-005165,ACC-020,Crestline Analytics,ACC-020-U004,Flow,feature_use,2026-01-30T12:17:00,47.6
EVT-005166,ACC-020,Crestline Analytics,ACC-020-U009,Flow,export,2026-01-30T18:03:00,7.8
EVT-005167,ACC-020,Crestline Analytics,ACC-020-U033,Insight,feature_use,2026-02-02T17:24:00,19.5
EVT-005168,ACC-020,Crestline Analytics,ACC-020-U021,Flow,feature_use,2026-02-02T13:09:00,45.1
EVT-005169,ACC-020,Crestline Analytics,ACC-020-U038,Flow,feature_use,2026-02-02T10:34:00,39.0
EVT-005170,ACC-020,Crestline Analytics,ACC-020-U032,Insight,login,2026-02-02T09:29:00,12.5
EVT-005171,ACC-020,Crestline Analytics,ACC-020-U034,Insight,export,2026-02-03T11:38:00,8.8
EVT-005172,ACC-020,Crestline Analytics,ACC-020-U045,Flow,export,2026-02-03T09:25:00,5.4
EVT-005173,ACC-020,Crestline Analytics,ACC-020-U015,Insight,feature_use,2026-02-03T16:03:00,51.1
EVT-005174,ACC-020,Crestline Analytics,ACC-020-U015,Flow,export,2026-02-04T19:59:00,3.1
EVT-005175,ACC-020,Crestline Analytics,ACC-020-U016,Flow,export,2026-02-04T09:58:00,3.4
EVT-005176,ACC-020,Crestline Analytics,ACC-020-U001,Insight,export,2026-02-04T19:36:00,2.0
EVT-005177,ACC-020,Crestline Analytics,ACC-020-U040,Flow,export,2026-02-04T18:40:00,3.4
EVT-005178,ACC-020,Crestline Analytics,ACC-020-U005,Insight,login,2026-02-05T15:26:00,26.4
EVT-005179,ACC-020,Crestline Analytics,ACC-020-U024,Flow,login,2026-02-05T13:26:00,19.9
EVT-005180,ACC-020,Crestline Analytics,ACC-020-U037,Flow,export,2026-02-05T17:37:00,5.9
EVT-005181,ACC-020,Crestline Analytics,ACC-020-U040,Insight,feature_use,2026-02-05T13:24:00,30.3
EVT-005182,ACC-020,Crestline Analytics,ACC-020-U022,Insight,api_call,2026-02-05T11:17:00,1.7
EVT-005183,ACC-020,Crestline Analytics,ACC-020-U035,Flow,feature_use,2026-02-06T13:11:00,10.7
EVT-005184,ACC-020,Crestline Analytics,ACC-020-U011,Insight,api_call,2026-02-07T16:46:00,0.4
EVT-005185,ACC-020,Crestline Analytics,ACC-020-U036,Insight,feature_use,2026-02-09T18:48:00,28.1
EVT-005186,ACC-020,Crestline Analytics,ACC-020-U035,Insight,export,2026-02-09T15:34:00,3.1
EVT-005187,ACC-020,Crestline Analytics,ACC-020-U008,Insight,login,2026-02-09T16:25:00,31.6
EVT-005188,ACC-020,Crestline Analytics,ACC-020-U029,Flow,feature_use,2026-02-09T13:12:00,46.5
EVT-005189,ACC-020,Crestline Analytics,ACC-020-U038,Insight,login,2026-02-10T15:03:00,24.8
EVT-005190,ACC-020,Crestline Analytics,ACC-020-U035,Flow,login,2026-02-10T13:39:00,3.5
EVT-005191,ACC-020,Crestline Analytics,ACC-020-U035,Flow,feature_use,2026-02-10T13:55:00,11.6
EVT-005192,ACC-020,Crestline Analytics,ACC-020-U006,Insight,api_call,2026-02-10T16:46:00,0.6
EVT-005193,ACC-020,Crestline Analytics,ACC-020-U018,Insight,login,2026-02-11T16:07:00,1.3
EVT-005194,ACC-020,Crestline Analytics,ACC-020-U012,Insight,feature_use,2026-02-11T18:12:00,58.5
EVT-005195,ACC-020,Crestline Analytics,ACC-020-U002,Insight,login,2026-02-11T11:46:00,25.7
EVT-005196,ACC-020,Crestline Analytics,ACC-020-U037,Flow,api_call,2026-02-11T13:49:00,1.1
EVT-005197,ACC-020,Crestline Analytics,ACC-020-U014,Flow,feature_use,2026-02-11T20:11:00,13.1
EVT-005198,ACC-020,Crestline Analytics,ACC-020-U005,Insight,login,2026-02-12T13:18:00,43.6
EVT-005199,ACC-020,Crestline Analytics,ACC-020-U031,Flow,feature_use,2026-02-12T14:56:00,13.4
EVT-005200,ACC-020,Crestline Analytics,ACC-020-U023,Insight,login,2026-02-12T18:22:00,40.4
EVT-005201,ACC-020,Crestline Analytics,ACC-020-U020,Flow,login,2026-02-12T10:36:00,12.7
EVT-005202,ACC-020,Crestline Analytics,ACC-020-U040,Insight,feature_use,2026-02-13T12:56:00,15.1
EVT-005203,ACC-020,Crestline Analytics,ACC-020-U035,Insight,feature_use,2026-02-13T15:45:00,20.3
EVT-005204,ACC-020,Crestline Analytics,ACC-020-U024,Insight,feature_use,2026-02-13T21:06:00,38.0
EVT-005205,ACC-020,Crestline Analytics,ACC-020-U006,Insight,api_call,2026-02-13T09:32:00,0.2
EVT-005206,ACC-020,Crestline Analytics,ACC-020-U038,Insight,invite_sent,2026-02-13T11:50:00,3.9
EVT-005207,ACC-020,Crestline Analytics,ACC-020-U039,Flow,invite_sent,2026-02-16T11:18:00,1.3
EVT-005208,ACC-020,Crestline Analytics,ACC-020-U023,Insight,api_call,2026-02-16T10:00:00,1.3
EVT-005209,ACC-020,Crestline Analytics,ACC-020-U044,Insight,feature_use,2026-02-16T16:30:00,21.8
EVT-005210,ACC-020,Crestline Analytics,ACC-020-U044,Flow,login,2026-02-16T15:33:00,17.5
EVT-005211,ACC-020,Crestline Analytics,ACC-020-U036,Flow,invite_sent,2026-02-16T09:12:00,1.9
EVT-005212,ACC-020,Crestline Analytics,ACC-020-U007,Insight,feature_use,2026-02-17T16:38:00,4.4
EVT-005213,ACC-020,Crestline Analytics,ACC-020-U031,Insight,feature_use,2026-02-17T17:47:00,4.1
EVT-005214,ACC-020,Crestline Analytics,ACC-020-U013,Insight,feature_use,2026-02-17T15:36:00,7.0
EVT-005215,ACC-020,Crestline Analytics,ACC-020-U007,Flow,api_call,2026-02-18T11:16:00,1.5
EVT-005216,ACC-020,Crestline Analytics,ACC-020-U006,Flow,feature_use,2026-02-18T17:16:00,40.7
EVT-005217,ACC-020,Crestline Analytics,ACC-020-U045,Insight,export,2026-02-18T12:12:00,1.9
EVT-005218,ACC-020,Crestline Analytics,ACC-020-U007,Insight,feature_use,2026-02-19T18:37:00,21.2
EVT-005219,ACC-020,Crestline Analytics,ACC-020-U020,Insight,invite_sent,2026-02-19T17:27:00,4.7
EVT-005220,ACC-020,Crestline Analytics,ACC-020-U027,Flow,feature_use,2026-02-19T09:35:00,21.8
EVT-005221,ACC-020,Crestline Analytics,ACC-020-U038,Insight,login,2026-02-19T13:50:00,14.3
EVT-005222,ACC-020,Crestline Analytics,ACC-020-U039,Flow,feature_use,2026-02-20T17:18:00,48.1
EVT-005223,ACC-020,Crestline Analytics,ACC-020-U019,Flow,api_call,2026-02-20T11:04:00,1.4
EVT-005224,ACC-020,Crestline Analytics,ACC-020-U039,Insight,feature_use,2026-02-20T08:05:00,29.9
EVT-005225,ACC-020,Crestline Analytics,ACC-020-U011,Insight,api_call,2026-02-20T10:25:00,2.0
EVT-005226,ACC-020,Crestline Analytics,ACC-020-U029,Flow,login,2026-02-21T10:15:00,25.6
EVT-005227,ACC-020,Crestline Analytics,ACC-020-U029,Flow,feature_use,2026-02-21T11:45:00,46.4
EVT-005228,ACC-020,Crestline Analytics,ACC-020-U014,Flow,export,2026-02-23T17:27:00,9.5
EVT-005229,ACC-020,Crestline Analytics,ACC-020-U046,Insight,login,2026-02-23T12:44:00,23.0
EVT-005230,ACC-020,Crestline Analytics,ACC-020-U022,Flow,feature_use,2026-02-23T17:59:00,4.2
EVT-005231,ACC-020,Crestline Analytics,ACC-020-U022,Flow,login,2026-02-23T10:26:00,10.0
EVT-005232,ACC-020,Crestline Analytics,ACC-020-U017,Flow,feature_use,2026-02-24T09:52:00,46.2
EVT-005233,ACC-020,Crestline Analytics,ACC-020-U014,Flow,feature_use,2026-02-24T10:20:00,14.5
EVT-005234,ACC-020,Crestline Analytics,ACC-020-U031,Flow,feature_use,2026-02-25T18:19:00,46.0
EVT-005235,ACC-020,Crestline Analytics,ACC-020-U013,Flow,feature_use,2026-02-25T14:24:00,19.9
EVT-005236,ACC-020,Crestline Analytics,ACC-020-U025,Flow,feature_use,2026-02-25T13:48:00,21.4
EVT-005237,ACC-020,Crestline Analytics,ACC-020-U041,Flow,api_call,2026-02-25T10:54:00,1.9
EVT-005238,ACC-020,Crestline Analytics,ACC-020-U019,Flow,login,2026-02-25T10:53:00,22.9
EVT-005239,ACC-020,Crestline Analytics,ACC-020-U004,Insight,login,2026-02-25T16:40:00,2.3
EVT-005240,ACC-020,Crestline Analytics,ACC-020-U020,Insight,feature_use,2026-02-26T17:18:00,4.8
EVT-005241,ACC-020,Crestline Analytics,ACC-020-U021,Insight,login,2026-02-26T18:41:00,16.8
EVT-005242,ACC-020,Crestline Analytics,ACC-020-U015,Flow,login,2026-02-26T15:36:00,29.9
EVT-005243,ACC-020,Crestline Analytics,ACC-020-U001,Flow,login,2026-02-27T19:00:00,7.5
EVT-005244,ACC-020,Crestline Analytics,ACC-020-U009,Flow,feature_use,2026-02-27T14:30:00,14.7
EVT-005245,ACC-020,Crestline Analytics,ACC-020-U044,Insight,login,2026-02-27T15:01:00,37.8
EVT-005246,ACC-020,Crestline Analytics,ACC-020-U024,Flow,login,2026-02-27T09:56:00,43.1
EVT-005247,ACC-020,Crestline Analytics,ACC-020-U034,Flow,feature_use,2026-03-02T17:26:00,42.8
EVT-005248,ACC-020,Crestline Analytics,ACC-020-U003,Flow,feature_use,2026-03-02T12:43:00,3.5
EVT-005249,ACC-020,Crestline Analytics,ACC-020-U035,Insight,login,2026-03-02T16:49:00,11.6
EVT-005250,ACC-020,Crestline Analytics,ACC-020-U024,Flow,feature_use,2026-03-03T10:53:00,15.2
EVT-005251,ACC-020,Crestline Analytics,ACC-020-U005,Insight,login,2026-03-03T16:25:00,11.3
EVT-005252,ACC-020,Crestline Analytics,ACC-020-U025,Flow,api_call,2026-03-03T12:50:00,0.7
EVT-005253,ACC-020,Crestline Analytics,ACC-020-U030,Insight,feature_use,2026-03-03T18:43:00,29.0
EVT-005254,ACC-020,Crestline Analytics,ACC-020-U005,Flow,api_call,2026-03-03T06:16:00,0.5
EVT-005255,ACC-020,Crestline Analytics,ACC-020-U002,Insight,feature_use,2026-03-03T16:01:00,23.7
EVT-005256,ACC-020,Crestline Analytics,ACC-020-U042,Insight,login,2026-03-04T16:37:00,2.6
EVT-005257,ACC-020,Crestline Analytics,ACC-020-U036,Flow,api_call,2026-03-04T17:52:00,1.2
EVT-005258,ACC-020,Crestline Analytics,ACC-020-U042,Flow,export,2026-03-04T16:03:00,8.5
EVT-005259,ACC-020,Crestline Analytics,ACC-020-U011,Insight,api_call,2026-03-05T11:09:00,1.8
EVT-005260,ACC-020,Crestline Analytics,ACC-020-U045,Flow,feature_use,2026-03-05T09:13:00,22.5
EVT-005261,ACC-020,Crestline Analytics,ACC-020-U034,Insight,login,2026-03-05T12:39:00,18.9
EVT-005262,ACC-020,Crestline Analytics,ACC-020-U029,Insight,feature_use,2026-03-06T10:03:00,15.6
EVT-005263,ACC-020,Crestline Analytics,ACC-020-U043,Flow,feature_use,2026-03-06T10:09:00,43.5
EVT-005264,ACC-020,Crestline Analytics,ACC-020-U022,Insight,api_call,2026-03-07T15:13:00,2.0
EVT-005265,ACC-020,Crestline Analytics,ACC-020-U009,Insight,feature_use,2026-03-09T14:54:00,10.2
EVT-005266,ACC-020,Crestline Analytics,ACC-020-U031,Flow,feature_use,2026-03-09T09:01:00,29.6
EVT-005267,ACC-020,Crestline Analytics,ACC-020-U037,Insight,login,2026-03-09T09:45:00,18.4
EVT-005268,ACC-020,Crestline Analytics,ACC-020-U015,Insight,feature_use,2026-03-09T13:19:00,8.5
EVT-005269,ACC-020,Crestline Analytics,ACC-020-U004,Flow,feature_use,2026-03-09T16:55:00,25.9
EVT-005270,ACC-020,Crestline Analytics,ACC-020-U001,Flow,feature_use,2026-03-10T12:41:00,23.3
EVT-005271,ACC-020,Crestline Analytics,ACC-020-U005,Flow,login,2026-03-10T15:04:00,3.1
EVT-005272,ACC-020,Crestline Analytics,ACC-020-U024,Insight,feature_use,2026-03-10T12:00:00,59.1
EVT-005273,ACC-020,Crestline Analytics,ACC-020-U038,Insight,login,2026-03-10T17:56:00,34.6
EVT-005274,ACC-020,Crestline Analytics,ACC-020-U027,Flow,export,2026-03-10T14:56:00,8.0
EVT-005275,ACC-020,Crestline Analytics,ACC-020-U007,Flow,api_call,2026-03-11T11:39:00,0.5
EVT-005276,ACC-020,Crestline Analytics,ACC-020-U004,Flow,feature_use,2026-03-11T19:13:00,43.6
EVT-005277,ACC-020,Crestline Analytics,ACC-020-U009,Insight,login,2026-03-11T16:41:00,42.6
EVT-005278,ACC-020,Crestline Analytics,ACC-020-U034,Flow,feature_use,2026-03-12T09:22:00,15.7
EVT-005279,ACC-020,Crestline Analytics,ACC-020-U002,Insight,login,2026-03-12T14:12:00,42.0
EVT-005280,ACC-020,Crestline Analytics,ACC-020-U030,Flow,login,2026-03-12T17:59:00,29.7
EVT-005281,ACC-020,Crestline Analytics,ACC-020-U041,Insight,export,2026-03-12T17:16:00,5.0
EVT-005282,ACC-020,Crestline Analytics,ACC-020-U031,Flow,export,2026-03-13T16:52:00,8.5
EVT-005283,ACC-020,Crestline Analytics,ACC-020-U019,Insight,export,2026-03-13T21:17:00,4.1
EVT-005284,ACC-020,Crestline Analytics,ACC-020-U045,Insight,login,2026-03-13T12:30:00,6.8
