ticket_id,account_id,account_name,product,ticket_text,priority,status,created_at
TKT-0001,ACC-001,Meridian Media Group,Canvas,Our design team is really struggling with the new Canvas interface. The toolbar layout changed and nobody can find the asset library anymore. We've lost at least two days of productivity this week. Can someone walk us through this?,P2,open,2026-02-25T19:31:00
TKT-0002,ACC-001,Meridian Media Group,Canvas,This is the third time this month Canvas has frozen mid-export. We had a client deadline today and had to recreate everything in SketchFlow. This is unacceptable for what we're paying.,P1,escalated,2026-02-10T18:46:00
TKT-0003,ACC-001,Meridian Media Group,Canvas,We need to export our entire asset library out of Canvas ASAP. Our creative director wants everything in a portable format. Can you provide a bulk export tool or API endpoint?,P2,escalated,2026-02-15T11:56:00
TKT-0004,ACC-001,Meridian Media Group,Flow,Our team lead Jennifer left last month and she was the only one who understood how our Flow automations were set up. Nobody knows how to modify the approval chains. Is there documentation for inheriting admin workflows?,P2,resolved,2026-02-26T13:19:00
TKT-0005,ACC-001,Meridian Media Group,Canvas,Canvas performance has degraded badly. Pages with more than 20 layers take 10+ seconds to render. We're a media company — we work with complex layouts daily. Several team members are asking if we can switch to SketchFlow.,P1,escalated,2025-12-23T06:54:00
TKT-0006,ACC-001,Meridian Media Group,Canvas,Is there a way to migrate our Canvas templates to another platform? Asking for planning purposes. We need to understand what our options are before our next internal review.,P3,open,2026-02-24T09:46:00
TKT-0007,ACC-001,Meridian Media Group,Flow,The Flow integration with our DAM system broke after your last update. Our creative workflow depends on this. We've been manually transferring files for two weeks and it's killing our velocity.,P2,open,2026-01-09T13:06:00
TKT-0008,ACC-001,Meridian Media Group,Canvas,"Honestly, I'm frustrated. We've filed three tickets this month and the responses have been slow and unhelpful. Our contract is up in June and leadership is already questioning whether to renew.",P2,escalated,2026-02-08T11:28:00
TKT-0009,ACC-001,Meridian Media Group,Canvas,We've been trying to reach our account executive Jake Torres for three weeks about renewal pricing. His emails are bouncing and he's not responding on Slack. Is he still with the company? We need to discuss pricing options before our budget review.,P2,open,2026-01-28T08:51:00
TKT-0010,ACC-001,Meridian Media Group,Canvas,URGENT: Our VP of Marketing David Leung has requested a full asset export from Canvas. He wants to evaluate migration costs to SketchFlow. We need the bulk export API documentation and estimated data transfer timelines. We are a $186K account and haven't had a working AE relationship in weeks.,P1,escalated,2026-03-14T10:36:00
TKT-0011,ACC-001,Meridian Media Group,Flow,We tested our approval workflow in both Canvas and SketchFlow last week. What takes 45 minutes in Canvas took 5 minutes in SketchFlow. The performance gap is becoming impossible to justify internally. Our SketchFlow pilot cost us $2K — our Canvas contract is $186K. The ROI math is not in your favor.,P2,resolved,2025-12-31T14:26:00
TKT-0012,ACC-001,Meridian Media Group,Canvas,Our design team is really struggling with the new Canvas interface. The toolbar layout changed and nobody can find the asset library anymore. We've lost at least two days of productivity this week. Can someone walk us through this?,P2,escalated,2026-02-18T16:41:00
TKT-0013,ACC-001,Meridian Media Group,Canvas,This is the third time this month Canvas has frozen mid-export. We had a client deadline today and had to recreate everything in SketchFlow. This is unacceptable for what we're paying.,P1,escalated,2026-02-19T19:54:00
TKT-0014,ACC-001,Meridian Media Group,Canvas,We need to export our entire asset library out of Canvas ASAP. Our creative director wants everything in a portable format. Can you provide a bulk export tool or API endpoint?,P2,escalated,2026-02-09T08:28:00
TKT-0015,ACC-001,Meridian Media Group,Flow,Our team lead Jennifer left last month and she was the only one who understood how our Flow automations were set up. Nobody knows how to modify the approval chains. Is there documentation for inheriting admin workflows?,P2,open,2026-01-17T16:37:00
TKT-0016,ACC-001,Meridian Media Group,Canvas,Canvas performance has degraded badly. Pages with more than 20 layers take 10+ seconds to render. We're a media company — we work with complex layouts daily. Several team members are asking if we can switch to SketchFlow.,P1,open,2026-03-01T19:07:00
TKT-0017,ACC-001,Meridian Media Group,Canvas,Is there a way to migrate our Canvas templates to another platform? Asking for planning purposes. We need to understand what our options are before our next internal review.,P3,escalated,2026-02-14T11:33:00
TKT-0018,ACC-001,Meridian Media Group,Flow,The Flow integration with our DAM system broke after your last update. Our creative workflow depends on this. We've been manually transferring files for two weeks and it's killing our velocity.,P2,open,2026-03-12T17:21:00
TKT-0019,ACC-001,Meridian Media Group,Canvas,"Honestly, I'm frustrated. We've filed three tickets this month and the responses have been slow and unhelpful. Our contract is up in June and leadership is already questioning whether to renew.",P2,escalated,2026-01-07T19:43:00
TKT-0020,ACC-001,Meridian Media Group,Canvas,We've been trying to reach our account executive Jake Torres for three weeks about renewal pricing. His emails are bouncing and he's not responding on Slack. Is he still with the company? We need to discuss pricing options before our budget review.,P2,open,2026-01-31T06:46:00
TKT-0021,ACC-001,Meridian Media Group,Canvas,URGENT: Our VP of Marketing David Leung has requested a full asset export from Canvas. He wants to evaluate migration costs to SketchFlow. We need the bulk export API documentation and estimated data transfer timelines. We are a $186K account and haven't had a working AE relationship in weeks.,P1,escalated,2026-03-12T10:08:00
TKT-0022,ACC-001,Meridian Media Group,Flow,We tested our approval workflow in both Canvas and SketchFlow last week. What takes 45 minutes in Canvas took 5 minutes in SketchFlow. The performance gap is becoming impossible to justify internally. Our SketchFlow pilot cost us $2K — our Canvas contract is $186K. The ROI math is not in your favor.,P2,resolved,2026-03-13T19:34:00
TKT-0023,ACC-001,Meridian Media Group,Canvas,Our design team is really struggling with the new Canvas interface. The toolbar layout changed and nobody can find the asset library anymore. We've lost at least two days of productivity this week. Can someone walk us through this?,P2,escalated,2026-02-21T20:49:00
TKT-0024,ACC-001,Meridian Media Group,Canvas,This is the third time this month Canvas has frozen mid-export. We had a client deadline today and had to recreate everything in SketchFlow. This is unacceptable for what we're paying.,P1,open,2026-01-29T18:03:00
TKT-0025,ACC-001,Meridian Media Group,Canvas,We need to export our entire asset library out of Canvas ASAP. Our creative director wants everything in a portable format. Can you provide a bulk export tool or API endpoint?,P2,resolved,2026-01-24T12:15:00
TKT-0026,ACC-001,Meridian Media Group,Flow,Our team lead Jennifer left last month and she was the only one who understood how our Flow automations were set up. Nobody knows how to modify the approval chains. Is there documentation for inheriting admin workflows?,P2,escalated,2026-03-06T10:40:00
TKT-0027,ACC-001,Meridian Media Group,Canvas,Canvas performance has degraded badly. Pages with more than 20 layers take 10+ seconds to render. We're a media company — we work with complex layouts daily. Several team members are asking if we can switch to SketchFlow.,P1,escalated,2026-02-05T14:24:00
TKT-0028,ACC-001,Meridian Media Group,Canvas,Is there a way to migrate our Canvas templates to another platform? Asking for planning purposes. We need to understand what our options are before our next internal review.,P3,resolved,2026-01-22T15:36:00
TKT-0029,ACC-001,Meridian Media Group,Flow,The Flow integration with our DAM system broke after your last update. Our creative workflow depends on this. We've been manually transferring files for two weeks and it's killing our velocity.,P2,open,2026-03-13T19:44:00
TKT-0030,ACC-001,Meridian Media Group,Canvas,"Honestly, I'm frustrated. We've filed three tickets this month and the responses have been slow and unhelpful. Our contract is up in June and leadership is already questioning whether to renew.",P2,open,2026-01-12T20:19:00
TKT-0031,ACC-001,Meridian Media Group,Canvas,We've been trying to reach our account executive Jake Torres for three weeks about renewal pricing. His emails are bouncing and he's not responding on Slack. Is he still with the company? We need to discuss pricing options before our budget review.,P2,open,2026-01-24T09:44:00
TKT-0032,ACC-001,Meridian Media Group,Canvas,URGENT: Our VP of Marketing David Leung has requested a full asset export from Canvas. He wants to evaluate migration costs to SketchFlow. We need the bulk export API documentation and estimated data transfer timelines. We are a $186K account and haven't had a working AE relationship in weeks.,P1,open,2026-02-10T13:54:00
TKT-0033,ACC-001,Meridian Media Group,Flow,We tested our approval workflow in both Canvas and SketchFlow last week. What takes 45 minutes in Canvas took 5 minutes in SketchFlow. The performance gap is becoming impossible to justify internally. Our SketchFlow pilot cost us $2K — our Canvas contract is $186K. The ROI math is not in your favor.,P2,open,2026-01-23T08:34:00
TKT-0034,ACC-001,Meridian Media Group,Canvas,Our design team is really struggling with the new Canvas interface. The toolbar layout changed and nobody can find the asset library anymore. We've lost at least two days of productivity this week. Can someone walk us through this?,P2,open,2026-02-17T14:42:00
TKT-0035,ACC-001,Meridian Media Group,Canvas,This is the third time this month Canvas has frozen mid-export. We had a client deadline today and had to recreate everything in SketchFlow. This is unacceptable for what we're paying.,P1,open,2026-02-03T12:14:00
TKT-0036,ACC-001,Meridian Media Group,Canvas,We need to export our entire asset library out of Canvas ASAP. Our creative director wants everything in a portable format. Can you provide a bulk export tool or API endpoint?,P2,resolved,2026-03-02T18:02:00
TKT-0037,ACC-001,Meridian Media Group,Flow,Our team lead Jennifer left last month and she was the only one who understood how our Flow automations were set up. Nobody knows how to modify the approval chains. Is there documentation for inheriting admin workflows?,P2,open,2026-02-05T12:32:00
TKT-0038,ACC-001,Meridian Media Group,Canvas,Canvas performance has degraded badly. Pages with more than 20 layers take 10+ seconds to render. We're a media company — we work with complex layouts daily. Several team members are asking if we can switch to SketchFlow.,P1,escalated,2026-03-02T13:00:00
TKT-0039,ACC-001,Meridian Media Group,Canvas,Is there a way to migrate our Canvas templates to another platform? Asking for planning purposes. We need to understand what our options are before our next internal review.,P3,open,2026-03-11T16:36:00
TKT-0040,ACC-001,Meridian Media Group,Flow,The Flow integration with our DAM system broke after your last update. Our creative workflow depends on this. We've been manually transferring files for two weeks and it's killing our velocity.,P2,open,2026-03-11T10:56:00
TKT-0041,ACC-001,Meridian Media Group,Canvas,"Honestly, I'm frustrated. We've filed three tickets this month and the responses have been slow and unhelpful. Our contract is up in June and leadership is already questioning whether to renew.",P2,open,2026-02-15T13:25:00
TKT-0042,ACC-001,Meridian Media Group,Canvas,We've been trying to reach our account executive Jake Torres for three weeks about renewal pricing. His emails are bouncing and he's not responding on Slack. Is he still with the company? We need to discuss pricing options before our budget review.,P2,resolved,2026-01-07T12:30:00
TKT-0043,ACC-001,Meridian Media Group,Canvas,URGENT: Our VP of Marketing David Leung has requested a full asset export from Canvas. He wants to evaluate migration costs to SketchFlow. We need the bulk export API documentation and estimated data transfer timelines. We are a $186K account and haven't had a working AE relationship in weeks.,P1,open,2026-03-08T15:57:00
TKT-0044,ACC-001,Meridian Media Group,Flow,We tested our approval workflow in both Canvas and SketchFlow last week. What takes 45 minutes in Canvas took 5 minutes in SketchFlow. The performance gap is becoming impossible to justify internally. Our SketchFlow pilot cost us $2K — our Canvas contract is $186K. The ROI math is not in your favor.,P2,open,2026-01-29T11:06:00
TKT-0045,ACC-001,Meridian Media Group,Canvas,Our design team is really struggling with the new Canvas interface. The toolbar layout changed and nobody can find the asset library anymore. We've lost at least two days of productivity this week. Can someone walk us through this?,P2,escalated,2026-02-21T12:10:00
TKT-0046,ACC-001,Meridian Media Group,Canvas,This is the third time this month Canvas has frozen mid-export. We had a client deadline today and had to recreate everything in SketchFlow. This is unacceptable for what we're paying.,P1,resolved,2026-03-12T15:20:00
TKT-0047,ACC-001,Meridian Media Group,Canvas,We need to export our entire asset library out of Canvas ASAP. Our creative director wants everything in a portable format. Can you provide a bulk export tool or API endpoint?,P2,open,2026-03-14T14:09:00
TKT-0048,ACC-001,Meridian Media Group,Flow,Our team lead Jennifer left last month and she was the only one who understood how our Flow automations were set up. Nobody knows how to modify the approval chains. Is there documentation for inheriting admin workflows?,P2,escalated,2026-01-11T15:52:00
TKT-0049,ACC-001,Meridian Media Group,Canvas,Canvas performance has degraded badly. Pages with more than 20 layers take 10+ seconds to render. We're a media company — we work with complex layouts daily. Several team members are asking if we can switch to SketchFlow.,P1,resolved,2026-02-19T15:27:00
TKT-0050,ACC-001,Meridian Media Group,Canvas,Is there a way to migrate our Canvas templates to another platform? Asking for planning purposes. We need to understand what our options are before our next internal review.,P3,open,2026-01-30T12:05:00
TKT-0051,ACC-002,Cascade Financial,Canvas,We purchased Canvas six months ago but adoption is still near zero. The onboarding materials don't match our version and the team found it confusing. Can we get a dedicated training session?,P2,open,2026-02-25T16:13:00
TKT-0052,ACC-002,Cascade Financial,Canvas,Our team has tried Canvas three times now and keeps going back to their old tools. The learning curve is too steep for what we need. Is there a simplified mode or a quick-start guide for financial services use cases?,P3,escalated,2026-02-17T12:31:00
TKT-0053,ACC-002,Cascade Financial,Insight,Insight dashboards are not loading for half our team. We get a spinner that never resolves. This has been happening intermittently for weeks. We're paying for a product nobody can use.,P2,open,2026-02-11T14:37:00
TKT-0054,ACC-002,Cascade Financial,Insight,"The Insight data connectors don't support our core data warehouse (Teradata). Without this, the product is essentially useless to us. Are there plans to add Teradata support?",P3,open,2026-03-09T07:51:00
TKT-0055,ACC-002,Cascade Financial,Canvas,"We were told Canvas would integrate with our compliance review system during the sales process. Six months in, this integration doesn't exist. Our legal team is asking why we're paying for shelfware.",P2,open,2026-02-28T09:48:00
TKT-0056,ACC-002,Cascade Financial,Flow,Flow works fine for our team but we're only using maybe 30% of what we're paying for. Is there a way to downgrade our plan to match our actual usage?,P3,resolved,2026-03-08T15:03:00
TKT-0057,ACC-002,Cascade Financial,Canvas,Multiple users are locked out of Canvas after the last SSO update. Our IT team says the SAML configuration changed on your end without notice. This is affecting our entire New York office.,P1,resolved,2026-02-03T17:25:00
TKT-0058,ACC-002,Cascade Financial,Insight,We need to understand our actual ROI on Insight. Can you pull usage stats for our account? Our CFO is reviewing all SaaS spend and tools with low adoption are first on the chopping block.,P2,escalated,2026-03-14T10:56:00
TKT-0059,ACC-002,Cascade Financial,Canvas,We purchased Canvas six months ago but adoption is still near zero. The onboarding materials don't match our version and the team found it confusing. Can we get a dedicated training session?,P2,escalated,2026-02-25T19:33:00
TKT-0060,ACC-002,Cascade Financial,Canvas,Our team has tried Canvas three times now and keeps going back to their old tools. The learning curve is too steep for what we need. Is there a simplified mode or a quick-start guide for financial services use cases?,P3,open,2026-02-27T07:34:00
TKT-0061,ACC-002,Cascade Financial,Insight,Insight dashboards are not loading for half our team. We get a spinner that never resolves. This has been happening intermittently for weeks. We're paying for a product nobody can use.,P2,open,2026-02-14T10:53:00
TKT-0062,ACC-002,Cascade Financial,Insight,"The Insight data connectors don't support our core data warehouse (Teradata). Without this, the product is essentially useless to us. Are there plans to add Teradata support?",P3,resolved,2026-02-23T12:48:00
TKT-0063,ACC-002,Cascade Financial,Canvas,"We were told Canvas would integrate with our compliance review system during the sales process. Six months in, this integration doesn't exist. Our legal team is asking why we're paying for shelfware.",P2,escalated,2026-02-27T16:03:00
TKT-0064,ACC-002,Cascade Financial,Flow,Flow works fine for our team but we're only using maybe 30% of what we're paying for. Is there a way to downgrade our plan to match our actual usage?,P3,resolved,2026-03-06T14:43:00
TKT-0065,ACC-002,Cascade Financial,Canvas,Multiple users are locked out of Canvas after the last SSO update. Our IT team says the SAML configuration changed on your end without notice. This is affecting our entire New York office.,P1,open,2026-02-15T07:36:00
TKT-0066,ACC-002,Cascade Financial,Insight,We need to understand our actual ROI on Insight. Can you pull usage stats for our account? Our CFO is reviewing all SaaS spend and tools with low adoption are first on the chopping block.,P2,resolved,2026-03-14T15:34:00
TKT-0067,ACC-002,Cascade Financial,Canvas,We purchased Canvas six months ago but adoption is still near zero. The onboarding materials don't match our version and the team found it confusing. Can we get a dedicated training session?,P2,escalated,2026-03-09T19:07:00
TKT-0068,ACC-002,Cascade Financial,Canvas,Our team has tried Canvas three times now and keeps going back to their old tools. The learning curve is too steep for what we need. Is there a simplified mode or a quick-start guide for financial services use cases?,P3,open,2026-02-03T10:08:00
TKT-0069,ACC-002,Cascade Financial,Insight,Insight dashboards are not loading for half our team. We get a spinner that never resolves. This has been happening intermittently for weeks. We're paying for a product nobody can use.,P2,escalated,2026-02-16T11:05:00
TKT-0070,ACC-002,Cascade Financial,Insight,"The Insight data connectors don't support our core data warehouse (Teradata). Without this, the product is essentially useless to us. Are there plans to add Teradata support?",P3,escalated,2026-02-19T19:53:00
TKT-0071,ACC-002,Cascade Financial,Canvas,"We were told Canvas would integrate with our compliance review system during the sales process. Six months in, this integration doesn't exist. Our legal team is asking why we're paying for shelfware.",P2,open,2026-02-11T16:29:00
TKT-0072,ACC-002,Cascade Financial,Flow,Flow works fine for our team but we're only using maybe 30% of what we're paying for. Is there a way to downgrade our plan to match our actual usage?,P3,resolved,2026-02-13T11:28:00
TKT-0073,ACC-002,Cascade Financial,Canvas,Multiple users are locked out of Canvas after the last SSO update. Our IT team says the SAML configuration changed on your end without notice. This is affecting our entire New York office.,P1,escalated,2026-01-12T14:36:00
TKT-0074,ACC-002,Cascade Financial,Insight,We need to understand our actual ROI on Insight. Can you pull usage stats for our account? Our CFO is reviewing all SaaS spend and tools with low adoption are first on the chopping block.,P2,escalated,2026-03-11T19:37:00
TKT-0075,ACC-002,Cascade Financial,Canvas,We purchased Canvas six months ago but adoption is still near zero. The onboarding materials don't match our version and the team found it confusing. Can we get a dedicated training session?,P2,escalated,2026-02-05T20:55:00
TKT-0076,ACC-002,Cascade Financial,Canvas,Our team has tried Canvas three times now and keeps going back to their old tools. The learning curve is too steep for what we need. Is there a simplified mode or a quick-start guide for financial services use cases?,P3,resolved,2026-02-22T10:42:00
TKT-0077,ACC-002,Cascade Financial,Insight,Insight dashboards are not loading for half our team. We get a spinner that never resolves. This has been happening intermittently for weeks. We're paying for a product nobody can use.,P2,escalated,2026-02-26T16:29:00
TKT-0078,ACC-002,Cascade Financial,Insight,"The Insight data connectors don't support our core data warehouse (Teradata). Without this, the product is essentially useless to us. Are there plans to add Teradata support?",P3,resolved,2026-02-04T09:06:00
TKT-0079,ACC-002,Cascade Financial,Canvas,"We were told Canvas would integrate with our compliance review system during the sales process. Six months in, this integration doesn't exist. Our legal team is asking why we're paying for shelfware.",P2,resolved,2026-01-29T14:27:00
TKT-0080,ACC-002,Cascade Financial,Flow,Flow works fine for our team but we're only using maybe 30% of what we're paying for. Is there a way to downgrade our plan to match our actual usage?,P3,escalated,2026-03-13T18:08:00
TKT-0081,ACC-002,Cascade Financial,Canvas,Multiple users are locked out of Canvas after the last SSO update. Our IT team says the SAML configuration changed on your end without notice. This is affecting our entire New York office.,P1,open,2026-01-29T13:38:00
TKT-0082,ACC-002,Cascade Financial,Insight,We need to understand our actual ROI on Insight. Can you pull usage stats for our account? Our CFO is reviewing all SaaS spend and tools with low adoption are first on the chopping block.,P2,escalated,2026-03-12T06:53:00
TKT-0083,ACC-002,Cascade Financial,Canvas,We purchased Canvas six months ago but adoption is still near zero. The onboarding materials don't match our version and the team found it confusing. Can we get a dedicated training session?,P2,open,2026-03-11T14:10:00
TKT-0084,ACC-002,Cascade Financial,Canvas,Our team has tried Canvas three times now and keeps going back to their old tools. The learning curve is too steep for what we need. Is there a simplified mode or a quick-start guide for financial services use cases?,P3,resolved,2026-03-02T10:51:00
TKT-0085,ACC-002,Cascade Financial,Insight,Insight dashboards are not loading for half our team. We get a spinner that never resolves. This has been happening intermittently for weeks. We're paying for a product nobody can use.,P2,resolved,2026-03-09T16:05:00
TKT-0086,ACC-002,Cascade Financial,Insight,"The Insight data connectors don't support our core data warehouse (Teradata). Without this, the product is essentially useless to us. Are there plans to add Teradata support?",P3,open,2026-03-03T17:59:00
TKT-0087,ACC-002,Cascade Financial,Canvas,"We were told Canvas would integrate with our compliance review system during the sales process. Six months in, this integration doesn't exist. Our legal team is asking why we're paying for shelfware.",P2,open,2026-02-13T10:36:00
TKT-0088,ACC-002,Cascade Financial,Flow,Flow works fine for our team but we're only using maybe 30% of what we're paying for. Is there a way to downgrade our plan to match our actual usage?,P3,escalated,2026-01-28T16:13:00
TKT-0089,ACC-002,Cascade Financial,Canvas,Multiple users are locked out of Canvas after the last SSO update. Our IT team says the SAML configuration changed on your end without notice. This is affecting our entire New York office.,P1,open,2025-12-20T08:29:00
TKT-0090,ACC-002,Cascade Financial,Insight,We need to understand our actual ROI on Insight. Can you pull usage stats for our account? Our CFO is reviewing all SaaS spend and tools with low adoption are first on the chopping block.,P2,open,2026-02-15T17:50:00
TKT-0091,ACC-002,Cascade Financial,Canvas,We purchased Canvas six months ago but adoption is still near zero. The onboarding materials don't match our version and the team found it confusing. Can we get a dedicated training session?,P2,resolved,2026-03-03T18:56:00
TKT-0092,ACC-002,Cascade Financial,Canvas,Our team has tried Canvas three times now and keeps going back to their old tools. The learning curve is too steep for what we need. Is there a simplified mode or a quick-start guide for financial services use cases?,P3,escalated,2025-12-22T13:06:00
TKT-0093,ACC-002,Cascade Financial,Insight,Insight dashboards are not loading for half our team. We get a spinner that never resolves. This has been happening intermittently for weeks. We're paying for a product nobody can use.,P2,resolved,2026-03-09T14:17:00
TKT-0094,ACC-002,Cascade Financial,Insight,"The Insight data connectors don't support our core data warehouse (Teradata). Without this, the product is essentially useless to us. Are there plans to add Teradata support?",P3,escalated,2026-01-31T14:31:00
TKT-0095,ACC-002,Cascade Financial,Canvas,"We were told Canvas would integrate with our compliance review system during the sales process. Six months in, this integration doesn't exist. Our legal team is asking why we're paying for shelfware.",P2,open,2026-02-14T12:07:00
TKT-0096,ACC-003,Beacon Logistics,Insight,URGENT: The Insight API has been returning 500 errors for the past 4 hours. Our logistics dashboard is completely down. This feeds real-time data to our dispatch team. Hundreds of shipments are affected.,P1,open,2026-03-11T15:17:00
TKT-0097,ACC-003,Beacon Logistics,Insight,The API outage from yesterday is happening again. We were told it was resolved but we're seeing the same 500 errors. Our ops team is furious. We need a root cause analysis immediately.,P1,escalated,2026-03-09T19:57:00
TKT-0098,ACC-003,Beacon Logistics,Canvas,API calls to Canvas are timing out consistently since last Tuesday. Our automated report generation pipeline depends on this. We're manually generating reports for 30+ clients right now.,P1,open,2026-03-05T17:02:00
TKT-0099,ACC-003,Beacon Logistics,Insight,Third major API outage in three weeks. We signed up for 99.9% uptime SLA and we're nowhere close. Our VP of Operations wants to discuss SLA credits and is cc'ing our legal team.,P1,escalated,2026-03-06T18:27:00
TKT-0100,ACC-003,Beacon Logistics,Insight,I was told Jake Torres was our account executive but apparently he left the company? We now have Kevin McBride who seems very junior and doesn't know our architecture. The API outages cost us approximately $12K in operational overhead and we still haven't received the SLA credit calculation. Who is actually owning this account?,P1,escalated,2026-03-10T20:48:00
TKT-0101,ACC-003,Beacon Logistics,Canvas,"After the recent API issues, our engineering team doesn't trust the platform stability. They're building redundancy around your APIs which is costing us engineering time. Can we get on a call about your infrastructure roadmap?",P2,resolved,2026-02-09T14:38:00
TKT-0102,ACC-003,Beacon Logistics,Insight,Escalation request: Our VP of Operations wants to speak with your VP of Sales about the ongoing API reliability issues AND the account management transition. We've had 3 major outages and 2 AE changes in 3 months. This is not enterprise-grade service for a company paying $97K annually.,P2,resolved,2026-01-01T10:39:00
TKT-0103,ACC-003,Beacon Logistics,Canvas,"After the recent API issues, our engineering team doesn't trust the platform stability. They're building redundancy around your APIs which is costing us engineering time. Can we get on a call about your infrastructure roadmap?",P2,open,2026-01-11T15:13:00
TKT-0104,ACC-003,Beacon Logistics,Insight,Escalation request: Our VP of Operations wants to speak with your VP of Sales about the ongoing API reliability issues AND the account management transition. We've had 3 major outages and 2 AE changes in 3 months. This is not enterprise-grade service for a company paying $97K annually.,P2,escalated,2026-02-03T20:04:00
TKT-0105,ACC-003,Beacon Logistics,Insight,Escalation request: Our VP of Operations wants to speak with your VP of Sales about the ongoing API reliability issues AND the account management transition. We've had 3 major outages and 2 AE changes in 3 months. This is not enterprise-grade service for a company paying $97K annually.,P2,resolved,2026-02-25T09:08:00
TKT-0106,ACC-003,Beacon Logistics,Insight,"Following up on the API reliability issues. We've calculated approximately 47 hours of cumulative downtime this month. Per our contract, we believe we're owed significant SLA credits. Please escalate.",P2,escalated,2026-01-15T18:34:00
TKT-0107,ACC-003,Beacon Logistics,Insight,Escalation request: Our VP of Operations wants to speak with your VP of Sales about the ongoing API reliability issues AND the account management transition. We've had 3 major outages and 2 AE changes in 3 months. This is not enterprise-grade service for a company paying $97K annually.,P2,resolved,2026-02-03T07:40:00
TKT-0108,ACC-003,Beacon Logistics,Canvas,"After the recent API issues, our engineering team doesn't trust the platform stability. They're building redundancy around your APIs which is costing us engineering time. Can we get on a call about your infrastructure roadmap?",P2,escalated,2026-03-07T18:18:00
TKT-0109,ACC-003,Beacon Logistics,Insight,Escalation request: Our VP of Operations wants to speak with your VP of Sales about the ongoing API reliability issues AND the account management transition. We've had 3 major outages and 2 AE changes in 3 months. This is not enterprise-grade service for a company paying $97K annually.,P2,resolved,2026-01-08T19:25:00
TKT-0110,ACC-003,Beacon Logistics,Canvas,"After the recent API issues, our engineering team doesn't trust the platform stability. They're building redundancy around your APIs which is costing us engineering time. Can we get on a call about your infrastructure roadmap?",P2,open,2026-02-20T06:43:00
TKT-0111,ACC-003,Beacon Logistics,Insight,"Following up on the API reliability issues. We've calculated approximately 47 hours of cumulative downtime this month. Per our contract, we believe we're owed significant SLA credits. Please escalate.",P2,resolved,2026-02-12T07:35:00
TKT-0112,ACC-003,Beacon Logistics,Insight,Escalation request: Our VP of Operations wants to speak with your VP of Sales about the ongoing API reliability issues AND the account management transition. We've had 3 major outages and 2 AE changes in 3 months. This is not enterprise-grade service for a company paying $97K annually.,P2,open,2026-02-22T06:29:00
TKT-0113,ACC-003,Beacon Logistics,Canvas,"After the recent API issues, our engineering team doesn't trust the platform stability. They're building redundancy around your APIs which is costing us engineering time. Can we get on a call about your infrastructure roadmap?",P2,open,2025-12-29T17:09:00
TKT-0114,ACC-003,Beacon Logistics,Canvas,"After the recent API issues, our engineering team doesn't trust the platform stability. They're building redundancy around your APIs which is costing us engineering time. Can we get on a call about your infrastructure roadmap?",P2,resolved,2026-01-27T10:20:00
TKT-0115,ACC-003,Beacon Logistics,Canvas,"After the recent API issues, our engineering team doesn't trust the platform stability. They're building redundancy around your APIs which is costing us engineering time. Can we get on a call about your infrastructure roadmap?",P2,resolved,2026-02-02T09:44:00
TKT-0116,ACC-003,Beacon Logistics,Insight,"Following up on the API reliability issues. We've calculated approximately 47 hours of cumulative downtime this month. Per our contract, we believe we're owed significant SLA credits. Please escalate.",P2,resolved,2026-02-03T09:45:00
TKT-0117,ACC-003,Beacon Logistics,Insight,"Following up on the API reliability issues. We've calculated approximately 47 hours of cumulative downtime this month. Per our contract, we believe we're owed significant SLA credits. Please escalate.",P2,open,2026-01-10T20:39:00
TKT-0118,ACC-003,Beacon Logistics,Insight,Escalation request: Our VP of Operations wants to speak with your VP of Sales about the ongoing API reliability issues AND the account management transition. We've had 3 major outages and 2 AE changes in 3 months. This is not enterprise-grade service for a company paying $97K annually.,P2,open,2026-01-01T20:11:00
TKT-0119,ACC-003,Beacon Logistics,Insight,"Following up on the API reliability issues. We've calculated approximately 47 hours of cumulative downtime this month. Per our contract, we believe we're owed significant SLA credits. Please escalate.",P2,open,2026-01-20T18:11:00
TKT-0120,ACC-003,Beacon Logistics,Insight,"Following up on the API reliability issues. We've calculated approximately 47 hours of cumulative downtime this month. Per our contract, we believe we're owed significant SLA credits. Please escalate.",P2,escalated,2026-02-15T15:47:00
TKT-0121,ACC-003,Beacon Logistics,Insight,Escalation request: Our VP of Operations wants to speak with your VP of Sales about the ongoing API reliability issues AND the account management transition. We've had 3 major outages and 2 AE changes in 3 months. This is not enterprise-grade service for a company paying $97K annually.,P2,escalated,2026-02-23T19:11:00
TKT-0122,ACC-003,Beacon Logistics,Canvas,"After the recent API issues, our engineering team doesn't trust the platform stability. They're building redundancy around your APIs which is costing us engineering time. Can we get on a call about your infrastructure roadmap?",P2,resolved,2026-03-07T14:28:00
TKT-0123,ACC-003,Beacon Logistics,Insight,Escalation request: Our VP of Operations wants to speak with your VP of Sales about the ongoing API reliability issues AND the account management transition. We've had 3 major outages and 2 AE changes in 3 months. This is not enterprise-grade service for a company paying $97K annually.,P2,open,2026-01-11T13:46:00
TKT-0124,ACC-003,Beacon Logistics,Insight,"Following up on the API reliability issues. We've calculated approximately 47 hours of cumulative downtime this month. Per our contract, we believe we're owed significant SLA credits. Please escalate.",P2,resolved,2026-01-06T09:12:00
TKT-0125,ACC-003,Beacon Logistics,Canvas,"After the recent API issues, our engineering team doesn't trust the platform stability. They're building redundancy around your APIs which is costing us engineering time. Can we get on a call about your infrastructure roadmap?",P2,escalated,2026-03-14T15:51:00
TKT-0126,ACC-003,Beacon Logistics,Insight,"Following up on the API reliability issues. We've calculated approximately 47 hours of cumulative downtime this month. Per our contract, we believe we're owed significant SLA credits. Please escalate.",P2,escalated,2026-02-16T16:30:00
TKT-0127,ACC-003,Beacon Logistics,Canvas,"After the recent API issues, our engineering team doesn't trust the platform stability. They're building redundancy around your APIs which is costing us engineering time. Can we get on a call about your infrastructure roadmap?",P2,open,2026-03-01T06:05:00
TKT-0128,ACC-003,Beacon Logistics,Insight,"Following up on the API reliability issues. We've calculated approximately 47 hours of cumulative downtime this month. Per our contract, we believe we're owed significant SLA credits. Please escalate.",P2,resolved,2026-02-28T19:43:00
TKT-0129,ACC-003,Beacon Logistics,Insight,Escalation request: Our VP of Operations wants to speak with your VP of Sales about the ongoing API reliability issues AND the account management transition. We've had 3 major outages and 2 AE changes in 3 months. This is not enterprise-grade service for a company paying $97K annually.,P2,open,2026-01-03T20:01:00
TKT-0130,ACC-003,Beacon Logistics,Insight,"Following up on the API reliability issues. We've calculated approximately 47 hours of cumulative downtime this month. Per our contract, we believe we're owed significant SLA credits. Please escalate.",P2,open,2026-02-09T06:47:00
TKT-0131,ACC-003,Beacon Logistics,Canvas,"After the recent API issues, our engineering team doesn't trust the platform stability. They're building redundancy around your APIs which is costing us engineering time. Can we get on a call about your infrastructure roadmap?",P2,resolved,2026-01-18T17:00:00
TKT-0132,ACC-003,Beacon Logistics,Canvas,"After the recent API issues, our engineering team doesn't trust the platform stability. They're building redundancy around your APIs which is costing us engineering time. Can we get on a call about your infrastructure roadmap?",P2,escalated,2025-12-21T20:46:00
TKT-0133,ACC-003,Beacon Logistics,Insight,Escalation request: Our VP of Operations wants to speak with your VP of Sales about the ongoing API reliability issues AND the account management transition. We've had 3 major outages and 2 AE changes in 3 months. This is not enterprise-grade service for a company paying $97K annually.,P2,open,2026-01-21T15:40:00
TKT-0134,ACC-003,Beacon Logistics,Insight,"Following up on the API reliability issues. We've calculated approximately 47 hours of cumulative downtime this month. Per our contract, we believe we're owed significant SLA credits. Please escalate.",P2,resolved,2026-01-12T15:09:00
TKT-0135,ACC-003,Beacon Logistics,Insight,"Following up on the API reliability issues. We've calculated approximately 47 hours of cumulative downtime this month. Per our contract, we believe we're owed significant SLA credits. Please escalate.",P2,escalated,2026-02-05T15:27:00
TKT-0136,ACC-003,Beacon Logistics,Insight,Escalation request: Our VP of Operations wants to speak with your VP of Sales about the ongoing API reliability issues AND the account management transition. We've had 3 major outages and 2 AE changes in 3 months. This is not enterprise-grade service for a company paying $97K annually.,P2,open,2026-01-14T14:53:00
TKT-0137,ACC-003,Beacon Logistics,Canvas,"After the recent API issues, our engineering team doesn't trust the platform stability. They're building redundancy around your APIs which is costing us engineering time. Can we get on a call about your infrastructure roadmap?",P2,open,2026-02-24T09:05:00
TKT-0138,ACC-004,Prism Retail,Canvas,Minor UI issue — the color picker dropdown clips on smaller screens. Not urgent.,P4,open,2025-12-16T17:43:00
TKT-0139,ACC-004,Prism Retail,Canvas,How do we update our billing contact? The admin who set this up left the company.,P3,escalated,2026-02-13T20:27:00
TKT-0140,ACC-004,Prism Retail,Canvas,Minor UI issue — the color picker dropdown clips on smaller screens. Not urgent.,P4,open,2026-01-09T12:04:00
TKT-0141,ACC-005,Atlas Digital,Canvas,Feature request: Can Canvas support real-time co-editing like Google Docs? Our team of 12 designers frequently needs to collaborate simultaneously on campaign assets.,P3,resolved,2025-12-22T10:31:00
TKT-0142,ACC-005,Atlas Digital,Canvas,We'd love to see a version history feature with branching — similar to Git but for design files. Our team is growing and we need better collaboration controls.,P3,resolved,2025-12-24T15:18:00
TKT-0143,ACC-005,Atlas Digital,Canvas,Suggestion: It would be great if Canvas had native Pantone color library support. We do a lot of print work and need precise color matching.,P4,resolved,2026-02-06T07:57:00
TKT-0144,ACC-005,Atlas Digital,Canvas,Is there an API endpoint to programmatically create Canvas projects? We want to auto-generate templated designs for our 200+ SMB clients.,P3,resolved,2026-01-24T14:06:00
TKT-0145,ACC-005,Atlas Digital,Canvas,Love the new batch export feature! One suggestion — could you add PDF/X-4 as an export format? It's the standard our print vendors require.,P4,resolved,2026-03-07T07:00:00
TKT-0146,ACC-005,Atlas Digital,Canvas,Feature request: Can we get an integration with Brandwatch or Sprout Social? We want to publish directly from Canvas to social media. Would save our team hours every week.,P3,resolved,2026-03-03T15:18:00
TKT-0147,ACC-005,Atlas Digital,Canvas,Small UX suggestion: the keyboard shortcut for 'group layers' conflicts with our OS shortcut. Any way to customize keyboard bindings?,P4,resolved,2026-01-03T18:57:00
TKT-0148,ACC-005,Atlas Digital,Canvas,Feature request: Can Canvas support real-time co-editing like Google Docs? Our team of 12 designers frequently needs to collaborate simultaneously on campaign assets.,P3,open,2026-01-07T08:59:00
TKT-0149,ACC-005,Atlas Digital,Canvas,We'd love to see a version history feature with branching — similar to Git but for design files. Our team is growing and we need better collaboration controls.,P3,resolved,2026-03-04T13:47:00
TKT-0150,ACC-005,Atlas Digital,Canvas,Suggestion: It would be great if Canvas had native Pantone color library support. We do a lot of print work and need precise color matching.,P4,resolved,2026-01-27T17:43:00
TKT-0151,ACC-005,Atlas Digital,Canvas,Is there an API endpoint to programmatically create Canvas projects? We want to auto-generate templated designs for our 200+ SMB clients.,P3,resolved,2026-02-27T09:41:00
TKT-0152,ACC-005,Atlas Digital,Canvas,Love the new batch export feature! One suggestion — could you add PDF/X-4 as an export format? It's the standard our print vendors require.,P4,resolved,2025-12-20T07:58:00
TKT-0153,ACC-005,Atlas Digital,Canvas,Feature request: Can we get an integration with Brandwatch or Sprout Social? We want to publish directly from Canvas to social media. Would save our team hours every week.,P3,resolved,2026-03-12T14:38:00
TKT-0154,ACC-005,Atlas Digital,Canvas,Small UX suggestion: the keyboard shortcut for 'group layers' conflicts with our OS shortcut. Any way to customize keyboard bindings?,P4,open,2026-03-13T07:58:00
TKT-0155,ACC-005,Atlas Digital,Canvas,Feature request: Can Canvas support real-time co-editing like Google Docs? Our team of 12 designers frequently needs to collaborate simultaneously on campaign assets.,P3,resolved,2026-01-04T09:09:00
TKT-0156,ACC-005,Atlas Digital,Canvas,We'd love to see a version history feature with branching — similar to Git but for design files. Our team is growing and we need better collaboration controls.,P3,resolved,2026-01-02T16:57:00
TKT-0157,ACC-005,Atlas Digital,Canvas,Suggestion: It would be great if Canvas had native Pantone color library support. We do a lot of print work and need precise color matching.,P4,resolved,2026-03-11T20:52:00
TKT-0158,ACC-005,Atlas Digital,Canvas,Is there an API endpoint to programmatically create Canvas projects? We want to auto-generate templated designs for our 200+ SMB clients.,P3,resolved,2026-02-09T14:15:00
TKT-0159,ACC-005,Atlas Digital,Canvas,Love the new batch export feature! One suggestion — could you add PDF/X-4 as an export format? It's the standard our print vendors require.,P4,resolved,2025-12-26T15:56:00
TKT-0160,ACC-005,Atlas Digital,Canvas,Feature request: Can we get an integration with Brandwatch or Sprout Social? We want to publish directly from Canvas to social media. Would save our team hours every week.,P3,resolved,2026-01-18T07:00:00
TKT-0161,ACC-005,Atlas Digital,Canvas,Small UX suggestion: the keyboard shortcut for 'group layers' conflicts with our OS shortcut. Any way to customize keyboard bindings?,P4,resolved,2026-02-21T09:19:00
TKT-0162,ACC-005,Atlas Digital,Canvas,Feature request: Can Canvas support real-time co-editing like Google Docs? Our team of 12 designers frequently needs to collaborate simultaneously on campaign assets.,P3,resolved,2026-01-18T10:09:00
TKT-0163,ACC-005,Atlas Digital,Canvas,We'd love to see a version history feature with branching — similar to Git but for design files. Our team is growing and we need better collaboration controls.,P3,open,2026-02-15T10:08:00
TKT-0164,ACC-005,Atlas Digital,Canvas,Suggestion: It would be great if Canvas had native Pantone color library support. We do a lot of print work and need precise color matching.,P4,resolved,2026-01-22T07:51:00
TKT-0165,ACC-005,Atlas Digital,Canvas,Is there an API endpoint to programmatically create Canvas projects? We want to auto-generate templated designs for our 200+ SMB clients.,P3,resolved,2026-01-26T14:16:00
TKT-0166,ACC-005,Atlas Digital,Canvas,Love the new batch export feature! One suggestion — could you add PDF/X-4 as an export format? It's the standard our print vendors require.,P4,open,2026-02-16T06:09:00
TKT-0167,ACC-005,Atlas Digital,Canvas,Feature request: Can we get an integration with Brandwatch or Sprout Social? We want to publish directly from Canvas to social media. Would save our team hours every week.,P3,resolved,2025-12-31T14:42:00
TKT-0168,ACC-005,Atlas Digital,Canvas,Small UX suggestion: the keyboard shortcut for 'group layers' conflicts with our OS shortcut. Any way to customize keyboard bindings?,P4,open,2025-12-25T06:38:00
TKT-0169,ACC-005,Atlas Digital,Canvas,Feature request: Can Canvas support real-time co-editing like Google Docs? Our team of 12 designers frequently needs to collaborate simultaneously on campaign assets.,P3,resolved,2026-02-09T20:04:00
TKT-0170,ACC-005,Atlas Digital,Canvas,We'd love to see a version history feature with branching — similar to Git but for design files. Our team is growing and we need better collaboration controls.,P3,resolved,2025-12-26T06:18:00
TKT-0171,ACC-005,Atlas Digital,Canvas,Suggestion: It would be great if Canvas had native Pantone color library support. We do a lot of print work and need precise color matching.,P4,resolved,2026-02-28T13:49:00
TKT-0172,ACC-005,Atlas Digital,Canvas,Is there an API endpoint to programmatically create Canvas projects? We want to auto-generate templated designs for our 200+ SMB clients.,P3,escalated,2026-01-06T20:15:00
TKT-0173,ACC-005,Atlas Digital,Canvas,Love the new batch export feature! One suggestion — could you add PDF/X-4 as an export format? It's the standard our print vendors require.,P4,resolved,2025-12-26T06:42:00
TKT-0174,ACC-005,Atlas Digital,Canvas,Feature request: Can we get an integration with Brandwatch or Sprout Social? We want to publish directly from Canvas to social media. Would save our team hours every week.,P3,open,2026-01-03T19:19:00
TKT-0175,ACC-005,Atlas Digital,Canvas,Small UX suggestion: the keyboard shortcut for 'group layers' conflicts with our OS shortcut. Any way to customize keyboard bindings?,P4,resolved,2025-12-20T11:38:00
TKT-0176,ACC-006,Summit Healthcare,Canvas,Quick question — how do we set up role-based access so our compliance team can view but not edit designs? We're rolling this out to our regulatory affairs department next week.,P3,escalated,2026-01-10T07:03:00
TKT-0177,ACC-006,Summit Healthcare,Flow,How do we configure Flow to route approvals based on document type? We need clinical materials to go through a different review chain than marketing collateral.,P3,resolved,2026-01-04T12:53:00
TKT-0178,ACC-006,Summit Healthcare,Canvas,Is there a way to create a shared template library that all departments can access? We have 6 teams now and want to standardize our visual identity.,P4,escalated,2026-01-20T20:04:00
TKT-0179,ACC-006,Summit Healthcare,Flow,"We're onboarding 15 new users next week. Is there a bulk invite feature or should we do them one by one? Also, can we pre-assign them to specific workspaces?",P3,resolved,2026-02-12T18:50:00
TKT-0180,ACC-006,Summit Healthcare,Canvas,Can Canvas handle HIPAA-compliant document workflows? We want to use it for patient-facing materials but need to ensure PHI is protected.,P3,escalated,2026-02-08T19:43:00
TKT-0181,ACC-006,Summit Healthcare,Flow,Our team lead wants to know if Flow can integrate with Epic (our EHR system) for automated report distribution. Even a webhook would work.,P4,resolved,2026-03-03T12:05:00
TKT-0182,ACC-006,Summit Healthcare,Canvas,How do we set up an approval workflow where the legal team has final sign-off on all external-facing materials? This is a compliance requirement for us.,P3,resolved,2026-02-07T16:34:00
TKT-0183,ACC-006,Summit Healthcare,Canvas,Quick question — how do we set up role-based access so our compliance team can view but not edit designs? We're rolling this out to our regulatory affairs department next week.,P3,open,2026-01-07T15:26:00
TKT-0184,ACC-006,Summit Healthcare,Flow,How do we configure Flow to route approvals based on document type? We need clinical materials to go through a different review chain than marketing collateral.,P3,resolved,2025-12-17T10:10:00
TKT-0185,ACC-006,Summit Healthcare,Canvas,Is there a way to create a shared template library that all departments can access? We have 6 teams now and want to standardize our visual identity.,P4,resolved,2026-02-16T11:50:00
TKT-0186,ACC-006,Summit Healthcare,Flow,"We're onboarding 15 new users next week. Is there a bulk invite feature or should we do them one by one? Also, can we pre-assign them to specific workspaces?",P3,escalated,2026-03-05T07:03:00
TKT-0187,ACC-006,Summit Healthcare,Canvas,Can Canvas handle HIPAA-compliant document workflows? We want to use it for patient-facing materials but need to ensure PHI is protected.,P3,open,2026-03-13T20:19:00
TKT-0188,ACC-006,Summit Healthcare,Flow,Our team lead wants to know if Flow can integrate with Epic (our EHR system) for automated report distribution. Even a webhook would work.,P4,escalated,2025-12-18T14:46:00
TKT-0189,ACC-006,Summit Healthcare,Canvas,How do we set up an approval workflow where the legal team has final sign-off on all external-facing materials? This is a compliance requirement for us.,P3,resolved,2026-01-28T20:37:00
TKT-0190,ACC-006,Summit Healthcare,Canvas,Quick question — how do we set up role-based access so our compliance team can view but not edit designs? We're rolling this out to our regulatory affairs department next week.,P3,resolved,2026-01-11T06:24:00
TKT-0191,ACC-006,Summit Healthcare,Flow,How do we configure Flow to route approvals based on document type? We need clinical materials to go through a different review chain than marketing collateral.,P3,resolved,2025-12-29T13:26:00
TKT-0192,ACC-006,Summit Healthcare,Canvas,Is there a way to create a shared template library that all departments can access? We have 6 teams now and want to standardize our visual identity.,P4,resolved,2026-01-25T20:07:00
TKT-0193,ACC-006,Summit Healthcare,Flow,"We're onboarding 15 new users next week. Is there a bulk invite feature or should we do them one by one? Also, can we pre-assign them to specific workspaces?",P3,resolved,2026-01-03T20:50:00
TKT-0194,ACC-006,Summit Healthcare,Canvas,Can Canvas handle HIPAA-compliant document workflows? We want to use it for patient-facing materials but need to ensure PHI is protected.,P3,resolved,2026-02-18T06:02:00
TKT-0195,ACC-006,Summit Healthcare,Flow,Our team lead wants to know if Flow can integrate with Epic (our EHR system) for automated report distribution. Even a webhook would work.,P4,resolved,2026-02-06T06:52:00
TKT-0196,ACC-006,Summit Healthcare,Canvas,How do we set up an approval workflow where the legal team has final sign-off on all external-facing materials? This is a compliance requirement for us.,P3,resolved,2026-02-06T15:01:00
TKT-0197,ACC-006,Summit Healthcare,Canvas,Quick question — how do we set up role-based access so our compliance team can view but not edit designs? We're rolling this out to our regulatory affairs department next week.,P3,resolved,2025-12-20T14:19:00
TKT-0198,ACC-006,Summit Healthcare,Flow,How do we configure Flow to route approvals based on document type? We need clinical materials to go through a different review chain than marketing collateral.,P3,resolved,2026-02-28T17:21:00
TKT-0199,ACC-006,Summit Healthcare,Canvas,Is there a way to create a shared template library that all departments can access? We have 6 teams now and want to standardize our visual identity.,P4,escalated,2025-12-26T13:47:00
TKT-0200,ACC-006,Summit Healthcare,Flow,"We're onboarding 15 new users next week. Is there a bulk invite feature or should we do them one by one? Also, can we pre-assign them to specific workspaces?",P3,open,2026-01-17T08:51:00
TKT-0201,ACC-006,Summit Healthcare,Canvas,Can Canvas handle HIPAA-compliant document workflows? We want to use it for patient-facing materials but need to ensure PHI is protected.,P3,resolved,2026-01-20T13:13:00
TKT-0202,ACC-006,Summit Healthcare,Flow,Our team lead wants to know if Flow can integrate with Epic (our EHR system) for automated report distribution. Even a webhook would work.,P4,resolved,2026-02-20T19:28:00
TKT-0203,ACC-006,Summit Healthcare,Canvas,How do we set up an approval workflow where the legal team has final sign-off on all external-facing materials? This is a compliance requirement for us.,P3,open,2026-02-09T11:59:00
TKT-0204,ACC-006,Summit Healthcare,Canvas,Quick question — how do we set up role-based access so our compliance team can view but not edit designs? We're rolling this out to our regulatory affairs department next week.,P3,resolved,2026-01-12T08:10:00
TKT-0205,ACC-006,Summit Healthcare,Flow,How do we configure Flow to route approvals based on document type? We need clinical materials to go through a different review chain than marketing collateral.,P3,open,2026-02-19T19:16:00
TKT-0206,ACC-006,Summit Healthcare,Canvas,Is there a way to create a shared template library that all departments can access? We have 6 teams now and want to standardize our visual identity.,P4,open,2026-01-13T09:43:00
TKT-0207,ACC-006,Summit Healthcare,Flow,"We're onboarding 15 new users next week. Is there a bulk invite feature or should we do them one by one? Also, can we pre-assign them to specific workspaces?",P3,resolved,2026-02-23T16:03:00
TKT-0208,ACC-006,Summit Healthcare,Canvas,Can Canvas handle HIPAA-compliant document workflows? We want to use it for patient-facing materials but need to ensure PHI is protected.,P3,open,2026-03-12T20:04:00
TKT-0209,ACC-006,Summit Healthcare,Flow,Our team lead wants to know if Flow can integrate with Epic (our EHR system) for automated report distribution. Even a webhook would work.,P4,open,2026-02-14T17:30:00
TKT-0210,ACC-006,Summit Healthcare,Canvas,How do we set up an approval workflow where the legal team has final sign-off on all external-facing materials? This is a compliance requirement for us.,P3,open,2026-01-02T09:52:00
TKT-0211,ACC-007,Voyager Entertainment,Flow,Minor: The Flow webhook retry logic seems to cap at 3 attempts. Can this be configurable? We'd like 5 retries with exponential backoff for our media pipeline.,P4,resolved,2026-02-22T08:12:00
TKT-0212,ACC-007,Voyager Entertainment,Flow,Minor: The Flow webhook retry logic seems to cap at 3 attempts. Can this be configurable? We'd like 5 retries with exponential backoff for our media pipeline.,P4,resolved,2025-12-18T12:11:00
TKT-0213,ACC-007,Voyager Entertainment,Flow,Minor: The Flow webhook retry logic seems to cap at 3 attempts. Can this be configurable? We'd like 5 retries with exponential backoff for our media pipeline.,P4,resolved,2026-03-10T07:47:00
TKT-0214,ACC-008,Ironclad Manufacturing,Canvas,Can Canvas generate automated spec sheets from our design templates? We're creating 50+ product spec documents a month and want to templatize the process.,P3,open,2026-01-31T13:57:00
TKT-0215,ACC-008,Ironclad Manufacturing,Canvas,Feature request: support for DXF or STEP file preview within Canvas. Our engineering team shares CAD drawings and it would be nice to preview them inline.,P4,resolved,2026-02-18T19:55:00
TKT-0216,ACC-008,Ironclad Manufacturing,Canvas,Our manufacturing team is asking about Insight. Can we get a demo? We want to track how often each product template is used and by which team.,P3,escalated,2026-01-09T08:32:00
TKT-0217,ACC-008,Ironclad Manufacturing,Canvas,Is there a plugin or extension marketplace for Canvas? We'd like to build a custom integration with our ERP system (SAP).,P4,resolved,2025-12-19T10:06:00
TKT-0218,ACC-008,Ironclad Manufacturing,Canvas,Can Canvas generate automated spec sheets from our design templates? We're creating 50+ product spec documents a month and want to templatize the process.,P3,resolved,2026-01-23T09:21:00
TKT-0219,ACC-008,Ironclad Manufacturing,Canvas,Feature request: support for DXF or STEP file preview within Canvas. Our engineering team shares CAD drawings and it would be nice to preview them inline.,P4,resolved,2026-01-12T18:45:00
TKT-0220,ACC-008,Ironclad Manufacturing,Canvas,Our manufacturing team is asking about Insight. Can we get a demo? We want to track how often each product template is used and by which team.,P3,resolved,2025-12-29T17:48:00
TKT-0221,ACC-008,Ironclad Manufacturing,Canvas,Is there a plugin or extension marketplace for Canvas? We'd like to build a custom integration with our ERP system (SAP).,P4,resolved,2026-02-17T15:09:00
TKT-0222,ACC-008,Ironclad Manufacturing,Canvas,Can Canvas generate automated spec sheets from our design templates? We're creating 50+ product spec documents a month and want to templatize the process.,P3,resolved,2026-01-28T16:20:00
TKT-0223,ACC-008,Ironclad Manufacturing,Canvas,Feature request: support for DXF or STEP file preview within Canvas. Our engineering team shares CAD drawings and it would be nice to preview them inline.,P4,resolved,2026-01-20T16:26:00
TKT-0224,ACC-008,Ironclad Manufacturing,Canvas,Our manufacturing team is asking about Insight. Can we get a demo? We want to track how often each product template is used and by which team.,P3,open,2026-01-13T09:14:00
TKT-0225,ACC-008,Ironclad Manufacturing,Canvas,Is there a plugin or extension marketplace for Canvas? We'd like to build a custom integration with our ERP system (SAP).,P4,resolved,2025-12-17T09:57:00
TKT-0226,ACC-008,Ironclad Manufacturing,Canvas,Can Canvas generate automated spec sheets from our design templates? We're creating 50+ product spec documents a month and want to templatize the process.,P3,escalated,2026-03-10T16:53:00
TKT-0227,ACC-008,Ironclad Manufacturing,Canvas,Feature request: support for DXF or STEP file preview within Canvas. Our engineering team shares CAD drawings and it would be nice to preview them inline.,P4,open,2026-01-27T14:49:00
TKT-0228,ACC-008,Ironclad Manufacturing,Canvas,Our manufacturing team is asking about Insight. Can we get a demo? We want to track how often each product template is used and by which team.,P3,resolved,2025-12-30T11:42:00
TKT-0229,ACC-008,Ironclad Manufacturing,Canvas,Is there a plugin or extension marketplace for Canvas? We'd like to build a custom integration with our ERP system (SAP).,P4,open,2026-01-28T09:21:00
TKT-0230,ACC-008,Ironclad Manufacturing,Canvas,Can Canvas generate automated spec sheets from our design templates? We're creating 50+ product spec documents a month and want to templatize the process.,P3,open,2026-02-08T08:38:00
TKT-0231,ACC-008,Ironclad Manufacturing,Canvas,Feature request: support for DXF or STEP file preview within Canvas. Our engineering team shares CAD drawings and it would be nice to preview them inline.,P4,resolved,2026-02-21T16:02:00
TKT-0232,ACC-009,Northstar Consulting,Flow,"Small bug: when a Flow step fails, the error message just says 'Step failed.' No details. Would be helpful to see the actual error for debugging.",P4,open,2026-03-01T10:39:00
TKT-0233,ACC-009,Northstar Consulting,Flow,We'd like to embed an Insight dashboard in our internal wiki (Confluence). Is there an iframe embed option or public link feature?,P3,resolved,2026-01-14T13:59:00
TKT-0234,ACC-009,Northstar Consulting,Flow,Quick question — is there a way to add conditional branching in Flow based on file size? We want large assets to route to a different approval path.,P4,escalated,2025-12-23T08:52:00
TKT-0235,ACC-009,Northstar Consulting,Flow,"Small bug: when a Flow step fails, the error message just says 'Step failed.' No details. Would be helpful to see the actual error for debugging.",P4,resolved,2026-01-10T17:33:00
TKT-0236,ACC-009,Northstar Consulting,Flow,The date range picker in Insight defaults to the current month. Can it remember the last-used date range? We almost always look at trailing 90 days.,P3,resolved,2026-02-04T18:35:00
TKT-0237,ACC-009,Northstar Consulting,Flow,One of our Flow automations stopped triggering after we changed our email domain. Looks like the email validation is too strict. Can you whitelist our new domain?,P3,open,2026-01-04T20:08:00
TKT-0238,ACC-009,Northstar Consulting,Canvas,The image compression on Canvas export is a bit aggressive. Can we get a quality slider or a lossless export option for PNG?,P4,resolved,2025-12-17T11:12:00
TKT-0239,ACC-009,Northstar Consulting,Flow,Is there a way to set up recurring scheduled exports in Flow? We manually trigger a weekly report export and would like to automate it.,P3,resolved,2026-02-16T19:43:00
TKT-0240,ACC-009,Northstar Consulting,Flow,The Insight export to Excel is truncating column headers longer than 30 characters. Our report names are descriptive and this is causing confusion downstream.,P3,resolved,2026-03-01T11:04:00
TKT-0241,ACC-009,Northstar Consulting,Canvas,Can we increase our storage quota? We're at 89% capacity and have a big campaign launching next month. We don't want to archive anything right now.,P3,open,2026-01-19T12:20:00
TKT-0242,ACC-009,Northstar Consulting,Flow,Quick question — is there a way to add conditional branching in Flow based on file size? We want large assets to route to a different approval path.,P4,escalated,2026-03-12T11:56:00
TKT-0243,ACC-009,Northstar Consulting,Flow,A Flow automation that was working fine for months suddenly started sending duplicate notifications. Nothing changed on our end. Can you check the trigger logic?,P2,resolved,2026-01-16T12:07:00
TKT-0244,ACC-009,Northstar Consulting,Flow,One of our Flow automations stopped triggering after we changed our email domain. Looks like the email validation is too strict. Can you whitelist our new domain?,P3,open,2025-12-29T17:16:00
TKT-0245,ACC-009,Northstar Consulting,Canvas,Minor: The Insight PDF export puts the footer text on top of the chart legend on page 3. Probably a layout calculation bug.,P4,resolved,2026-01-19T06:00:00
TKT-0246,ACC-009,Northstar Consulting,Canvas,Minor: The Insight PDF export puts the footer text on top of the chart legend on page 3. Probably a layout calculation bug.,P4,resolved,2026-03-12T16:26:00
TKT-0247,ACC-009,Northstar Consulting,Flow,A Flow automation that was working fine for months suddenly started sending duplicate notifications. Nothing changed on our end. Can you check the trigger logic?,P2,resolved,2025-12-18T14:46:00
TKT-0248,ACC-009,Northstar Consulting,Canvas,Our SSO integration broke after an IdP certificate rotation on our side. Can you provide the steps to update the SAML certificate in Canvas? The docs are out of date.,P2,resolved,2025-12-29T19:59:00
TKT-0249,ACC-009,Northstar Consulting,Canvas,Our SSO integration broke after an IdP certificate rotation on our side. Can you provide the steps to update the SAML certificate in Canvas? The docs are out of date.,P2,resolved,2026-01-23T19:38:00
TKT-0250,ACC-009,Northstar Consulting,Flow,Flow webhook deliveries to our Slack channel stopped working yesterday. The webhook URL hasn't changed. Can you check if there's an outage on your webhook service?,P2,resolved,2026-01-09T08:06:00
TKT-0251,ACC-009,Northstar Consulting,Canvas,Our SSO integration broke after an IdP certificate rotation on our side. Can you provide the steps to update the SAML certificate in Canvas? The docs are out of date.,P2,resolved,2026-03-08T18:15:00
TKT-0252,ACC-009,Northstar Consulting,Flow,Minor: The Insight PDF export puts the footer text on top of the chart legend on page 3. Probably a layout calculation bug.,P4,escalated,2026-01-09T07:31:00
TKT-0253,ACC-009,Northstar Consulting,Flow,The Insight export to Excel is truncating column headers longer than 30 characters. Our report names are descriptive and this is causing confusion downstream.,P3,escalated,2025-12-27T18:11:00
TKT-0254,ACC-010,Ridgeline Media,Flow,Can we increase our storage quota? We're at 89% capacity and have a big campaign launching next month. We don't want to archive anything right now.,P3,resolved,2025-12-17T20:57:00
TKT-0255,ACC-010,Ridgeline Media,Flow,One of our Flow automations stopped triggering after we changed our email domain. Looks like the email validation is too strict. Can you whitelist our new domain?,P3,resolved,2025-12-19T08:20:00
TKT-0256,ACC-010,Ridgeline Media,Flow,How do we configure Canvas to use our company fonts? We uploaded them to the asset library but they only show up for the admin account.,P3,resolved,2026-02-22T07:34:00
TKT-0257,ACC-010,Ridgeline Media,Flow,One of our Flow automations stopped triggering after we changed our email domain. Looks like the email validation is too strict. Can you whitelist our new domain?,P3,open,2026-03-06T06:11:00
TKT-0258,ACC-010,Ridgeline Media,Flow,How do we configure Canvas to use our company fonts? We uploaded them to the asset library but they only show up for the admin account.,P3,resolved,2025-12-16T16:33:00
TKT-0259,ACC-010,Ridgeline Media,Flow,The date range picker in Insight defaults to the current month. Can it remember the last-used date range? We almost always look at trailing 90 days.,P3,resolved,2026-02-19T17:16:00
TKT-0260,ACC-010,Ridgeline Media,Flow,Our SSO integration broke after an IdP certificate rotation on our side. Can you provide the steps to update the SAML certificate in Canvas? The docs are out of date.,P2,escalated,2025-12-25T16:35:00
TKT-0261,ACC-010,Ridgeline Media,Flow,One of our Flow automations stopped triggering after we changed our email domain. Looks like the email validation is too strict. Can you whitelist our new domain?,P3,resolved,2026-01-04T18:27:00
TKT-0262,ACC-010,Ridgeline Media,Flow,A Flow automation that was working fine for months suddenly started sending duplicate notifications. Nothing changed on our end. Can you check the trigger logic?,P2,open,2026-03-06T10:37:00
TKT-0263,ACC-010,Ridgeline Media,Flow,The image compression on Canvas export is a bit aggressive. Can we get a quality slider or a lossless export option for PNG?,P4,resolved,2025-12-24T12:46:00
TKT-0264,ACC-010,Ridgeline Media,Flow,Dashboard loading times have gotten slower over the past month. Not critical but noticeable. We have about 18 months of historical data loaded.,P3,resolved,2026-02-15T13:41:00
TKT-0265,ACC-010,Ridgeline Media,Flow,Can we increase our storage quota? We're at 89% capacity and have a big campaign launching next month. We don't want to archive anything right now.,P3,resolved,2026-03-07T15:26:00
TKT-0266,ACC-010,Ridgeline Media,Flow,Quick question — is there a way to add conditional branching in Flow based on file size? We want large assets to route to a different approval path.,P4,resolved,2026-03-04T16:54:00
TKT-0267,ACC-010,Ridgeline Media,Flow,Minor rendering glitch on the Canvas dashboard when using Firefox. Text overlaps the sidebar on the project list page. Chrome works fine.,P3,resolved,2026-01-31T19:05:00
TKT-0268,ACC-010,Ridgeline Media,Flow,The date range picker in Insight defaults to the current month. Can it remember the last-used date range? We almost always look at trailing 90 days.,P3,resolved,2025-12-15T18:16:00
TKT-0269,ACC-010,Ridgeline Media,Flow,Quick question — is there a way to add conditional branching in Flow based on file size? We want large assets to route to a different approval path.,P4,resolved,2026-01-13T06:18:00
TKT-0270,ACC-010,Ridgeline Media,Flow,"Small bug: when a Flow step fails, the error message just says 'Step failed.' No details. Would be helpful to see the actual error for debugging.",P4,resolved,2026-01-18T14:07:00
TKT-0271,ACC-010,Ridgeline Media,Flow,We'd like to embed an Insight dashboard in our internal wiki (Confluence). Is there an iframe embed option or public link feature?,P3,resolved,2026-03-13T12:33:00
TKT-0272,ACC-010,Ridgeline Media,Flow,Is there a way to set up recurring scheduled exports in Flow? We manually trigger a weekly report export and would like to automate it.,P3,resolved,2026-01-12T09:43:00
TKT-0273,ACC-010,Ridgeline Media,Flow,Quick question — is there a way to add conditional branching in Flow based on file size? We want large assets to route to a different approval path.,P4,escalated,2025-12-29T10:40:00
TKT-0274,ACC-011,Clearwater Tech,Insight,The Insight export to Excel is truncating column headers longer than 30 characters. Our report names are descriptive and this is causing confusion downstream.,P3,escalated,2026-03-02T06:14:00
TKT-0275,ACC-011,Clearwater Tech,Flow,One of our Flow automations stopped triggering after we changed our email domain. Looks like the email validation is too strict. Can you whitelist our new domain?,P3,resolved,2026-02-22T07:50:00
TKT-0276,ACC-011,Clearwater Tech,Canvas,Minor rendering glitch on the Canvas dashboard when using Firefox. Text overlaps the sidebar on the project list page. Chrome works fine.,P3,open,2026-01-12T15:05:00
TKT-0277,ACC-011,Clearwater Tech,Flow,Is there a way to set up recurring scheduled exports in Flow? We manually trigger a weekly report export and would like to automate it.,P3,resolved,2025-12-16T13:22:00
TKT-0278,ACC-011,Clearwater Tech,Insight,We'd like to embed an Insight dashboard in our internal wiki (Confluence). Is there an iframe embed option or public link feature?,P3,resolved,2026-02-12T14:50:00
TKT-0279,ACC-011,Clearwater Tech,Canvas,Suggestion: Would be nice if Canvas remembered my last-used workspace when I log in instead of defaulting to the home screen every time.,P4,resolved,2026-02-06T20:13:00
TKT-0280,ACC-011,Clearwater Tech,Flow,Is there a way to set up recurring scheduled exports in Flow? We manually trigger a weekly report export and would like to automate it.,P3,resolved,2026-01-20T09:03:00
TKT-0281,ACC-011,Clearwater Tech,Flow,Is there a way to set up recurring scheduled exports in Flow? We manually trigger a weekly report export and would like to automate it.,P3,resolved,2026-01-17T20:48:00
TKT-0282,ACC-011,Clearwater Tech,Canvas,How do we configure Canvas to use our company fonts? We uploaded them to the asset library but they only show up for the admin account.,P3,open,2026-01-27T20:22:00
TKT-0283,ACC-011,Clearwater Tech,Flow,Is it possible to trigger a Flow automation from an external webhook? We want Jira ticket creation to automatically spawn a Canvas project.,P3,resolved,2026-01-02T20:14:00
TKT-0284,ACC-011,Clearwater Tech,Flow,Is it possible to trigger a Flow automation from an external webhook? We want Jira ticket creation to automatically spawn a Canvas project.,P3,open,2026-03-06T14:35:00
TKT-0285,ACC-011,Clearwater Tech,Canvas,We accidentally deleted a shared template folder. Is there an undo or recycle bin feature? We need to recover about 15 templates.,P3,resolved,2025-12-25T09:29:00
TKT-0286,ACC-011,Clearwater Tech,Insight,We'd like to embed an Insight dashboard in our internal wiki (Confluence). Is there an iframe embed option or public link feature?,P3,resolved,2026-01-25T16:32:00
TKT-0287,ACC-011,Clearwater Tech,Canvas,Minor rendering glitch on the Canvas dashboard when using Firefox. Text overlaps the sidebar on the project list page. Chrome works fine.,P3,resolved,2026-02-15T09:50:00
TKT-0288,ACC-011,Clearwater Tech,Insight,The Insight export to Excel is truncating column headers longer than 30 characters. Our report names are descriptive and this is causing confusion downstream.,P3,resolved,2026-02-15T07:19:00
TKT-0289,ACC-011,Clearwater Tech,Insight,The date range picker in Insight defaults to the current month. Can it remember the last-used date range? We almost always look at trailing 90 days.,P3,resolved,2026-01-27T10:09:00
TKT-0290,ACC-011,Clearwater Tech,Flow,Flow webhook deliveries to our Slack channel stopped working yesterday. The webhook URL hasn't changed. Can you check if there's an outage on your webhook service?,P2,resolved,2026-02-19T19:26:00
TKT-0291,ACC-011,Clearwater Tech,Canvas,The image compression on Canvas export is a bit aggressive. Can we get a quality slider or a lossless export option for PNG?,P4,resolved,2026-02-09T08:03:00
TKT-0292,ACC-011,Clearwater Tech,Canvas,Can we increase our storage quota? We're at 89% capacity and have a big campaign launching next month. We don't want to archive anything right now.,P3,resolved,2026-01-09T14:14:00
TKT-0293,ACC-011,Clearwater Tech,Insight,The Insight export to Excel is truncating column headers longer than 30 characters. Our report names are descriptive and this is causing confusion downstream.,P3,resolved,2026-02-14T06:19:00
TKT-0294,ACC-011,Clearwater Tech,Canvas,Our SSO integration broke after an IdP certificate rotation on our side. Can you provide the steps to update the SAML certificate in Canvas? The docs are out of date.,P2,resolved,2026-01-01T13:44:00
TKT-0295,ACC-011,Clearwater Tech,Canvas,Can we increase our storage quota? We're at 89% capacity and have a big campaign launching next month. We don't want to archive anything right now.,P3,resolved,2026-02-01T11:21:00
TKT-0296,ACC-011,Clearwater Tech,Flow,"Small bug: when a Flow step fails, the error message just says 'Step failed.' No details. Would be helpful to see the actual error for debugging.",P4,resolved,2026-01-07T10:23:00
TKT-0297,ACC-011,Clearwater Tech,Flow,One of our Flow automations stopped triggering after we changed our email domain. Looks like the email validation is too strict. Can you whitelist our new domain?,P3,resolved,2026-01-05T09:46:00
TKT-0298,ACC-012,Horizon Pharma,Canvas,A Flow automation that was working fine for months suddenly started sending duplicate notifications. Nothing changed on our end. Can you check the trigger logic?,P2,resolved,2026-02-17T07:32:00
TKT-0299,ACC-012,Horizon Pharma,Canvas,Dashboard loading times have gotten slower over the past month. Not critical but noticeable. We have about 18 months of historical data loaded.,P3,resolved,2026-01-25T17:43:00
TKT-0300,ACC-012,Horizon Pharma,Canvas,Dashboard loading times have gotten slower over the past month. Not critical but noticeable. We have about 18 months of historical data loaded.,P3,resolved,2026-03-09T14:33:00
TKT-0301,ACC-012,Horizon Pharma,Canvas,How do we configure Canvas to use our company fonts? We uploaded them to the asset library but they only show up for the admin account.,P3,resolved,2026-01-12T13:40:00
TKT-0302,ACC-012,Horizon Pharma,Canvas,Dashboard loading times have gotten slower over the past month. Not critical but noticeable. We have about 18 months of historical data loaded.,P3,resolved,2026-02-28T15:16:00
TKT-0303,ACC-012,Horizon Pharma,Canvas,How do we configure Canvas to use our company fonts? We uploaded them to the asset library but they only show up for the admin account.,P3,escalated,2025-12-26T14:55:00
TKT-0304,ACC-012,Horizon Pharma,Canvas,Suggestion: Would be nice if Canvas remembered my last-used workspace when I log in instead of defaulting to the home screen every time.,P4,open,2026-01-09T19:55:00
TKT-0305,ACC-012,Horizon Pharma,Canvas,One of our Flow automations stopped triggering after we changed our email domain. Looks like the email validation is too strict. Can you whitelist our new domain?,P3,resolved,2026-01-03T20:04:00
TKT-0306,ACC-012,Horizon Pharma,Canvas,Flow webhook deliveries to our Slack channel stopped working yesterday. The webhook URL hasn't changed. Can you check if there's an outage on your webhook service?,P2,resolved,2026-01-13T09:22:00
TKT-0307,ACC-012,Horizon Pharma,Canvas,Quick question — is there a way to add conditional branching in Flow based on file size? We want large assets to route to a different approval path.,P4,resolved,2026-02-13T06:10:00
TKT-0308,ACC-012,Horizon Pharma,Canvas,Feature idea: dark mode for Canvas would be amazing. Our designers work late hours and the bright interface causes eye strain.,P4,resolved,2026-01-25T11:48:00
TKT-0309,ACC-012,Horizon Pharma,Canvas,We accidentally deleted a shared template folder. Is there an undo or recycle bin feature? We need to recover about 15 templates.,P3,resolved,2026-01-08T10:40:00
TKT-0310,ACC-012,Horizon Pharma,Canvas,Dashboard loading times have gotten slower over the past month. Not critical but noticeable. We have about 18 months of historical data loaded.,P3,escalated,2026-03-07T11:29:00
TKT-0311,ACC-012,Horizon Pharma,Canvas,A Flow automation that was working fine for months suddenly started sending duplicate notifications. Nothing changed on our end. Can you check the trigger logic?,P2,resolved,2026-02-10T20:16:00
TKT-0312,ACC-012,Horizon Pharma,Canvas,The Insight export to Excel is truncating column headers longer than 30 characters. Our report names are descriptive and this is causing confusion downstream.,P3,resolved,2026-03-04T19:27:00
TKT-0313,ACC-012,Horizon Pharma,Canvas,The Insight export to Excel is truncating column headers longer than 30 characters. Our report names are descriptive and this is causing confusion downstream.,P3,resolved,2026-03-14T07:40:00
TKT-0314,ACC-012,Horizon Pharma,Canvas,We'd like to embed an Insight dashboard in our internal wiki (Confluence). Is there an iframe embed option or public link feature?,P3,escalated,2026-02-18T18:53:00
TKT-0315,ACC-012,Horizon Pharma,Canvas,Minor: The Insight PDF export puts the footer text on top of the chart legend on page 3. Probably a layout calculation bug.,P4,resolved,2026-01-24T16:28:00
TKT-0316,ACC-012,Horizon Pharma,Canvas,Flow webhook deliveries to our Slack channel stopped working yesterday. The webhook URL hasn't changed. Can you check if there's an outage on your webhook service?,P2,resolved,2026-02-27T16:48:00
TKT-0317,ACC-012,Horizon Pharma,Canvas,The date range picker in Insight defaults to the current month. Can it remember the last-used date range? We almost always look at trailing 90 days.,P3,resolved,2026-02-15T12:55:00
TKT-0318,ACC-013,Sterling Partners,Canvas,Our SSO integration broke after an IdP certificate rotation on our side. Can you provide the steps to update the SAML certificate in Canvas? The docs are out of date.,P2,resolved,2026-02-13T19:44:00
TKT-0319,ACC-013,Sterling Partners,Insight,Flow webhook deliveries to our Slack channel stopped working yesterday. The webhook URL hasn't changed. Can you check if there's an outage on your webhook service?,P2,escalated,2026-01-09T11:48:00
TKT-0320,ACC-013,Sterling Partners,Canvas,How do we configure Canvas to use our company fonts? We uploaded them to the asset library but they only show up for the admin account.,P3,resolved,2025-12-29T08:06:00
TKT-0321,ACC-013,Sterling Partners,Canvas,Our SSO integration broke after an IdP certificate rotation on our side. Can you provide the steps to update the SAML certificate in Canvas? The docs are out of date.,P2,resolved,2025-12-21T13:03:00
TKT-0322,ACC-013,Sterling Partners,Insight,One of our Flow automations stopped triggering after we changed our email domain. Looks like the email validation is too strict. Can you whitelist our new domain?,P3,open,2026-02-20T09:51:00
TKT-0323,ACC-013,Sterling Partners,Canvas,Can we increase our storage quota? We're at 89% capacity and have a big campaign launching next month. We don't want to archive anything right now.,P3,resolved,2026-02-22T20:56:00
TKT-0324,ACC-013,Sterling Partners,Insight,The Insight export to Excel is truncating column headers longer than 30 characters. Our report names are descriptive and this is causing confusion downstream.,P3,resolved,2026-01-14T07:03:00
TKT-0325,ACC-013,Sterling Partners,Insight,The date range picker in Insight defaults to the current month. Can it remember the last-used date range? We almost always look at trailing 90 days.,P3,resolved,2026-03-13T11:31:00
TKT-0326,ACC-013,Sterling Partners,Insight,Dashboard loading times have gotten slower over the past month. Not critical but noticeable. We have about 18 months of historical data loaded.,P3,resolved,2026-03-12T10:38:00
TKT-0327,ACC-013,Sterling Partners,Canvas,We accidentally deleted a shared template folder. Is there an undo or recycle bin feature? We need to recover about 15 templates.,P3,escalated,2026-02-15T09:20:00
TKT-0328,ACC-013,Sterling Partners,Insight,A Flow automation that was working fine for months suddenly started sending duplicate notifications. Nothing changed on our end. Can you check the trigger logic?,P2,resolved,2025-12-17T14:15:00
TKT-0329,ACC-013,Sterling Partners,Canvas,Can we increase our storage quota? We're at 89% capacity and have a big campaign launching next month. We don't want to archive anything right now.,P3,resolved,2026-02-17T15:29:00
TKT-0330,ACC-013,Sterling Partners,Canvas,Minor rendering glitch on the Canvas dashboard when using Firefox. Text overlaps the sidebar on the project list page. Chrome works fine.,P3,resolved,2026-03-04T09:48:00
TKT-0331,ACC-013,Sterling Partners,Insight,We'd like to embed an Insight dashboard in our internal wiki (Confluence). Is there an iframe embed option or public link feature?,P3,escalated,2026-01-10T10:58:00
TKT-0332,ACC-014,Apex Marketing,Canvas,We accidentally deleted a shared template folder. Is there an undo or recycle bin feature? We need to recover about 15 templates.,P3,resolved,2026-01-19T13:51:00
TKT-0333,ACC-014,Apex Marketing,Flow,Quick question — is there a way to add conditional branching in Flow based on file size? We want large assets to route to a different approval path.,P4,resolved,2026-01-30T09:39:00
TKT-0334,ACC-014,Apex Marketing,Canvas,Feature idea: dark mode for Canvas would be amazing. Our designers work late hours and the bright interface causes eye strain.,P4,open,2026-02-02T08:51:00
TKT-0335,ACC-014,Apex Marketing,Canvas,Feature idea: dark mode for Canvas would be amazing. Our designers work late hours and the bright interface causes eye strain.,P4,resolved,2026-01-21T08:45:00
TKT-0336,ACC-014,Apex Marketing,Flow,The Insight export to Excel is truncating column headers longer than 30 characters. Our report names are descriptive and this is causing confusion downstream.,P3,escalated,2026-02-11T19:05:00
TKT-0337,ACC-014,Apex Marketing,Canvas,The image compression on Canvas export is a bit aggressive. Can we get a quality slider or a lossless export option for PNG?,P4,resolved,2026-03-02T19:41:00
TKT-0338,ACC-014,Apex Marketing,Flow,Flow webhook deliveries to our Slack channel stopped working yesterday. The webhook URL hasn't changed. Can you check if there's an outage on your webhook service?,P2,resolved,2026-02-14T06:05:00
TKT-0339,ACC-014,Apex Marketing,Canvas,Suggestion: Would be nice if Canvas remembered my last-used workspace when I log in instead of defaulting to the home screen every time.,P4,resolved,2026-02-27T07:26:00
TKT-0340,ACC-014,Apex Marketing,Canvas,Our SSO integration broke after an IdP certificate rotation on our side. Can you provide the steps to update the SAML certificate in Canvas? The docs are out of date.,P2,open,2026-01-07T18:09:00
TKT-0341,ACC-014,Apex Marketing,Flow,Minor: The Insight PDF export puts the footer text on top of the chart legend on page 3. Probably a layout calculation bug.,P4,resolved,2026-01-28T15:17:00
TKT-0342,ACC-014,Apex Marketing,Flow,Is there a way to set up recurring scheduled exports in Flow? We manually trigger a weekly report export and would like to automate it.,P3,resolved,2026-01-17T13:30:00
TKT-0343,ACC-014,Apex Marketing,Canvas,Minor rendering glitch on the Canvas dashboard when using Firefox. Text overlaps the sidebar on the project list page. Chrome works fine.,P3,resolved,2026-01-19T11:14:00
TKT-0344,ACC-014,Apex Marketing,Flow,Minor: The Insight PDF export puts the footer text on top of the chart legend on page 3. Probably a layout calculation bug.,P4,resolved,2026-02-28T18:29:00
TKT-0345,ACC-014,Apex Marketing,Flow,Flow webhook deliveries to our Slack channel stopped working yesterday. The webhook URL hasn't changed. Can you check if there's an outage on your webhook service?,P2,resolved,2026-01-01T13:25:00
TKT-0346,ACC-014,Apex Marketing,Canvas,Dashboard loading times have gotten slower over the past month. Not critical but noticeable. We have about 18 months of historical data loaded.,P3,escalated,2026-02-26T12:42:00
TKT-0347,ACC-014,Apex Marketing,Canvas,We accidentally deleted a shared template folder. Is there an undo or recycle bin feature? We need to recover about 15 templates.,P3,escalated,2026-01-12T06:02:00
TKT-0348,ACC-014,Apex Marketing,Canvas,We'd like to embed an Insight dashboard in our internal wiki (Confluence). Is there an iframe embed option or public link feature?,P3,resolved,2026-01-10T17:13:00
TKT-0349,ACC-014,Apex Marketing,Canvas,The image compression on Canvas export is a bit aggressive. Can we get a quality slider or a lossless export option for PNG?,P4,resolved,2026-02-27T20:04:00
TKT-0350,ACC-015,Cobalt Aerospace,Canvas,We're four weeks into onboarding and our team still can't figure out the workspace structure. The hierarchy of Organizations > Teams > Projects > Files is confusing. Can we get a walkthrough?,P2,resolved,2026-02-15T18:13:00
TKT-0351,ACC-015,Cobalt Aerospace,Flow,Our team tried to set up their first Flow automation and got lost immediately. The UI doesn't make it clear where to start. Three people gave up and went back to email approvals.,P2,open,2026-01-30T19:26:00
TKT-0352,ACC-015,Cobalt Aerospace,Insight,"We connected Insight to our data source but the dashboard is empty. No errors, just blank charts. We followed the setup guide step by step. What are we missing?",P3,resolved,2026-01-07T07:06:00
TKT-0353,ACC-015,Cobalt Aerospace,Canvas,The permissions model is very confusing. We have 55 licensed seats but only 8 people can access the shared workspace. The rest see 'You don't have access.' We've spent two hours on this.,P2,resolved,2026-02-11T14:57:00
TKT-0354,ACC-015,Cobalt Aerospace,Canvas,"Is there a getting-started video series? The documentation is very text-heavy and our team prefers visual learning. We're an aerospace engineering company, not a design agency — we need simpler onboarding.",P3,resolved,2026-02-02T08:24:00
TKT-0355,ACC-015,Cobalt Aerospace,Flow,We can't figure out how to connect Flow to Canvas. The integration page lists dozens of connectors but the Canvas one says 'Coming soon.' Wasn't this supposed to be included?,P3,open,2026-02-26T14:30:00
TKT-0356,ACC-015,Cobalt Aerospace,Insight,Our Insight dashboards show data from a test environment we used during setup. How do we switch to production data? We can't find the data source settings anywhere.,P2,open,2026-01-26T17:43:00
TKT-0357,ACC-015,Cobalt Aerospace,Canvas,Honest feedback: we bought three products and the onboarding experience has been rough. Each product has a different UI pattern and login flow. It doesn't feel like an integrated suite.,P3,resolved,2025-12-21T11:54:00
TKT-0358,ACC-015,Cobalt Aerospace,Canvas,We're four weeks into onboarding and our team still can't figure out the workspace structure. The hierarchy of Organizations > Teams > Projects > Files is confusing. Can we get a walkthrough?,P2,open,2026-03-06T15:29:00
TKT-0359,ACC-015,Cobalt Aerospace,Flow,Our team tried to set up their first Flow automation and got lost immediately. The UI doesn't make it clear where to start. Three people gave up and went back to email approvals.,P2,open,2026-01-22T18:57:00
TKT-0360,ACC-015,Cobalt Aerospace,Insight,"We connected Insight to our data source but the dashboard is empty. No errors, just blank charts. We followed the setup guide step by step. What are we missing?",P3,open,2026-01-27T18:00:00
TKT-0361,ACC-015,Cobalt Aerospace,Canvas,The permissions model is very confusing. We have 55 licensed seats but only 8 people can access the shared workspace. The rest see 'You don't have access.' We've spent two hours on this.,P2,resolved,2026-01-21T13:39:00
TKT-0362,ACC-015,Cobalt Aerospace,Canvas,"Is there a getting-started video series? The documentation is very text-heavy and our team prefers visual learning. We're an aerospace engineering company, not a design agency — we need simpler onboarding.",P3,resolved,2026-02-11T18:42:00
TKT-0363,ACC-015,Cobalt Aerospace,Flow,We can't figure out how to connect Flow to Canvas. The integration page lists dozens of connectors but the Canvas one says 'Coming soon.' Wasn't this supposed to be included?,P3,open,2026-02-28T08:37:00
TKT-0364,ACC-015,Cobalt Aerospace,Insight,Our Insight dashboards show data from a test environment we used during setup. How do we switch to production data? We can't find the data source settings anywhere.,P2,escalated,2026-03-07T12:49:00
TKT-0365,ACC-015,Cobalt Aerospace,Canvas,Honest feedback: we bought three products and the onboarding experience has been rough. Each product has a different UI pattern and login flow. It doesn't feel like an integrated suite.,P3,escalated,2026-03-08T07:24:00
TKT-0366,ACC-015,Cobalt Aerospace,Canvas,We're four weeks into onboarding and our team still can't figure out the workspace structure. The hierarchy of Organizations > Teams > Projects > Files is confusing. Can we get a walkthrough?,P2,resolved,2026-01-03T20:46:00
TKT-0367,ACC-015,Cobalt Aerospace,Flow,Our team tried to set up their first Flow automation and got lost immediately. The UI doesn't make it clear where to start. Three people gave up and went back to email approvals.,P2,open,2026-03-03T06:34:00
TKT-0368,ACC-015,Cobalt Aerospace,Insight,"We connected Insight to our data source but the dashboard is empty. No errors, just blank charts. We followed the setup guide step by step. What are we missing?",P3,resolved,2025-12-31T15:25:00
TKT-0369,ACC-015,Cobalt Aerospace,Canvas,The permissions model is very confusing. We have 55 licensed seats but only 8 people can access the shared workspace. The rest see 'You don't have access.' We've spent two hours on this.,P2,escalated,2026-02-02T09:41:00
TKT-0370,ACC-015,Cobalt Aerospace,Canvas,"Is there a getting-started video series? The documentation is very text-heavy and our team prefers visual learning. We're an aerospace engineering company, not a design agency — we need simpler onboarding.",P3,resolved,2026-02-07T17:47:00
TKT-0371,ACC-015,Cobalt Aerospace,Flow,We can't figure out how to connect Flow to Canvas. The integration page lists dozens of connectors but the Canvas one says 'Coming soon.' Wasn't this supposed to be included?,P3,open,2026-02-07T09:39:00
TKT-0372,ACC-015,Cobalt Aerospace,Insight,Our Insight dashboards show data from a test environment we used during setup. How do we switch to production data? We can't find the data source settings anywhere.,P2,open,2026-01-13T19:23:00
TKT-0373,ACC-015,Cobalt Aerospace,Canvas,Honest feedback: we bought three products and the onboarding experience has been rough. Each product has a different UI pattern and login flow. It doesn't feel like an integrated suite.,P3,open,2026-01-14T12:00:00
TKT-0374,ACC-015,Cobalt Aerospace,Canvas,We're four weeks into onboarding and our team still can't figure out the workspace structure. The hierarchy of Organizations > Teams > Projects > Files is confusing. Can we get a walkthrough?,P2,open,2026-02-10T11:23:00
TKT-0375,ACC-015,Cobalt Aerospace,Flow,Our team tried to set up their first Flow automation and got lost immediately. The UI doesn't make it clear where to start. Three people gave up and went back to email approvals.,P2,open,2025-12-16T16:35:00
TKT-0376,ACC-015,Cobalt Aerospace,Insight,"We connected Insight to our data source but the dashboard is empty. No errors, just blank charts. We followed the setup guide step by step. What are we missing?",P3,resolved,2026-01-09T14:14:00
TKT-0377,ACC-015,Cobalt Aerospace,Canvas,The permissions model is very confusing. We have 55 licensed seats but only 8 people can access the shared workspace. The rest see 'You don't have access.' We've spent two hours on this.,P2,open,2026-02-26T06:06:00
TKT-0378,ACC-015,Cobalt Aerospace,Canvas,"Is there a getting-started video series? The documentation is very text-heavy and our team prefers visual learning. We're an aerospace engineering company, not a design agency — we need simpler onboarding.",P3,resolved,2026-01-24T20:09:00
TKT-0379,ACC-015,Cobalt Aerospace,Flow,We can't figure out how to connect Flow to Canvas. The integration page lists dozens of connectors but the Canvas one says 'Coming soon.' Wasn't this supposed to be included?,P3,escalated,2026-03-07T08:00:00
TKT-0380,ACC-015,Cobalt Aerospace,Insight,Our Insight dashboards show data from a test environment we used during setup. How do we switch to production data? We can't find the data source settings anywhere.,P2,open,2026-03-07T13:38:00
TKT-0381,ACC-015,Cobalt Aerospace,Canvas,Honest feedback: we bought three products and the onboarding experience has been rough. Each product has a different UI pattern and login flow. It doesn't feel like an integrated suite.,P3,resolved,2026-02-16T13:54:00
TKT-0382,ACC-015,Cobalt Aerospace,Canvas,We're four weeks into onboarding and our team still can't figure out the workspace structure. The hierarchy of Organizations > Teams > Projects > Files is confusing. Can we get a walkthrough?,P2,resolved,2026-02-27T16:32:00
TKT-0383,ACC-015,Cobalt Aerospace,Flow,Our team tried to set up their first Flow automation and got lost immediately. The UI doesn't make it clear where to start. Three people gave up and went back to email approvals.,P2,open,2026-02-21T16:25:00
TKT-0384,ACC-015,Cobalt Aerospace,Insight,"We connected Insight to our data source but the dashboard is empty. No errors, just blank charts. We followed the setup guide step by step. What are we missing?",P3,open,2026-02-19T08:23:00
TKT-0385,ACC-016,Driftwood Media,Canvas,"Hi, I'm the new admin for our Canvas account. The previous admin (Mark Torres) left the company. How do I transfer ownership? I can't access the admin console.",P3,open,2025-12-23T12:27:00
TKT-0386,ACC-016,Driftwood Media,Canvas,Following up — I still can't access admin settings. Our team needs me to add 3 new users but I'm locked out of user management. This is blocking our project.,P2,open,2026-01-05T14:41:00
TKT-0387,ACC-016,Driftwood Media,Flow,Where do I find the API keys for our Flow integrations? Mark set these up and I don't know where they're stored. Our automated workflows are running but I can't modify them.,P3,open,2026-02-24T06:09:00
TKT-0388,ACC-016,Driftwood Media,Canvas,Basic question — how do we reset the SSO configuration? Mark set up SSO with our old identity provider and we've since switched to Okta.,P3,open,2026-01-06T16:19:00
TKT-0389,ACC-016,Driftwood Media,Flow,Is there a way to audit what automations are active on our account? I inherited this and have no idea what's running. I found one that sends emails to Mark's personal address.,P3,escalated,2026-02-02T12:05:00
TKT-0390,ACC-016,Driftwood Media,Canvas,Can you send me the onboarding documentation? I need to get up to speed on admin features. I'm essentially starting from scratch.,P4,resolved,2026-02-05T11:05:00
TKT-0391,ACC-016,Driftwood Media,Canvas,Also — I was told our account executive Diana is on leave and someone named Tom Westfield is covering. I've emailed Tom twice and haven't heard back. We need help with our SSO migration and there's no one to talk to. Feeling a bit abandoned here.,P3,open,2026-01-30T14:27:00
TKT-0392,ACC-016,Driftwood Media,Canvas,"Hi, I'm the new admin for our Canvas account. The previous admin (Mark Torres) left the company. How do I transfer ownership? I can't access the admin console.",P3,open,2026-01-07T19:25:00
TKT-0393,ACC-016,Driftwood Media,Canvas,Following up — I still can't access admin settings. Our team needs me to add 3 new users but I'm locked out of user management. This is blocking our project.,P2,open,2026-02-16T19:03:00
TKT-0394,ACC-016,Driftwood Media,Flow,Where do I find the API keys for our Flow integrations? Mark set these up and I don't know where they're stored. Our automated workflows are running but I can't modify them.,P3,resolved,2026-01-11T14:51:00
TKT-0395,ACC-016,Driftwood Media,Canvas,Basic question — how do we reset the SSO configuration? Mark set up SSO with our old identity provider and we've since switched to Okta.,P3,open,2026-01-09T18:36:00
TKT-0396,ACC-016,Driftwood Media,Flow,Is there a way to audit what automations are active on our account? I inherited this and have no idea what's running. I found one that sends emails to Mark's personal address.,P3,open,2026-03-11T17:33:00
TKT-0397,ACC-016,Driftwood Media,Canvas,Can you send me the onboarding documentation? I need to get up to speed on admin features. I'm essentially starting from scratch.,P4,open,2026-03-04T15:45:00
TKT-0398,ACC-016,Driftwood Media,Canvas,Also — I was told our account executive Diana is on leave and someone named Tom Westfield is covering. I've emailed Tom twice and haven't heard back. We need help with our SSO migration and there's no one to talk to. Feeling a bit abandoned here.,P3,open,2026-02-03T20:38:00
TKT-0399,ACC-016,Driftwood Media,Canvas,"Hi, I'm the new admin for our Canvas account. The previous admin (Mark Torres) left the company. How do I transfer ownership? I can't access the admin console.",P3,resolved,2026-02-04T18:16:00
TKT-0400,ACC-016,Driftwood Media,Canvas,Following up — I still can't access admin settings. Our team needs me to add 3 new users but I'm locked out of user management. This is blocking our project.,P2,escalated,2026-01-30T13:28:00
TKT-0401,ACC-016,Driftwood Media,Flow,Where do I find the API keys for our Flow integrations? Mark set these up and I don't know where they're stored. Our automated workflows are running but I can't modify them.,P3,open,2026-01-21T08:28:00
TKT-0402,ACC-016,Driftwood Media,Canvas,Basic question — how do we reset the SSO configuration? Mark set up SSO with our old identity provider and we've since switched to Okta.,P3,escalated,2026-01-24T15:35:00
TKT-0403,ACC-016,Driftwood Media,Flow,Is there a way to audit what automations are active on our account? I inherited this and have no idea what's running. I found one that sends emails to Mark's personal address.,P3,resolved,2025-12-22T16:43:00
TKT-0404,ACC-016,Driftwood Media,Canvas,Can you send me the onboarding documentation? I need to get up to speed on admin features. I'm essentially starting from scratch.,P4,escalated,2026-02-11T06:46:00
TKT-0405,ACC-016,Driftwood Media,Canvas,Also — I was told our account executive Diana is on leave and someone named Tom Westfield is covering. I've emailed Tom twice and haven't heard back. We need help with our SSO migration and there's no one to talk to. Feeling a bit abandoned here.,P3,open,2026-01-25T10:29:00
TKT-0406,ACC-016,Driftwood Media,Canvas,"Hi, I'm the new admin for our Canvas account. The previous admin (Mark Torres) left the company. How do I transfer ownership? I can't access the admin console.",P3,open,2026-03-04T08:27:00
TKT-0407,ACC-016,Driftwood Media,Canvas,Following up — I still can't access admin settings. Our team needs me to add 3 new users but I'm locked out of user management. This is blocking our project.,P2,escalated,2026-02-02T17:20:00
TKT-0408,ACC-016,Driftwood Media,Flow,Where do I find the API keys for our Flow integrations? Mark set these up and I don't know where they're stored. Our automated workflows are running but I can't modify them.,P3,resolved,2026-02-28T12:29:00
TKT-0409,ACC-016,Driftwood Media,Canvas,Basic question — how do we reset the SSO configuration? Mark set up SSO with our old identity provider and we've since switched to Okta.,P3,open,2026-01-16T20:30:00
TKT-0410,ACC-016,Driftwood Media,Flow,Is there a way to audit what automations are active on our account? I inherited this and have no idea what's running. I found one that sends emails to Mark's personal address.,P3,open,2026-03-02T19:59:00
TKT-0411,ACC-016,Driftwood Media,Canvas,Can you send me the onboarding documentation? I need to get up to speed on admin features. I'm essentially starting from scratch.,P4,open,2026-02-07T12:34:00
TKT-0412,ACC-016,Driftwood Media,Canvas,Also — I was told our account executive Diana is on leave and someone named Tom Westfield is covering. I've emailed Tom twice and haven't heard back. We need help with our SSO migration and there's no one to talk to. Feeling a bit abandoned here.,P3,open,2026-01-13T20:45:00
TKT-0413,ACC-016,Driftwood Media,Canvas,"Hi, I'm the new admin for our Canvas account. The previous admin (Mark Torres) left the company. How do I transfer ownership? I can't access the admin console.",P3,open,2025-12-20T06:59:00
TKT-0414,ACC-016,Driftwood Media,Canvas,Following up — I still can't access admin settings. Our team needs me to add 3 new users but I'm locked out of user management. This is blocking our project.,P2,resolved,2026-02-10T15:30:00
TKT-0415,ACC-016,Driftwood Media,Flow,Where do I find the API keys for our Flow integrations? Mark set these up and I don't know where they're stored. Our automated workflows are running but I can't modify them.,P3,open,2026-02-02T16:02:00
TKT-0416,ACC-016,Driftwood Media,Canvas,Basic question — how do we reset the SSO configuration? Mark set up SSO with our old identity provider and we've since switched to Okta.,P3,resolved,2026-01-04T06:01:00
TKT-0417,ACC-017,Evergreen Education,Canvas,"We love Canvas and our teachers use it daily. However, we're a public school district and our budget is being cut by 15% next year. We need to understand our renewal pricing options.",P3,open,2026-01-15T17:44:00
TKT-0418,ACC-017,Evergreen Education,Insight,Is there an education discount or nonprofit pricing tier? We're evaluating whether we can keep Insight in our budget. The product is great but we have to make tough choices.,P3,open,2025-12-31T09:32:00
TKT-0419,ACC-017,Evergreen Education,Canvas,Can we reduce our seat count from 22 to 12 at renewal? Some departments are being consolidated and we won't need as many licenses. We want to keep using the product.,P3,open,2026-01-15T11:20:00
TKT-0420,ACC-017,Evergreen Education,Canvas,The new quiz template in Canvas is fantastic for our curriculum designers. Any chance you could add more education-specific templates? Would really help justify the cost internally.,P4,open,2025-12-18T15:19:00
TKT-0421,ACC-017,Evergreen Education,Insight,Our superintendent asked for a report on how much we actually use Insight. Can you pull our usage metrics for the past 6 months? We need ammunition to keep it in the budget.,P3,resolved,2026-01-17T11:41:00
TKT-0422,ACC-017,Evergreen Education,Canvas,"Our AE Diana Osei was fantastic — she understood education pricing and always fought for us on renewals. We heard she's on leave and Tom Westfield is covering. No disrespect to Tom but he doesn't know our account. Our renewal is in May and nobody has started the conversation. We're a $73K account with budget pressure — we need proactive help, not radio silence.",P3,open,2026-01-07T16:40:00
TKT-0423,ACC-017,Evergreen Education,Canvas,"We love Canvas and our teachers use it daily. However, we're a public school district and our budget is being cut by 15% next year. We need to understand our renewal pricing options.",P3,open,2025-12-17T08:23:00
TKT-0424,ACC-017,Evergreen Education,Insight,Is there an education discount or nonprofit pricing tier? We're evaluating whether we can keep Insight in our budget. The product is great but we have to make tough choices.,P3,resolved,2026-03-07T19:01:00
TKT-0425,ACC-017,Evergreen Education,Canvas,Can we reduce our seat count from 22 to 12 at renewal? Some departments are being consolidated and we won't need as many licenses. We want to keep using the product.,P3,open,2025-12-28T07:56:00
TKT-0426,ACC-017,Evergreen Education,Canvas,The new quiz template in Canvas is fantastic for our curriculum designers. Any chance you could add more education-specific templates? Would really help justify the cost internally.,P4,open,2026-02-04T11:16:00
TKT-0427,ACC-017,Evergreen Education,Insight,Our superintendent asked for a report on how much we actually use Insight. Can you pull our usage metrics for the past 6 months? We need ammunition to keep it in the budget.,P3,open,2026-01-26T17:20:00
TKT-0428,ACC-017,Evergreen Education,Canvas,"Our AE Diana Osei was fantastic — she understood education pricing and always fought for us on renewals. We heard she's on leave and Tom Westfield is covering. No disrespect to Tom but he doesn't know our account. Our renewal is in May and nobody has started the conversation. We're a $73K account with budget pressure — we need proactive help, not radio silence.",P3,resolved,2026-02-02T11:26:00
TKT-0429,ACC-017,Evergreen Education,Canvas,"We love Canvas and our teachers use it daily. However, we're a public school district and our budget is being cut by 15% next year. We need to understand our renewal pricing options.",P3,open,2026-02-24T09:26:00
TKT-0430,ACC-017,Evergreen Education,Insight,Is there an education discount or nonprofit pricing tier? We're evaluating whether we can keep Insight in our budget. The product is great but we have to make tough choices.,P3,escalated,2026-03-02T11:01:00
TKT-0431,ACC-017,Evergreen Education,Canvas,Can we reduce our seat count from 22 to 12 at renewal? Some departments are being consolidated and we won't need as many licenses. We want to keep using the product.,P3,open,2026-03-08T20:11:00
TKT-0432,ACC-017,Evergreen Education,Canvas,The new quiz template in Canvas is fantastic for our curriculum designers. Any chance you could add more education-specific templates? Would really help justify the cost internally.,P4,escalated,2026-02-18T20:39:00
TKT-0433,ACC-017,Evergreen Education,Insight,Our superintendent asked for a report on how much we actually use Insight. Can you pull our usage metrics for the past 6 months? We need ammunition to keep it in the budget.,P3,open,2026-01-31T16:31:00
TKT-0434,ACC-017,Evergreen Education,Canvas,"Our AE Diana Osei was fantastic — she understood education pricing and always fought for us on renewals. We heard she's on leave and Tom Westfield is covering. No disrespect to Tom but he doesn't know our account. Our renewal is in May and nobody has started the conversation. We're a $73K account with budget pressure — we need proactive help, not radio silence.",P3,resolved,2026-03-09T17:12:00
TKT-0435,ACC-017,Evergreen Education,Canvas,"We love Canvas and our teachers use it daily. However, we're a public school district and our budget is being cut by 15% next year. We need to understand our renewal pricing options.",P3,open,2025-12-27T10:44:00
TKT-0436,ACC-017,Evergreen Education,Insight,Is there an education discount or nonprofit pricing tier? We're evaluating whether we can keep Insight in our budget. The product is great but we have to make tough choices.,P3,open,2025-12-16T12:06:00
TKT-0437,ACC-017,Evergreen Education,Canvas,Can we reduce our seat count from 22 to 12 at renewal? Some departments are being consolidated and we won't need as many licenses. We want to keep using the product.,P3,escalated,2026-01-06T14:32:00
TKT-0438,ACC-017,Evergreen Education,Canvas,The new quiz template in Canvas is fantastic for our curriculum designers. Any chance you could add more education-specific templates? Would really help justify the cost internally.,P4,open,2026-02-20T15:39:00
TKT-0439,ACC-017,Evergreen Education,Insight,Our superintendent asked for a report on how much we actually use Insight. Can you pull our usage metrics for the past 6 months? We need ammunition to keep it in the budget.,P3,resolved,2025-12-20T15:42:00
TKT-0440,ACC-017,Evergreen Education,Canvas,"Our AE Diana Osei was fantastic — she understood education pricing and always fought for us on renewals. We heard she's on leave and Tom Westfield is covering. No disrespect to Tom but he doesn't know our account. Our renewal is in May and nobody has started the conversation. We're a $73K account with budget pressure — we need proactive help, not radio silence.",P3,resolved,2025-12-17T12:38:00
TKT-0441,ACC-017,Evergreen Education,Canvas,"We love Canvas and our teachers use it daily. However, we're a public school district and our budget is being cut by 15% next year. We need to understand our renewal pricing options.",P3,resolved,2026-02-23T07:35:00
TKT-0442,ACC-017,Evergreen Education,Insight,Is there an education discount or nonprofit pricing tier? We're evaluating whether we can keep Insight in our budget. The product is great but we have to make tough choices.,P3,resolved,2026-01-12T18:53:00
TKT-0443,ACC-017,Evergreen Education,Canvas,Can we reduce our seat count from 22 to 12 at renewal? Some departments are being consolidated and we won't need as many licenses. We want to keep using the product.,P3,resolved,2025-12-22T10:19:00
TKT-0444,ACC-017,Evergreen Education,Canvas,The new quiz template in Canvas is fantastic for our curriculum designers. Any chance you could add more education-specific templates? Would really help justify the cost internally.,P4,open,2026-02-16T07:42:00
TKT-0445,ACC-018,Flux Dynamics,Flow,We're hitting API rate limits every day between 2-4 PM when our automated pipelines run. We're getting HTTP 429 errors and jobs are failing. We need the rate limit increased urgently.,P1,open,2026-03-09T12:16:00
TKT-0446,ACC-018,Flux Dynamics,Flow,The 1000 requests/minute rate limit is far too low for our use case. We process engineering simulation data in batches and need at least 5000 req/min. What are our options?,P2,escalated,2026-03-03T06:56:00
TKT-0447,ACC-018,Flux Dynamics,Insight,The Insight API returned corrupted JSON payloads three times this week. Our data pipeline crashed each time. We need reliable API responses — this is feeding production systems.,P2,resolved,2026-02-21T20:33:00
TKT-0448,ACC-018,Flux Dynamics,Flow,CRITICAL: Our nightly ETL job failed because the Flow API started rejecting requests with a new 'request body too large' error. Nothing changed on our end. Max payload size went from 10MB to 5MB?,P1,open,2026-01-24T14:59:00
TKT-0449,ACC-018,Flux Dynamics,Canvas,Is there a bulk operations API for Canvas? We're making thousands of individual API calls to update templates and it's extremely slow. A batch endpoint would solve our rate limit issues.,P3,resolved,2026-03-01T07:09:00
TKT-0450,ACC-018,Flux Dynamics,Flow,"We need webhook delivery guarantees. We've noticed Flow drops webhooks when our endpoint is temporarily unavailable. There's no retry queue and we lose data. For an enterprise product, this is unacceptable.",P2,resolved,2026-02-11T18:54:00
TKT-0451,ACC-018,Flux Dynamics,Insight,The API documentation is incomplete — several endpoints return fields that aren't documented. We're building integrations and keep discovering undocumented breaking changes.,P2,escalated,2025-12-19T11:12:00
TKT-0452,ACC-018,Flux Dynamics,Flow,Feature request: can we get API usage analytics? We want to see our own rate limit consumption over time so we can optimize our batch scheduling.,P3,open,2026-02-22T17:31:00
TKT-0453,ACC-018,Flux Dynamics,Flow,We're hitting API rate limits every day between 2-4 PM when our automated pipelines run. We're getting HTTP 429 errors and jobs are failing. We need the rate limit increased urgently.,P1,escalated,2026-03-13T14:44:00
TKT-0454,ACC-018,Flux Dynamics,Flow,The 1000 requests/minute rate limit is far too low for our use case. We process engineering simulation data in batches and need at least 5000 req/min. What are our options?,P2,resolved,2026-01-27T09:46:00
TKT-0455,ACC-018,Flux Dynamics,Insight,The Insight API returned corrupted JSON payloads three times this week. Our data pipeline crashed each time. We need reliable API responses — this is feeding production systems.,P2,resolved,2026-01-07T19:36:00
TKT-0456,ACC-018,Flux Dynamics,Flow,CRITICAL: Our nightly ETL job failed because the Flow API started rejecting requests with a new 'request body too large' error. Nothing changed on our end. Max payload size went from 10MB to 5MB?,P1,resolved,2025-12-21T09:36:00
TKT-0457,ACC-018,Flux Dynamics,Canvas,Is there a bulk operations API for Canvas? We're making thousands of individual API calls to update templates and it's extremely slow. A batch endpoint would solve our rate limit issues.,P3,resolved,2026-02-12T17:48:00
TKT-0458,ACC-018,Flux Dynamics,Flow,"We need webhook delivery guarantees. We've noticed Flow drops webhooks when our endpoint is temporarily unavailable. There's no retry queue and we lose data. For an enterprise product, this is unacceptable.",P2,open,2026-01-09T09:32:00
TKT-0459,ACC-018,Flux Dynamics,Insight,The API documentation is incomplete — several endpoints return fields that aren't documented. We're building integrations and keep discovering undocumented breaking changes.,P2,open,2025-12-18T10:57:00
TKT-0460,ACC-018,Flux Dynamics,Flow,Feature request: can we get API usage analytics? We want to see our own rate limit consumption over time so we can optimize our batch scheduling.,P3,open,2026-03-10T19:12:00
TKT-0461,ACC-018,Flux Dynamics,Flow,We're hitting API rate limits every day between 2-4 PM when our automated pipelines run. We're getting HTTP 429 errors and jobs are failing. We need the rate limit increased urgently.,P1,resolved,2026-03-13T12:46:00
TKT-0462,ACC-018,Flux Dynamics,Flow,The 1000 requests/minute rate limit is far too low for our use case. We process engineering simulation data in batches and need at least 5000 req/min. What are our options?,P2,resolved,2026-03-03T20:19:00
TKT-0463,ACC-018,Flux Dynamics,Insight,The Insight API returned corrupted JSON payloads three times this week. Our data pipeline crashed each time. We need reliable API responses — this is feeding production systems.,P2,escalated,2025-12-30T18:00:00
TKT-0464,ACC-018,Flux Dynamics,Flow,CRITICAL: Our nightly ETL job failed because the Flow API started rejecting requests with a new 'request body too large' error. Nothing changed on our end. Max payload size went from 10MB to 5MB?,P1,open,2026-01-01T09:52:00
TKT-0465,ACC-018,Flux Dynamics,Canvas,Is there a bulk operations API for Canvas? We're making thousands of individual API calls to update templates and it's extremely slow. A batch endpoint would solve our rate limit issues.,P3,escalated,2025-12-16T06:57:00
TKT-0466,ACC-018,Flux Dynamics,Flow,"We need webhook delivery guarantees. We've noticed Flow drops webhooks when our endpoint is temporarily unavailable. There's no retry queue and we lose data. For an enterprise product, this is unacceptable.",P2,open,2026-03-12T14:24:00
TKT-0467,ACC-018,Flux Dynamics,Insight,The API documentation is incomplete — several endpoints return fields that aren't documented. We're building integrations and keep discovering undocumented breaking changes.,P2,escalated,2026-02-01T08:44:00
TKT-0468,ACC-018,Flux Dynamics,Flow,Feature request: can we get API usage analytics? We want to see our own rate limit consumption over time so we can optimize our batch scheduling.,P3,resolved,2026-01-08T09:16:00
TKT-0469,ACC-018,Flux Dynamics,Flow,We're hitting API rate limits every day between 2-4 PM when our automated pipelines run. We're getting HTTP 429 errors and jobs are failing. We need the rate limit increased urgently.,P1,open,2026-02-20T07:39:00
TKT-0470,ACC-018,Flux Dynamics,Flow,The 1000 requests/minute rate limit is far too low for our use case. We process engineering simulation data in batches and need at least 5000 req/min. What are our options?,P2,open,2026-01-05T20:05:00
TKT-0471,ACC-018,Flux Dynamics,Insight,The Insight API returned corrupted JSON payloads three times this week. Our data pipeline crashed each time. We need reliable API responses — this is feeding production systems.,P2,open,2026-01-20T13:41:00
TKT-0472,ACC-018,Flux Dynamics,Flow,CRITICAL: Our nightly ETL job failed because the Flow API started rejecting requests with a new 'request body too large' error. Nothing changed on our end. Max payload size went from 10MB to 5MB?,P1,escalated,2026-02-12T11:54:00
TKT-0473,ACC-018,Flux Dynamics,Canvas,Is there a bulk operations API for Canvas? We're making thousands of individual API calls to update templates and it's extremely slow. A batch endpoint would solve our rate limit issues.,P3,open,2026-01-12T08:44:00
TKT-0474,ACC-018,Flux Dynamics,Flow,"We need webhook delivery guarantees. We've noticed Flow drops webhooks when our endpoint is temporarily unavailable. There's no retry queue and we lose data. For an enterprise product, this is unacceptable.",P2,open,2026-03-05T10:06:00
TKT-0475,ACC-018,Flux Dynamics,Insight,The API documentation is incomplete — several endpoints return fields that aren't documented. We're building integrations and keep discovering undocumented breaking changes.,P2,escalated,2026-02-06T07:29:00
TKT-0476,ACC-018,Flux Dynamics,Flow,Feature request: can we get API usage analytics? We want to see our own rate limit consumption over time so we can optimize our batch scheduling.,P3,open,2025-12-26T08:17:00
TKT-0477,ACC-018,Flux Dynamics,Flow,We're hitting API rate limits every day between 2-4 PM when our automated pipelines run. We're getting HTTP 429 errors and jobs are failing. We need the rate limit increased urgently.,P1,resolved,2025-12-29T17:37:00
TKT-0478,ACC-018,Flux Dynamics,Flow,The 1000 requests/minute rate limit is far too low for our use case. We process engineering simulation data in batches and need at least 5000 req/min. What are our options?,P2,escalated,2026-01-03T10:30:00
TKT-0479,ACC-018,Flux Dynamics,Insight,The Insight API returned corrupted JSON payloads three times this week. Our data pipeline crashed each time. We need reliable API responses — this is feeding production systems.,P2,resolved,2026-03-14T12:07:00
TKT-0480,ACC-019,Pinnacle Sports,Flow,One of our Flow automations stopped triggering after we changed our email domain. Looks like the email validation is too strict. Can you whitelist our new domain?,P3,resolved,2026-01-13T11:40:00
TKT-0481,ACC-019,Pinnacle Sports,Flow,One of our Flow automations stopped triggering after we changed our email domain. Looks like the email validation is too strict. Can you whitelist our new domain?,P3,escalated,2025-12-20T18:21:00
TKT-0482,ACC-019,Pinnacle Sports,Flow,Is it possible to trigger a Flow automation from an external webhook? We want Jira ticket creation to automatically spawn a Canvas project.,P3,resolved,2026-01-18T07:54:00
TKT-0483,ACC-019,Pinnacle Sports,Canvas,How do we configure Canvas to use our company fonts? We uploaded them to the asset library but they only show up for the admin account.,P3,resolved,2026-01-10T10:03:00
TKT-0484,ACC-019,Pinnacle Sports,Canvas,How do we configure Canvas to use our company fonts? We uploaded them to the asset library but they only show up for the admin account.,P3,resolved,2026-01-26T10:07:00
TKT-0485,ACC-019,Pinnacle Sports,Canvas,Can we increase our storage quota? We're at 89% capacity and have a big campaign launching next month. We don't want to archive anything right now.,P3,resolved,2026-02-02T09:45:00
TKT-0486,ACC-019,Pinnacle Sports,Flow,A Flow automation that was working fine for months suddenly started sending duplicate notifications. Nothing changed on our end. Can you check the trigger logic?,P2,escalated,2026-01-24T20:03:00
TKT-0487,ACC-019,Pinnacle Sports,Canvas,The image compression on Canvas export is a bit aggressive. Can we get a quality slider or a lossless export option for PNG?,P4,open,2026-03-07T18:37:00
TKT-0488,ACC-019,Pinnacle Sports,Flow,"Small bug: when a Flow step fails, the error message just says 'Step failed.' No details. Would be helpful to see the actual error for debugging.",P4,resolved,2026-02-17T09:02:00
TKT-0489,ACC-019,Pinnacle Sports,Canvas,The Insight export to Excel is truncating column headers longer than 30 characters. Our report names are descriptive and this is causing confusion downstream.,P3,resolved,2026-01-12T09:56:00
TKT-0490,ACC-019,Pinnacle Sports,Flow,Dashboard loading times have gotten slower over the past month. Not critical but noticeable. We have about 18 months of historical data loaded.,P3,resolved,2026-03-14T06:13:00
TKT-0491,ACC-019,Pinnacle Sports,Flow,Is it possible to trigger a Flow automation from an external webhook? We want Jira ticket creation to automatically spawn a Canvas project.,P3,resolved,2026-02-05T06:31:00
TKT-0492,ACC-019,Pinnacle Sports,Flow,Is there a way to set up recurring scheduled exports in Flow? We manually trigger a weekly report export and would like to automate it.,P3,open,2026-01-08T06:26:00
TKT-0493,ACC-019,Pinnacle Sports,Canvas,Minor: The Insight PDF export puts the footer text on top of the chart legend on page 3. Probably a layout calculation bug.,P4,open,2026-01-19T11:07:00
TKT-0494,ACC-019,Pinnacle Sports,Canvas,The date range picker in Insight defaults to the current month. Can it remember the last-used date range? We almost always look at trailing 90 days.,P3,resolved,2026-03-03T13:43:00
TKT-0495,ACC-019,Pinnacle Sports,Flow,The Insight export to Excel is truncating column headers longer than 30 characters. Our report names are descriptive and this is causing confusion downstream.,P3,resolved,2026-01-26T14:24:00
TKT-0496,ACC-020,Crestline Analytics,Flow,Our SSO integration broke after an IdP certificate rotation on our side. Can you provide the steps to update the SAML certificate in Canvas? The docs are out of date.,P2,open,2026-02-01T20:55:00
TKT-0497,ACC-020,Crestline Analytics,Insight,The Insight export to Excel is truncating column headers longer than 30 characters. Our report names are descriptive and this is causing confusion downstream.,P3,resolved,2026-02-13T14:27:00
TKT-0498,ACC-020,Crestline Analytics,Flow,Is there a way to set up recurring scheduled exports in Flow? We manually trigger a weekly report export and would like to automate it.,P3,resolved,2026-02-21T20:28:00
TKT-0499,ACC-020,Crestline Analytics,Insight,The date range picker in Insight defaults to the current month. Can it remember the last-used date range? We almost always look at trailing 90 days.,P3,open,2026-02-03T20:47:00
TKT-0500,ACC-020,Crestline Analytics,Flow,Is it possible to trigger a Flow automation from an external webhook? We want Jira ticket creation to automatically spawn a Canvas project.,P3,resolved,2025-12-22T20:26:00
TKT-0501,ACC-020,Crestline Analytics,Insight,The date range picker in Insight defaults to the current month. Can it remember the last-used date range? We almost always look at trailing 90 days.,P3,resolved,2026-01-24T18:49:00
TKT-0502,ACC-020,Crestline Analytics,Flow,A Flow automation that was working fine for months suddenly started sending duplicate notifications. Nothing changed on our end. Can you check the trigger logic?,P2,resolved,2025-12-28T06:44:00
TKT-0503,ACC-020,Crestline Analytics,Flow,Feature idea: dark mode for Canvas would be amazing. Our designers work late hours and the bright interface causes eye strain.,P4,open,2025-12-25T12:54:00
TKT-0504,ACC-020,Crestline Analytics,Insight,We accidentally deleted a shared template folder. Is there an undo or recycle bin feature? We need to recover about 15 templates.,P3,resolved,2026-02-13T17:35:00
TKT-0505,ACC-020,Crestline Analytics,Flow,"Small bug: when a Flow step fails, the error message just says 'Step failed.' No details. Would be helpful to see the actual error for debugging.",P4,resolved,2026-02-09T18:06:00
TKT-0506,ACC-020,Crestline Analytics,Flow,Suggestion: Would be nice if Canvas remembered my last-used workspace when I log in instead of defaulting to the home screen every time.,P4,resolved,2025-12-31T15:09:00
TKT-0507,ACC-020,Crestline Analytics,Flow,Is it possible to trigger a Flow automation from an external webhook? We want Jira ticket creation to automatically spawn a Canvas project.,P3,resolved,2025-12-23T06:17:00
TKT-0508,ACC-020,Crestline Analytics,Flow,Quick question — is there a way to add conditional branching in Flow based on file size? We want large assets to route to a different approval path.,P4,resolved,2026-02-23T16:42:00
TKT-0509,ACC-020,Crestline Analytics,Insight,Can we increase our storage quota? We're at 89% capacity and have a big campaign launching next month. We don't want to archive anything right now.,P3,resolved,2026-02-10T15:25:00
TKT-0510,ACC-020,Crestline Analytics,Insight,The date range picker in Insight defaults to the current month. Can it remember the last-used date range? We almost always look at trailing 90 days.,P3,resolved,2026-01-21T11:02:00
TKT-0511,ACC-020,Crestline Analytics,Insight,Feature idea: dark mode for Canvas would be amazing. Our designers work late hours and the bright interface causes eye strain.,P4,resolved,2026-01-17T14:33:00
TKT-0512,ACC-020,Crestline Analytics,Flow,"Small bug: when a Flow step fails, the error message just says 'Step failed.' No details. Would be helpful to see the actual error for debugging.",P4,escalated,2026-02-18T19:52:00
TKT-0513,ACC-020,Crestline Analytics,Flow,One of our Flow automations stopped triggering after we changed our email domain. Looks like the email validation is too strict. Can you whitelist our new domain?,P3,resolved,2026-02-02T15:03:00
